# This file uses centimeters as units for non-parametric coordinates.

v -17.505525 -0.000000 -25.801710
v -21.828405 -0.000000 -21.933020
v -21.828409 2.422233 -21.933022
v -25.313478 -0.000000 -17.295311
v -25.313478 2.422233 -17.295311
v -17.505525 2.422233 -25.801710
v -12.510965 -0.000000 -28.752710
v -12.510965 2.422233 -28.752714
v -27.693330 2.422233 -12.344491
v -27.693330 0.000000 -12.344491
v -16.709764 4.738000 -24.692854
v -21.259820 4.743556 -20.562281
v -7.036661 -0.000000 -30.672617
v -27.826814 -0.000000 -12.066814
v -27.826818 2.422233 -12.066815
v -20.319795 4.748790 -22.392641
v -29.271829 0.000000 -6.448452
v -4.846139 -0.000002 -26.100555
v -12.361688 4.742670 -27.293848
v -23.826463 4.747435 -17.748281
v -24.728181 4.745534 -15.891598
v -6.459466 -0.000000 -19.830204
v -7.036661 2.422233 -30.672617
v -29.271829 2.422233 -6.448455
v -26.710718 4.732945 -11.091071
v -26.272081 4.746606 -12.938421
v -16.598669 0.000002 -8.562777
v -1.292985 -0.000000 -31.487654
v -6.722436 4.737824 -29.348442
v -10.914682 4.750041 -28.753862
v -26.924051 4.753068 -10.906914
v -6.459466 2.422233 -19.830206
v -4.846139 2.422231 -26.100554
v -7.887208 4.747831 -19.198660
v -6.187265 4.745828 -25.371752
v 1.782195 -0.000000 -31.317144
v -18.284372 0.000002 -4.950161
v -11.463419 2.422233 -12.537216
v -1.292993 2.422234 -31.487650
v -7.310213 4.745433 -21.088888
v -29.592985 2.422233 -0.656138
v -27.923074 4.738012 -6.239234
v -16.598669 2.422235 -8.562777
v -11.902620 4.736941 -11.272327
v -29.592985 -0.000000 -0.656138
v -4.405962 4.736957 -27.365488
v -1.226121 4.738056 -30.122789
v -11.463415 -0.000000 -12.537218
v -18.013979 4.746566 -7.956694
v -16.167322 4.736697 -9.824697
v -8.581522 0.000000 -11.501590
v 1.782202 2.422234 -31.317150
v -21.572065 0.000004 2.095652
v 4.499327 -0.000000 -31.166489
v 0.846190 4.744495 -30.142271
v -19.494588 4.736910 -5.522293
v -28.340719 4.744906 -1.499061
v -11.934526 4.744780 -13.968958
v 4.072600 -0.000005 -23.014524
v -28.777948 2.422233 5.087533
v 4.499327 2.422234 -31.166494
v -4.119852 4.746519 -24.743973
v -28.777948 -0.000000 5.087537
v 2.880599 4.748094 -30.201567
v -28.595491 4.748098 0.550617
v 4.072600 2.422228 -23.014521
v -22.164934 4.745665 0.692106
v 10.117644 -0.000000 -29.721491
v 3.232092 -0.000004 -16.126148
v -21.572061 2.422237 2.095652
v -5.107088 4.745500 -20.525702
v 2.997054 4.748273 -24.155916
v 15.346137 -0.000000 -27.208157
v 3.622748 4.737542 -21.737940
v 6.132353 -0.000005 -22.237865
v -6.011079 4.744990 -18.387199
v -22.002122 4.736923 3.363854
v -18.284372 2.422235 -4.950161
v -27.454015 4.737962 4.761054
v -16.001989 4.745455 -7.165394
v -27.568895 2.422234 8.534964
v -9.973184 0.000005 -6.304421
v 10.117644 2.422234 -29.721497
v -9.983194 4.747358 -13.008390
v -27.568887 0.000000 8.534962
v -9.973184 2.422238 -6.304422
v -8.581522 2.422233 -11.501588
v -16.867502 4.746638 -5.556503
v -9.933359 4.745724 -10.796999
v 3.232092 2.422228 -16.126148
v 2.662940 4.745654 -17.539194
v 13.891074 4.747047 -26.679569
v -17.684763 4.745512 -3.553019
v -8.137788 4.737104 -12.769502
v -5.084199 0.000007 -0.461960
v 5.156149 4.742856 -24.008011
v -14.501894 0.000007 4.482079
v 7.847296 -0.000002 -14.088964
v 2.726721 4.736914 -14.886685
v -10.698801 4.746406 -7.659242
v -9.248689 4.746062 -4.956527
v -18.581457 -0.000000 11.553131
v -26.858041 2.422234 10.561836
v -26.858038 -0.000000 10.561834
v -26.535512 4.742764 7.492414
v -20.156503 4.746636 1.487640
v -7.868043 4.746367 -10.141565
v 6.132353 2.422228 -22.237862
v -23.907030 -0.000000 15.556395
v 4.700903 4.746731 -21.664013
v -26.098112 4.750946 9.793282
v -5.084199 2.422240 -0.461960
v -0.017442 0.000009 1.260793
v 3.550856 -0.000000 -7.141732
v 6.608260 4.737102 -23.493601
v -6.546167 4.747015 0.044616
v -14.501894 2.422240 4.482079
v 15.346144 2.422234 -27.208160
v 10.985564 -0.000000 -20.407887
v -4.655115 4.736785 -1.726924
v -15.948038 4.746921 5.028657
v -14.075395 4.736901 3.213594
v -19.114545 4.745149 10.136189
v -9.356309 0.000009 6.218891
v -25.935957 4.738535 10.250866
v -23.907033 2.422234 15.556393
v -18.581457 2.422234 11.553134
v -6.823976 1.444098 -6.461999
v -6.816843 1.092278 -6.157903
v -6.577806 1.088721 -6.416265
v 3.550856 2.422233 -7.141731
v -6.484506 1.441634 -6.693030
v -6.255685 1.087659 -6.544400
v -7.034730 1.449767 -6.093905
v -6.934770 1.096223 -5.811564
v -6.080949 0.577771 -5.577043
v -6.765741 2.465386 -6.863365
v -7.090250 2.469884 -6.502954
v -6.083330 1.441290 -6.768621
v -5.908952 1.087715 -6.544459
v -6.324556 2.463574 -7.042129
v -7.104112 1.453592 -5.660301
v -6.936479 1.098251 -5.438220
v -6.952768 2.465883 -6.709078
v -7.248361 2.474233 -6.021011
v 6.704001 4.745724 -20.824507
v -6.555978 2.462788 -6.979848
v -7.193529 2.471185 -6.273031
v -5.586740 1.088895 -6.416418
v -5.682100 1.441783 -6.693136
v 10.985564 2.422233 -20.407885
v -6.821664 1.098527 -5.089334
v -5.847757 2.463665 -7.042135
v -6.086145 2.462083 -7.068489
v -7.037805 1.455097 -5.225622
v -7.248735 2.477339 -5.501546
v -7.271799 2.475084 -5.761250
v -5.347581 1.092570 -6.158041
v -6.583147 1.098818 -4.825961
v -7.016260 4.273334 -6.961471
v -5.342516 1.444409 -6.462152
v -7.167314 4.275537 -6.740407
v -6.819299 4.271655 -7.133757
v -5.406557 2.465663 -6.863377
v -5.229562 1.096585 -5.811614
v -5.616319 2.462977 -6.979865
v -6.829103 1.455124 -4.853717
v -7.273141 4.277493 -6.487511
v -6.257783 1.099617 -4.694599
v -6.591753 4.270599 -7.255489
v -7.091386 2.479821 -5.019023
v -19.801637 4.744186 12.418566
v -7.194368 2.477871 -5.249159
v -7.335939 4.279145 -6.214091
v -6.344789 4.270049 -7.327750
v -5.227869 1.098629 -5.438172
v -5.906854 1.099691 -4.694541
v -5.131631 1.450198 -6.093996
v -5.342760 1.098864 -5.089198
v -7.356920 4.280553 -5.930497
v -5.581399 1.099040 -4.825814
v 2.472090 4.742991 -6.139549
v -5.082056 2.470313 -6.502938
v -6.488084 1.456540 -4.618475
v -5.832124 4.270093 -7.327268
v -5.219514 2.466260 -6.709088
v -6.767152 2.482223 -4.657237
v -7.336473 4.281814 -5.646849
v -6.954317 2.480320 -4.811893
v -5.062242 1.454071 -5.660303
v -6.088419 4.269895 -7.351550
v -5.585252 4.270684 -7.254543
v -6.083330 1.457331 -4.541461
v -7.274248 4.283015 -5.373245
v -4.923975 2.474725 -6.020975
v -5.128610 1.455564 -5.225539
v -5.357896 4.271772 -7.132390
v -6.325143 2.483606 -4.477549
v -5.678522 1.456730 -4.618381
v -7.032152 4.731508 -7.018713
v -6.831712 4.729729 -7.194479
v -4.978776 2.471668 -6.273008
v -5.337389 1.455492 -4.853581
v -7.185884 4.733673 -6.793176
v -6.600076 4.728808 -7.318697
v -7.168977 4.284232 -5.120013
v -6.557138 2.482498 -4.539774
v -7.293687 4.735510 -6.535074
v 4.670409 4.746238 -16.658358
v -6.348604 4.728414 -7.392394
v -5.161195 4.273477 -6.959746
v -4.923616 2.477841 -5.501502
v 10.512457 4.736801 -19.158474
v -18.657823 -0.000000 19.124117
v 10.513609 4.745189 -21.847195
v -5.847276 2.483700 -4.477542
v -7.357713 4.736975 -6.255934
v -7.018365 4.285497 -4.898413
v -6.087564 4.728328 -7.416555
v -5.080987 2.480271 -5.018980
v -4.900537 2.475601 -5.761207
v 6.373251 4.746731 -13.635469
v -5.010461 4.275694 -6.738411
v -5.405260 2.482514 -4.657211
v -22.798669 4.738399 14.743879
v -7.379205 4.738136 -5.966348
v -6.086198 2.483248 -4.450681
v -6.821664 4.286596 -4.725475
v -5.826608 4.728513 -7.391567
v -4.905046 4.277661 -6.485330
v 19.983847 -0.000000 -23.723095
v -7.358522 4.739084 -5.676679
v -4.977991 2.478373 -5.249107
v -5.615289 2.482697 -4.539752
v -6.594179 4.287311 -4.603087
v -5.575349 4.728998 -7.317080
v -5.218072 2.480720 -4.811846
v -4.842668 4.279322 -6.211803
v -7.295343 4.739911 -5.397276
v -6.347116 4.287703 -4.530227
v -5.344018 4.729877 -7.192124
v -4.822099 4.280740 -5.928180
v -6.090593 4.287836 -4.505906
v -7.188341 4.740683 -5.138704
v -4.842966 4.282009 -5.644578
v -5.144052 4.731256 -7.015694
v -4.905595 4.283207 -5.371093
v -5.834016 4.287733 -4.529759
v -7.035272 4.741441 -4.912445
v 15.613203 4.746387 -25.695124
v 17.533141 -0.000000 -17.923374
v -5.011278 4.284412 -5.118055
v -5.586862 4.287373 -4.602170
v -4.990907 4.733049 -6.789656
v 7.847296 2.422228 -14.088964
v -5.162202 4.285647 -4.896730
v -5.359148 4.286699 -4.724144
v -6.835298 4.742022 -4.735769
v -4.883791 4.734563 -6.531210
v -6.603876 4.742237 -4.610625
v -4.820489 4.735758 -6.251880
v 3.052878 4.745146 -8.571675
v -6.352434 4.742154 -4.536028
v -4.799722 4.736705 -5.962242
v -4.821130 4.737502 -5.672664
v 15.265196 -0.000000 -10.814641
v -5.830080 4.741336 -4.535217
v -4.885034 4.738236 -5.393486
v -5.578462 4.740965 -4.609032
v -4.992677 4.738986 -5.135271
v -5.346712 4.740521 -4.733456
v -5.146318 4.739800 -4.909506
v 12.452078 4.746850 -20.892290
v -13.969690 4.745247 5.902286
v -21.584116 2.422234 18.152018
v 19.983847 2.422234 -23.723095
v -9.356309 2.422243 6.218892
v 19.054366 4.738000 -22.723633
v 8.386046 4.736837 -15.312206
v -21.584116 -0.000000 18.152020
v -19.552679 4.747907 17.843546
v 23.852545 -0.000000 -19.400225
v 2.692954 4.742529 -5.310253
v -17.132600 4.746810 11.021014
v 17.533141 2.422233 -17.923372
v -9.804727 4.736979 7.482596
v -9.854250 4.745031 4.791177
v -6.493417 -0.000005 15.797092
v 16.158125 4.745830 -17.259859
v -1.703752 0.000000 9.091359
v 18.004973 4.736862 -19.174704
v 8.298888 4.745588 -12.635353
v -20.790308 4.740406 16.975517
v 4.139388 -0.000009 -5.086413
v -20.038339 -0.000000 19.879276
v -4.584642 4.744965 0.964534
v -20.038339 2.422234 19.879276
v -17.685648 4.747313 12.821015
v -18.657823 2.422234 19.124117
v -0.017442 2.422243 1.260793
v 15.265196 2.422233 -10.814642
v 14.631789 4.746534 -12.217279
v 4.997778 4.742391 -6.942210
v 4.139388 2.422224 -5.086413
v -7.887651 4.746984 5.733731
v -0.510538 4.745078 -0.169523
v 22.759551 4.737840 -18.589220
v -20.087701 4.760345 18.848993
v -0.431421 4.736894 2.533725
v 14.042830 4.743800 -9.964307
v 15.844283 0.000005 -0.480308
v -6.493417 2.422228 15.797092
v 5.230772 4.742859 -6.071462
v -18.659395 4.737541 19.189425
v -6.949083 4.744693 14.362921
v -7.997392 4.747489 16.193125
v -17.435472 4.744689 18.244585
v 23.852538 2.422233 -19.400221
v -19.408701 4.738580 19.598333
v 4.597823 4.745080 -3.645253
v -1.703752 2.422233 9.091358
v -15.400625 2.422234 23.364338
v -3.187097 4.747219 9.544681
v 6.684569 -0.000009 12.240000
v -1.236658 4.736697 7.843189
v 18.194861 4.746374 -16.537088
v -10.172128 -0.000000 25.877676
v 1.442709 4.747239 0.736665
v 26.803549 -0.000000 -14.405670
v -15.400629 -0.000000 23.364342
v 5.901106 1.791434 -1.317353
v 5.942107 1.288361 -0.972357
v 6.175932 1.283599 -1.235777
v 6.233084 1.788730 -1.554592
v 6.492728 1.283080 -1.368094
v -11.428430 -0.000000 21.525681
v 5.696867 1.798680 -0.943619
v 5.827765 1.294117 -0.623396
v 6.715575 0.543956 -0.338469
v 26.803557 2.422233 -14.405671
v 6.626189 1.790060 -1.633462
v 6.834601 1.285292 -1.369873
v 5.857214 3.247027 -1.835612
v 5.542967 3.251930 -1.464814
v 5.825346 1.297898 -0.248538
v 5.629851 1.804196 -0.506901
v -11.428430 2.422234 21.525686
v 6.286833 3.246695 -2.021326
v 7.154250 1.290598 -1.240122
v 5.390883 3.257581 -0.973515
v 5.674696 3.246963 -1.677144
v 5.935233 1.300306 0.103957
v 7.020682 1.794137 -1.557757
v 6.060919 3.244482 -1.957517
v 5.442648 3.253527 -1.230363
v 6.751997 3.250101 -2.022246
v 5.692671 1.807763 -0.068757
v 7.391684 1.299998 -0.976062
v 14.930586 4.747717 -1.743900
v 6.168021 1.303755 0.374642
v 5.390105 3.262404 -0.445004
v -12.193327 4.742607 21.793764
v 6.519408 3.246330 -2.050249
v 7.355978 1.802676 -1.321564
v 7.507185 1.308347 -0.624620
v 5.367430 3.259056 -0.709230
v 16.627043 4.745895 -11.506708
v 15.844283 2.422238 -0.480309
v 6.489592 1.307959 0.511716
v 7.182867 3.257380 -1.837616
v 5.893630 1.810946 0.310258
v 7.509238 1.312818 -0.247383
v 28.723471 -0.000000 -8.931368
v 6.978751 3.251670 -1.959292
v 6.837630 1.311076 0.513126
v 5.540717 3.267576 0.047383
v 7.397650 1.313917 0.107201
v 7.562079 1.814038 -0.945891
v 7.161536 1.312989 0.378183
v 5.441046 3.264001 -0.187528
v 5.719641 4.720292 -2.112482
v 5.533942 4.722086 -1.938588
v 6.227766 1.816242 0.553470
v 5.934668 4.719736 -2.235809
v 5.392516 4.725133 -1.716762
v 7.497969 3.267949 -1.466070
v 5.293990 4.728121 -1.464459
v 6.168272 4.720223 -2.309298
v 7.629073 1.821123 -0.507000
v 5.854643 3.274466 0.420479
v 7.366423 3.261278 -1.679185
v 25.751891 4.742676 -13.383315
v 6.626036 1.820652 0.633975
v 5.235548 4.730848 -1.192441
v 6.410765 4.721586 -2.333850
v 14.330168 4.747526 -0.123015
v 5.671713 3.270236 0.261388
v 7.565215 1.824442 -0.067025
v 7.649634 3.275786 -0.973794
v 7.025244 1.823348 0.555517
v 5.215987 4.733373 -0.910605
v 6.653456 4.723798 -2.309786
v 7.361968 1.824527 0.313174
v 6.285902 3.280272 0.607119
v 7.598418 3.271654 -1.231202
v 25.583846 4.749860 -15.431248
v 5.234793 4.735841 -0.628672
v 6.887419 4.726943 -2.236631
v 7.649634 3.280804 -0.444815
v 6.058867 3.277344 0.543674
v -14.867509 4.737977 22.739717
v 6.752623 3.284033 0.607030
v 5.292395 4.738452 -0.356334
v 7.102866 4.731138 -2.113330
v -11.199777 4.749718 24.662779
v 7.498312 3.284218 0.047623
v 7.183798 3.285637 0.420423
v 7.672919 3.278204 -0.709278
v 11.171706 2.422233 4.758411
v 5.390280 4.741451 -0.103425
v 7.288847 4.736322 -1.939050
v 6.519278 3.282289 0.636205
v 7.598502 3.282573 -0.187287
v 5.531249 4.745112 0.119333
v 7.430167 4.741606 -1.716569
v 9.725043 4.747024 5.307817
v 6.979659 3.285215 0.543527
v 7.366988 3.285418 0.261447
v -11.821664 4.744277 20.080288
v 5.716971 4.748959 0.294122
v 7.528235 4.745812 -1.463730
v 5.932402 4.752222 0.418008
v 7.586050 4.749143 -1.191374
v 11.171706 -0.000000 4.758411
v 6.166518 4.754865 0.491671
v 6.308951 4.755485 0.499381
v 7.605002 4.751873 -0.909375
v 6.409590 4.756979 0.516071
v 7.585570 4.754218 -0.627424
v 6.652586 4.758625 0.491624
v 7.527403 4.756311 -0.355210
v 6.886610 4.759747 0.417982
v 7.429030 4.758196 -0.102570
v 7.287756 4.759722 0.119793
v -1.265100 4.744834 10.534334
v 16.212157 4.747453 -9.581526
v -10.172128 2.422234 25.877680
v 2.210822 -0.000002 18.727947
v -6.101289 4.744297 17.242887
v -5.016077 4.747313 15.318909
v 28.095595 4.748537 -7.454868
v 29.104216 2.422233 -6.248202
v 6.684569 2.422224 12.240002
v 10.776335 4.744017 3.318115
v -9.910966 4.747104 21.215105
v 27.958006 4.743877 -5.296320
v 29.538504 0.000000 -3.187702
v 27.402495 4.738012 -8.587596
v 29.104216 -0.000000 -6.248203
v 5.555670 4.743295 13.195191
v -10.386056 4.748817 22.708996
v 1.238554 -0.000000 27.643837
v 17.054831 4.743974 -1.352813
v 2.210822 2.422231 18.727945
v 0.937651 4.745141 19.546965
v 6.186797 4.745243 10.808917
v 2.641966 4.736995 17.458359
v 8.333296 0.000000 20.789488
v -9.154314 4.743815 24.791185
v 28.723471 2.422233 -8.931364
v 23.868277 0.000002 2.783100
v 16.181250 4.744419 0.981430
v -4.553766 2.422234 27.322683
v 1.238547 2.422234 27.643835
v -0.323923 4.751257 27.240086
v 12.682829 4.747634 4.379761
v 11.672308 4.745263 6.190020
v 24.372687 4.736826 1.545274
v 20.252684 0.000009 8.072325
v 0.482726 4.747337 26.287069
v -4.553766 -0.000000 27.322683
v 23.868277 2.422233 2.783100
v 28.173079 4.738070 -3.135836
v 8.143462 4.746713 11.741991
v 7.300337 4.748208 19.610638
v 22.385954 4.747049 3.229051
v 20.252684 2.422243 8.072325
v -4.322557 4.738520 25.965424
v 19.642195 4.738254 9.300349
v 28.669264 0.000000 4.735685
v 27.867369 4.737989 2.406611
v 7.692099 4.748013 13.436161
v 8.333296 2.422233 20.789488
v 29.538504 2.422233 -3.187700
v 3.039443 4.746924 20.032801
v 19.791136 4.744863 6.635635
v 6.982222 -0.000000 26.828794
v 7.590796 4.739757 21.982359
v 25.259024 -0.000000 13.451469
v 29.217352 -0.000000 2.604611
v 17.451079 -0.000000 21.957876
v 21.773955 2.422234 18.089176
v 20.236365 4.747860 18.362595
v 27.772353 -0.000000 8.222972
v 9.590575 4.740844 20.110487
v 2.312621 4.747093 26.528112
v 24.299139 4.745078 4.233394
v 29.217352 2.422233 2.604609
v 28.669264 2.422233 4.735688
v 6.982222 2.422234 26.828793
v 21.773955 -0.000000 18.089176
v 21.754462 4.746121 7.767975
v 27.307967 4.745678 5.418880
v 24.091429 4.738162 12.737020
v 12.456526 -0.000000 24.908882
v 12.647726 4.745154 23.406286
v 27.973219 4.747207 3.350051
v 26.052924 -0.000000 11.799904
v 6.656844 4.737913 25.505291
v 26.052924 2.422233 11.799905
v 12.456526 2.422234 24.908884
v 24.584700 4.745854 12.221442
v 10.927641 4.748219 24.562283
v 25.629271 4.746767 10.316360
v 16.653883 4.738004 20.849403
v 21.354964 4.744841 16.640572
v 26.487219 4.738106 7.757837
v 27.772353 2.422233 8.222972
v 17.451086 2.422233 21.957872
v 25.259016 2.422233 13.451468
v -6.091272 4.741841 -4.511013
v 7.101927 4.760199 0.294255
v -6.767068 4.729989 -7.221966
v -5.747331 4.741051 -4.565434
vt 0.386155 0.779297
vt 0.387735 0.806885
vt 0.396659 0.783447
vt 0.402226 0.766059
vt 0.413855 0.781982
vt 0.381114 0.821506
vt 0.387177 0.852051
vt 0.422593 0.875000
vt 0.390245 0.758789
vt 0.378346 0.790039
vt 0.422593 0.764974
vt 0.431331 0.781982
vt 0.411438 0.752930
vt 0.380701 0.875000
vt 0.387177 0.897949
vt 0.382250 0.769043
vt 0.376115 0.845703
vt 0.400563 0.754883
vt 0.376859 0.817139
vt 0.448528 0.783447
vt 0.442961 0.766059
vt 0.387735 0.943115
vt 0.433748 0.752930
vt 0.422593 0.752441
vt 0.381114 0.928494
vt 0.376115 0.904297
vt 0.375930 0.875000
vt 0.457451 0.806885
vt 0.396659 0.966553
vt 0.385841 0.778473
vt 0.459032 0.779297
vt 0.381205 0.797546
vt 0.393103 0.766296
vt 0.454942 0.758789
vt 0.458009 0.852051
vt 0.444624 0.754883
vt 0.386155 0.970703
vt 0.378532 0.821304
vt 0.413855 0.968018
vt 0.402149 0.759277
vt 0.378346 0.959961
vt 0.376859 0.932861
vt 0.377161 0.847534
vt 0.412136 0.755676
vt 0.458009 0.897949
vt 0.431331 0.968018
vt 0.464072 0.821506
vt 0.457451 0.943115
vt 0.376801 0.875000
vt 0.448528 0.966553
vt 0.466840 0.790039
vt 0.402226 0.983941
vt 0.433051 0.755676
vt 0.462936 0.769043
vt 0.390245 0.991211
vt 0.377161 0.902466
vt 0.382250 0.980957
vt 0.464485 0.875000
vt 0.422593 0.754730
vt 0.443037 0.759277
vt 0.422593 0.985026
vt 0.378532 0.928696
vt 0.469071 0.845703
vt 0.464072 0.928494
vt 0.452083 0.766296
vt 0.411438 0.997070
vt 0.442961 0.983941
vt 0.386392 0.779921
vt 0.393570 0.767524
vt 0.468327 0.817139
vt 0.459032 0.970703
vt 0.381672 0.798775
vt 0.402453 0.760126
vt 0.381205 0.952454
vt 0.400563 0.995117
vt 0.378856 0.822104
vt 0.412286 0.756267
vt 0.459345 0.778473
vt 0.469071 0.904297
vt 0.433748 0.997070
vt 0.377386 0.847928
vt 0.385841 0.971527
vt 0.422593 0.755223
vt 0.466840 0.959961
vt 0.469257 0.875000
vt 0.463981 0.797546
vt 0.454942 0.991211
vt 0.376989 0.875000
vt 0.422593 0.997559
vt 0.393103 0.983704
vt 0.432900 0.756268
vt 0.466654 0.821304
vt 0.377386 0.902072
vt 0.468327 0.932861
vt 0.444624 0.995117
vt 0.402149 0.990723
vt 0.442733 0.760126
vt 0.462936 0.980957
vt 0.468025 0.847534
vt 0.378855 0.927897
vt 0.412136 0.994324
vt 0.451616 0.767524
vt 0.468385 0.875000
vt 0.422593 0.995270
vt 0.381672 0.951227
vt 0.468025 0.902466
vt 0.458794 0.779920
vt 0.466654 0.928696
vt 0.433051 0.994324
vt 0.386391 0.970082
vt 0.463981 0.952454
vt 0.443037 0.990723
vt 0.463514 0.798773
vt 0.459345 0.971527
vt 0.452083 0.983704
vt 0.393569 0.982479
vt 0.466331 0.822103
vt 0.402452 0.989877
vt 0.467800 0.847927
vt 0.412285 0.993735
vt 0.468198 0.875000
vt 0.467801 0.902073
vt 0.432901 0.993736
vt 0.466332 0.927899
vt 0.442735 0.989879
vt 0.463516 0.951232
vt 0.451619 0.982483
vt 0.458797 0.970088
vt 0.543348 0.779297
vt 0.544883 0.806885
vt 0.553554 0.783447
vt 0.558964 0.766059
vt 0.570264 0.781982
vt 0.538450 0.821506
vt 0.544341 0.852051
vt 0.578754 0.875000
vt 0.578754 0.764974
vt 0.587245 0.781982
vt 0.547322 0.758789
vt 0.535761 0.790039
vt 0.544341 0.897949
vt 0.538049 0.875000
vt 0.567916 0.752930
vt 0.603955 0.783447
vt 0.533593 0.845703
vt 0.539554 0.769043
vt 0.544883 0.943115
vt 0.598545 0.766059
vt 0.557348 0.754883
vt 0.534315 0.817139
vt 0.589593 0.752930
vt 0.538450 0.928494
vt 0.612626 0.806885
vt 0.553554 0.966553
vt 0.533593 0.904297
vt 0.578754 0.752441
vt 0.614161 0.779297
vt 0.613168 0.852051
vt 0.533412 0.875000
vt 0.570264 0.968018
vt 0.610187 0.758789
vt 0.543348 0.970703
vt 0.613168 0.897949
vt 0.600161 0.754883
vt 0.587245 0.968018
vt 0.535761 0.959961
vt 0.612626 0.943115
vt 0.619059 0.821506
vt 0.603955 0.966553
vt 0.534315 0.932861
vt 0.548912 0.763087
vt 0.541551 0.774441
vt 0.558964 0.983941
vt 0.558230 0.757398
vt 0.537351 0.794337
vt 0.621748 0.790039
vt 0.535246 0.819524
vt 0.568303 0.754502
vt 0.619460 0.875000
vt 0.547322 0.991211
vt 0.617955 0.769043
vt 0.578754 0.985026
vt 0.534175 0.846752
vt 0.578754 0.753752
vt 0.539554 0.980957
vt 0.619059 0.928494
vt 0.623916 0.845703
vt 0.598545 0.983941
vt 0.533897 0.875000
vt 0.589206 0.754502
vt 0.614161 0.970703
vt 0.567916 0.997070
vt 0.623194 0.817139
vt 0.534175 0.903248
vt 0.599279 0.757398
vt 0.623916 0.904297
vt 0.557348 0.995117
vt 0.589593 0.997070
vt 0.535247 0.930475
vt 0.608597 0.763087
vt 0.621748 0.959961
vt 0.610187 0.991211
vt 0.624097 0.875000
vt 0.537352 0.955660
vt 0.615957 0.774442
vt 0.578754 0.997559
vt 0.623194 0.932861
vt 0.541553 0.975555
vt 0.620158 0.794338
vt 0.600161 0.995117
vt 0.617955 0.980957
vt 0.548913 0.986910
vt 0.622263 0.819524
vt 0.558231 0.992599
vt 0.623334 0.846752
vt 0.568304 0.995497
vt 0.623612 0.875000
vt 0.578754 0.996247
vt 0.623334 0.903248
vt 0.589205 0.995497
vt 0.622262 0.930475
vt 0.599278 0.992599
vt 0.620157 0.955660
vt 0.615956 0.975554
vt 0.422593 0.994780
vt 0.608596 0.986910
vt 0.395795 0.765797
vt 0.436182 0.992554
vn -0.666876 -0.000002 -0.745168
vn -0.666876 -0.000002 -0.745168
vn -0.666876 -0.000002 -0.745168
vn -0.799438 0.000000 -0.600749
vn -0.799438 0.000000 -0.600749
vn -0.799438 0.000000 -0.600749
vn -0.666876 0.000000 -0.745169
vn -0.666876 0.000000 -0.745169
vn -0.666876 0.000000 -0.745169
vn -0.508687 0.000000 -0.860951
vn -0.508687 0.000000 -0.860952
vn -0.508687 0.000000 -0.860952
vn -0.799438 -0.000004 -0.600749
vn -0.799438 -0.000004 -0.600749
vn -0.799438 -0.000004 -0.600749
vn -0.508688 -0.000002 -0.860951
vn -0.508688 -0.000002 -0.860951
vn -0.508688 -0.000002 -0.860951
vn -0.901277 0.000000 -0.433243
vn -0.901277 0.000000 -0.433243
vn -0.901277 0.000000 -0.433243
vn -0.901277 0.000000 -0.433243
vn -0.901277 0.000000 -0.433243
vn -0.901277 0.000000 -0.433243
vn -0.575373 0.505564 -0.642924
vn -0.575373 0.505564 -0.642924
vn -0.575373 0.505564 -0.642924
vn -0.700315 0.482294 -0.526261
vn -0.700315 0.482294 -0.526261
vn -0.700315 0.482294 -0.526261
vn -0.330949 -0.000002 -0.943649
vn -0.330949 -0.000002 -0.943649
vn -0.330949 -0.000002 -0.943649
vn -0.901271 0.000000 -0.433255
vn -0.901271 0.000000 -0.433255
vn -0.901271 0.000000 -0.433255
vn -0.528341 0.178616 -0.830032
vn -0.528341 0.178616 -0.830032
vn -0.528341 0.178616 -0.830032
vn 0.000001 -1.000000 0.000001
vn 0.000001 -1.000000 0.000001
vn 0.000001 -1.000000 0.000001
vn -0.000000 -1.000000 -0.000000
vn -0.000000 -1.000000 -0.000000
vn -0.000000 -1.000000 -0.000000
vn -0.901266 0.000000 -0.433267
vn -0.901266 0.000000 -0.433267
vn -0.901266 0.000000 -0.433267
vn -0.441174 0.497824 -0.746684
vn -0.441174 0.497824 -0.746684
vn -0.441174 0.497824 -0.746684
vn -0.699068 0.322766 -0.638064
vn -0.699068 0.322766 -0.638064
vn -0.699068 0.322766 -0.638064
vn -0.809718 0.439155 -0.389230
vn -0.809718 0.439155 -0.389230
vn -0.809718 0.439155 -0.389230
vn 0.000000 -1.000000 0.000000
vn 0.000000 -1.000000 0.000000
vn 0.000000 -1.000000 0.000000
vn 0.000000 -1.000000 0.000000
vn 0.000000 -1.000000 0.000000
vn 0.000000 -1.000000 0.000000
vn -0.443051 0.506453 -0.739738
vn -0.443051 0.506453 -0.739738
vn -0.443051 0.506453 -0.739737
vn -0.330949 0.000000 -0.943649
vn -0.330949 0.000000 -0.943649
vn -0.330949 0.000000 -0.943649
vn -0.968481 0.000000 -0.249088
vn -0.968481 0.000000 -0.249088
vn -0.968481 0.000000 -0.249088
vn -0.000000 -1.000000 -0.000000
vn -0.000000 -1.000000 -0.000000
vn -0.000000 -1.000000 -0.000000
vn -0.968481 -0.000004 -0.249088
vn -0.968481 -0.000004 -0.249088
vn -0.968481 -0.000004 -0.249088
vn -0.766574 0.525888 -0.368519
vn -0.766574 0.525889 -0.368519
vn -0.766574 0.525889 -0.368519
vn -0.816005 0.389906 -0.426743
vn -0.816005 0.389906 -0.426743
vn -0.816005 0.389906 -0.426743
vn 0.000000 -1.000000 0.000000
vn 0.000000 -1.000000 0.000000
vn 0.000000 -1.000000 0.000000
vn -0.140494 0.000000 -0.990081
vn -0.140494 0.000000 -0.990081
vn -0.140494 0.000000 -0.990081
vn -0.285716 0.504646 -0.814677
vn -0.285716 0.504646 -0.814677
vn -0.285716 0.504646 -0.814677
vn -0.139515 0.095185 -0.985635
vn -0.139515 0.095185 -0.985635
vn -0.139515 0.095185 -0.985635
vn -0.866560 0.446543 -0.222874
vn -0.866560 0.446543 -0.222874
vn -0.866560 0.446543 -0.222874
vn -0.523343 0.533391 -0.664534
vn -0.523343 0.533391 -0.664534
vn -0.523343 0.533391 -0.664534
vn -0.130415 0.272868 0.953171
vn -0.130415 0.272868 0.953171
vn -0.130415 0.272868 0.953171
vn -0.319040 0.219235 0.922036
vn -0.319040 0.219235 0.922036
vn -0.319040 0.219235 0.922036
vn 0.088256 0.490367 -0.867036
vn 0.088256 0.490367 -0.867036
vn 0.088256 0.490367 -0.867036
vn 0.256741 0.502519 -0.825565
vn 0.256741 0.502519 -0.825565
vn 0.256741 0.502519 -0.825565
vn -0.000000 -1.000000 0.000000
vn -0.000000 -1.000000 0.000000
vn -0.000000 -1.000000 0.000000
vn 0.000000 -1.000000 0.000000
vn 0.000000 -1.000000 0.000000
vn 0.000000 -1.000000 0.000000
vn 0.000000 -1.000000 0.000000
vn 0.000000 -1.000000 0.000000
vn 0.000000 -1.000000 0.000000
vn -0.302492 0.364979 0.880505
vn -0.302492 0.364979 0.880505
vn -0.302492 0.364979 0.880505
vn -0.140493 0.000002 -0.990082
vn -0.140493 0.000002 -0.990082
vn -0.140493 0.000002 -0.990082
vn 0.000629 0.999993 -0.003703
vn 0.000629 0.999993 -0.003703
vn 0.000629 0.999993 -0.003703
vn -0.000000 -1.000000 -0.000001
vn -0.000000 -1.000000 -0.000001
vn -0.000000 -1.000000 -0.000001
vn -0.998467 0.000000 -0.055360
vn -0.998467 0.000000 -0.055360
vn -0.998467 0.000000 -0.055360
vn -0.000164 0.999999 -0.001528
vn -0.000164 0.999999 -0.001528
vn -0.000164 0.999999 -0.001528
vn -0.843085 0.507184 -0.178809
vn -0.843085 0.507184 -0.178809
vn -0.843085 0.507184 -0.178809
vn 0.118232 0.992577 0.028508
vn 0.118232 0.992577 0.028508
vn 0.118232 0.992577 0.028508
vn -0.000901 1.000000 0.000288
vn -0.000901 1.000000 0.000288
vn -0.000901 1.000000 0.000288
vn -0.295404 0.402074 0.866645
vn -0.295404 0.402074 0.866645
vn -0.295404 0.402074 0.866645
vn 0.305391 0.434884 -0.847120
vn 0.305391 0.434884 -0.847120
vn 0.305391 0.434884 -0.847120
vn 0.294201 0.436488 -0.850249
vn 0.294201 0.436488 -0.850249
vn 0.294201 0.436488 -0.850249
vn -0.998466 0.000000 -0.055360
vn -0.998467 0.000000 -0.055360
vn -0.998466 0.000000 -0.055360
vn 0.002553 0.999994 -0.002545
vn 0.002553 0.999994 -0.002545
vn 0.002553 0.999994 -0.002545
vn -0.120428 0.505068 -0.854636
vn -0.120428 0.505068 -0.854636
vn -0.120428 0.505068 -0.854636
vn 0.000000 -1.000000 0.000000
vn 0.000000 -1.000000 0.000000
vn 0.000000 -1.000000 0.000000
vn 0.055361 0.000002 -0.998466
vn 0.055361 0.000002 -0.998466
vn 0.055361 0.000002 -0.998466
vn -0.121131 0.506597 -0.853631
vn -0.121131 0.506597 -0.853631
vn -0.121131 0.506597 -0.853631
vn 0.317881 0.344066 -0.883499
vn 0.317881 0.344066 -0.883499
vn 0.317881 0.344067 -0.883499
vn 0.000941 1.000000 0.000129
vn 0.000941 1.000000 0.000129
vn 0.000941 1.000000 0.000129
vn -0.861253 0.505927 -0.047752
vn -0.861253 0.505927 -0.047752
vn -0.861253 0.505927 -0.047752
vn -0.179969 0.497843 0.848389
vn -0.179969 0.497843 0.848389
vn -0.179969 0.497843 0.848389
vn 0.000000 -1.000000 0.000000
vn 0.000000 -1.000000 0.000000
vn 0.000000 -1.000000 0.000000
vn -0.000000 -1.000000 0.000000
vn -0.000000 -1.000000 0.000000
vn -0.000000 -1.000000 0.000000
vn 0.127858 0.332265 -0.934480
vn 0.127858 0.332265 -0.934480
vn 0.127858 0.332265 -0.934480
vn 0.055359 -0.000003 -0.998467
vn 0.055359 -0.000003 -0.998467
vn 0.055359 -0.000003 -0.998467
vn -0.000000 -1.000000 0.000000
vn -0.000000 -1.000000 0.000000
vn -0.000000 -1.000000 0.000000
vn -0.088980 0.449090 0.889045
vn -0.088980 0.449090 0.889045
vn -0.088980 0.449090 0.889045
vn 0.000001 -1.000000 0.000000
vn 0.000001 -1.000000 0.000000
vn 0.000001 -1.000000 0.000000
vn -0.000499 1.000000 -0.000039
vn -0.000499 1.000000 -0.000039
vn -0.000499 1.000000 -0.000039
vn 0.055362 -0.000002 -0.998466
vn 0.055362 -0.000002 -0.998466
vn 0.055362 -0.000002 -0.998466
vn -0.000744 0.999999 0.001307
vn -0.000744 0.999999 0.001307
vn -0.000744 0.999999 0.001307
vn 0.000215 1.000000 -0.000991
vn 0.000215 1.000000 -0.000991
vn 0.000215 1.000000 -0.000991
vn -0.003325 0.999723 -0.023306
vn -0.003325 0.999723 -0.023306
vn -0.003325 0.999723 -0.023306
vn -0.889164 0.450718 -0.078997
vn -0.889164 0.450718 -0.078997
vn -0.889164 0.450718 -0.078997
vn 0.048965 0.466536 -0.883146
vn 0.048965 0.466536 -0.883146
vn 0.048965 0.466536 -0.883146
vn 0.294953 0.405239 -0.865323
vn 0.294953 0.405239 -0.865323
vn 0.294953 0.405239 -0.865323
vn -0.009677 0.507923 -0.861348
vn -0.009677 0.507923 -0.861348
vn -0.009677 0.507923 -0.861348
vn 0.000030 1.000000 0.000607
vn 0.000030 1.000000 0.000607
vn 0.000030 1.000000 0.000607
vn 0.281241 0.500719 -0.818648
vn 0.281241 0.500719 -0.818648
vn 0.281241 0.500719 -0.818648
vn -0.267951 0.465600 0.843456
vn -0.267951 0.465600 0.843456
vn -0.267951 0.465600 0.843456
vn -0.000000 -1.000000 -0.000001
vn -0.000000 -1.000000 -0.000001
vn -0.000000 -1.000000 -0.000001
vn -0.990081 0.000000 0.140494
vn -0.990081 0.000000 0.140494
vn -0.990081 0.000000 0.140494
vn 0.872465 0.431806 0.228796
vn 0.872465 0.431806 0.228796
vn 0.872465 0.431806 0.228796
vn -0.254738 0.499076 0.828271
vn -0.254738 0.499076 0.828271
vn -0.254738 0.499076 0.828271
vn 0.000000 -1.000000 0.000000
vn 0.000000 -1.000000 0.000000
vn 0.000000 -1.000000 0.000000
vn 0.055360 -0.000002 -0.998467
vn 0.055360 -0.000002 -0.998466
vn 0.055360 -0.000002 -0.998466
vn -0.883799 0.408888 -0.227397
vn -0.883799 0.408888 -0.227397
vn -0.883799 0.408888 -0.227397
vn 0.869787 0.439759 0.223792
vn 0.869787 0.439759 0.223792
vn 0.869787 0.439759 0.223792
vn 0.000296 0.999999 0.001039
vn 0.000296 1.000000 0.001039
vn 0.000296 1.000000 0.001039
vn -0.990082 0.000000 0.140494
vn -0.990082 0.000000 0.140494
vn -0.990082 0.000000 0.140494
vn -0.002457 0.999994 0.002472
vn -0.002457 0.999994 0.002472
vn -0.002457 0.999994 0.002472
vn 0.050433 0.412456 -0.909581
vn 0.050433 0.412456 -0.909581
vn 0.050433 0.412456 -0.909581
vn 0.000001 -1.000000 -0.000000
vn 0.000001 -1.000000 -0.000000
vn 0.000001 -1.000000 -0.000000
vn -0.933994 0.331797 0.132535
vn -0.933994 0.331797 0.132535
vn -0.933994 0.331797 0.132535
vn -0.283031 0.500820 0.817969
vn -0.283031 0.500820 0.817969
vn -0.283031 0.500820 0.817969
vn 0.000381 0.999999 -0.001421
vn 0.000381 0.999999 -0.001421
vn 0.000381 0.999999 -0.001421
vn 0.249088 -0.000002 -0.968481
vn 0.249088 -0.000002 -0.968481
vn 0.249088 -0.000002 -0.968481
vn 0.000000 -1.000000 0.000000
vn 0.000000 -1.000000 0.000000
vn 0.000000 -1.000000 0.000000
vn -0.000001 -1.000000 0.000000
vn -0.000001 -1.000000 0.000000
vn -0.000001 -1.000000 0.000000
vn -0.288119 0.460115 0.839810
vn -0.288119 0.460115 0.839810
vn -0.288119 0.460115 0.839810
vn -0.871398 0.446227 -0.203833
vn -0.871398 0.446227 -0.203833
vn -0.871398 0.446227 -0.203833
vn 0.824333 0.482257 -0.296483
vn 0.824334 0.482257 -0.296483
vn 0.824334 0.482257 -0.296483
vn 0.000000 -1.000000 0.000000
vn 0.000000 -1.000000 0.000000
vn 0.000000 -1.000000 0.000000
vn -0.001487 0.999999 -0.000097
vn -0.001487 0.999999 -0.000097
vn -0.001487 0.999999 -0.000097
vn 0.753292 0.304103 0.583157
vn 0.753292 0.304104 0.583157
vn 0.753292 0.304104 0.583157
vn 0.732761 0.458566 0.502771
vn 0.732761 0.458566 0.502771
vn 0.732761 0.458566 0.502771
vn 0.000242 0.999999 -0.001305
vn 0.000242 0.999999 -0.001305
vn 0.000242 0.999999 -0.001305
vn -0.916060 0.311403 0.252708
vn -0.916060 0.311403 0.252708
vn -0.916060 0.311403 0.252708
vn 0.332797 0.395618 -0.855998
vn 0.332797 0.395618 -0.855998
vn 0.332797 0.395618 -0.855998
vn -0.000003 -1.000000 0.000010
vn -0.000003 -1.000000 0.000010
vn -0.000003 -1.000000 0.000010
vn -0.734360 0.454789 -0.503867
vn -0.734360 0.454789 -0.503868
vn -0.734360 0.454789 -0.503867
vn 0.375417 0.294896 -0.878691
vn 0.375417 0.294896 -0.878691
vn 0.375417 0.294896 -0.878691
vn 0.000000 -1.000000 -0.000001
vn 0.000000 -1.000000 -0.000001
vn 0.000000 -1.000000 -0.000001
vn 0.796959 0.358511 0.486135
vn 0.796959 0.358511 0.486135
vn 0.796959 0.358511 0.486135
vn 0.784463 0.500629 0.366043
vn 0.784463 0.500629 0.366043
vn 0.784463 0.500630 0.366043
vn -0.831438 0.507297 0.226629
vn -0.831438 0.507297 0.226629
vn -0.831438 0.507297 0.226629
vn -0.814696 0.437899 -0.380150
vn -0.814696 0.437899 -0.380150
vn -0.814696 0.437899 -0.380150
vn -0.943649 0.000000 0.330949
vn -0.943649 0.000000 0.330949
vn -0.943649 0.000000 0.330949
vn 0.000000 -1.000000 0.000001
vn 0.000000 -1.000000 0.000001
vn 0.000000 -1.000000 0.000001
vn 0.249088 -0.000002 -0.968481
vn 0.249088 -0.000002 -0.968481
vn 0.249088 -0.000002 -0.968481
vn 0.919391 0.300656 -0.253627
vn 0.919391 0.300656 -0.253627
vn 0.919391 0.300656 -0.253627
vn -0.384733 0.257109 0.886496
vn -0.384733 0.257109 0.886496
vn -0.384733 0.257109 0.886496
vn -0.000000 -1.000000 -0.000000
vn -0.000000 -1.000000 -0.000000
vn -0.000000 -1.000000 -0.000000
vn -0.748950 0.364689 -0.553241
vn -0.748950 0.364689 -0.553241
vn -0.748950 0.364689 -0.553241
vn -0.943648 -0.000003 0.330951
vn -0.943648 -0.000003 0.330951
vn -0.943648 -0.000003 0.330951
vn -0.301029 0.435629 0.848298
vn -0.301029 0.435629 0.848298
vn -0.301029 0.435629 0.848298
vn 0.280889 0.500770 -0.818738
vn 0.280889 0.500770 -0.818738
vn 0.280889 0.500770 -0.818738
vn 0.282297 0.504678 -0.815848
vn 0.282297 0.504678 -0.815848
vn 0.282297 0.504678 -0.815848
vn 0.000000 -1.000000 0.000000
vn 0.000000 -1.000000 0.000000
vn 0.000000 -1.000000 0.000000
vn -0.279545 0.499257 0.820120
vn -0.279545 0.499257 0.820120
vn -0.279545 0.499257 0.820120
vn 0.795727 0.500386 0.341221
vn 0.795727 0.500386 0.341221
vn 0.795727 0.500386 0.341221
vn 0.000000 -1.000000 -0.000001
vn 0.000000 -1.000000 -0.000001
vn 0.000000 -1.000000 -0.000001
vn -0.313343 0.376178 0.871956
vn -0.313343 0.376178 0.871956
vn -0.313343 0.376178 0.871956
vn -0.813826 0.381800 -0.438083
vn -0.813826 0.381800 -0.438083
vn -0.813826 0.381800 -0.438083
vn 0.201253 0.498849 -0.842999
vn 0.201253 0.498849 -0.842999
vn 0.201253 0.498849 -0.842999
vn -0.814101 0.505688 0.285514
vn -0.814101 0.505688 0.285514
vn -0.814101 0.505688 0.285514
vn -0.002630 0.999968 -0.007579
vn -0.002630 0.999968 -0.007579
vn -0.002630 0.999968 -0.007579
vn -0.320912 0.438164 0.839659
vn -0.320912 0.438164 0.839659
vn -0.320912 0.438164 0.839659
vn 0.304625 0.434295 -0.847698
vn 0.304625 0.434295 -0.847698
vn 0.304625 0.434295 -0.847698
vn 0.000755 0.999997 0.002203
vn 0.000755 0.999997 0.002203
vn 0.000755 0.999997 0.002203
vn -0.000103 1.000000 0.000217
vn -0.000103 1.000000 0.000217
vn -0.000103 1.000000 0.000217
vn 0.260464 0.519026 -0.814107
vn 0.260464 0.519026 -0.814107
vn 0.260464 0.519026 -0.814107
vn 0.814828 0.437601 0.380212
vn 0.814828 0.437601 0.380212
vn 0.814828 0.437601 0.380212
vn -0.814348 0.438686 -0.379988
vn -0.814348 0.438686 -0.379988
vn -0.814348 0.438686 -0.379988
vn 0.005124 0.999981 0.003343
vn 0.005124 0.999981 0.003343
vn 0.005124 0.999981 0.003343
vn 0.000000 -1.000000 0.000000
vn 0.000000 -1.000000 0.000000
vn 0.000000 -1.000000 0.000000
vn -0.809699 0.505602 0.297916
vn -0.809699 0.505602 0.297916
vn -0.809699 0.505602 0.297916
vn 0.000000 -1.000000 0.000000
vn 0.000000 -1.000000 0.000000
vn 0.000000 -1.000000 0.000000
vn -0.000000 -1.000000 -0.000000
vn -0.000000 -1.000000 -0.000000
vn -0.000000 -1.000000 -0.000000
vn -0.108959 0.493513 0.862886
vn -0.108959 0.493513 0.862886
vn -0.108959 0.493513 0.862886
vn 0.332353 0.450587 -0.828561
vn 0.332353 0.450587 -0.828561
vn 0.332353 0.450587 -0.828561
vn -0.001540 0.999999 -0.000593
vn -0.001540 0.999999 -0.000593
vn -0.001540 0.999999 -0.000593
vn 0.278920 0.441358 -0.852881
vn 0.278920 0.441358 -0.852881
vn 0.278920 0.441358 -0.852881
vn 0.000000 -1.000000 -0.000001
vn 0.000000 -1.000000 -0.000001
vn 0.000000 -1.000000 -0.000001
vn -0.000000 -1.000000 0.000000
vn -0.000000 -1.000000 0.000000
vn -0.000000 -1.000000 0.000000
vn -0.943648 -0.000003 0.330951
vn -0.943648 -0.000003 0.330951
vn -0.943648 -0.000003 0.330951
vn 0.188581 0.653311 -0.733227
vn 0.188581 0.653311 -0.733227
vn 0.188581 0.653311 -0.733227
vn -0.943649 0.000000 0.330949
vn -0.943649 0.000000 0.330949
vn -0.943649 0.000000 0.330949
vn -0.825485 0.491929 0.276730
vn -0.825486 0.491929 0.276730
vn -0.825486 0.491929 0.276730
vn -0.339236 0.392449 0.854928
vn -0.339236 0.392449 0.854928
vn -0.339237 0.392449 0.854928
vn 0.433244 0.000000 -0.901277
vn 0.433244 0.000000 -0.901277
vn 0.433244 0.000000 -0.901277
vn 0.001754 0.999997 -0.001531
vn 0.001754 0.999997 -0.001531
vn 0.001754 0.999997 -0.001531
vn -0.824328 0.396258 -0.404306
vn -0.824328 0.396258 -0.404306
vn -0.824328 0.396258 -0.404306
vn 0.871250 0.442484 0.212441
vn 0.871250 0.442484 0.212441
vn 0.871250 0.442484 0.212441
vn 0.294387 0.409172 -0.863663
vn 0.294387 0.409172 -0.863663
vn 0.294387 0.409172 -0.863663
vn -0.000006 -1.000000 0.000014
vn -0.000006 -1.000000 0.000014
vn -0.000006 -1.000000 0.000014
vn 0.880109 0.412151 0.235669
vn 0.880109 0.412151 0.235669
vn 0.880109 0.412151 0.235669
vn -0.881578 0.408772 -0.236064
vn -0.881578 0.408772 -0.236063
vn -0.881578 0.408772 -0.236064
vn -0.000199 1.000000 0.000919
vn -0.000199 1.000000 0.000919
vn -0.000199 1.000000 0.000919
vn -0.307134 0.492126 0.814543
vn -0.307134 0.492126 0.814543
vn -0.307134 0.492126 0.814543
vn 0.000000 -1.000000 0.000000
vn 0.000000 -1.000000 0.000000
vn 0.000000 -1.000000 0.000000
vn 0.000314 0.999999 0.001523
vn 0.000314 0.999999 0.001523
vn 0.000314 0.999999 0.001523
vn 0.321951 0.409044 -0.853833
vn 0.321951 0.409044 -0.853833
vn 0.321951 0.409044 -0.853833
vn 0.055456 0.490338 -0.869766
vn 0.055456 0.490338 -0.869766
vn 0.055456 0.490338 -0.869766
vn -0.870905 0.385008 0.305439
vn -0.870905 0.385008 0.305439
vn -0.870905 0.385008 0.305439
vn 0.309073 0.500511 -0.808679
vn 0.309073 0.500511 -0.808679
vn 0.309073 0.500512 -0.808679
vn -0.294303 0.405190 0.865568
vn -0.294303 0.405190 0.865568
vn -0.294303 0.405190 0.865568
vn -0.323476 0.432579 0.841569
vn -0.323476 0.432579 0.841569
vn -0.323476 0.432579 0.841569
vn 0.000000 -1.000000 0.000000
vn 0.000000 -1.000000 0.000000
vn 0.000000 -1.000000 0.000000
vn -0.000000 -1.000000 0.000001
vn -0.000000 -1.000000 0.000001
vn -0.000000 -1.000000 0.000001
vn -0.287089 0.501683 0.816024
vn -0.287089 0.501683 0.816024
vn -0.287089 0.501683 0.816024
vn 0.275623 0.442157 -0.853539
vn 0.275623 0.442157 -0.853539
vn 0.275623 0.442157 -0.853539
vn -0.292444 0.404732 0.866412
vn -0.292444 0.404732 0.866412
vn -0.292444 0.404732 0.866411
vn 0.433243 -0.000007 -0.901277
vn 0.433243 -0.000007 -0.901277
vn 0.433243 -0.000007 -0.901277
vn 0.000001 -1.000000 0.000000
vn 0.000001 -1.000000 0.000000
vn 0.000001 -1.000000 0.000000
vn 0.000888 1.000000 -0.000258
vn 0.000888 1.000000 -0.000258
vn 0.000888 1.000000 -0.000258
vn 0.000001 -1.000000 0.000000
vn 0.000001 -1.000000 0.000000
vn 0.000001 -1.000000 0.000000
vn 0.228839 0.500108 -0.835180
vn 0.228839 0.500108 -0.835180
vn 0.228839 0.500108 -0.835180
vn -0.881056 0.410748 -0.234579
vn -0.881056 0.410748 -0.234579
vn -0.881055 0.410748 -0.234579
vn 0.001461 0.999999 0.000493
vn 0.001461 0.999999 0.000493
vn 0.001461 0.999999 0.000493
vn 0.000001 -1.000000 -0.000001
vn 0.000001 -1.000000 -0.000001
vn 0.000001 -1.000000 -0.000001
vn 0.000346 0.999998 -0.001875
vn 0.000346 0.999998 -0.001875
vn 0.000346 0.999998 -0.001875
vn 0.000000 -1.000000 0.000000
vn 0.000000 -1.000000 0.000000
vn 0.000000 -1.000000 0.000000
vn -0.865681 0.387212 0.317276
vn -0.865681 0.387212 0.317276
vn -0.865681 0.387212 0.317276
vn -0.860951 -0.000004 0.508688
vn -0.860951 -0.000004 0.508688
vn -0.860951 -0.000004 0.508688
vn -0.000109 0.999999 -0.001168
vn -0.000109 0.999999 -0.001168
vn -0.000109 0.999999 -0.001168
vn 0.819761 0.404802 0.405127
vn 0.819761 0.404802 0.405127
vn 0.819761 0.404802 0.405127
vn -0.008261 0.999959 -0.003820
vn -0.008261 0.999959 -0.003820
vn -0.008261 0.999959 -0.003820
vn -0.276852 0.493670 0.824404
vn -0.276852 0.493670 0.824404
vn -0.276852 0.493670 0.824404
vn 0.385757 0.737541 0.554279
vn 0.692768 0.358694 0.625629
vn 0.610609 0.710729 0.349316
vn -0.000674 0.999768 -0.021532
vn -0.292504 0.501901 0.813964
vn -0.292504 0.501901 0.813964
vn -0.292504 0.501901 0.813964
vn 0.126142 0.744606 0.655477
vn 0.346053 0.385166 0.855508
vn 0.391174 0.429855 -0.813762
vn 0.391174 0.429855 -0.813762
vn 0.391174 0.429854 -0.813762
vn 0.901557 0.315070 0.296521
vn 0.725416 0.678708 0.114576
vn 0.558118 0.197172 0.805995
vn 0.731093 0.181429 0.657713
vn 0.001579 0.999976 0.006731
vn 0.001579 0.999976 0.006731
vn 0.001579 0.999976 0.006731
vn 0.813821 0.434225 0.386192
vn 0.813821 0.434225 0.386192
vn 0.813821 0.434225 0.386192
vn 0.867855 0.156307 0.471589
vn 0.367081 0.210501 0.906058
vn 0.940621 0.138397 0.309965
vn -0.126248 0.744252 0.655858
vn -0.000054 0.391007 0.920388
vn 0.182948 0.214275 0.959488
vn 0.959068 0.283173 -0.001385
vn 0.738387 0.664188 -0.116789
vn 0.982456 0.117563 0.144773
vn -0.813496 0.434972 -0.386037
vn -0.813496 0.434972 -0.386037
vn -0.813496 0.434972 -0.386037
vn -0.000181 0.217733 0.976008
vn 0.994446 0.105198 0.003255
vn -0.386497 0.736437 0.555229
vn -0.346405 0.383506 0.856112
vn -0.305183 0.501793 0.809362
vn -0.305183 0.501793 0.809362
vn -0.305183 0.501793 0.809362
vn 0.645278 0.668004 -0.370658
vn 0.915913 0.261938 -0.304126
vn -0.183774 0.213457 0.959512
vn 0.984244 0.089307 -0.152606
vn -0.367528 0.208902 0.906247
vn -0.612276 0.708835 0.350244
vn -0.693799 0.355284 0.626432
vn 0.948657 0.079730 -0.306093
vn 0.421971 0.671989 -0.608581
vn 0.717803 0.245791 -0.651418
vn 0.000000 -1.000000 0.000000
vn 0.000000 -1.000000 0.000000
vn 0.000000 -1.000000 0.000000
vn 0.739673 0.117557 0.662619
vn 0.561110 0.133677 0.816876
vn 0.872614 0.097108 0.478660
vn 0.372419 0.144474 0.916751
vn -0.558977 0.194719 0.805996
vn -0.727633 0.676271 0.114923
vn -0.902990 0.310505 0.296977
vn 0.947665 0.078838 0.309381
vn 0.140557 0.667170 -0.731525
vn 0.363977 0.229541 -0.902680
vn 0.184238 0.150874 0.971233
vn 0.873360 0.065793 -0.482612
vn -0.731749 0.178298 0.657840
vn 0.294676 0.388579 -0.873025
vn 0.294676 0.388579 -0.873025
vn 0.294676 0.388579 -0.873025
vn 0.373085 0.247529 -0.894168
vn 0.373085 0.247529 -0.894168
vn 0.373085 0.247529 -0.894168
vn -0.796309 0.380167 0.470495
vn -0.796309 0.380167 0.470495
vn -0.796309 0.380167 0.470495
vn 0.986491 0.062572 0.151392
vn -0.860951 -0.000002 0.508688
vn -0.860951 -0.000002 0.508688
vn -0.860951 -0.000002 0.508688
vn -0.000571 0.152564 0.988293
vn -0.740647 0.661598 -0.117171
vn -0.960517 0.278217 -0.001395
vn 0.745254 0.056165 -0.664411
vn -0.140681 0.666665 -0.731961
vn -0.000035 0.223066 -0.974803
vn -0.647039 0.665754 -0.371633
vn -0.917129 0.257182 -0.304520
vn 0.998804 0.048756 0.003548
vn -0.000000 -1.000000 0.000000
vn -0.000000 -1.000000 0.000000
vn -0.000000 -1.000000 0.000000
vn -0.422775 0.670516 -0.609647
vn -0.364208 0.227631 -0.903071
vn 0.331117 0.398781 -0.855181
vn 0.331117 0.398781 -0.855181
vn 0.331117 0.398781 -0.855181
vn -0.868646 0.152539 0.471365
vn -0.718532 0.242043 -0.652018
vn -0.185391 0.150285 0.971105
vn -0.001925 0.999982 0.005611
vn -0.001925 0.999982 0.005611
vn -0.001925 0.999982 0.005611
vn 0.000001 -1.000000 -0.000000
vn 0.000001 -1.000000 -0.000000
vn 0.000001 -1.000000 -0.000000
vn 0.564992 0.042780 -0.823987
vn -0.941282 0.134322 0.309751
vn 0.988691 0.035919 -0.145602
vn 0.378118 0.037168 -0.925011
vn -0.373442 0.144057 0.916400
vn 0.952758 0.023873 -0.302792
vn -0.983028 0.113226 0.144349
vn -0.562056 0.132693 0.816386
vn 0.186107 0.030270 -0.982063
vn -0.994904 0.100792 0.002813
vn 0.742124 0.108406 0.661438
vn 0.873818 0.090524 0.477752
vn 0.563512 0.119983 0.817348
vn -0.235703 0.500086 0.833282
vn -0.235703 0.500086 0.833282
vn -0.235703 0.500086 0.833282
vn 0.948566 0.074567 0.307672
vn 0.373859 0.129954 0.918336
vn 0.469048 0.121940 0.874714
vn 0.000419 0.030710 -0.999528
vn 0.880026 0.011534 -0.474786
vn 0.986519 0.060884 0.151899
vn -0.817730 0.414672 -0.399205
vn -0.817730 0.414672 -0.399205
vn -0.817730 0.414672 -0.399205
vn 0.184809 0.138661 0.972943
vn -0.740509 0.115432 0.662059
vn -0.984557 0.084898 -0.153104
vn 0.365174 0.416576 -0.832534
vn 0.365174 0.416576 -0.832534
vn 0.365174 0.416575 -0.832534
vn 0.000000 -1.000000 0.000000
vn 0.000000 -1.000000 0.000000
vn 0.000000 -1.000000 0.000000
vn -0.001725 0.999998 -0.000821
vn -0.001725 0.999998 -0.000821
vn -0.001725 0.999998 -0.000821
vn -0.185776 0.029463 -0.982150
vn -0.948801 0.075467 -0.306727
vn 0.998786 0.049052 0.004438
vn -0.377397 0.035501 -0.925371
vn 0.750559 -0.001221 -0.660803
vn -0.001384 0.140302 0.990108
vn -0.187523 0.138564 0.972438
vn -0.873392 0.061857 -0.483074
vn -0.000964 0.999987 -0.005037
vn -0.000964 0.999987 -0.005037
vn -0.000964 0.999987 -0.005037
vn -0.873313 0.094658 0.477875
vn -0.564740 0.040284 -0.824285
vn -0.744960 0.052828 -0.665014
vn -0.078424 0.995413 0.054788
vn -0.078424 0.995414 0.054788
vn -0.078424 0.995414 0.054788
vn 0.988974 0.038432 -0.143012
vn -0.349392 0.441184 0.826608
vn -0.349392 0.441184 0.826608
vn -0.349392 0.441184 0.826609
vn 0.297981 0.378355 -0.876388
vn 0.297981 0.378355 -0.876388
vn 0.297981 0.378355 -0.876388
vn -0.000000 -1.000000 0.000000
vn -0.000000 -1.000000 0.000000
vn -0.000000 -1.000000 0.000000
vn 0.570626 -0.012558 -0.821114
vn -0.376200 0.133188 0.916916
vn -0.948189 0.076166 0.308442
vn 0.600747 0.000000 -0.799439
vn 0.600747 0.000000 -0.799439
vn 0.600747 0.000000 -0.799439
vn 0.953811 0.028333 -0.299068
vn 0.380461 -0.019888 -0.924583
vn -0.565217 0.123450 0.815653
vn 0.305567 0.499904 -0.810385
vn 0.305567 0.499904 -0.810385
vn 0.305567 0.499904 -0.810385
vn -0.000660 0.999999 0.001624
vn -0.000660 0.999999 0.001624
vn -0.000660 0.999999 0.001624
vn -0.001492 0.999999 -0.000578
vn -0.001492 0.999999 -0.000578
vn -0.001492 0.999999 -0.000578
vn -0.986817 0.059753 0.150407
vn 0.765443 0.357407 0.535124
vn 0.765443 0.357407 0.535124
vn 0.765443 0.357407 0.535124
vn 0.882243 0.018196 -0.470442
vn 0.282373 0.461784 -0.840845
vn 0.282373 0.461784 -0.840845
vn 0.282373 0.461784 -0.840845
vn 0.188762 -0.024205 -0.981725
vn -0.743646 0.108526 0.659706
vn -0.998946 0.045843 0.002527
vn -0.300590 0.445443 0.843342
vn -0.300590 0.445443 0.843342
vn -0.300590 0.445443 0.843342
vn 0.751272 0.451126 0.481743
vn 0.751272 0.451126 0.481743
vn 0.751272 0.451126 0.481743
vn 0.000754 -0.025586 -0.999672
vn 0.753764 0.007722 -0.657100
vn -0.988637 0.032969 -0.146666
vn -0.874863 0.090825 0.475778
vn -0.187337 -0.025378 -0.981968
vn -0.258805 0.499741 0.826607
vn -0.258805 0.499741 0.826607
vn -0.258805 0.499741 0.826607
vn -0.952468 0.020979 -0.303916
vn -0.379082 -0.021627 -0.925110
vn 0.574516 -0.001366 -0.818492
vn -0.768190 0.408947 -0.492591
vn -0.768190 0.408947 -0.492591
vn -0.768190 0.408947 -0.492591
vn 0.000000 -1.000000 0.000000
vn 0.000000 -1.000000 0.000000
vn 0.000000 -1.000000 0.000000
vn -0.879478 0.008842 -0.475858
vn -0.569464 -0.014207 -0.821894
vn -0.949220 0.074909 0.305565
vn -0.366945 0.417469 0.831306
vn -0.366945 0.417469 0.831306
vn -0.366945 0.417469 0.831306
vn -0.749681 -0.003476 -0.661791
vn 0.382994 -0.007224 -0.923723
vn -0.986820 0.061197 0.149806
vn 0.001975 0.999998 0.000840
vn 0.001975 0.999998 0.000840
vn 0.001975 0.999998 0.000840
vn 0.279871 0.499967 -0.819576
vn 0.279871 0.499967 -0.819576
vn 0.279871 0.499967 -0.819576
vn -0.705164 0.510181 0.492402
vn -0.705164 0.510181 0.492402
vn -0.705164 0.510181 0.492402
vn 0.191046 -0.010392 -0.981526
vn -0.998783 0.049272 0.002347
vn -0.000671 1.000000 -0.000127
vn -0.000671 1.000000 -0.000127
vn -0.000671 1.000000 -0.000127
vn 0.001454 -0.011342 -0.999935
vn -0.988659 0.038519 -0.145152
vn -0.000000 -1.000000 0.000001
vn -0.000000 -1.000000 0.000001
vn -0.000000 -1.000000 0.000001
vn -0.314306 0.447880 0.837028
vn -0.314306 0.447880 0.837028
vn -0.314306 0.447880 0.837028
vn -0.953130 0.028331 -0.301233
vn 0.787767 0.375194 0.488521
vn 0.787767 0.375194 0.488521
vn 0.787767 0.375194 0.488521
vn 0.000000 -1.000000 -0.000000
vn 0.000000 -1.000000 -0.000000
vn 0.000000 -1.000000 -0.000000
vn -0.188204 -0.013475 -0.982038
vn 0.294616 0.490981 -0.819841
vn 0.294616 0.490981 -0.819841
vn 0.294616 0.490981 -0.819841
vn -0.881128 0.018181 -0.472528
vn -0.380476 -0.010173 -0.924735
vn -0.281317 -0.015548 -0.959489
vn -0.752119 0.007791 -0.658981
vn -0.572350 -0.001192 -0.820009
vn 0.370359 0.398550 -0.839042
vn 0.370359 0.398550 -0.839042
vn 0.370359 0.398550 -0.839042
vn 0.773613 0.449795 0.446327
vn 0.773613 0.449795 0.446327
vn 0.773613 0.449795 0.446327
vn -0.772207 0.381234 -0.508288
vn -0.772207 0.381235 -0.508288
vn -0.772207 0.381234 -0.508287
vn -0.773507 0.450037 -0.446266
vn -0.773507 0.450037 -0.446266
vn -0.773507 0.450037 -0.446266
vn -0.745168 0.000000 0.666877
vn -0.745168 0.000000 0.666877
vn -0.745168 0.000000 0.666877
vn -0.022695 0.997796 0.062362
vn -0.022695 0.997796 0.062362
vn -0.000000 0.000000 0.000000
vn 0.600749 0.000000 -0.799438
vn 0.600749 0.000000 -0.799438
vn 0.600749 0.000000 -0.799438
vn -0.276864 0.500532 0.820253
vn -0.276864 0.500532 0.820253
vn -0.276864 0.500532 0.820253
vn 0.603708 0.385064 -0.698042
vn 0.603708 0.385064 -0.698042
vn 0.603708 0.385064 -0.698042
vn 0.002111 0.999997 0.001158
vn 0.002111 0.999997 0.001158
vn 0.002111 0.999997 0.001158
vn -0.294033 0.499198 0.815074
vn -0.294033 0.499198 0.815074
vn -0.294033 0.499198 0.815074
vn -0.745168 0.000000 0.666876
vn -0.745168 0.000000 0.666876
vn -0.745168 0.000000 0.666876
vn -0.014710 0.999816 0.012337
vn -0.014710 0.999816 0.012337
vn -0.014710 0.999816 0.012337
vn 0.000000 -1.000000 -0.000000
vn 0.000000 -1.000000 -0.000000
vn 0.000000 -1.000000 -0.000000
vn 0.001386 0.999999 -0.000749
vn 0.001386 0.999999 -0.000749
vn 0.001386 0.999999 -0.000749
vn 0.000000 -1.000000 0.000000
vn 0.000000 -1.000000 0.000000
vn 0.000000 -1.000000 0.000000
vn -0.641641 0.508488 0.574227
vn -0.641641 0.508488 0.574227
vn -0.641641 0.508488 0.574227
vn 0.000123 1.000000 0.000525
vn 0.000123 1.000000 0.000525
vn 0.000123 1.000000 0.000525
vn 0.518278 0.505682 -0.689691
vn 0.518278 0.505682 -0.689691
vn 0.518278 0.505682 -0.689691
vn -0.787103 0.379226 -0.486474
vn -0.787103 0.379226 -0.486474
vn -0.787103 0.379226 -0.486474
vn -0.327253 0.386165 0.862428
vn -0.327253 0.386165 0.862428
vn -0.327253 0.386165 0.862428
vn 0.319335 0.439970 -0.839316
vn 0.319335 0.439970 -0.839316
vn 0.319335 0.439970 -0.839316
vn -0.001652 0.999998 -0.000733
vn -0.001652 0.999998 -0.000733
vn -0.001652 0.999998 -0.000733
vn 0.000000 -1.000000 0.000000
vn 0.000000 -1.000000 0.000000
vn 0.000000 -1.000000 0.000000
vn -0.000000 -1.000000 -0.000001
vn -0.000000 -1.000000 -0.000001
vn -0.000000 -1.000000 -0.000001
vn 0.275399 0.499631 -0.821294
vn 0.275399 0.499631 -0.821294
vn 0.275399 0.499631 -0.821294
vn -0.313838 0.447454 0.837431
vn -0.313838 0.447454 0.837431
vn -0.313838 0.447454 0.837431
vn 0.770057 0.389783 0.505055
vn 0.770057 0.389783 0.505055
vn 0.770057 0.389783 0.505055
vn 0.276737 0.501214 -0.819879
vn 0.276737 0.501214 -0.819879
vn 0.276737 0.501214 -0.819879
vn 0.000015 -1.000000 -0.000042
vn 0.000015 -1.000000 -0.000042
vn 0.000015 -1.000000 -0.000042
vn 0.758841 0.451576 0.469297
vn 0.758841 0.451576 0.469297
vn 0.758841 0.451576 0.469297
vn 0.001519 0.999998 0.000904
vn 0.001519 0.999998 0.000904
vn 0.001519 0.999998 0.000904
vn 0.000000 -1.000000 0.000000
vn 0.000000 -1.000000 0.000000
vn 0.000000 -1.000000 0.000000
vn 0.763936 0.364373 0.532573
vn 0.763936 0.364373 0.532573
vn 0.763936 0.364373 0.532573
vn -0.762412 0.443183 -0.471506
vn -0.762412 0.443183 -0.471506
vn -0.762412 0.443183 -0.471506
vn 0.878173 0.476615 -0.040627
vn 0.878173 0.476615 -0.040627
vn 0.878173 0.476615 -0.040627
vn 0.749983 0.455552 0.479581
vn 0.749983 0.455552 0.479581
vn 0.749983 0.455552 0.479581
vn -0.639307 0.510679 0.574885
vn -0.639307 0.510679 0.574885
vn -0.639307 0.510679 0.574885
vn -0.000008 -1.000000 -0.000002
vn -0.000008 -1.000000 -0.000002
vn -0.000008 -1.000000 -0.000002
vn 0.000000 -1.000000 0.000000
vn 0.000000 -1.000000 0.000000
vn 0.000000 -1.000000 0.000000
vn -0.749888 0.455773 -0.479520
vn -0.749888 0.455773 -0.479520
vn -0.749888 0.455773 -0.479520
vn -0.745169 0.000000 0.666876
vn -0.745169 0.000000 0.666876
vn -0.745169 0.000000 0.666876
vn -0.931367 0.363960 -0.009394
vn -0.931367 0.363960 -0.009394
vn -0.931367 0.363960 -0.009394
vn -0.745170 0.000000 0.666875
vn -0.745170 0.000000 0.666875
vn -0.745170 0.000000 0.666875
vn 0.320219 0.430470 -0.843893
vn 0.320219 0.430470 -0.843893
vn 0.320219 0.430470 -0.843893
vn -0.000001 -1.000000 -0.000000
vn -0.000001 -1.000000 -0.000000
vn -0.000001 -1.000000 -0.000000
vn -0.278812 0.499848 0.820009
vn -0.278812 0.499848 0.820009
vn -0.278812 0.499848 0.820009
vn 0.745167 0.000000 -0.666878
vn 0.745167 0.000000 -0.666878
vn 0.745167 0.000000 -0.666878
vn -0.014721 0.999815 0.012352
vn -0.014721 0.999815 0.012352
vn -0.014721 0.999815 0.012352
vn -0.349698 0.500081 0.792231
vn -0.349698 0.500081 0.792231
vn -0.349698 0.500081 0.792231
vn -0.001215 0.999999 -0.000681
vn -0.001215 0.999999 -0.000681
vn -0.001215 0.999999 -0.000681
vn 0.931509 0.363597 0.009396
vn 0.931509 0.363597 0.009396
vn 0.931509 0.363597 0.009396
vn -0.255165 0.499563 0.827845
vn -0.255165 0.499563 0.827845
vn -0.255165 0.499563 0.827845
vn 0.843110 0.488742 -0.224270
vn 0.843110 0.488742 -0.224270
vn 0.843110 0.488742 -0.224270
vn -0.747576 0.503464 -0.433191
vn -0.747576 0.503464 -0.433191
vn -0.747576 0.503464 -0.433191
vn 0.834226 0.496998 -0.238875
vn 0.834226 0.496998 -0.238875
vn 0.834225 0.496998 -0.238875
vn -0.000000 -1.000000 0.000000
vn -0.000000 -1.000000 0.000000
vn -0.000000 -1.000000 0.000000
vn -0.271569 0.507884 0.817499
vn -0.271569 0.507884 0.817499
vn -0.271569 0.507884 0.817499
vn -0.763097 0.371761 -0.528656
vn -0.763097 0.371761 -0.528656
vn -0.763097 0.371761 -0.528656
vn -0.833100 0.499035 0.238557
vn -0.833100 0.499035 0.238557
vn -0.833100 0.499035 0.238557
vn -0.001470 0.999998 -0.001412
vn -0.001470 0.999998 -0.001412
vn -0.001470 0.999998 -0.001412
vn 0.010630 0.999898 -0.009490
vn 0.010630 0.999899 -0.009490
vn 0.010630 0.999899 -0.009490
vn -0.717921 0.267955 0.642487
vn -0.717921 0.267955 0.642487
vn -0.717921 0.267955 0.642487
vn 0.317123 0.445859 -0.837044
vn 0.317123 0.445859 -0.837044
vn 0.317123 0.445859 -0.837044
vn 0.379459 0.436601 -0.815714
vn 0.379459 0.436601 -0.815714
vn 0.379459 0.436601 -0.815714
vn 0.000000 -1.000000 0.000000
vn 0.000000 -1.000000 0.000000
vn 0.000000 -1.000000 0.000000
vn -0.305151 0.389156 0.869161
vn -0.305151 0.389156 0.869161
vn -0.305151 0.389156 0.869161
vn -0.315234 0.448178 0.836519
vn -0.315234 0.448178 0.836519
vn -0.315234 0.448178 0.836519
vn -0.000000 -1.000000 -0.000001
vn -0.000000 -1.000000 -0.000001
vn -0.000000 -1.000000 -0.000001
vn -0.560614 0.223350 0.797388
vn -0.560614 0.223350 0.797388
vn -0.560613 0.223350 0.797388
vn -0.001409 0.999999 -0.000566
vn -0.001409 0.999999 -0.000566
vn -0.001409 0.999999 -0.000566
vn -0.001297 0.999999 -0.000191
vn -0.001297 0.999999 -0.000191
vn -0.001297 0.999999 -0.000191
vn -0.000404 0.999999 0.001609
vn -0.000404 0.999999 0.001609
vn -0.000404 0.999999 0.001609
vn 0.315141 0.026973 -0.948662
vn 0.315141 0.026973 -0.948662
vn 0.315141 0.026973 -0.948662
vn 0.278675 0.500583 -0.819608
vn 0.278675 0.500583 -0.819608
vn 0.278675 0.500583 -0.819608
vn 0.000256 1.000000 -0.000147
vn 0.000256 1.000000 -0.000147
vn 0.000256 1.000000 -0.000147
vn 0.734219 0.501808 0.457286
vn 0.734219 0.501808 0.457286
vn 0.734219 0.501808 0.457286
vn 0.231707 0.138724 -0.962843
vn 0.231707 0.138724 -0.962844
vn 0.231707 0.138724 -0.962843
vn -0.841504 0.491212 0.224905
vn -0.841504 0.491212 0.224905
vn -0.841504 0.491212 0.224905
vn 0.306417 0.362017 -0.880371
vn 0.306417 0.362017 -0.880371
vn 0.306417 0.362017 -0.880371
vn -0.877745 0.477394 0.040719
vn -0.877745 0.477394 0.040719
vn -0.877745 0.477394 0.040719
vn 0.642258 0.506196 -0.575560
vn 0.642258 0.506196 -0.575560
vn 0.642258 0.506196 -0.575560
vn 0.743745 0.457815 0.487082
vn 0.743745 0.457815 0.487082
vn 0.743745 0.457815 0.487082
vn 0.745168 0.000000 -0.666877
vn 0.745168 0.000000 -0.666877
vn 0.745168 0.000000 -0.666877
vn -0.709216 0.271685 0.650538
vn -0.709216 0.271685 0.650538
vn -0.709216 0.271685 0.650538
vn 0.000003 -1.000000 -0.000005
vn 0.000003 -1.000000 -0.000005
vn 0.000003 -1.000000 -0.000005
vn -0.746740 0.450790 -0.489047
vn -0.746741 0.450790 -0.489047
vn -0.746740 0.450790 -0.489047
vn 0.002861 0.999993 -0.002309
vn 0.002861 0.999993 -0.002309
vn 0.002861 0.999993 -0.002309
vn -0.324303 0.385185 0.863979
vn -0.324303 0.385185 0.863979
vn -0.324303 0.385185 0.863979
vn -0.409930 0.386782 0.826050
vn -0.409930 0.386782 0.826050
vn -0.409930 0.386782 0.826050
vn 0.354174 0.480370 -0.802375
vn 0.354174 0.480370 -0.802375
vn 0.354174 0.480370 -0.802375
vn -0.600747 0.000000 0.799439
vn -0.600747 0.000000 0.799439
vn -0.600747 0.000000 0.799439
vn 0.256767 0.500962 -0.826503
vn 0.256767 0.500962 -0.826503
vn 0.256767 0.500962 -0.826503
vn 0.861635 0.435426 0.260747
vn 0.861635 0.435426 0.260747
vn 0.861635 0.435426 0.260747
vn 0.000000 -1.000000 0.000000
vn 0.000000 -1.000000 0.000000
vn 0.000000 -1.000000 0.000000
vn 0.011531 0.999761 0.018590
vn 0.011531 0.999761 0.018590
vn 0.011531 0.999761 0.018590
vn 0.643113 0.505129 -0.575544
vn 0.643113 0.505129 -0.575544
vn 0.643113 0.505129 -0.575544
vn 0.000001 -1.000000 -0.000002
vn 0.000001 -1.000000 -0.000002
vn 0.000001 -1.000000 -0.000002
vn 0.001378 0.999999 0.000531
vn 0.001378 0.999999 0.000531
vn 0.001378 0.999999 0.000531
vn -0.867952 0.412289 -0.276908
vn -0.867952 0.412289 -0.276908
vn -0.867952 0.412289 -0.276908
vn 0.000000 -1.000000 0.000003
vn 0.000000 -1.000000 0.000003
vn 0.000000 -1.000000 0.000003
vn 0.000000 -1.000000 0.000000
vn 0.000000 -1.000000 0.000000
vn 0.000000 -1.000000 0.000000
vn 0.871032 0.405068 0.277891
vn 0.871032 0.405068 0.277891
vn 0.871032 0.405068 0.277891
vn -0.759058 0.353453 -0.546719
vn -0.759058 0.353453 -0.546719
vn -0.759058 0.353453 -0.546719
vn 0.000000 -1.000000 0.000000
vn 0.000000 -1.000000 0.000000
vn 0.000000 -1.000000 0.000000
vn -0.581380 0.251870 0.773666
vn -0.581380 0.251870 0.773666
vn -0.581380 0.251870 0.773666
vn -0.600748 0.000000 0.799438
vn -0.600748 0.000000 0.799438
vn -0.600748 0.000000 0.799438
vn -0.000190 1.000000 0.000493
vn -0.000190 1.000000 0.000493
vn -0.000190 1.000000 0.000493
vn 0.001825 0.999998 0.000314
vn 0.001825 0.999998 0.000314
vn 0.001825 0.999998 0.000314
vn 0.435929 0.671733 0.598950
vn 0.716254 0.331272 0.614198
vn 0.673829 0.640081 0.369122
vn -0.027343 0.998521 -0.046992
vn 0.144975 0.676211 0.722302
vn 0.366954 0.351368 0.861328
vn -0.000000 -1.000000 0.000001
vn -0.000000 -1.000000 0.000001
vn -0.000000 -1.000000 0.000001
vn 0.914909 0.285064 0.285798
vn 0.790339 0.601054 0.118733
vn 0.310176 0.351092 -0.883473
vn 0.310176 0.351092 -0.883473
vn 0.310176 0.351092 -0.883473
vn 0.325522 0.376773 -0.867224
vn 0.325522 0.376773 -0.867224
vn 0.325522 0.376773 -0.867224
vn -0.307185 0.500274 0.809545
vn -0.307185 0.500274 0.809545
vn -0.307185 0.500274 0.809545
vn -0.149181 0.663829 0.732855
vn -0.000277 0.339678 0.940542
vn 0.571588 0.253689 0.780339
vn 0.738371 0.241004 0.629862
vn 0.869227 0.215392 0.445029
vn 0.382360 0.260941 0.886404
vn -0.000001 -1.000000 -0.000000
vn -0.000001 -1.000000 -0.000000
vn -0.000001 -1.000000 -0.000000
vn 0.935174 0.196160 0.294908
vn 0.806825 0.577805 -0.123187
vn 0.969499 0.245095 -0.000569
vn -0.279089 0.465058 0.840137
vn -0.279089 0.465058 0.840137
vn -0.279089 0.465058 0.840137
vn 0.189070 0.255808 0.948058
vn 0.004577 0.248152 0.968710
vn -0.457848 0.632469 0.624787
vn -0.374028 0.302359 0.876745
vn 0.976126 0.171015 0.133912
vn 0.719573 0.568815 -0.398327
vn 0.932911 0.209778 -0.292694
vn 0.987779 0.155673 0.007627
vn -0.197164 0.228546 0.953359
vn -0.719473 0.573002 0.392464
vn -0.738413 0.232257 0.633090
vn -0.000568 1.000000 0.000150
vn -0.000568 1.000000 0.000150
vn -0.000568 1.000000 0.000150
vn 0.486090 0.556361 -0.673928
vn 0.747838 0.167583 -0.642382
vn -0.379752 0.207880 0.901429
vn 0.980350 0.133036 -0.145653
vn 0.373457 0.026410 -0.927272
vn 0.373457 0.026410 -0.927272
vn 0.373457 0.026410 -0.927272
vn -0.275919 0.465248 0.841079
vn -0.275919 0.465248 0.841079
vn -0.275919 0.465248 0.841079
vn -0.847585 0.515294 0.126776
vn -0.943007 0.154516 0.294726
vn 0.951523 0.117595 -0.284210
vn -0.863735 0.426046 -0.269159
vn -0.863735 0.426046 -0.269159
vn -0.863735 0.426046 -0.269159
vn -0.318517 0.493369 0.809404
vn -0.318517 0.493369 0.809404
vn -0.318517 0.493369 0.809404
vn 0.165156 0.533771 -0.829344
vn 0.389001 0.118256 -0.913616
vn -0.586516 0.170960 0.791689
vn 0.000000 -1.000000 0.000000
vn 0.000000 -1.000000 0.000000
vn 0.000000 -1.000000 0.000000
vn -0.863641 0.486561 -0.131841
vn -0.994496 0.104777 -0.000473
vn 0.860951 0.000004 -0.508688
vn 0.860951 0.000004 -0.508688
vn 0.860951 0.000004 -0.508688
vn -0.261380 0.498500 0.826546
vn -0.261380 0.498500 0.826546
vn -0.261380 0.498500 0.826546
vn -0.750147 0.134957 0.647354
vn 0.000000 -1.000000 0.000000
vn 0.000000 -1.000000 0.000000
vn 0.000000 -1.000000 0.000000
vn -0.170428 0.515025 -0.840062
vn -0.000094 0.082487 -0.996592
vn 0.881803 0.092143 -0.462529
vn -0.764791 0.486879 -0.421952
vn -0.951586 0.073935 -0.298360
vn -0.508480 0.501297 -0.700107
vn -0.391136 0.061537 -0.918273
vn 0.767347 0.069490 -0.637456
vn -0.757235 0.058473 -0.650520
vn 0.578895 0.200174 0.790450
vn 0.751028 0.186186 0.633476
vn 0.876319 0.164910 0.452625
vn 0.391127 0.204795 0.897262
vn 0.945292 0.143890 0.292777
vn 0.197060 0.201165 0.959531
vn -0.887990 0.087275 0.451504
vn 0.981911 0.123373 0.143632
vn 0.004616 0.190908 0.981597
vn -0.951300 0.058353 0.302693
vn 0.584848 0.037236 -0.810288
vn 0.352598 0.403281 -0.844417
vn 0.352598 0.403281 -0.844417
vn 0.352598 0.403281 -0.844417
vn -0.001376 0.999999 -0.000550
vn -0.001376 0.999999 -0.000550
vn -0.001376 0.999999 -0.000550
vn 0.994464 0.104870 0.006659
vn -0.190968 0.173533 0.966135
vn 0.403192 0.015961 -0.914976
vn 0.302285 0.458749 -0.835568
vn 0.302286 0.458749 -0.835568
vn 0.302285 0.458749 -0.835568
vn 0.000000 -1.000000 0.000000
vn 0.000000 -1.000000 0.000000
vn 0.000000 -1.000000 0.000000
vn -0.990537 0.025754 0.134805
vn 0.987343 0.085923 -0.133310
vn -0.386772 0.149283 0.910012
vn -0.999934 0.008509 0.007681
vn 0.193097 -0.008818 -0.981140
vn 0.000561 1.000000 -0.000537
vn 0.000561 1.000000 -0.000537
vn 0.000561 1.000000 -0.000537
vn 0.005223 -0.022323 -0.999737
vn 0.000296 0.999992 -0.004070
vn 0.000296 0.999992 -0.004070
vn 0.000296 0.999992 -0.004070
vn 0.957421 0.066327 -0.280972
vn -0.581466 0.116634 0.805167
vn -0.989138 -0.013186 -0.146396
vn -0.536464 0.332697 0.775576
vn -0.536464 0.332697 0.775576
vn -0.536464 0.332697 0.775576
vn -0.957147 -0.024638 -0.288552
vn -0.199699 -0.037301 -0.979147
vn -0.394229 -0.043759 -0.917970
vn 0.893586 0.043325 -0.446796
vn -0.757496 0.076798 0.648308
vn 0.000099 0.999997 -0.002360
vn 0.000099 0.999997 -0.002360
vn 0.000099 0.999997 -0.002360
vn -0.885971 -0.039198 -0.462081
vn -0.588603 -0.049755 -0.806889
vn -0.764450 -0.044966 -0.643112
vn -0.276772 0.373416 0.885414
vn -0.276772 0.373416 0.885414
vn -0.276772 0.373416 0.885414
vn 0.775463 0.015297 -0.631207
vn -0.886525 0.035598 0.461310
vn 0.308303 0.208852 -0.928079
vn 0.308303 0.208852 -0.928079
vn 0.308303 0.208852 -0.928079
vn 0.599147 -0.015252 -0.800494
vn -0.954664 0.003692 0.297663
vn 0.227693 0.500178 -0.835451
vn 0.227693 0.500178 -0.835451
vn 0.227693 0.500178 -0.835451
vn 0.642368 0.505083 -0.576416
vn 0.642368 0.505083 -0.576416
vn 0.642368 0.505083 -0.576416
vn -0.273557 0.474481 0.836681
vn -0.273557 0.474481 0.836681
vn -0.273557 0.474481 0.836681
vn 0.406989 -0.040695 -0.912526
vn -0.989174 -0.022796 0.144969
vn -0.000149 1.000000 0.000680
vn -0.000149 1.000000 0.000680
vn -0.000149 1.000000 0.000680
vn 0.000000 -1.000000 0.000000
vn 0.000000 -1.000000 0.000000
vn 0.000000 -1.000000 0.000000
vn 0.204131 -0.063344 -0.976892
vn -0.999041 -0.043355 0.006160
vn -0.000000 -1.000000 -0.000001
vn -0.000000 -1.000000 -0.000001
vn -0.000000 -1.000000 -0.000001
vn 0.111887 -0.072747 -0.991055
vn 0.005119 -0.080057 -0.996777
vn -0.988968 -0.061266 -0.134862
vn 0.736024 0.357499 0.574860
vn 0.736024 0.357499 0.574860
vn 0.736024 0.357499 0.574860
vn -0.437323 0.160702 0.884830
vn -0.437323 0.160702 0.884830
vn -0.437323 0.160702 0.884830
vn -0.195585 -0.091963 -0.976365
vn -0.955940 -0.076378 -0.283453
vn 0.866367 0.490520 -0.093796
vn 0.866367 0.490520 -0.093796
vn 0.866367 0.490520 -0.093796
vn 0.722388 0.460354 0.515976
vn 0.722388 0.460354 0.515976
vn 0.722388 0.460354 0.515976
vn 0.307857 0.496982 -0.811316
vn 0.307857 0.496982 -0.811316
vn 0.307857 0.496982 -0.811316
vn -0.395975 -0.100510 -0.912744
vn 0.860950 0.000000 -0.508690
vn 0.860950 0.000000 -0.508690
vn 0.860950 0.000000 -0.508690
vn -0.889009 -0.089658 -0.449026
vn -0.589830 -0.103802 -0.800828
vn -0.766452 -0.099866 -0.634490
vn -0.723502 0.457705 -0.516771
vn -0.723501 0.457705 -0.516771
vn -0.723502 0.457705 -0.516771
vn -0.013637 0.999709 0.019908
vn -0.013637 0.999709 0.019908
vn -0.013637 0.999709 0.019908
vn -0.934263 0.352722 0.052351
vn -0.934263 0.352722 0.052351
vn -0.934263 0.352722 0.052351
vn -0.000000 -1.000000 -0.000001
vn -0.000000 -1.000000 -0.000001
vn -0.000000 -1.000000 -0.000001
vn -0.433244 0.000000 0.901277
vn -0.433244 0.000000 0.901277
vn -0.433244 0.000000 0.901277
vn 0.839588 0.221380 -0.496068
vn 0.839588 0.221380 -0.496068
vn 0.839588 0.221380 -0.496068
vn 0.668156 0.471442 0.575596
vn 0.668156 0.471442 0.575596
vn 0.668156 0.471442 0.575596
vn 0.000000 -1.000000 -0.000000
vn 0.000000 -1.000000 -0.000000
vn 0.000000 -1.000000 -0.000000
vn 0.674463 0.323182 0.663817
vn 0.674463 0.323182 0.663817
vn 0.674463 0.323182 0.663817
vn 0.000250 0.999997 -0.002565
vn 0.000250 0.999997 -0.002565
vn 0.000250 0.999997 -0.002565
vn -0.000967 1.000000 -0.000110
vn -0.000967 1.000000 -0.000110
vn -0.000967 1.000000 -0.000110
vn 0.342142 0.356383 -0.869442
vn 0.342142 0.356383 -0.869442
vn 0.342142 0.356383 -0.869443
vn -0.386347 0.318543 0.865602
vn -0.386347 0.318543 0.865602
vn -0.386347 0.318543 0.865602
vn -0.668227 0.471266 -0.575658
vn -0.668227 0.471266 -0.575658
vn -0.668227 0.471266 -0.575658
vn -0.737256 0.349534 -0.578170
vn -0.737256 0.349534 -0.578170
vn -0.737256 0.349534 -0.578170
vn -0.409827 0.324311 0.852563
vn -0.409827 0.324311 0.852563
vn -0.409827 0.324311 0.852563
vn -0.000238 1.000000 0.000021
vn -0.000238 1.000000 0.000021
vn -0.000238 1.000000 0.000021
vn -0.433243 0.000000 0.901277
vn -0.433243 0.000000 0.901277
vn -0.433243 0.000000 0.901277
vn 0.275934 0.380318 -0.882734
vn 0.275934 0.380318 -0.882734
vn 0.275934 0.380318 -0.882734
vn -0.283973 0.422747 0.860607
vn -0.283973 0.422747 0.860607
vn -0.283973 0.422747 0.860607
vn -0.304540 0.499000 0.811329
vn -0.304540 0.499000 0.811329
vn -0.304540 0.499000 0.811329
vn 0.938845 0.340297 -0.052609
vn 0.938845 0.340297 -0.052609
vn 0.938845 0.340297 -0.052609
vn -0.233162 0.483642 0.843638
vn -0.233162 0.483642 0.843638
vn -0.233162 0.483642 0.843638
vn -0.674861 0.353993 -0.647496
vn -0.674861 0.353993 -0.647496
vn -0.674861 0.353993 -0.647496
vn 0.003801 0.999976 0.005818
vn 0.001147 0.999996 0.002793
vn -0.001433 0.999979 0.006333
vn 0.000631 0.999993 0.003665
vn 0.001090 0.999995 0.002812
vn 0.891833 0.329763 -0.309662
vn 0.891833 0.329763 -0.309662
vn 0.891833 0.329763 -0.309662
vn 0.322709 0.337526 -0.884271
vn 0.322709 0.337526 -0.884271
vn 0.322709 0.337526 -0.884271
vn -0.000000 -1.000000 0.000000
vn -0.000000 -1.000000 0.000000
vn -0.000000 -1.000000 0.000000
vn 0.943648 0.000000 -0.330952
vn 0.943648 0.000000 -0.330952
vn 0.943648 0.000000 -0.330952
vn 0.000098 1.000000 0.000939
vn 0.000098 1.000000 0.000939
vn 0.000098 1.000000 0.000939
vn 0.000000 -1.000000 0.000000
vn 0.000000 -1.000000 0.000000
vn 0.000000 -1.000000 0.000000
vn 0.323835 0.454406 -0.829847
vn 0.323835 0.454406 -0.829847
vn 0.323835 0.454406 -0.829847
vn -0.922902 0.277984 0.266416
vn -0.922902 0.277984 0.266416
vn -0.922902 0.277984 0.266416
vn -0.000000 -1.000000 0.000001
vn -0.000000 -1.000000 0.000001
vn -0.000000 -1.000000 0.000001
vn 0.925322 0.269127 -0.267115
vn 0.925322 0.269127 -0.267115
vn 0.925322 0.269127 -0.267115
vn -0.450392 0.248728 0.857486
vn -0.450392 0.248728 0.857486
vn -0.450392 0.248728 0.857486
vn -0.869040 0.486634 0.089201
vn -0.869040 0.486634 0.089201
vn -0.869040 0.486634 0.089201
vn -0.296525 0.369524 0.880639
vn -0.296525 0.369524 0.880639
vn -0.296525 0.369524 0.880639
vn 0.273767 0.474623 -0.836531
vn 0.273767 0.474623 -0.836531
vn 0.273767 0.474623 -0.836531
vn -0.001019 0.999999 -0.000332
vn -0.001019 1.000000 -0.000332
vn -0.001019 1.000000 -0.000332
vn -0.000000 -1.000000 0.000000
vn -0.000000 -1.000000 0.000000
vn -0.000000 -1.000000 0.000000
vn 0.001224 0.999999 0.000441
vn 0.001224 0.999999 0.000441
vn 0.001224 0.999999 0.000441
vn -0.333279 0.441724 0.832950
vn -0.333279 0.441724 0.832950
vn -0.333279 0.441724 0.832950
vn 0.307112 0.486073 -0.818178
vn 0.307112 0.486073 -0.818178
vn 0.307112 0.486073 -0.818178
vn 0.000000 -1.000000 0.000000
vn 0.000000 -1.000000 0.000000
vn 0.000000 -1.000000 0.000000
vn 0.656656 0.475150 0.585692
vn 0.656656 0.475150 0.585692
vn 0.656656 0.475150 0.585692
vn 0.018924 0.999603 -0.020867
vn 0.018924 0.999603 -0.020867
vn 0.018924 0.999603 -0.020867
vn -0.000002 -1.000000 0.000001
vn -0.000002 -1.000000 0.000001
vn -0.000002 -1.000000 0.000001
vn 0.820998 0.496373 -0.282091
vn 0.820998 0.496373 -0.282091
vn 0.820998 0.496373 -0.282091
vn 0.657944 0.323961 0.679823
vn 0.657944 0.323961 0.679823
vn 0.657944 0.323961 0.679823
vn -0.732304 0.524378 0.434463
vn -0.732304 0.524378 0.434463
vn -0.732304 0.524378 0.434463
vn 0.943648 -0.000009 -0.330950
vn 0.943648 -0.000009 -0.330950
vn 0.943648 -0.000009 -0.330950
vn 0.000001 -1.000000 -0.000001
vn 0.000001 -1.000000 -0.000001
vn 0.000001 -1.000000 -0.000001
vn 0.000000 -1.000000 -0.000001
vn 0.000000 -1.000000 -0.000001
vn 0.000000 -1.000000 -0.000001
vn -0.660133 0.466419 -0.588793
vn -0.660133 0.466419 -0.588793
vn -0.660133 0.466419 -0.588793
vn -0.249086 -0.000002 0.968481
vn -0.249086 -0.000002 0.968481
vn -0.249086 -0.000002 0.968481
vn 0.000000 -1.000000 0.000000
vn 0.000000 -1.000000 0.000000
vn 0.000000 -1.000000 0.000000
vn 0.275250 0.477907 -0.834172
vn 0.275250 0.477907 -0.834172
vn 0.275250 0.477907 -0.834172
vn 0.782058 0.367757 0.503130
vn 0.782058 0.367757 0.503130
vn 0.782058 0.367757 0.503130
vn -0.403235 0.374723 0.834856
vn -0.403235 0.374723 0.834856
vn -0.403235 0.374723 0.834856
vn 0.284385 0.453653 -0.844585
vn 0.284385 0.453653 -0.844585
vn 0.284385 0.453653 -0.844585
vn -0.315012 0.325801 0.891415
vn -0.315012 0.325801 0.891415
vn -0.315012 0.325801 0.891415
vn 0.813652 0.506498 -0.285359
vn 0.813652 0.506498 -0.285359
vn 0.813652 0.506498 -0.285359
vn 0.395357 0.269477 -0.878109
vn 0.395357 0.269477 -0.878109
vn 0.395357 0.269477 -0.878109
vn 0.766855 0.447660 0.459927
vn 0.766855 0.447660 0.459927
vn 0.766855 0.447660 0.459927
vn -0.660364 0.318376 -0.680115
vn -0.660364 0.318376 -0.680115
vn -0.660364 0.318376 -0.680115
vn -0.766503 0.448480 -0.459715
vn -0.766503 0.448480 -0.459715
vn -0.766503 0.448480 -0.459715
vn 0.000844 1.000000 0.000337
vn 0.000844 1.000000 0.000337
vn 0.000844 1.000000 0.000337
vn 0.000001 -1.000000 -0.000001
vn 0.000001 -1.000000 -0.000001
vn 0.000001 -1.000000 -0.000001
vn -0.232296 0.500640 0.833905
vn -0.232296 0.500640 0.833905
vn -0.232296 0.500640 0.833905
vn 0.000220 1.000000 -0.000496
vn 0.000220 1.000000 -0.000496
vn 0.000220 1.000000 -0.000496
vn -0.249088 0.000000 0.968481
vn -0.249088 0.000000 0.968481
vn -0.249088 0.000000 0.968481
vn -0.217102 0.490229 0.844122
vn -0.217102 0.490229 0.844122
vn -0.217102 0.490229 0.844122
vn 0.990082 0.000000 -0.140494
vn 0.990082 0.000000 -0.140494
vn 0.990082 0.000000 -0.140494
vn -0.330865 0.478235 0.813523
vn -0.330865 0.478235 0.813523
vn -0.330865 0.478235 0.813523
vn 0.000000 -1.000000 0.000000
vn 0.000000 -1.000000 0.000000
vn 0.000000 -1.000000 0.000000
vn -0.000702 0.999996 0.002758
vn -0.000702 0.999996 0.002758
vn -0.000702 0.999996 0.002758
vn -0.779527 0.383077 -0.495569
vn -0.779527 0.383077 -0.495569
vn -0.779527 0.383077 -0.495569
vn -0.001805 0.999992 0.003470
vn -0.001805 0.999992 0.003470
vn -0.001805 0.999992 0.003470
vn 0.000587 0.999999 -0.000925
vn 0.000587 0.999999 -0.000925
vn 0.000587 0.999999 -0.000925
vn 0.299193 0.476843 -0.826501
vn 0.299193 0.476843 -0.826501
vn 0.299193 0.476843 -0.826501
vn 0.990082 0.000000 -0.140494
vn 0.990082 0.000000 -0.140494
vn 0.990082 0.000000 -0.140494
vn -0.003963 0.999986 0.003369
vn -0.003963 0.999986 0.003369
vn -0.003963 0.999986 0.003369
vn 0.000000 -1.000000 0.000002
vn 0.000000 -1.000000 0.000002
vn 0.000000 -1.000000 0.000002
vn -0.320910 0.351731 0.879376
vn -0.320910 0.351731 0.879376
vn -0.320910 0.351731 0.879376
vn 0.741158 0.490777 -0.458065
vn 0.741158 0.490777 -0.458065
vn 0.741158 0.490777 -0.458065
vn -0.202596 0.510054 0.835942
vn -0.202596 0.510054 0.835942
vn -0.202596 0.510054 0.835942
vn -0.000013 1.000000 -0.000327
vn -0.000013 1.000000 -0.000327
vn -0.000013 1.000000 -0.000327
vn 0.932620 0.335717 -0.132340
vn 0.932620 0.335717 -0.132340
vn 0.932620 0.335717 -0.132340
vn -0.000059 1.000000 -0.001007
vn -0.000059 1.000000 -0.001007
vn -0.000059 1.000000 -0.001007
vn 0.990082 0.000000 -0.140494
vn 0.990082 0.000000 -0.140494
vn 0.990082 0.000000 -0.140494
vn 0.326087 0.444043 -0.834562
vn 0.326087 0.444043 -0.834562
vn 0.326087 0.444043 -0.834562
vn -0.000000 -1.000000 -0.000000
vn -0.000000 -1.000000 -0.000000
vn -0.000000 -1.000000 -0.000000
vn -0.000000 -0.000000 0.000000
vn -0.023337 -0.998631 0.046811
vn -0.000000 -0.000000 0.000000
vn 0.430977 0.134447 -0.892291
vn 0.430977 0.134447 -0.892291
vn 0.430977 0.134447 -0.892291
vn 0.000754 1.000000 0.000056
vn 0.000754 1.000000 0.000056
vn 0.000754 1.000000 0.000056
vn 0.835550 0.500051 -0.227609
vn 0.835550 0.500051 -0.227609
vn 0.835550 0.500051 -0.227609
vn -0.000694 0.999999 0.001463
vn -0.000694 0.999999 0.001463
vn -0.000694 0.999999 0.001463
vn 0.347608 0.385585 -0.854689
vn 0.347608 0.385585 -0.854689
vn 0.347608 0.385585 -0.854689
vn -0.014807 -0.998297 0.056428
vn -0.014807 -0.998297 0.056428
vn -0.014807 -0.998297 0.056428
vn -0.933009 0.311642 0.179926
vn -0.933009 0.311642 0.179926
vn -0.933009 0.311642 0.179926
vn -0.409707 0.356732 0.839573
vn -0.409707 0.356732 0.839573
vn -0.409707 0.356732 0.839573
vn -0.055359 0.000000 0.998467
vn -0.055359 0.000000 0.998467
vn -0.055359 0.000000 0.998467
vn -0.276135 0.501221 0.820077
vn -0.276135 0.501221 0.820077
vn -0.276135 0.501221 0.820077
vn 0.884062 0.463565 0.059519
vn 0.884062 0.463565 0.059519
vn 0.884062 0.463565 0.059519
vn -0.318439 0.500071 0.805311
vn -0.318439 0.500071 0.805311
vn -0.318439 0.500071 0.805311
vn 0.990082 0.000008 -0.140493
vn 0.990082 0.000008 -0.140493
vn 0.990082 0.000008 -0.140493
vn 0.000786 1.000000 0.000239
vn 0.000786 1.000000 0.000239
vn 0.000786 1.000000 0.000239
vn 0.878843 0.469254 -0.086226
vn 0.878843 0.469254 -0.086226
vn 0.878843 0.469254 -0.086226
vn -0.918118 0.383452 -0.100121
vn -0.918118 0.383452 -0.100121
vn -0.918118 0.383452 -0.100121
vn 0.295454 0.507167 -0.809622
vn 0.295454 0.507167 -0.809622
vn 0.295454 0.507167 -0.809622
vn -0.047667 0.508526 0.859726
vn -0.047667 0.508526 0.859726
vn -0.047667 0.508526 0.859726
vn -0.055360 0.000001 0.998467
vn -0.055360 0.000001 0.998467
vn -0.055360 0.000001 0.998467
vn 0.000150 1.000000 0.000756
vn 0.000150 1.000000 0.000756
vn 0.000150 1.000000 0.000756
vn 0.000000 -1.000000 0.000000
vn 0.000000 -1.000000 0.000000
vn 0.000000 -1.000000 0.000000
vn -0.267156 0.467984 0.842389
vn -0.267156 0.467984 0.842389
vn -0.267156 0.467984 0.842389
vn 0.853882 0.506166 -0.121167
vn 0.853882 0.506166 -0.121167
vn 0.853882 0.506166 -0.121167
vn 0.000000 -1.000000 0.000000
vn 0.000000 -1.000000 0.000000
vn 0.000000 -1.000000 0.000000
vn 0.929617 0.321983 -0.179273
vn 0.929617 0.321983 -0.179273
vn 0.929617 0.321983 -0.179273
vn 0.369104 0.351382 -0.860403
vn 0.369104 0.351382 -0.860403
vn 0.369104 0.351382 -0.860403
vn 0.000001 -1.000000 -0.000002
vn 0.000001 -1.000000 -0.000002
vn 0.000001 -1.000000 -0.000002
vn 0.927285 0.360440 0.101120
vn 0.927285 0.360440 0.101120
vn 0.927285 0.360440 0.101120
vn 0.998467 0.000009 0.055359
vn 0.998466 0.000009 0.055359
vn 0.998467 0.000009 0.055359
vn -0.000000 -1.000000 0.000001
vn -0.000000 -1.000000 0.000001
vn -0.000000 -1.000000 0.000001
vn -0.405090 0.263771 0.875401
vn -0.405090 0.263771 0.875401
vn -0.405090 0.263771 0.875401
vn -0.332444 0.392389 0.857620
vn -0.332444 0.392389 0.857620
vn -0.332444 0.392389 0.857620
vn 0.274836 0.508179 -0.816222
vn 0.274836 0.508179 -0.816222
vn 0.274836 0.508179 -0.816222
vn -0.303379 -0.038478 0.952093
vn -0.303379 -0.038478 0.952093
vn -0.303379 -0.038478 0.952093
vn 0.348121 0.305080 -0.886418
vn 0.348121 0.305080 -0.886418
vn 0.348121 0.305080 -0.886418
vn 0.740804 0.364060 0.564509
vn 0.740804 0.364060 0.564509
vn 0.740804 0.364060 0.564509
vn -0.000001 -1.000000 0.000000
vn -0.000001 -1.000000 0.000000
vn -0.000001 -1.000000 0.000000
vn 0.734499 0.456532 0.502086
vn 0.734499 0.456532 0.502086
vn 0.734499 0.456532 0.502086
vn -0.000000 -1.000000 -0.000000
vn -0.000000 -1.000000 -0.000000
vn -0.000000 -1.000000 -0.000000
vn -0.823981 0.515619 0.234931
vn -0.823981 0.515619 0.234931
vn -0.823981 0.515619 0.234931
vn -0.920875 0.375991 -0.103055
vn -0.920875 0.375991 -0.103055
vn -0.920875 0.375991 -0.103055
vn -0.736776 0.451115 -0.503644
vn -0.736776 0.451115 -0.503644
vn -0.736776 0.451115 -0.503644
vn 0.860914 0.506530 0.047494
vn 0.860914 0.506530 0.047494
vn 0.860914 0.506530 0.047494
vn 0.998466 0.000000 0.055359
vn 0.998466 0.000000 0.055359
vn 0.998466 0.000000 0.055360
vn -0.326246 0.500090 0.802168
vn -0.326246 0.500090 0.802168
vn -0.326246 0.500090 0.802168
vn 0.001513 0.999999 0.000143
vn 0.001513 0.999999 0.000143
vn 0.001513 0.999999 0.000143
vn -0.000000 -1.000000 -0.000000
vn -0.000000 -1.000000 -0.000000
vn -0.000000 -1.000000 -0.000000
vn 0.140494 0.000002 0.990081
vn 0.140494 0.000002 0.990081
vn 0.140494 0.000002 0.990081
vn 0.000000 -1.000000 0.000000
vn 0.000000 -1.000000 0.000000
vn 0.000000 -1.000000 0.000000
vn 0.861156 0.506095 0.047746
vn 0.861155 0.506095 0.047746
vn 0.861155 0.506095 0.047746
vn 0.000000 -1.000000 0.000000
vn 0.000000 -1.000000 0.000000
vn 0.000000 -1.000000 0.000000
vn -0.740604 0.408762 -0.533310
vn -0.740604 0.408762 -0.533310
vn -0.740604 0.408762 -0.533310
vn 0.140496 0.000001 0.990081
vn 0.140496 0.000001 0.990081
vn 0.140496 0.000001 0.990081
vn 0.968482 0.000000 0.249083
vn 0.968482 0.000000 0.249083
vn 0.968482 0.000000 0.249083
vn 0.326091 0.456401 -0.827866
vn 0.326091 0.456401 -0.827866
vn 0.326091 0.456401 -0.827866
vn 0.000581 1.000000 -0.000726
vn 0.000581 1.000000 -0.000726
vn 0.000581 1.000000 -0.000726
vn -0.000000 -1.000000 -0.000000
vn -0.000000 -1.000000 -0.000000
vn -0.000000 -1.000000 -0.000000
vn -0.003704 0.999991 0.002128
vn -0.003704 0.999991 0.002128
vn -0.003704 0.999991 0.002128
vn 0.129982 0.379544 0.915997
vn 0.129982 0.379544 0.915997
vn 0.129982 0.379544 0.915997
vn 0.002134 0.999948 -0.010010
vn 0.002134 0.999948 -0.010010
vn 0.002134 0.999948 -0.010010
vn -0.000001 -1.000000 -0.000001
vn -0.000001 -1.000000 -0.000001
vn -0.000001 -1.000000 -0.000001
vn 0.337892 0.442261 -0.830803
vn 0.337892 0.442261 -0.830803
vn 0.337892 0.442261 -0.830803
vn -0.417184 0.369863 0.830156
vn -0.417184 0.369863 0.830156
vn -0.417184 0.369863 0.830156
vn 0.968482 -0.000006 0.249082
vn 0.968482 -0.000006 0.249082
vn 0.968482 -0.000006 0.249082
vn 0.002385 0.999997 0.001156
vn 0.002385 0.999997 0.001156
vn 0.002385 0.999997 0.001156
vn -0.000001 -1.000000 -0.000001
vn -0.000001 -1.000000 -0.000001
vn -0.000001 -1.000000 -0.000001
vn 0.968481 0.000000 0.249088
vn 0.968481 0.000000 0.249088
vn 0.968481 0.000000 0.249088
vn -0.491248 0.417576 0.764399
vn -0.491248 0.417576 0.764399
vn -0.491248 0.417576 0.764399
vn 0.863201 0.494515 -0.101680
vn 0.863201 0.494515 -0.101680
vn 0.863201 0.494515 -0.101680
vn -0.608612 0.508422 0.609179
vn -0.608612 0.508422 0.609179
vn -0.608612 0.508422 0.609179
vn -0.000000 -1.000000 -0.000000
vn -0.000000 -1.000000 -0.000000
vn -0.000000 -1.000000 -0.000000
vn 0.437513 0.508543 -0.741597
vn 0.437513 0.508543 -0.741597
vn 0.437513 0.508543 -0.741597
vn 0.522924 0.516540 -0.678039
vn 0.522924 0.516540 -0.678039
vn 0.522924 0.516540 -0.678039
vn 0.886992 0.401503 0.228124
vn 0.886992 0.401503 0.228124
vn 0.886992 0.401503 0.228124
vn 0.198525 0.507213 0.838643
vn 0.198525 0.507213 0.838643
vn 0.198525 0.507213 0.838643
vn 0.341290 0.329156 -0.880441
vn 0.341290 0.329156 -0.880441
vn 0.341290 0.329156 -0.880441
vn 0.000019 1.000000 -0.000281
vn 0.000019 1.000000 -0.000281
vn 0.000019 1.000000 -0.000281
vn 0.001494 0.999999 -0.000456
vn 0.001494 0.999999 -0.000456
vn 0.001494 0.999999 -0.000456
vn 0.000616 0.999999 -0.001279
vn 0.000616 0.999999 -0.001279
vn 0.000616 0.999999 -0.001279
vn -0.308120 0.462821 0.831179
vn -0.308120 0.462821 0.831179
vn -0.308120 0.462821 0.831179
vn -0.001296 0.999995 0.002783
vn -0.001296 0.999995 0.002783
vn -0.001296 0.999995 0.002783
vn 0.330950 0.000000 0.943649
vn 0.330950 0.000000 0.943649
vn 0.330950 0.000000 0.943648
vn 0.968481 0.000000 0.249088
vn 0.968481 0.000000 0.249088
vn 0.968481 0.000000 0.249088
vn 0.330950 0.000000 0.943648
vn 0.330950 0.000000 0.943648
vn 0.330950 0.000000 0.943648
vn -0.002440 0.999997 -0.000124
vn -0.002440 0.999997 -0.000124
vn -0.002440 0.999997 -0.000124
vn -0.000986 0.999996 0.002543
vn -0.000986 0.999996 0.002543
vn -0.000986 0.999996 0.002543
vn 0.665178 0.338013 -0.665797
vn 0.665178 0.338013 -0.665797
vn 0.665178 0.338013 -0.665797
vn 0.901277 0.000000 0.433243
vn 0.901277 0.000000 0.433243
vn 0.901277 0.000000 0.433243
vn 0.858503 0.414019 0.302592
vn 0.858503 0.414019 0.302592
vn 0.858503 0.414019 0.302592
vn 0.484677 0.443071 -0.754172
vn 0.484677 0.443071 -0.754172
vn 0.484677 0.443071 -0.754172
vn 0.285556 0.505481 0.814216
vn 0.285556 0.505480 0.814216
vn 0.285556 0.505481 0.814216
vn 0.005609 0.999983 -0.001504
vn 0.005609 0.999983 -0.001504
vn 0.005609 0.999983 -0.001504
vn 0.835052 0.506519 0.214771
vn 0.835052 0.506519 0.214771
vn 0.835052 0.506519 0.214771
vn -0.656030 0.447249 0.607942
vn -0.656030 0.447249 0.607942
vn -0.656030 0.447249 0.607942
vn -0.504289 0.397383 0.766668
vn -0.504289 0.397383 0.766668
vn -0.504289 0.397383 0.766668
vn 0.901277 0.000000 0.433244
vn 0.901277 0.000000 0.433244
vn 0.901277 0.000000 0.433244
vn -0.006615 0.999941 0.008590
vn -0.006615 0.999941 0.008590
vn -0.006615 0.999941 0.008590
vn 0.901279 0.000000 0.433240
vn 0.901279 0.000000 0.433240
vn 0.901278 0.000000 0.433240
vn 0.206620 0.275702 0.938774
vn 0.206619 0.275702 0.938774
vn 0.206620 0.275702 0.938774
vn 0.817114 0.508122 0.272282
vn 0.817113 0.508122 0.272282
vn 0.817113 0.508122 0.272282
vn 0.508688 0.000000 0.860951
vn 0.508688 0.000000 0.860951
vn 0.508688 0.000000 0.860951
vn 0.508688 -0.000004 0.860951
vn 0.508689 -0.000004 0.860951
vn 0.508689 -0.000004 0.860951
vn 0.824720 0.403324 0.396442
vn 0.824720 0.403324 0.396442
vn 0.824720 0.403324 0.396442
vn 0.799438 0.000004 0.600749
vn 0.799438 0.000004 0.600749
vn 0.799438 0.000004 0.600749
vn 0.901277 0.000000 0.433244
vn 0.901277 0.000000 0.433244
vn 0.901277 0.000000 0.433244
vn 0.666877 0.000000 0.745168
vn 0.666877 0.000000 0.745168
vn 0.666877 0.000000 0.745168
vn 0.452231 0.457881 0.765397
vn 0.452231 0.457881 0.765397
vn 0.452231 0.457881 0.765397
vn 0.776908 0.506894 0.373460
vn 0.776908 0.506894 0.373460
vn 0.776908 0.506894 0.373460
vn 0.799439 0.000000 0.600748
vn 0.799439 0.000000 0.600748
vn 0.799439 0.000000 0.600748
vn 0.684010 0.312641 0.659079
vn 0.684010 0.312641 0.659079
vn 0.684010 0.312641 0.659079
vn 0.666878 -0.000004 0.745167
vn 0.666878 -0.000004 0.745167
vn 0.666878 -0.000004 0.745167
vn 0.464265 0.507332 0.725998
vn 0.464265 0.507331 0.725998
vn 0.464265 0.507331 0.725998
vn 0.705670 0.508108 0.493819
vn 0.705670 0.508108 0.493819
vn 0.705670 0.508108 0.493819
vn 0.709593 0.460588 0.533232
vn 0.709593 0.460588 0.533232
vn 0.709593 0.460588 0.533232
vn 0.575303 0.505748 0.642842
vn 0.575303 0.505748 0.642842
vn 0.575303 0.505748 0.642842
vn 0.548610 0.269672 0.791394
vn 0.548610 0.269672 0.791394
vn 0.548610 0.269672 0.791394
vn 0.001774 0.999998 0.000822
vn 0.002339 0.999997 0.000642
vn 0.000066 0.999999 0.001379
vn 0.005533 0.999979 0.003522
vn 0.000189 0.999974 0.007138
vn 0.008419 0.999961 0.002686
vn 0.001429 0.999998 0.001079
vn 0.008849 0.999958 0.002345
vn 0.005564 0.999984 0.001025
vn -0.005154 0.999908 -0.012534
vn -0.000037 0.999977 -0.006728
vn 0.001647 0.999988 -0.004599
vn 0.002242 0.999991 -0.003698
vn 0.002372 0.999991 -0.003466
vn 0.002311 0.999991 -0.003714
vn 0.002216 0.999988 -0.004460
vn 0.002052 0.999998 -0.000210
vn -0.010210 0.999906 0.009141
vn -0.002345 0.999991 0.003475
vn 0.000143 0.999998 0.001826
vn -0.002964 0.999656 -0.026056
vn -0.002900 0.999677 -0.025238
vn -0.002578 0.999776 -0.021010
vn -0.010120 0.999440 0.031890
vn 0.008969 0.999903 0.010661
vn -0.001282 0.999797 0.020113
vn -0.002175 0.999838 -0.017851
vn 0.005096 0.999901 0.013145
vn -0.001430 0.999906 -0.013609
vn 0.011290 0.999906 0.007841
vn -0.002736 0.999904 -0.013586
vn -0.004217 0.999866 -0.015799
vn -0.001897 0.999926 -0.012004
vn -0.000659 0.999952 -0.009793
vn -0.000205 0.999961 -0.008886
vn -0.000263 0.999959 -0.009076
vn -0.000694 0.999945 -0.010481
vn 0.005297 0.999979 0.003839
vn -0.000048 0.999999 0.001400
vn -0.001143 0.999994 0.003406
vn -0.000586 0.999989 -0.004682
vn -0.000579 0.999990 -0.004507
vn -0.000544 0.999993 -0.003661
vn -0.000534 0.999995 -0.002966
vn -0.000535 0.999996 -0.002771
vn -0.000514 0.999995 -0.003024
vn 0.001774 0.999983 0.005551
vn -0.000428 0.999993 -0.003777
vn -0.000215 0.999987 -0.005189
vn -0.000612 0.999975 0.007021
vn 0.000185 0.999973 -0.007370
vn -0.003917 0.999948 0.009399
vn -0.000180 0.999982 -0.006005
vn 0.000182 0.999972 -0.007494
vn 0.000346 0.999966 -0.008200
vn 0.001573 0.999969 -0.007773
vn 0.001705 0.999958 -0.009052
vn 0.002057 0.999932 -0.011475
vn 0.002889 0.999869 -0.015933
vn 0.004707 0.999699 -0.024096
vn -0.013561 0.999231 0.036781
vn 0.063530 0.970353 -0.233195
vn 0.012377 0.998509 -0.053158
vn 0.007507 0.999350 -0.035272
vn 0.019694 0.973369 0.228397
vn 0.003258 0.999747 0.022248
vn 0.002050 0.999985 0.005136
vn 0.001642 0.999995 -0.002622
vn 0.001528 0.999979 -0.006269
vn 0.001533 0.999974 -0.007082
s off
f 1//1 2//2 3//3
f 2//4 4//5 5//6
f 3//7 6//8 1//9
f 7//10 1//11 6//12
f 5//13 3//14 2//15
f 6//16 8//17 7//18
f 9//19 5//20 4//21
f 4//22 10//23 9//24
f 11//25 6//26 3//27
f 12//28 3//29 5//30
f 13//31 7//32 8//33
f 10//34 14//35 15//36
f 3//37 16//38 11//39
f 17//40 14//41 10//42
f 1//43 7//44 18//45
f 15//46 9//47 10//48
f 19//49 8//50 6//51
f 5//52 20//53 12//54
f 21//55 5//56 9//57
f 2//58 1//59 22//60
f 4//61 2//62 22//63
f 6//64 11//65 19//66
f 8//67 23//68 13//69
f 24//70 15//71 14//72
f 7//73 13//74 18//75
f 14//76 17//77 24//78
f 25//79 9//80 15//81
f 9//82 26//83 21//84
f 10//85 4//86 27//87
f 28//88 13//89 23//90
f 29//91 23//92 8//93
f 8//94 30//95 29//96
f 31//97 15//98 24//99
f 15//100 31//101 25//102
f 16//103 3//104 32//105
f 30//106 8//107 33//108
f 3//109 12//110 34//111
f 8//112 19//113 35//114
f 1//115 18//116 22//117
f 13//118 28//119 36//120
f 17//121 10//122 37//123
f 20//124 5//125 38//126
f 23//127 39//128 28//129
f 16//130 40//131 11//132
f 13//133 36//134 18//135
f 41//136 24//137 17//138
f 34//139 12//140 20//141
f 24//142 42//143 31//144
f 25//145 31//146 42//147
f 40//148 19//149 11//150
f 26//151 9//152 43//153
f 5//154 21//155 44//156
f 35//157 33//158 8//159
f 17//160 45//161 41//162
f 30//163 46//164 29//165
f 23//166 29//167 47//168
f 22//169 48//170 4//171
f 36//172 28//173 39//174
f 47//175 39//176 23//177
f 9//178 25//179 49//180
f 26//181 50//182 21//183
f 42//184 24//185 41//186
f 33//187 46//188 30//189
f 10//190 27//191 37//192
f 4//193 51//194 27//195
f 34//196 32//197 3//198
f 39//199 52//200 36//201
f 4//202 48//203 51//204
f 32//205 40//206 16//207
f 45//208 17//209 53//210
f 40//211 35//212 19//213
f 54//214 36//215 52//216
f 46//217 55//218 29//219
f 56//220 25//221 42//222
f 55//223 47//224 29//225
f 41//226 57//227 42//228
f 55//229 52//230 39//231
f 49//232 43//233 9//234
f 39//235 47//236 55//237
f 20//238 58//239 34//240
f 44//241 38//242 5//243
f 38//244 58//245 20//246
f 36//247 59//248 18//249
f 60//250 41//251 45//252
f 33//253 35//254 40//255
f 43//256 50//257 26//258
f 17//259 37//260 53//261
f 52//262 61//263 54//264
f 62//265 33//266 32//267
f 40//268 32//269 33//270
f 50//271 44//272 21//273
f 45//274 63//275 60//276
f 56//277 49//278 25//279
f 52//280 64//281 61//282
f 63//283 45//284 53//285
f 65//286 41//287 60//288
f 46//289 33//290 66//291
f 57//292 67//293 42//294
f 68//295 54//296 61//297
f 48//298 22//299 51//300
f 22//301 18//302 69//303
f 57//304 41//305 70//306
f 32//307 71//308 62//309
f 52//310 55//311 72//312
f 73//313 36//314 54//315
f 46//316 72//317 55//318
f 32//319 34//320 58//321
f 58//322 38//323 32//324
f 67//325 56//326 42//327
f 64//328 52//329 66//330
f 33//331 62//332 74//333
f 18//334 59//335 75//336
f 76//337 32//338 38//339
f 41//340 65//341 77//342
f 75//343 59//344 36//345
f 43//346 49//347 56//348
f 56//349 78//350 43//351
f 60//352 79//353 65//354
f 80//355 43//356 78//357
f 81//358 60//359 63//360
f 51//361 82//362 27//363
f 61//364 83//365 68//366
f 72//367 66//368 52//369
f 66//370 72//371 46//372
f 18//373 75//374 69//375
f 38//376 84//377 76//378
f 63//379 85//380 81//381
f 70//382 67//383 57//384
f 77//385 70//386 41//387
f 74//388 66//389 33//390
f 54//391 68//392 73//393
f 50//394 43//395 86//396
f 78//397 56//398 67//399
f 75//400 36//401 73//402
f 84//403 38//404 87//405
f 78//406 88//407 80//408
f 38//409 44//410 89//411
f 79//412 60//413 81//414
f 50//415 89//416 44//417
f 71//418 32//419 90//420
f 89//421 87//422 38//423
f 77//424 65//425 79//426
f 71//427 91//428 62//429
f 61//430 64//431 92//432
f 67//433 70//434 78//435
f 93//436 78//437 70//438
f 84//439 94//440 76//441
f 37//442 27//443 95//444
f 66//445 96//446 64//447
f 53//448 37//449 97//450
f 22//451 98//452 51//453
f 87//454 94//455 84//456
f 32//457 76//458 99//459
f 50//460 100//461 89//462
f 43//463 80//464 101//465
f 63//466 53//467 102//468
f 85//469 63//470 102//471
f 103//472 81//473 85//474
f 92//475 83//476 61//477
f 85//478 104//479 103//480
f 81//481 105//482 79//483
f 86//484 100//485 50//486
f 73//487 68//488 83//489
f 91//490 74//491 62//492
f 70//493 106//494 93//495
f 87//496 89//497 100//498
f 101//499 86//500 43//501
f 22//502 69//503 98//504
f 100//505 86//506 87//507
f 107//508 87//509 86//510
f 92//511 64//512 96//513
f 96//514 66//515 108//516
f 109//517 104//518 85//519
f 94//520 99//521 76//522
f 110//523 108//524 66//525
f 66//526 74//527 110//528
f 111//529 81//530 103//531
f 99//532 90//533 32//534
f 88//535 78//536 112//537
f 90//538 91//539 71//540
f 27//541 82//542 113//543
f 82//544 51//545 114//546
f 108//547 115//548 96//549
f 78//550 93//551 116//552
f 106//553 70//554 117//555
f 83//556 118//557 73//558
f 69//559 75//560 119//561
f 88//562 120//563 80//564
f 119//565 75//566 73//567
f 70//568 77//569 121//570
f 86//571 101//572 107//573
f 106//574 122//575 93//576
f 53//577 97//578 102//579
f 105//580 123//581 79//582
f 37//583 124//584 97//585
f 103//586 125//587 111//588
f 126//589 103//590 104//591
f 123//592 77//593 79//594
f 108//595 110//596 91//597
f 91//598 110//599 74//600
f 105//601 81//602 127//603
s 1
f 130/3/604 128/1/605 129/2/606 136/8/607
s off
f 94//608 87//609 131//610
s 1
f 133/5/611 132/4/612 130/3/604 136/8/607
s off
f 83//613 92//614 118//615
s 1
f 129/2/606 134/6/616 135/7/617 136/8/607
f 128/1/605 130/3/604 137/9/618 144/16/619
s off
f 92//620 96//621 115//622
f 91//623 90//624 108//625
s 1
f 138/10/626 129/2/606 128/1/605 144/16/619
f 137/9/618 130/3/604 132/4/612 147/18/627
f 134/6/616 129/2/606 138/10/626 148/19/628
f 140/12/629 139/11/630 133/5/611 136/8/607
f 132/4/612 133/5/611 141/13/631 147/18/627
f 135/7/617 142/14/632 143/15/633 136/8/607
f 145/17/634 135/7/617 134/6/616 148/19/628
s off
f 146//635 108//636 90//637
s 1
f 141/13/631 133/5/611 139/11/630 154/24/638
f 142/14/632 135/7/617 145/17/634 157/27/639
f 140/12/629 136/8/607 149/20/640 150/21/641
s off
f 115//642 108//643 151//644
s 1
f 152/22/645 136/8/607 143/15/633 155/25/646
f 139/11/630 140/12/629 153/23/647 154/24/638
f 156/26/648 143/15/633 142/14/632 157/27/639
f 153/23/647 140/12/629 150/21/641 166/36/649
f 149/20/640 136/8/607 158/28/650 161/31/651
f 155/25/646 143/15/633 156/26/648 173/42/652
f 159/29/653 136/8/607 152/22/645 167/37/654
s off
f 37//655 95//656 124//657
s 1
f 160/30/658 144/16/619 137/9/618 163/33/659
f 162/32/660 138/10/626 144/16/619 160/30/658
f 163/33/659 137/9/618 147/18/627 170/40/661
f 150/21/641 149/20/640 164/34/662 166/36/649
f 158/28/650 136/8/607 165/35/663 178/47/664
f 168/38/665 148/19/628 138/10/626 162/32/660
f 169/39/666 136/8/607 159/29/653 184/52/667
f 170/40/661 147/18/627 141/13/631 175/44/668
f 171/41/669 152/22/645 155/25/646 173/42/652
f 164/34/662 149/20/640 161/31/651 186/54/670
s off
f 121//671 117//672 70//673
f 81//674 111//675 172//676
f 125//677 103//678 126//679
s 1
f 174/43/680 145/17/634 148/19/628 168/38/665
s off
f 104//681 109//682 126//683
s 1
f 175/44/668 141/13/631 154/24/638 191/59/684
f 165/35/663 136/8/607 176/45/685 190/58/686
f 167/37/654 152/22/645 171/41/669 189/57/687
f 177/46/688 136/8/607 169/39/666 193/61/689
f 176/45/685 136/8/607 179/48/690 196/64/691
f 180/49/692 157/27/639 145/17/634 174/43/680
s off
f 98//693 114//694 51//695
s 1
f 181/50/696 136/8/607 177/46/688 199/67/697
s off
f 87//698 107//699 182//700
s 1
f 161/31/651 158/28/650 183/51/701 186/54/670
f 179/48/690 136/8/607 181/50/696 203/71/702
f 154/24/638 153/23/647 185/53/703 191/59/684
s off
f 120//704 101//705 80//706
f 27//707 113//708 95//709
s 1
f 187/55/710 159/29/653 167/37/654 189/57/687
f 183/51/701 158/28/650 178/47/664 202/70/711
f 188/56/712 156/26/648 157/27/639 180/49/692
f 184/52/667 159/29/653 187/55/710 207/75/713
f 153/23/647 166/36/649 192/60/714 185/53/703
f 194/62/715 173/42/652 156/26/648 188/56/712
f 178/47/664 165/35/663 195/63/716 202/70/711
f 166/36/649 164/34/662 197/65/717 192/60/714
f 198/66/718 169/39/666 184/52/667 207/75/713
f 195/63/716 165/35/663 190/58/686 221/85/719
f 160/30/658 200/68/720 204/72/721 162/32/660
f 163/33/659 201/69/722 200/68/720 160/30/658
s off
f 117//723 122//724 106//725
s 1
f 162/32/660 204/72/721 208/76/726 168/38/665
f 170/40/661 205/73/727 533/228/728 201/69/722 163/33/659
f 193/61/689 169/39/666 198/66/718 227/89/729
f 206/74/730 171/41/669 173/42/652 194/62/715
f 168/38/665 208/76/726 217/81/731 174/43/680
s off
f 90//732 209//733 146//734
s 1
f 175/44/668 210/77/735 205/73/727 170/40/661
f 164/34/662 186/54/670 211/78/736 197/65/717
f 190/58/686 176/45/685 212/79/737 221/85/719
s off
f 108//738 146//739 213//740
f 109//741 85//742 214//743
f 215//744 92//745 115//746
s 1
f 216/80/747 177/46/688 193/61/689 227/89/729
f 212/79/737 176/45/685 196/64/691 233/94/748
f 174/43/680 217/81/731 226/88/749 180/49/692
f 199/67/697 177/46/688 216/80/747 234/95/750
f 218/82/751 189/57/687 171/41/669 206/74/730
f 191/59/684 219/83/752 210/77/735 175/44/668
f 219/83/752 191/59/684 185/53/703 229/91/753
f 196/64/691 179/48/690 220/84/754 233/94/748
s off
f 94//755 222//756 99//757
s 1
f 186/54/670 183/51/701 223/86/758 211/78/736
f 224/87/759 181/50/696 199/67/697 234/95/750
f 220/84/754 179/48/690 203/71/702 237/98/760
f 203/71/702 181/50/696 224/87/759 237/98/760
s off
f 111//761 125//762 225//763
s 1
f 180/49/692 226/88/749 232/93/764 188/56/712
s off
f 151//765 215//766 115//767
f 116//768 112//769 78//770
f 85//771 102//772 214//773
s 1
f 228/90/774 187/55/710 189/57/687 218/82/751
f 229/91/753 185/53/703 192/60/714 236/97/775
f 183/51/701 202/70/711 230/92/776 223/86/758
s off
f 231//777 73//778 118//779
s 1
f 188/56/712 232/93/764 239/100/780 194/62/715
f 235/96/781 207/75/713 187/55/710 228/90/774
f 236/97/775 192/60/714 197/65/717 241/102/782
s off
f 213//783 151//784 108//785
f 122//786 116//787 93//788
f 123//789 121//790 77//791
s 1
f 202/70/711 195/63/716 238/99/792 230/92/776
s off
f 118//793 92//794 215//795
s 1
f 194/62/715 239/100/780 244/105/796 206/74/730
s off
f 172//797 127//798 81//799
s 1
f 240/101/800 198/66/718 207/75/713 235/96/781
f 241/102/782 197/65/717 211/78/736 246/107/801
f 195/63/716 221/85/719 242/103/802 238/99/792
s off
f 127//803 123//804 105//805
f 215//806 151//807 118//808
s 1
f 243/104/809 227/89/729 198/66/718 240/101/800
f 206/74/730 244/105/796 249/110/810 218/82/751
f 221/85/719 212/79/737 245/106/811 242/103/802
f 246/107/801 211/78/736 223/86/758 254/113/812
f 216/80/747 227/89/729 243/104/809 248/109/813
s off
f 112//814 120//815 88//816
s 1
f 212/79/737 233/94/748 247/108/817 245/106/811
f 234/95/750 216/80/747 248/109/813 253/112/818
f 218/82/751 249/110/810 258/116/819 228/90/774
s off
f 250//820 118//821 151//822
f 251//823 119//824 73//825
s 1
f 233/94/748 220/84/754 252/111/826 247/108/817
f 224/87/759 234/95/750 253/112/818 257/115/827
f 254/113/812 223/86/758 230/92/776 259/117/828
s off
f 209//829 90//830 255//831
s 1
f 220/84/754 237/98/760 256/114/832 252/111/826
f 237/98/760 224/87/759 257/115/827 256/114/832
f 228/90/774 258/116/819 260/118/833 235/96/781
f 259/117/828 230/92/776 238/99/792 261/119/834
s off
f 213//835 146//836 209//837
f 90//838 99//839 222//840
f 126//841 225//842 125//843
s 1
f 235/96/781 260/118/833 263/120/844 240/101/800
f 261/119/834 238/99/792 242/103/802 264/121/845
s off
f 94//846 262//847 222//848
s 1
f 240/101/800 263/120/844 531/226/849 243/104/809
f 264/121/845 242/103/802 245/106/811 265/122/850
s off
f 82//851 114//852 113//853
f 131//854 262//855 94//856
s 1
f 265/122/850 245/106/811 247/108/817 268/124/857
s off
f 117//858 121//859 123//860
f 266//861 69//862 119//863
s 1
f 267/123/864 248/109/813 243/104/809 531/226/849
s off
f 182//865 131//866 87//867
s 1
f 268/124/857 247/108/817 252/111/826 270/126/868
f 269//869 253//818 248//813 267//864 534//870
f 270/126/868 252/111/826 256/114/832 272/128/871
f 271/127/872 257/115/827 253/112/818 269/125/869
f 272/128/871 256/114/832 257/115/827 271/127/872
s off
f 222//873 255//874 90//875
f 123//876 127//877 117//878
f 151//879 273//880 250//881
f 274//882 117//883 127//884
f 275//885 126//886 109//887
f 266//888 98//889 69//890
f 118//891 276//892 231//893
f 122//894 117//895 277//896
f 118//897 250//898 278//899
f 213//900 209//901 279//902
f 255//903 279//904 209//905
f 109//906 280//907 275//908
f 281//909 111//910 225//911
f 280//912 109//913 214//914
f 281//915 172//916 111//917
f 231//918 282//919 73//920
f 225//921 126//922 275//923
f 283//924 182//925 107//926
f 278//927 276//928 118//929
f 127//930 284//931 274//932
f 273//933 151//934 285//935
f 117//936 274//937 286//938
f 122//939 287//940 116//941
f 282//942 251//943 73//944
f 102//945 97//946 288//947
f 151//948 213//949 289//950
f 277//951 287//952 122//953
f 255//954 222//955 262//956
f 286//957 277//958 117//959
f 97//960 124//961 290//962
f 262//963 131//964 255//965
f 250//966 273//967 291//968
f 251//969 266//970 119//971
f 112//972 116//973 287//974
f 292//975 255//976 131//977
f 127//978 172//979 281//980
f 287//981 277//982 112//983
f 275//984 293//985 225//986
f 114//987 294//988 113//989
f 295//990 280//991 214//992
f 296//993 112//994 277//995
f 297//996 275//997 280//998
f 298//999 127//1000 299//1001
f 280//1002 295//1003 297//1004
f 289//1005 285//1006 151//1007
f 124//1008 95//1009 290//1010
f 120//1011 112//1012 300//1013
f 282//1014 231//1015 276//1016
f 293//1017 281//1018 225//1019
f 279//1020 255//1021 301//1022
f 213//1023 279//1024 302//1025
f 281//1026 299//1027 127//1028
f 285//1029 291//1030 273//1031
f 131//1032 182//1033 283//1034
f 131//1035 303//1036 292//1037
f 283//1038 304//1039 131//1040
f 214//1041 102//1042 288//1043
f 293//1044 275//1045 299//1046
f 277//1047 305//1048 296//1049
f 303//1050 131//1051 304//1052
f 120//1053 306//1054 283//1055
f 278//1056 250//1057 307//1058
f 308//1059 275//1060 297//1061
f 112//1062 296//1063 309//1064
f 255//1065 292//1066 310//1067
f 311//1068 114//1069 98//1070
f 284//1071 127//1072 312//1073
f 300//1074 306//1075 120//1076
f 97//1077 290//1078 288//1079
f 299//1080 281//1081 293//1082
f 289//1083 213//1084 302//1085
f 292//1086 303//1087 313//1088
f 250//1089 291//1090 307//1091
f 314//1092 299//1093 275//1094
f 309//1095 300//1096 112//1097
f 284//1098 315//1099 274//1100
f 304//1101 283//1102 306//1103
f 275//1104 308//1105 314//1106
f 304//1107 313//1108 303//1109
f 127//1110 298//1111 316//1112
f 299//1113 317//1114 298//1115
f 276//1116 278//1117 307//1118
f 306//1119 300//1120 304//1121
f 276//1122 318//1123 282//1124
f 297//1125 319//1126 308//1127
f 311//1128 294//1129 114//1130
f 320//1131 304//1132 300//1133
f 315//1134 286//1135 274//1136
f 305//1137 277//1138 321//1139
f 301//1140 302//1141 279//1142
f 310//1143 301//1144 255//1145
f 322//1146 297//1147 295//1148
f 277//1149 286//1150 323//1151
f 285//1152 289//1153 302//1154
f 266//1155 311//1156 98//1157
f 314//1158 308//1159 319//1160
f 307//1161 318//1162 276//1163
f 95//1164 113//1165 324//1166
f 305//1167 325//1168 296//1169
f 326//1170 285//1171 301//1172
f 113//1173 294//1174 311//1175
f 327//1176 295//1177 214//1178
f 302//1179 301//1180 285//1181
f 300//1182 328//1183 320//1184
f 282//1185 329//1186 251//1187
f 319//1188 297//1189 322//1190
f 295//1191 330//1192 322//1193
f 316//1194 298//1195 317//1196
f 325//1197 309//1198 296//1199
s 2
f 333/131/1200 331/129/1201 332/130/1202 339/136/1203
f 335/133/1204 334/132/1205 333/131/1200 339/136/1203
s off
f 288//1206 336//1207 214//1208
s 2
f 332/130/1202 337/134/1209 338/135/1210 339/136/1203
s off
f 316//1211 312//1212 127//1213
f 323//1214 321//1215 277//1216
f 291//1217 285//1218 340//1219
s 2
f 342/138/1220 341/137/1221 335/133/1204 339/136/1203
f 331/129/1201 333/131/1200 343/139/1222 351/146/1223
f 344/140/1224 332/130/1202 331/129/1201 351/146/1223
f 343/139/1222 333/131/1200 334/132/1205 354/149/1225
s off
f 95//1226 324//1227 290//1228
s 2
f 337/134/1209 332/130/1202 344/140/1224 355/150/1229
f 345/141/1230 339/136/1203 338/135/1210 346/142/1231
s off
f 317//1232 299//1233 347//1234
s 2
f 334/132/1205 335/133/1204 348/143/1235 354/149/1225
f 348/143/1235 335/133/1204 341/137/1221 363/156/1236
f 342/138/1220 339/136/1203 349/144/1237 353/148/1238
f 350/145/1239 338/135/1210 337/134/1209 355/150/1229
f 352/147/1240 339/136/1203 345/141/1230 357/152/1241
f 346/142/1231 338/135/1210 350/145/1239 366/159/1242
f 341/137/1221 342/138/1220 356/151/1243 363/156/1236
f 349/144/1237 339/136/1203 358/153/1244 364/157/1245
s off
f 292//1246 313//1247 359//1248
s 2
f 360/154/1249 339/136/1203 352/147/1240 371/162/1250
f 356/151/1243 342/138/1220 353/148/1238 374/164/1251
f 361/155/1252 345/141/1230 346/142/1231 366/159/1242
s off
f 299//1253 314//1254 362//1255
f 312//1256 315//1257 284//1258
s 2
f 358/153/1244 339/136/1203 365/158/1259 378/168/1260
f 357/152/1241 345/141/1230 361/155/1252 380/170/1261
s off
f 301//1262 367//1263 326//1264
f 313//1265 304//1266 368//1267
s 2
f 369/160/1268 339/136/1203 360/154/1249 383/173/1269
f 353/148/1238 349/144/1237 370/161/1270 374/164/1251
s off
f 327//1271 330//1272 295//1273
s 2
f 365/158/1259 339/136/1203 372/163/1274 389/179/1275
s off
f 329//1276 282//1277 318//1278
f 321//1279 325//1280 305//1281
s 2
f 370/161/1270 349/144/1237 364/157/1245 391/181/1282
s off
f 373//1283 266//1284 251//1285
s 2
f 375/165/1286 339/136/1203 369/160/1268 393/182/1287
f 376/166/1288 352/147/1240 357/152/1241 380/170/1261
f 372/163/1274 339/136/1203 377/167/1289 398/186/1290
f 379/169/1291 339/136/1203 375/165/1286 400/188/1292
f 371/162/1250 352/147/1240 376/166/1288 397/185/1293
f 377/167/1289 339/136/1203 379/169/1291 403/191/1294
f 343/139/1222 381/171/1295 382/172/1296 351/146/1223
f 351/146/1223 382/172/1296 385/175/1297 344/140/1224
f 354/149/1225 384/174/1298 381/171/1295 343/139/1222
f 344/140/1224 385/175/1297 387/177/1299 355/150/1229
f 384/174/1298 354/149/1225 348/143/1235 388/178/1300
f 364/157/1245 358/153/1244 386/176/1301 391/181/1282
f 355/150/1229 387/177/1299 394/183/1302 350/145/1239
f 388/178/1300 348/143/1235 363/156/1236 395/184/1303
f 386/176/1301 358/153/1244 378/168/1260 405/193/1304
f 390/180/1305 360/154/1249 371/162/1250 397/185/1293
s off
f 285//1306 326//1307 392//1308
f 315//1309 323//1310 286//1311
s 2
f 350/145/1239 394/183/1302 401/189/1312 366/159/1242
f 395/184/1303 363/156/1236 356/151/1243 402/190/1313
f 383/173/1269 360/154/1249 390/180/1305 410/197/1314
s off
f 304//1315 320//1316 396//1317
f 336//1318 327//1319 214//1320
s 2
f 378/168/1260 365/158/1259 399/187/1321 405/193/1304
f 366/159/1242 401/189/1312 407/194/1322 361/155/1252
f 402/190/1313 356/151/1243 374/164/1251 408/195/1323
f 399/187/1321 365/158/1259 389/179/1275 418/203/1324
f 404/192/1325 369/160/1268 383/173/1269 410/197/1314
s off
f 310//1326 292//1327 359//1328
s 2
f 393/182/1287 369/160/1268 404/192/1325 422/206/1329
s off
f 291//1330 406//1331 307//1332
s 2
f 361/155/1252 407/194/1322 413/199/1333 380/170/1261
f 408/195/1323 374/164/1251 370/161/1270 414/200/1334
f 389/179/1275 372/163/1274 409/196/1335 418/203/1324
s off
f 322//1336 411//1337 319//1338
s 2
f 409/196/1335 372/163/1274 398/186/1290 423/207/1339
f 412/198/1340 375/165/1286 393/182/1287 422/206/1329
f 400/188/1292 375/165/1286 412/198/1340 427/210/1341
f 380/170/1261 413/199/1333 420/204/1342 376/166/1288
f 414/200/1334 370/161/1270 391/181/1282 421/205/1343
s off
f 314//1344 319//1345 415//1346
s 2
f 398/186/1290 377/167/1289 416/201/1347 423/207/1339
f 417/202/1348 379/169/1291 400/188/1292 427/210/1341
f 416/201/1347 377/167/1289 403/191/1294 428/211/1349
f 403/191/1294 379/169/1291 417/202/1348 428/211/1349
s off
f 328//1350 300//1351 419//1352
s 2
f 376/166/1288 420/204/1342 424/208/1353 397/185/1293
f 421/205/1343 391/181/1282 386/176/1301 425/209/1354
s off
f 362//1355 347//1356 299//1357
s 2
f 397/185/1293 424/208/1353 430/212/1358 390/180/1305
f 425/209/1354 386/176/1301 405/193/1304 431/213/1359
s off
f 300//1360 309//1361 426//1362
f 318//1363 307//1364 406//1365
f 347//1366 429//1367 317//1368
s 2
f 390/180/1305 430/212/1358 432/214/1369 410/197/1314
f 431/213/1359 405/193/1304 399/187/1321 433/215/1370
s off
f 317//1371 429//1372 316//1373
f 329//1374 373//1375 251//1376
s 2
f 410/197/1314 432/214/1369 435/216/1377 404/192/1325
f 433/215/1370 399/187/1321 418/203/1324 437/218/1378
s off
f 311//1379 434//1380 113//1381
s 2
f 404/192/1325 435/216/1377 436/217/1382 438/219/1383 422/206/1329
f 437/218/1378 418/203/1324 409/196/1335 439/220/1384
s off
f 321//1385 323//1386 315//1387
f 340//1388 406//1389 291//1390
s 2
f 422/206/1329 438/219/1383 440/221/1391 412/198/1340
f 439/220/1384 409/196/1335 423/207/1339 441/222/1392
s off
f 301//1393 310//1394 359//1395
f 315//1396 312//1397 321//1398
f 392//1399 340//1400 285//1401
s 2
f 412/198/1340 440/221/1391 442/223/1402 427/210/1341
s off
f 318//1403 340//1404 329//1405
s 2
f 441/222/1392 423/207/1339 416/201/1347 443/224/1406
f 427/210/1341 442/223/1402 532/227/1407 417/202/1348
f 443/224/1406 416/201/1347 428/211/1349 444/225/1408
f 444/225/1408 428/211/1349 417/202/1348 532/227/1407
s off
f 445//1409 321//1410 312//1411
f 319//1412 411//1413 415//1414
f 446//1415 301//1416 368//1417
f 113//1418 434//1419 324//1420
f 447//1421 322//1422 330//1423
f 406//1424 340//1425 318//1426
f 429//1427 347//1428 312//1429
f 448//1430 288//1431 290//1432
f 312//1433 316//1434 429//1435
f 362//1436 314//1437 415//1438
f 325//1439 426//1440 309//1441
f 396//1442 368//1443 304//1444
f 368//1445 359//1446 313//1447
f 449//1448 312//1449 347//1450
f 312//1451 450//1452 445//1453
f 411//1454 322//1455 447//1456
f 326//1457 367//1458 451//1459
f 330//1460 327//1461 447//1462
f 426//1463 419//1464 300//1465
f 367//1466 301//1467 452//1468
f 325//1469 321//1470 453//1471
f 359//1472 368//1473 301//1474
f 419//1475 454//1476 328//1477
f 347//1478 455//1479 449//1480
s 3
f 328//1481 454//1482 436//1483
f 436//1483 454//1482 438//1484
f 454//1482 396//1485 438//1484
s off
f 347//1486 362//1487 415//1488
f 301//1489 446//1490 456//1491
f 457//1492 311//1493 266//1494
f 373//1495 329//1496 340//1497
f 392//1498 326//1499 458//1500
f 373//1501 459//1502 266//1503
f 321//1504 445//1505 460//1506
f 461//1507 347//1508 447//1509
f 462//1510 336//1511 288//1512
f 415//1513 447//1514 347//1515
f 447//1516 415//1517 411//1518
f 368//1519 463//1520 446//1521
f 450//1522 312//1523 464//1524
f 312//1525 449//1526 465//1527
f 325//1528 466//1529 426//1530
f 459//1531 457//1532 266//1533
f 445//1534 450//1535 467//1536
f 453//1537 466//1538 325//1539
f 460//1540 453//1541 321//1542
f 327//1543 336//1544 462//1545
f 454//1546 419//1547 368//1548
f 326//1549 451//1550 458//1551
f 324//1552 468//1553 290//1554
f 340//1555 392//1556 458//1557
f 368//1558 396//1559 454//1560
f 447//1561 469//1562 461//1563
f 340//1564 470//1565 373//1566
f 468//1567 448//1568 290//1569
f 434//1570 311//1571 471//1572
f 472//1573 368//1574 419//1575
f 473//1576 447//1577 327//1578
f 288//1579 448//1580 462//1581
f 456//1582 452//1583 301//1584
f 419//1585 426//1586 466//1587
f 455//1588 347//1589 474//1590
f 465//1591 464//1592 312//1593
f 452//1594 451//1595 367//1596
f 458//1597 470//1598 340//1599
f 347//1600 461//1601 475//1602
f 466//1603 453//1604 419//1605
f 419//1606 476//1607 472//1608
f 477//1609 419//1610 453//1611
f 446//1612 463//1613 478//1614
f 324//1615 434//1616 479//1617
f 464//1618 467//1619 450//1620
f 449//1621 455//1622 480//1623
f 327//1624 481//1625 473//1626
f 469//1627 447//1628 473//1629
f 459//1630 373//1631 470//1632
f 463//1633 368//1634 482//1635
f 462//1636 481//1637 327//1638
f 456//1639 446//1640 483//1641
f 453//1642 484//1643 477//1644
f 475//1645 461//1646 469//1647
f 460//1648 445//1649 485//1650
f 368//1651 472//1652 486//1653
f 470//1654 452//1655 459//1656
f 445//1657 467//1658 485//1659
f 471//1660 479//1661 434//1662
f 476//1663 419//1664 487//1665
f 470//1666 458//1667 451//1668
f 473//1669 488//1670 469//1671
f 480//1672 465//1673 449//1674
f 451//1675 452//1676 470//1677
f 486//1678 472//1679 476//1680
f 457//1681 459//1682 452//1683
f 419//1684 477//1685 489//1686
f 457//1687 490//1688 311//1689
f 490//1690 471//1691 311//1692
f 475//1693 474//1694 347//1695
f 446//1696 491//1697 483//1698
f 453//1699 460//1700 485//1701
f 446//1702 478//1703 491//1704
f 486//1705 482//1706 368//1707
f 469//1708 488//1709 475//1710
f 492//1711 453//1712 493//1713
f 474//1714 480//1715 455//1716
f 474//1717 473//1718 481//1719
f 467//1720 464//1721 493//1722
f 464//1723 465//1724 480//1725
f 482//1726 478//1727 463//1728
f 452//1729 494//1730 457//1731
f 489//1732 477//1733 484//1734
f 452//1735 456//1736 483//1737
f 495//1738 464//1739 474//1740
f 489//1741 487//1742 419//1743
f 488//1744 473//1745 474//1746
f 481//1747 462//1748 474//1749
f 476//1750 496//1751 486//1752
f 497//1753 462//1754 448//1755
f 487//1756 496//1757 476//1758
f 483//1759 494//1760 452//1761
f 497//1762 448//1763 468//1764
f 485//1765 493//1766 453//1767
f 464//1768 495//1769 498//1770
f 499//1771 324//1772 479//1773
f 480//1774 474//1775 464//1776
f 500//1777 457//1778 494//1779
f 501//1780 468//1781 324//1782
f 493//1783 485//1784 467//1785
f 484//1786 453//1787 502//1788
f 498//1789 493//1790 464//1791
f 474//1792 475//1793 488//1794
f 453//1795 492//1796 503//1797
f 482//1798 486//1799 496//1800
f 504//1801 479//1802 471//1803
f 496//1804 487//1805 482//1806
f 457//1807 500//1808 490//1809
f 493//1810 505//1811 492//1812
f 474//1813 506//1814 495//1815
f 507//1816 482//1817 487//1818
f 494//1819 483//1820 491//1821
f 494//1822 508//1823 500//1824
f 478//1825 482//1826 509//1827
f 498//1828 495//1829 506//1830
f 490//1831 504//1832 471//1833
f 510//1834 474//1835 462//1836
f 499//1837 511//1838 324//1839
f 491//1840 508//1841 494//1842
f 511//1843 501//1844 324//1845
f 487//1846 512//1847 507//1848
f 462//1849 497//1850 510//1851
f 490//1852 500//1853 508//1854
f 482//1855 507//1856 513//1857
f 489//1858 484//1859 514//1860
f 515//1861 497//1862 468//1863
f 492//1864 505//1865 516//1866
f 506//1867 474//1868 510//1869
f 478//1870 517//1871 491//1872
f 504//1873 518//1874 479//1875
f 513//1876 509//1877 482//1878
f 509//1879 517//1880 478//1881
f 508//1882 509//1883 490//1884
f 498//1885 506//1886 519//1887
f 518//1888 499//1889 479//1890
f 504//1891 490//1892 509//1893
f 512//1894 487//1895 520//1896
f 508//1897 491//1898 517//1899
f 505//1900 493//1901 521//1902
f 501//1903 515//1904 468//1905
f 487//1906 489//1907 522//1908
f 493//1909 498//1910 523//1911
f 517//1912 509//1913 508//1914
f 510//1915 519//1916 506//1917
f 503//1918 502//1919 453//1920
f 507//1921 512//1922 524//1923
f 492//1924 516//1925 525//1926
f 484//1927 526//1928 514//1929
f 502//1930 526//1931 484//1932
f 513//1933 507//1934 527//1935
f 521//1936 510//1937 497//1938
f 509//1939 528//1940 504//1941
f 497//1942 515//1943 521//1944
f 523//1945 498//1946 519//1947
f 503//1948 492//1949 525//1950
f 523//1951 521//1952 493//1953
f 518//1954 504//1955 528//1956
f 509//1957 513//1958 527//1959
f 522//1960 520//1961 487//1962
f 519//1963 510//1964 521//1965
f 507//1966 524//1967 527//1968
f 527//1969 528//1970 509//1971
f 521//1972 516//1973 505//1974
f 520//1975 524//1976 512//1977
f 528//1978 520//1979 518//1980
f 522//1981 489//1982 514//1983
f 499//1984 518//1985 520//1986
f 521//1987 523//1988 519//1989
f 528//1990 527//1991 524//1992
f 515//1993 501//1994 529//1995
f 529//1996 521//1997 515//1998
f 524//1999 520//2000 528//2001
f 511//2002 499//2003 530//2004
f 520//2005 530//2006 499//2007
f 501//2008 511//2009 502//2010
f 516//2011 521//2012 529//2013
f 514//2014 530//2015 520//2016
f 530//2017 502//2018 511//2019
f 520//2020 522//2021 514//2022
f 502//2023 529//2024 501//2025
f 529//2026 525//2027 516//2028
f 530//2029 514//2030 526//2031
f 526//2032 502//2033 530//2034
f 525//2035 529//2036 502//2037
f 502//2038 503//2039 525//2040
s 4
f 534//2041 267//2042 120//2043
f 533//2044 107//2045 201//2046
f 267//2042 531//2047 120//2043
f 201//2046 107//2045 200//2048
f 107//2045 101//2049 200//2048
f 200//2048 101//2049 204//2050
f 204//2050 101//2049 208//2051
f 208//2051 101//2049 217//2052
f 217//2052 101//2049 226//2053
f 226//2053 101//2049 232//2054
f 232//2054 101//2049 239//2055
f 239//2055 101//2049 244//2056
f 244//2056 101//2049 249//2057
f 101//2049 120//2043 249//2057
f 249//2057 120//2043 258//2058
f 258//2058 120//2043 260//2059
f 260//2059 120//2043 263//2060
f 120//2043 531//2047 263//2060
s 3
f 436//1483 435//2061 328//1481
f 435//2061 432//2062 328//1481
f 432//2062 430//2063 328//1481
f 395//2064 320//2065 388//2066
f 430//2063 424//2067 328//1481
f 388//2066 320//2065 384//2068
f 424//2067 420//2069 328//1481
f 384//2068 320//2065 381//2070
f 320//2065 328//1481 381//2070
f 381//2070 328//1481 382//2071
f 382//2071 328//1481 385//2072
f 385//2072 328//1481 387//2073
f 387//2073 328//1481 394//2074
f 394//2074 328//1481 401//2075
f 401//2075 328//1481 407//2076
f 420//2069 413//2077 328//1481
f 413//2077 407//2076 328//1481
s 4
f 533//2044 205//2078 107//2045
f 534//2041 120//2043 269//2079
f 120//2043 283//2080 269//2079
f 269//2079 283//2080 271//2081
f 271//2081 283//2080 272//2082
f 272//2082 283//2080 270//2083
f 270//2083 283//2080 268//2084
f 268//2084 283//2080 265//2085
f 265//2085 283//2080 264//2086
f 205//2078 210//2087 107//2045
f 264//2086 283//2080 261//2088
f 261//2088 283//2080 259//2089
f 210//2087 219//2090 107//2045
f 259//2089 283//2080 254//2091
f 219//2090 229//2092 107//2045
f 107//2045 229//2092 283//2080
f 229//2092 236//2093 283//2080
f 236//2093 241//2094 283//2080
f 241//2094 246//2095 283//2080
f 283//2080 246//2095 254//2091
s 3
f 439//2096 396//1485 437//2097
f 437//2097 396//1485 433//2098
f 433//2098 396//1485 431//2099
f 431//2099 396//1485 425//2100
f 395//2064 402//2101 320//2065
f 320//2065 402//2101 396//1485
f 402//2101 408//2102 396//1485
f 408//2102 414//2103 396//1485
f 414//2103 421//2104 396//1485
f 396//1485 421//2104 425//2100
f 438//1484 396//1485 440//2105
f 440//2105 396//1485 442//2106
f 442//2106 396//1485 532//2107
f 532//2107 396//1485 444//2108
f 444//2108 396//1485 443//2109
f 443//2109 396//1485 441//2110
f 396//1485 439//2096 441//2110
