# This file uses centimeters as units for non-parametric coordinates.

v -62.425931 6.943024 -0.834961
v -62.848333 6.788041 -0.552437
v -62.865858 6.942185 -0.552384
v -62.409719 6.789033 -0.835198
v -62.827245 6.668015 -0.552124
v -63.127477 6.786835 -0.274910
v -62.443197 7.144013 -0.834298
v -62.884351 7.143403 -0.552102
v -63.145704 6.941125 -0.274910
v -63.105291 6.666718 -0.274720
v -62.390470 6.669129 -0.834832
v -62.798055 6.569215 -0.551293
v -62.465620 7.404908 -0.833481
v -62.908369 7.404603 -0.551751
v -63.164800 7.142533 -0.274826
v -63.074354 6.567872 -0.274308
v -63.189596 7.403985 -0.274697
v -62.934637 7.755502 -0.550850
v -62.364110 6.570405 -0.833641
v -62.756208 6.478730 -0.549813
v -62.490301 7.755494 -0.831841
v -63.029813 6.477341 -0.273560
v -63.216566 7.755189 -0.274323
v -62.959882 8.225877 -0.548981
v -62.326543 6.479951 -0.831444
v -62.514364 8.225495 -0.828728
v -62.682241 6.365388 -0.546914
v -63.242200 8.225861 -0.273438
v -62.980840 8.845429 -0.545670
v -62.950910 6.364014 -0.272118
v -61.831579 6.789079 -1.125802
v -61.845762 6.942933 -1.125161
v -62.260320 6.366608 -0.827088
v -61.814970 6.669267 -1.125519
v -62.534917 8.844727 -0.823555
v -61.861013 7.143746 -1.123902
v -61.880804 7.404412 -1.122254
v -61.792463 6.570603 -1.124054
v -63.262968 8.845719 -0.271828
v -63.227170 6.786179 0.000007
v -62.556661 6.198052 -0.541871
v -61.902746 7.754731 -1.119477
v -63.245603 6.940545 0.000007
v -63.204641 6.666032 -0.000000
v -63.264844 7.142037 -0.000000
v -63.173093 6.567139 0.000007
v -62.994253 9.643891 -0.540490
v -63.289823 7.403596 -0.000000
v -61.760572 6.480164 -1.121148
v -61.924406 8.224503 -1.114815
v -63.316938 7.754945 -0.000000
v -62.816862 6.196709 -0.269608
v -62.549077 9.642892 -0.815690
v -63.127599 6.476609 -0.000008
v -62.147985 6.199242 -0.819420
v -63.275350 9.644494 -0.269249
v -63.342557 8.225755 -0.000000
v -61.704526 6.366853 -1.115296
v -61.943410 8.843476 -1.107521
v -63.046926 6.363274 -0.000000
v -62.999525 10.643388 -0.533822
v -62.359991 5.945603 -0.533898
v -62.556165 10.642152 -0.805687
v -63.363073 8.845765 -0.000008
v -61.957319 9.641480 -1.096856
v -61.609556 6.199479 -1.104920
v -62.606870 5.944329 -0.265664
v -61.133878 6.787392 -1.426888
v -63.278860 10.644234 -0.265923
v -61.120717 6.667626 -1.426857
v -61.145215 6.941209 -1.425606
v -61.972089 5.946725 -0.807343
v -62.909833 6.196000 -0.000000
v -61.157484 7.141969 -1.423348
v -61.103025 6.568986 -1.425209
v -61.173406 7.402558 -1.420411
v -61.078054 6.478577 -1.421647
v -61.191129 7.752824 -1.416001
v -63.374883 9.644669 -0.000000
v -62.996046 11.866029 -0.526070
v -61.208776 8.222550 -1.409310
v -61.034269 6.365289 -1.414216
v -62.555486 11.864610 -0.794175
v -61.965436 10.640626 -1.083558
v -61.460882 5.946946 -1.088532
v -62.072729 5.576875 -0.522286
v -63.145704 6.941132 0.274917
v -63.127470 6.786835 0.274902
v -63.164808 7.142533 0.274818
v -63.189596 7.403977 0.274696
v -63.105298 6.666718 0.274719
v -63.272970 11.867059 -0.262024
v -61.224515 8.841546 -1.399582
v -63.216566 7.755189 0.274307
v -62.695066 5.943650 -0.000000
v -63.074354 6.567872 0.274292
v -63.242200 8.225861 0.273429
v -63.377523 10.644555 -0.000000
v -61.715200 5.577905 -0.789689
v -62.300184 5.575715 -0.259888
v -60.960111 6.197984 -1.401001
v -63.029813 6.477341 0.273552
v -63.262968 8.845727 0.271812
v -61.236455 9.639642 -1.385979
v -63.370534 11.867478 -0.000000
v -62.983228 13.333886 -0.517640
v -61.967046 11.863038 -1.068367
v -63.257192 13.335046 -0.257775
v -62.950910 6.364007 0.272117
v -61.243734 5.578111 -1.064599
v -63.275350 9.644486 0.269241
v -60.844045 5.945527 -1.380082
v -60.337629 6.665192 -1.696114
v -60.346723 6.784974 -1.695816
v -60.354604 6.938798 -1.693825
v -60.325468 6.566575 -1.694359
v -62.546377 13.332391 -0.781685
v -60.363164 7.139573 -1.690499
v -61.243986 10.638947 -1.369378
v -60.308347 6.476182 -1.690232
v -60.374280 7.400193 -1.686181
v -61.734243 5.113480 -0.512200
v -62.381383 5.575089 -0.000000
v -60.386678 7.750497 -1.680069
v -60.278356 6.362931 -1.681420
v -63.278860 10.644242 0.265907
v -61.412527 5.114396 -0.773743
v -62.816854 6.196717 0.269615
v -63.353452 13.335534 0.000007
v -61.961446 13.330872 -1.052018
v -60.399106 8.220307 -1.671372
v -61.938741 5.112443 -0.255013
v -62.960477 15.069093 -0.508942
v -60.674528 5.576798 -1.349534
v -60.227605 6.195695 -1.665657
v -63.231023 15.070260 -0.253373
v -60.410299 8.839463 -1.659295
v -61.246465 11.861581 -1.350663
v -60.987951 5.114579 -1.041810
v -62.528135 15.067643 -0.768815
v -60.148168 5.943368 -1.640686
v -60.418989 9.637803 -1.643044
v -62.606870 5.944321 0.265655
v -62.865858 6.942193 0.552368
v -62.848333 6.788033 0.552429
v -62.884359 7.143395 0.552093
v -62.827245 6.668015 0.552108
v -62.908376 7.404595 0.551719
v -61.099325 4.577805 -0.766785
v -61.383848 4.577027 -0.508896
v -60.474851 5.113412 -1.318581
v -63.325841 15.070771 0.000007
v -62.934637 7.755509 0.550842
v -62.798048 6.569230 0.551284
v -62.011686 5.111893 -0.000000
v -63.272970 11.867066 0.262016
v -62.959882 8.225877 0.548965
v -62.756208 6.478730 0.549797
v -61.243253 13.329659 -1.330712
v -62.980840 8.845422 0.545654
v -60.723333 4.577958 -1.028847
v -60.424695 10.637406 -1.623574
v -62.916372 17.322968 -0.499237
v -60.032155 5.574815 -1.604172
v -63.182432 17.324067 -0.248497
v -61.564504 4.576134 -0.253746
v -61.947919 15.066254 -1.035248
v -59.886404 0.161958 -1.260514
v -59.615720 0.161958 -1.480385
v -62.682241 6.365388 0.546913
v -59.495603 6.662980 -1.890580
v -59.489439 6.564347 -1.888787
v -59.500219 6.782777 -1.889992
v -62.994253 9.643899 0.540474
v -59.621397 0.571656 -1.476380
v -59.480779 6.473985 -1.884263
v -59.504240 6.936631 -1.887429
v -59.893682 0.571664 -1.255928
v -60.106275 0.161958 -0.989838
v -59.508619 7.137452 -1.883225
v -60.268308 4.576966 -1.296433
v -59.465627 6.360764 -1.874482
v -62.300176 5.575715 0.259895
v -59.310834 0.571633 -1.641236
v -59.638418 1.035920 -1.464379
v -59.514287 7.398133 -1.877785
v -60.810811 3.989747 -0.776085
v -62.490354 17.321633 -0.754471
v -63.257192 13.335053 0.257759
v -59.915540 1.035973 -1.242127
v -59.895498 5.111649 -1.565377
v -59.439985 6.193597 -1.856873
v -59.520635 7.748521 -1.870301
v -60.426969 11.860352 -1.601868
v -59.322507 1.035844 -1.632348
v -62.556661 6.198067 0.541870
v -62.999517 10.643388 0.533805
v -61.060918 3.989106 -0.517540
v -60.479719 3.989884 -1.034386
v -60.114942 0.571656 -0.985573
v -59.672460 1.555985 -1.440354
v -63.275480 17.324563 -0.000000
v -59.310392 0.525147 -1.641579
v -59.265119 0.571626 -1.655312
v -59.959249 1.556123 -1.214562
v -59.527021 8.218461 -1.860054
v -59.345869 1.555787 -1.614556
v -60.140951 1.035966 -0.972802
v -59.399847 5.941376 -1.828980
v -61.628858 4.575684 0.000007
v -59.729207 2.133042 -1.400330
v -60.078191 3.989060 -1.292344
v -60.270093 0.161965 -0.681061
v -60.032110 2.133302 -1.168602
v -59.175992 0.662972 -1.681969
v -59.167158 0.664216 -1.678254
v -60.192953 1.556100 -0.947228
v -59.754117 4.575463 -1.533471
v -60.582235 3.371819 -0.808930
v -59.161092 0.666055 -1.686524
v -59.532819 8.837792 -1.846215
v -60.286916 3.371911 -1.067116
v -59.384801 2.132653 -1.584885
v -58.980764 1.035783 -1.738846
v -61.219434 3.988381 -0.258812
v -59.812902 2.745385 -1.355095
v -62.996046 11.866029 0.526046
v -60.139516 2.745820 -1.115654
v -61.233732 15.065293 -1.310357
v -61.917470 17.320420 -1.016472
v -59.927816 3.371293 -1.315491
v -60.279615 2.133271 -0.904648
v -59.341238 5.572999 -1.788216
v -60.279851 0.571641 -0.677819
v -60.407278 2.745744 -0.855156
v -59.442190 2.744736 -1.552674
v -58.992757 1.555604 -1.727066
v -62.359991 5.945603 0.533905
v -63.231023 15.070252 0.253379
v -60.804761 3.371323 -0.543374
v -60.425321 13.328736 -1.578896
v -59.623952 3.987832 -1.517670
v -62.839467 20.346837 -0.487839
v -60.309087 1.035928 -0.668152
v -59.520948 3.370362 -1.527169
v -61.938741 5.112450 0.255012
v -63.099401 20.347821 -0.242775
v -59.537389 9.636369 -1.828026
v -60.367574 1.556001 -0.648789
v -59.012746 2.132287 -1.707413
v -60.608457 2.745408 -0.578873
v -59.272161 5.110032 -1.743538
v -60.465040 2.133065 -0.616524
v -59.042127 2.744149 -1.687577
v -60.945493 3.370774 -0.272912
v -62.422613 20.345662 -0.737511
v -59.200635 4.574067 -1.703858
v -59.540472 10.636246 -1.806519
v -61.275800 3.988007 -0.000000
v -60.372594 0.161958 -0.346871
v -59.082319 3.369508 -1.675255
v -59.134679 3.986703 -1.678116
v -63.190137 20.348279 -0.000000
v -62.425931 6.943024 0.834945
v -62.409719 6.789033 0.835182
v -62.443197 7.144021 0.834304
v -62.390478 6.669144 0.834816
v -58.626409 1.555520 -1.767785
v -62.465612 7.404916 0.833473
v -60.419286 15.064668 -1.555596
v -60.383054 0.571641 -0.345147
v -62.364110 6.570405 0.833641
v -62.490301 7.755494 0.831825
v -62.072736 5.576882 0.522277
v -60.735349 2.745026 -0.292069
v -62.983236 13.333894 0.517631
v -61.210775 17.319726 -1.287446
v -62.514364 8.225510 0.828727
v -60.414411 1.035882 -0.339959
v -62.326543 6.479951 0.831443
v -63.182432 17.324067 0.248489
v -60.581663 2.132821 -0.312302
v -60.477132 1.555878 -0.329590
v -58.626104 1.035737 -1.776688
v -58.626943 2.132111 -1.752922
v -62.534917 8.844727 0.823562
v -58.624624 6.563325 -1.965722
v -61.564504 4.576134 0.253746
v -58.624555 6.661965 -1.967514
v -58.624731 6.472970 -1.961075
v -59.541814 11.859483 -1.782731
v -58.624494 6.781777 -1.966797
v -58.624906 6.359772 -1.950936
v -62.260320 6.366601 0.827072
v -59.085920 0.466599 -1.465157
v -58.488073 0.596467 -1.472710
v -58.624441 6.935654 -1.963967
v -58.625211 6.192643 -1.932679
v -60.995405 3.370484 0.000007
v -61.861120 20.344662 -0.994042
v -58.624387 7.136491 -1.959397
v -62.549077 9.642892 0.815681
v -58.627508 2.743874 -1.739022
v -58.625692 5.940476 -1.903672
v -58.772893 0.171784 -1.257561
v -58.624311 7.397210 -1.953461
v -58.626386 5.572160 -1.861336
v -62.147985 6.199250 0.819427
v -58.624235 7.747636 -1.945420
v -58.627943 3.369111 -1.732888
v -62.556165 10.642152 0.805694
v -58.627126 5.109284 -1.814393
v -58.628080 3.986192 -1.741433
v -60.780210 2.744828 -0.000000
v -58.627752 4.573434 -1.771508
v -58.624174 8.217637 -1.934479
v -62.960477 15.069093 0.508911
v -61.734243 5.113488 0.512199
v -60.408521 0.161958 -0.000008
v -59.541158 13.328156 -1.757668
v -58.271459 1.035783 -1.738678
v -62.718358 24.392026 -0.474053
v -62.969915 24.392896 -0.235886
v -60.622777 2.132699 0.000007
v -60.419233 0.571641 0.000007
v -58.624135 8.837067 -1.919915
v -61.219434 3.988389 0.258812
v -62.555486 11.864594 0.794166
v -60.451368 1.035859 -0.000000
v -60.515645 1.555802 -0.000000
v -61.972097 5.946732 0.807327
v -58.260129 1.555619 -1.726632
v -62.314496 24.391011 -0.716782
v -61.167264 20.344197 -1.259766
v -60.403921 17.319367 -1.529229
v -63.099401 20.347829 0.242775
v -58.624143 9.635743 -1.900940
v -63.057615 24.393300 -0.000000
v -58.241239 2.132317 -1.706566
v -58.418043 0.414582 -1.269242
v -59.538244 15.064332 -1.732369
v -61.383848 4.577027 0.508880
v -60.945493 3.370774 0.272918
v -62.916372 17.322968 0.499229
v -58.213048 2.744195 -1.686173
v -61.715200 5.577912 0.789680
v -58.624181 10.635751 -1.878640
v -62.546377 13.332398 0.781677
v -58.173833 3.369584 -1.673203
v -61.769887 24.390218 -0.966370
v -60.735342 2.745026 0.292068
v -57.929784 1.035859 -1.632027
v -58.121847 3.986802 -1.675332
v -60.383054 0.571641 0.345138
v -60.581670 2.132813 0.312294
v -58.624227 11.859116 -1.854027
v -60.414403 1.035882 0.339958
v -60.477132 1.555878 0.329582
v -58.055341 4.574189 -1.700310
v -61.060911 3.989106 0.517532
v -61.831579 6.789079 1.125793
v -61.845762 6.942933 1.125175
v -57.941076 0.571641 -1.641152
v -61.814970 6.669267 1.125511
v -61.861013 7.143739 1.123886
v -57.907186 1.555825 -1.613739
v -57.982679 5.110169 -1.739258
v -61.880811 7.404412 1.122253
v -61.792463 6.570603 1.124061
v -61.902746 7.754739 1.119461
v -61.412527 5.114396 0.773742
v -57.912206 5.573151 -1.783257
v -60.374319 20.344090 -1.497040
v -57.852277 5.941537 -1.823472
v -61.760580 6.480172 1.121154
v -57.811246 6.193764 -1.851006
v -61.924413 8.224503 1.114807
v -60.372594 0.161958 0.346870
v -57.785024 6.360932 -1.868355
v -57.769529 6.474168 -1.878006
v -58.009969 0.571633 -1.662377
v -57.941213 0.556939 -1.641259
v -57.760671 6.564530 -1.882470
v -57.754362 6.663148 -1.884217
v -61.943403 8.843484 1.107521
v -61.704534 6.366845 1.115287
v -62.528135 15.067643 0.768821
v -57.749631 6.782944 -1.883614
v -58.157423 0.140000 -1.073548
v -58.350263 0.644593 -1.672989
v -57.577726 0.400834 -1.249123
v -57.869535 2.132722 -1.583306
v -57.745512 6.936784 -1.881043
v -62.839467 20.346837 0.487838
v -58.624273 13.327920 -1.828171
v -61.957319 9.641473 1.096855
v -57.741025 7.137589 -1.876877
v -61.096067 24.389951 -1.225113
v -62.541608 29.709836 -0.457131
v -60.804761 3.371331 0.543373
v -61.609556 6.199487 1.104904
v -62.781942 29.710622 -0.227456
v -62.969915 24.392896 0.235870
v -59.530553 17.319253 -1.703621
v -57.735197 7.398240 -1.871445
v -61.965436 10.640618 1.083541
v -57.728696 7.748597 -1.863984
v -57.813589 2.744859 -1.550042
v -61.099325 4.577805 0.766777
v -57.630544 0.571656 -1.476273
v -62.155576 29.708989 -0.691185
v -61.460889 5.946954 1.088516
v -60.608457 2.745408 0.578865
v -62.865690 29.710988 -0.000000
v -57.722181 8.218522 -1.853745
v -61.967046 11.863046 1.068351
v -57.614004 1.035950 -1.463944
v -58.624303 15.064194 -1.802094
v -60.465047 2.133057 0.616523
v -57.736074 3.370545 -1.523293
v -60.279836 0.571656 0.677825
v -62.490354 17.321641 0.754463
v -60.367574 1.555993 0.648788
v -60.309087 1.035935 0.668144
v -57.716314 8.837815 -1.839928
v -61.243741 5.578111 1.064590
v -60.810811 3.989747 0.776084
v -57.580907 1.556062 -1.439286
v -61.961446 13.330872 1.052009
v -61.634763 29.708356 -0.931839
v -57.633764 3.988061 -1.512436
v -60.325536 24.390027 -1.456261
v -60.270093 0.161958 0.681037
v -57.711744 9.636338 -1.821770
v -59.515577 20.344128 -1.668267
v -57.521657 0.227891 -1.049736
v -57.631696 0.485856 -1.477135
v -57.525754 2.133179 -1.398209
v -58.624311 17.319199 -1.772438
v -57.503393 4.575745 -1.526818
v -60.582242 3.371812 0.808921
v -62.718351 24.392010 0.474037
v -60.987951 5.114587 1.041793
v -57.708723 10.636178 -1.800301
v -57.361219 5.111985 -1.557343
v -57.358304 0.571679 -1.255799
v -62.422613 20.345662 0.737495
v -60.407278 2.745744 0.855163
v -57.443914 2.745621 -1.351578
v -57.223463 5.575196 -1.594880
v -61.947912 15.066254 1.035240
v -60.990072 29.708249 -1.181305
v -60.723333 4.577958 1.028839
v -60.279615 2.133263 0.904632
v -57.337064 1.036027 -1.241662
v -57.106397 5.943764 -1.630349
v -57.707456 11.859391 -1.776520
v -62.781942 29.710622 0.227462
v -60.114942 0.571671 0.985557
v -61.133878 6.787400 1.426872
v -61.120725 6.667626 1.426849
v -61.145215 6.941216 1.425605
v -60.192953 1.556092 0.947227
v -61.157484 7.141969 1.423332
v -61.103033 6.568986 1.425201
v -60.140943 1.035966 0.972786
v -61.173398 7.402558 1.420402
v -57.026250 6.196122 -1.654633
v -61.078062 6.478577 1.421638
v -61.191122 7.752824 1.415992
v -56.975027 6.363381 -1.669953
v -61.208776 8.222550 1.409317
v -61.034269 6.365289 1.414207
v -56.944768 6.476624 -1.678505
v -56.927473 6.567002 -1.682511
v -62.325536 35.800561 -0.438004
v -61.224508 8.841546 1.399574
v -57.294584 1.556229 -1.213387
v -57.330747 3.371644 -1.310334
v -62.552648 35.801232 -0.217972
v -56.915189 6.665620 -1.684189
v -60.479719 3.989877 1.034362
v -60.960103 6.197984 1.401001
v -56.905996 6.785386 -1.683861
v -60.106275 0.161958 0.989830
v -56.898008 6.939179 -1.681878
v -61.236455 9.639642 1.385978
v -59.490797 24.390210 -1.623101
v -56.889333 7.139924 -1.678574
v -61.960767 35.799798 -0.662140
v -60.844045 5.945527 1.380073
v -56.878072 7.400498 -1.674271
v -61.243986 10.638955 1.369377
v -61.917463 17.320435 1.016456
v -62.631780 35.801560 0.000007
v -57.711141 15.064194 -1.726212
v -60.286916 3.371911 1.067115
v -57.223783 2.133561 -1.166275
v -57.181623 3.989518 -1.285340
v -56.865514 7.750733 -1.668206
v -60.252653 29.708455 -1.404129
v -60.674528 5.576806 1.349525
v -58.624311 20.344151 -1.735833
v -61.246465 11.861573 1.350669
v -57.708189 13.328034 -1.751496
v -62.314496 24.391011 0.716766
v -56.852949 8.220475 -1.659539
v -57.137105 0.571679 -0.985474
v -60.139524 2.745812 1.115654
v -61.468656 35.799302 -0.892434
v -62.541608 29.709851 0.457115
v -60.474851 5.113412 1.318573
v -56.841665 8.839562 -1.647500
v -56.991910 4.577523 -1.287568
v -60.032110 2.133294 1.168594
v -57.111913 1.036050 -0.972374
v -61.243253 13.329652 1.330703
v -57.118841 2.746232 -1.111786
v -57.145505 0.161958 -0.989838
v -59.893682 0.571671 1.255905
v -59.959257 1.556115 1.214546
v -57.718839 17.319093 -1.697480
v -59.915540 1.035981 1.242126
v -60.268308 4.576966 1.296424
v -56.832960 9.637795 -1.631302
v -57.167623 0.161958 -1.017067
v -57.145505 0.137315 -0.989838
v -57.061513 1.556298 -0.946183
v -61.861120 20.344662 0.994026
v -56.785177 5.114060 -1.307862
v -59.886404 0.161973 1.260505
v -60.859510 35.799310 -1.130951
v -60.078199 3.989060 1.292327
v -56.973928 3.372498 -1.061440
v -56.827268 10.637315 -1.611901
v -56.584966 5.577531 -1.337151
v -61.233732 15.065293 1.310356
v -62.552648 35.801232 0.217956
v -59.453687 29.708730 -1.564919
v -58.624319 24.390294 -1.688904
v -56.981687 0.161958 -0.681061
v -56.977521 2.133668 -0.902535
v -59.927816 3.371293 1.315483
v -57.733823 20.343968 -1.662125
v -56.972265 0.571671 -0.677758
v -56.414854 5.946305 -1.366333
v -56.825048 11.860177 -1.590249
v -59.812902 2.745393 1.355102
v -56.298376 6.198800 -1.386307
v -56.783224 3.990662 -1.026703
v -60.337636 6.665192 1.696106
v -60.346723 6.784974 1.695816
v -60.325468 6.566567 1.694358
v -56.944028 1.036042 -0.667839
v -60.354604 6.938798 1.693824
v -60.308340 6.476189 1.690223
v -62.086462 42.164315 -0.417557
v -60.363164 7.139573 1.690490
v -59.729207 2.133042 1.400314
v -62.155576 29.708989 0.691177
v -59.621397 0.571656 1.476387
v -60.374273 7.400193 1.686164
v -60.278356 6.362939 1.681404
v -62.299161 42.164933 -0.207840
v -56.223951 6.366135 -1.398919
v -60.386678 7.750504 1.680053
v -59.638418 1.035920 1.464370
v -59.672460 1.555985 1.440345
v -60.227605 6.195695 1.665657
v -56.179990 6.479447 -1.406006
v -60.399106 8.220307 1.671356
v -56.853162 2.746415 -0.851670
v -56.154928 6.569840 -1.409401
v -61.210775 17.319726 1.287445
v -60.148168 5.943375 1.640670
v -61.769880 24.390218 0.966354
v -61.744970 42.163678 -0.631028
v -60.410299 8.839463 1.659286
v -56.137144 6.668458 -1.410950
v -56.123914 6.788194 -1.410935
v -56.826742 13.328515 -1.567322
v -60.162763 35.799603 -1.343903
v -59.615720 0.161958 1.480384
v -56.887533 1.556275 -0.648011
v -56.112478 6.941972 -1.409668
v -60.032155 5.574815 1.604179
v -60.418989 9.637803 1.643035
v -62.373304 42.165238 -0.000000
v -56.100103 7.142663 -1.407433
v -59.895490 5.111649 1.565376
v -56.540899 4.578919 -1.019089
v -60.424695 10.637406 1.623573
v -56.084043 7.403184 -1.404534
v -62.325529 35.800553 0.437988
v -61.284429 42.163258 -0.850121
v -59.754110 4.575463 1.533470
v -56.066167 7.753327 -1.400170
v -56.879186 0.161958 -0.346871
v -57.758611 24.390050 -1.616921
v -60.426969 11.860352 1.601875
v -56.681699 3.372773 -0.803765
v -56.793378 2.133630 -0.614945
v -59.623952 3.987840 1.517662
v -56.048376 8.222939 -1.393547
v -56.869115 0.571671 -0.345116
v -58.624319 29.708844 -1.628235
v -59.520940 3.370362 1.527160
v -56.848134 17.319070 -1.517708
v -56.276983 5.115693 -1.030030
v -60.425321 13.328736 1.578872
v -56.032537 8.841805 -1.383858
v -56.838903 1.036027 -0.339791
v -61.167264 20.344197 1.259758
v -59.442190 2.744736 1.552673
v -59.310834 0.571633 1.641243
v -56.832784 15.064393 -1.544053
v -59.322515 1.035844 1.632339
v -59.384801 2.132645 1.584892
v -59.345869 1.555787 1.614555
v -60.714582 42.163346 -1.076722
v -59.407903 35.799954 -1.497445
v -56.654119 2.746354 -0.576249
v -56.020559 9.639756 -1.370339
v -59.306943 0.161965 1.644210
v -56.456342 3.991013 -0.769112
v -60.419279 15.064675 1.555595
v -56.778470 1.556229 -0.329163
v -56.021482 5.579377 -1.050980
v -62.299161 42.164937 0.207832
v -61.634763 29.708348 0.931823
v -56.013029 10.638902 -1.353821
v -56.843267 0.161965 -0.000000
v -56.877729 20.343762 -1.485512
v -61.960767 35.799805 0.662117
v -55.804410 5.948319 -1.073403
v -56.677762 2.133538 -0.311448
v -56.832960 0.571687 0.000007
v -56.462331 3.372697 -0.539513
v -55.655790 6.200928 -1.088761
v -56.010564 11.861390 -1.335167
v -57.795728 29.708562 -1.558701
v -56.170354 4.579362 -0.757920
v -61.840703 48.301415 -0.396698
v -56.802030 1.036012 -0.000008
v -58.974760 0.571610 1.744743
v -62.038633 48.301965 -0.197525
v -61.096067 24.389958 1.225097
v -59.480779 6.473977 1.884262
v -59.465627 6.360764 1.874473
v -59.489439 6.564347 1.888794
v -59.439985 6.193597 1.856895
v -60.062963 42.163708 -1.278809
v -59.399847 5.941376 1.828971
v -59.495611 6.662980 1.890571
v -59.341238 5.572984 1.788215
v -58.980764 1.035783 1.738853
v -59.272169 5.110032 1.743537
v -59.500219 6.782777 1.889991
v -55.560850 6.368333 -1.098473
v -59.200643 4.574067 1.703857
v -59.504240 6.936631 1.887420
v -59.134679 3.986710 1.678123
v -59.508611 7.137452 1.883232
v -58.992757 1.555604 1.727050
v -59.082319 3.369508 1.675270
v -59.514295 7.398133 1.877784
v -61.523084 48.300839 -0.599274
v -59.042135 2.744141 1.687576
v -59.012746 2.132279 1.707405
v -55.504812 6.481675 -1.103966
v -59.520635 7.748521 1.870315
v -60.403921 17.319367 1.529228
v -58.972768 0.161965 1.746711
v -56.528921 2.746194 -0.290680
v -55.472913 6.572106 -1.106675
v -59.527021 8.218461 1.860054
v -56.740179 1.556199 -0.000000
v -55.450376 6.670747 -1.108017
v -62.107671 48.302232 -0.000000
v -59.532819 8.837792 1.846221
v -55.433729 6.790505 -1.108262
v -62.086462 42.164319 0.417541
v -55.419477 6.944291 -1.107644
v -56.879186 0.161958 0.346885
v -56.210561 3.990907 -0.512314
v -59.537389 9.636369 1.828025
v -58.624364 35.800076 -1.557816
v -55.404134 7.144997 -1.106400
v -56.023267 15.064881 -1.294968
v -61.094968 48.300488 -0.806878
v -56.869115 0.571679 0.345100
v -56.926504 24.389691 -1.444672
v -55.859052 5.116227 -0.763031
v -55.384222 7.405549 -1.104790
v -59.540472 10.636239 1.806526
v -56.637090 2.133469 0.000007
v -56.838903 1.036034 0.339790
v -55.362150 7.755715 -1.102059
v -56.324094 3.372453 -0.270859
v -56.013769 13.329331 -1.315285
v -59.541814 11.859483 1.782730
v -58.625944 0.571595 1.781143
v -56.778478 1.556229 0.329155
v -58.626104 1.035744 1.776695
v -55.340368 8.225289 -1.097451
v -58.625890 0.161958 1.782630
v -59.357084 42.164086 -1.424393
v -60.374311 20.344083 1.497047
v -58.626417 1.555527 1.767776
v -56.046194 17.319260 -1.272080
v -58.626935 2.132127 1.752929
v -56.484777 2.746079 -0.000000
v -60.565526 48.300622 -1.021195
v -59.541158 13.328156 1.757667
v -55.557790 5.579957 -0.777298
v -61.468656 35.799302 0.892440
v -55.321279 8.844056 -1.090241
v -58.627508 2.743867 1.739021
v -55.891386 4.579224 -0.502236
v -56.981687 0.161958 0.681045
v -56.677762 2.133530 0.311439
v -58.627943 3.369111 1.732887
v -60.990072 29.708257 1.181304
v -56.972272 0.571687 0.677742
v -58.628080 3.986192 1.741439
v -62.038633 48.301965 0.197509
v -55.307310 9.641816 -1.079651
v -56.944028 1.036042 0.667823
v -58.627752 4.573441 1.771514
v -56.055440 3.990586 -0.256028
v -59.538244 15.064332 1.732368
v -57.841611 35.799775 -1.491143
v -58.279020 0.161958 1.746711
v -61.744970 42.163674 0.631019
v -55.301870 5.948968 -0.793580
v -58.627134 5.109284 1.814399
v -56.528921 2.746201 0.290657
v -58.277128 0.571610 1.744697
v -56.887533 1.556275 0.647987
v -56.275259 3.372300 0.000007
v -58.271459 1.035783 1.738678
v -58.626386 5.572160 1.861351
v -56.089673 20.343701 -1.244400
v -55.299169 10.640725 -1.066437
v -57.145505 0.161958 0.989830
v -56.999418 29.708119 -1.392456
v -58.260129 1.555619 1.726631
v -55.126661 6.201600 -0.804734
v -58.625692 5.940469 1.903671
v -56.793378 2.133637 0.614929
v -57.137113 0.571679 0.985466
v -61.604589 53.712022 -0.376374
v -59.960317 48.301011 -1.212082
v -58.241239 2.132317 1.706558
v -58.625211 6.192643 1.932670
v -55.544149 5.116051 -0.504174
v -61.788213 53.712533 -0.187439
v -58.624906 6.359765 1.950935
v -57.111913 1.036042 0.972358
v -57.944837 0.161958 1.644203
v -55.014753 6.369027 -0.811799
v -58.624731 6.472962 1.961082
v -60.325536 24.390027 1.456245
v -58.624624 6.563340 1.965721
v -61.310018 53.711480 -0.568268
v -58.213056 2.744187 1.686180
v -58.624547 6.661973 1.967514
v -56.324094 3.372460 0.270851
v -55.297544 11.862893 -1.051323
v -58.624494 6.781785 1.966804
v -57.941076 0.571641 1.641174
v -58.624441 6.935647 1.963966
v -54.948774 6.482400 -0.815819
v -58.624387 7.136491 1.959396
v -57.061513 1.556306 0.946182
v -57.365385 0.161973 1.260505
v -58.624311 7.397218 1.953460
v -56.654119 2.746354 0.576232
v -58.624479 42.164246 -1.481446
v -55.715116 4.578851 -0.250199
v -54.911321 6.572869 -0.817849
v -61.852300 53.712792 -0.000000
v -58.173833 3.369584 1.673194
v -57.929777 1.035859 1.632026
v -58.624235 7.747651 1.945396
v -56.000547 3.990388 -0.000000
v -57.358304 0.571687 1.255790
v -54.885023 6.671555 -0.818917
v -58.624174 8.217637 1.934486
v -59.530553 17.319245 1.703620
v -57.636060 0.161958 1.480384
v -61.840703 48.301415 0.396713
v -54.865789 6.791383 -0.819260
v -57.907186 1.555825 1.613761
v -56.977521 2.133668 0.902526
v -57.337064 1.036034 1.241668
v -60.913145 53.711182 -0.764664
v -58.624143 8.837067 1.919906
v -54.849546 6.945283 -0.819008
v -57.630552 0.571656 1.476280
v -58.121839 3.986802 1.675331
v -57.869543 2.132722 1.583313
v -54.832212 7.146127 -0.818398
v -57.614004 1.035950 1.463951
v -57.294584 1.556237 1.213386
v -58.624143 9.635743 1.900955
v -56.160871 24.389424 -1.209671
v -54.809713 7.406846 -0.817597
v -56.462331 3.372697 0.539497
v -56.853162 2.746415 0.851646
v -55.208189 5.579774 -0.512993
v -55.316602 15.065743 -1.018326
v -57.580907 1.556062 1.439292
v -57.813589 2.744859 1.550033
v -56.055448 3.990586 0.256019
v -57.223775 2.133546 1.166267
v -58.055341 4.574189 1.700309
v -58.624181 10.635743 1.878631
v -54.784948 7.757203 -0.815995
v -57.525762 2.133187 1.398208
v -59.304861 48.301408 -1.349442
v -60.859510 35.799302 1.130950
v -57.736074 3.370538 1.523292
v -57.118841 2.746217 1.111778
v -61.284429 42.163270 0.850112
v -55.303121 13.330521 -1.035042
v -58.624227 11.859116 1.854026
v -60.422574 53.711350 -0.966996
v -54.760816 8.226945 -0.812958
v -57.443914 2.745621 1.351585
v -56.681699 3.372773 0.803764
v -57.982679 5.110169 1.739250
v -55.344999 5.115617 -0.250725
v -55.652654 4.578591 -0.000000
v -59.515569 20.344128 1.668273
v -56.210561 3.990907 0.512298
v -57.892675 42.163918 -1.418000
v -57.633756 3.988068 1.512443
v -54.922857 5.948746 -0.523598
v -56.973928 3.372498 1.061439
v -55.346998 17.319817 -0.999581
v -54.740194 8.845841 -0.807839
v -57.330747 3.371636 1.310325
v -58.624273 13.327927 1.828163
v -57.089422 35.799249 -1.332085
v -57.912206 5.573151 1.783256
v -61.788221 53.712521 0.187439
v -60.252653 29.708447 1.404129
v -55.715116 4.578843 0.250206
v -61.523084 48.300832 0.599258
v -56.456342 3.991013 0.769119
v -54.726003 9.643647 -0.800042
v -57.852277 5.941544 1.823478
v -57.181623 3.989518 1.285362
v -54.727499 6.201386 -0.530861
v -57.503385 4.575753 1.526817
v -56.783224 3.990647 1.026710
v -58.624296 15.064194 1.802093
v -57.811246 6.193772 1.851005
v -61.372404 58.658444 -0.356034
v -59.861936 53.711774 -1.146981
v -57.785024 6.360940 1.868354
v -54.602750 6.368813 -0.535454
v -61.541410 58.664712 -0.177391
v -54.718893 10.642518 -0.790139
v -57.769529 6.474168 1.878006
v -55.891386 4.579224 0.502220
v -56.266897 29.707700 -1.165734
v -57.760671 6.564530 1.882453
v -61.101148 58.652173 -0.537247
v -54.986982 5.579270 -0.254937
v -57.754362 6.663163 1.884208
v -55.403303 20.343968 -0.977128
v -54.529256 6.482209 -0.538094
v -57.749631 6.782944 1.883621
v -55.274374 5.115327 -0.000000
v -57.745512 6.936784 1.881042
v -57.741025 7.137589 1.876861
v -54.487668 6.572694 -0.539414
v -56.991910 4.577523 1.287567
v -57.361211 5.111985 1.557334
v -58.624685 48.301575 -1.403122
v -58.624311 17.319199 1.772453
v -56.170354 4.579369 0.757911
v -57.735197 7.398248 1.871429
v -54.458623 6.671449 -0.540192
v -56.540899 4.578919 1.019073
v -57.728689 7.748605 1.863990
v -54.437604 6.791383 -0.540467
v -54.719549 11.864610 -0.778672
v -59.490789 24.390210 1.623092
v -60.735479 58.649022 -0.722260
v -61.604589 53.712025 0.376365
v -54.420087 6.945390 -0.540429
v -57.722181 8.218514 1.853736
v -55.344999 5.115617 0.250724
v -54.401563 7.146432 -0.540169
v -57.716306 8.837815 1.839935
v -57.223463 5.575196 1.594879
v -54.377523 7.407380 -0.539841
v -57.711744 9.636346 1.821769
v -56.785177 5.114060 1.307846
v -54.682950 5.948212 -0.260170
v -61.541410 58.664719 0.177383
v -54.351240 7.757989 -0.538987
v -59.254873 53.712170 -1.276307
v -55.544149 5.116051 0.504158
v -60.714582 42.163354 1.076721
v -61.600355 58.667844 -0.000000
v -60.283201 58.652119 -0.912369
v -54.746816 15.067078 -0.753449
v -57.106397 5.943772 1.630340
v -57.708723 10.636170 1.800300
v -55.494535 24.389455 -0.949387
v -56.276983 5.115693 1.030021
v -54.325963 8.228005 -0.537148
v -55.859060 5.116227 0.763023
v -54.908483 5.578950 0.000007
v -61.094968 48.300481 0.806869
v -60.162763 35.799603 1.343895
v -57.945333 48.301232 -1.342972
v -54.728628 13.332078 -0.766251
v -57.189504 42.163350 -1.266846
v -57.026243 6.196122 1.654632
v -54.474782 6.200822 -0.263733
v -54.304983 8.847123 -0.533883
v -57.707464 11.859376 1.776527
v -56.975019 6.363374 1.669952
v -56.584966 5.577531 1.337135
v -54.986982 5.579270 0.254936
v -56.944761 6.476624 1.678497
v -58.624319 20.344151 1.735824
v -54.341886 6.368241 -0.266022
v -54.784543 17.320878 -0.739121
v -56.927473 6.567010 1.682518
v -61.310018 53.711488 0.568267
v -56.397611 35.798737 -1.115204
v -54.291563 9.645112 -0.528756
v -56.915182 6.665627 1.684188
v -56.905996 6.785386 1.683860
v -59.453687 29.708730 1.564926
v -54.263654 6.481629 -0.267304
v -56.898008 6.939179 1.681877
v -59.766195 58.658341 -1.081177
v -56.889333 7.139909 1.678558
v -57.711141 15.064194 1.726219
v -54.219472 6.572144 -0.267991
v -55.208189 5.579774 0.512985
v -60.891836 63.379464 -0.505356
v -56.021482 5.579369 1.050964
v -61.138433 63.403035 -0.335244
v -56.878072 7.400498 1.674270
v -54.597784 5.947869 0.000007
v -54.188741 6.670960 -0.268364
v -54.286283 10.644090 -0.522156
v -55.557790 5.579957 0.777298
v -56.865514 7.750733 1.668182
v -54.166677 6.790955 -0.268532
v -56.414846 5.946313 1.366317
v -57.708189 13.328034 1.751510
v -58.625036 53.712319 -1.326668
v -61.291685 63.426598 -0.167130
v -54.148496 6.945100 -0.268532
v -56.852949 8.220475 1.659538
v -54.129407 7.146294 -0.268464
v -56.841665 8.839555 1.647506
v -60.558462 63.367699 -0.678467
v -54.852239 20.344754 -0.722123
v -55.629690 29.707539 -0.914704
v -57.718839 17.319093 1.697479
v -61.372404 58.658448 0.356048
v -54.104619 7.407456 -0.268349
v -54.682950 5.948220 0.260154
v -56.298368 6.198808 1.386299
v -54.302541 13.333649 -0.506051
v -56.832960 9.637788 1.631309
v -54.385053 6.200440 -0.000008
v -54.077672 7.758302 -0.267983
v -56.223951 6.366135 1.398918
v -55.804410 5.948319 1.073402
v -58.624311 24.390286 1.688888
v -54.289754 11.866219 -0.514458
v -59.206335 58.664525 -1.202256
v -56.179998 6.479432 1.406013
v -54.922857 5.948746 0.523582
v -54.052061 8.228555 -0.267128
v -56.827276 10.637307 1.611908
v -56.154928 6.569840 1.409401
v -61.291685 63.426602 0.167129
v -55.301877 5.948960 0.793571
v -60.144926 63.379517 -0.855561
v -56.137144 6.668458 1.410949
v -54.249250 6.367852 -0.000000
v -61.344968 63.438386 -0.000000
v -60.565526 48.300626 1.021171
v -56.123914 6.788201 1.410942
v -56.112478 6.941972 1.409660
v -54.325246 15.068497 -0.497399
v -60.062963 42.163705 1.278808
v -54.031316 8.847909 -0.265542
v -57.996023 53.711980 -1.269745
v -54.169332 6.481232 -0.000008
v -60.913145 53.711186 0.764633
v -56.100103 7.142655 1.407440
v -57.733816 20.343968 1.662132
v -57.292623 48.300645 -1.199936
v -56.825048 11.860184 1.590248
v -54.474782 6.200814 0.263740
v -55.655790 6.200921 1.088737
v -56.084043 7.403176 1.404533
v -54.124235 6.571778 0.000007
v -54.092931 6.670609 -0.000008
v -54.960348 24.389989 -0.701340
v -56.066167 7.753335 1.400161
v -54.018941 9.646081 -0.263001
v -54.070539 6.790658 -0.000000
v -56.542821 42.162751 -1.060761
v -59.407903 35.799950 1.497451
v -55.560842 6.368333 1.098465
v -54.052160 6.944856 -0.000000
v -56.048376 8.222932 1.393547
v -56.826742 13.328507 1.567314
v -54.727499 6.201386 0.530845
v -61.101140 58.652177 0.537231
v -55.126661 6.201600 0.804725
v -54.341886 6.368241 0.265998
v -54.369306 17.322099 -0.487709
v -54.032941 7.146111 0.000007
v -55.504812 6.481675 1.103958
v -59.671483 63.403104 -1.012352
v -56.032545 8.841798 1.383873
v -61.138441 63.403020 0.335235
v -54.015447 10.645219 -0.259690
v -55.472913 6.572099 1.106674
v -54.007993 7.407380 0.000007
v -55.450376 6.670747 1.108017
v -55.433729 6.790498 1.108253
v -54.263654 6.481622 0.267318
v -58.625471 58.667577 -1.249207
v -60.677465 68.149889 -0.471802
v -56.020559 9.639741 1.370338
v -55.795957 35.798440 -0.875107
v -55.419477 6.944291 1.107643
v -53.980932 7.758347 -0.000000
v -60.897016 68.208055 -0.313485
v -55.014753 6.369035 0.811790
v -58.624326 29.708844 1.628242
v -55.404127 7.144990 1.106407
v -54.602750 6.368798 0.535446
v -54.219472 6.572144 0.267974
v -57.758604 24.390050 1.616912
v -60.378622 68.120848 -0.632035
v -55.384222 7.405549 1.104789
v -53.955343 8.228715 0.000007
v -54.188749 6.670945 0.268364
v -56.832792 15.064393 1.544052
v -56.848142 17.319062 1.517707
v -56.013029 10.638894 1.353820
v -61.032537 68.266275 -0.156434
v -54.948774 6.482407 0.815803
v -54.037092 13.334870 -0.251610
v -54.166677 6.790955 0.268524
v -55.362150 7.755723 1.102050
v -54.911321 6.572869 0.817833
v -54.021329 11.867432 -0.255822
v -54.446180 20.345731 -0.476319
v -54.148496 6.945100 0.268539
v -54.529256 6.482209 0.538086
v -54.885023 6.671555 0.818916
v -53.934865 8.848176 -0.000000
v -54.129407 7.146294 0.268440
v -54.865789 6.791383 0.819244
v -55.340368 8.225289 1.097457
v -56.010564 11.861390 1.335174
v -54.487676 6.572694 0.539428
v -59.158407 63.426671 -1.124535
v -54.849546 6.945283 0.819007
v -54.104627 7.407449 0.268348
v -55.119306 29.707867 -0.675614
v -54.458623 6.671449 0.540184
v -54.832220 7.146127 0.818397
v -55.321279 8.844048 1.090240
v -53.923086 9.646447 -0.000000
v -54.063238 15.069650 -0.247231
v -54.077672 7.758302 0.267982
v -54.437604 6.791383 0.540466
v -60.891836 63.379456 0.505348
v -60.005239 68.150118 -0.794793
v -54.809713 7.406846 0.817604
v -58.045469 58.664334 -1.195618
v -54.420087 6.945390 0.540420
v -60.422574 53.711354 0.966980
v -56.877729 20.343755 1.485504
v -61.032537 68.266271 0.156417
v -57.391752 53.711373 -1.134682
v -54.401563 7.146424 0.540168
v -54.052061 8.228555 0.267120
v -55.307310 9.641816 1.079658
v -60.735471 58.649026 0.722259
v -54.784955 7.757203 0.815994
v -59.960325 48.301007 1.212066
v -53.920461 10.645676 -0.000008
v -61.079298 68.295379 -0.000000
v -56.013776 13.329346 1.315277
v -54.377523 7.407380 0.539833
v -56.023267 15.064881 1.294982
v -54.031316 8.847916 0.265541
v -54.760816 8.226929 0.812957
v -56.692380 48.299996 -1.004990
v -54.351240 7.757989 0.538971
v -55.299169 10.640725 1.066429
v -59.357084 42.164082 1.424385
v -54.111791 17.323106 -0.242348
v -54.567274 24.390752 -0.462464
v -57.795728 29.708569 1.558685
v -54.740194 8.845841 0.807853
v -54.325963 8.227998 0.537132
v -54.018941 9.646088 0.262977
v -53.927473 11.867936 -0.000000
v -59.576177 68.208467 -0.938218
v -53.944532 13.335389 -0.000000
v -55.297544 11.862901 1.051330
v -56.046194 17.319260 1.272087
v -55.980482 42.162358 -0.832566
v -54.304983 8.847131 0.533882
v -58.624364 35.800080 1.557800
v -54.726003 9.643647 0.800056
v -58.625951 63.438390 -1.167786
v -60.897016 68.208059 0.313461
v -54.015447 10.645219 0.259674
v -56.926504 24.389699 1.444679
v -54.291563 9.645112 0.528747
v -54.718893 10.642518 0.790130
v -55.303121 13.330521 1.035026
v -54.194791 20.346577 -0.236626
v -53.972120 15.070145 -0.000000
v -60.453397 73.219957 -0.435799
v -54.021329 11.867432 0.255813
v -55.314245 35.798596 -0.646386
v -60.642415 73.335851 -0.290284
v -55.316602 15.065743 1.018333
v -54.286283 10.644097 0.522125
v -60.192464 73.162144 -0.581742
v -54.719549 11.864617 0.778671
v -56.089681 20.343694 1.244384
v -60.757459 73.451816 -0.145073
v -59.110296 68.266790 -1.040398
v -54.289754 11.866227 0.514434
v -58.094396 63.426465 -1.117836
v -54.744054 29.708424 -0.445458
v -57.488424 58.657918 -1.068726
v -54.022459 17.323563 -0.000000
v -54.728635 13.332078 0.766243
v -54.037099 13.334863 0.251586
v -60.283201 58.652123 0.912368
v -55.346990 17.319817 0.999565
v -60.677465 68.149885 0.471809
v -60.558469 63.367696 0.678451
v -54.302541 13.333642 0.506057
v -59.861646 73.220466 -0.728287
v -59.861936 53.711770 1.146987
v -56.836111 53.710702 -0.950592
v -54.746816 15.067078 0.753440
v -57.841611 35.799775 1.491149
v -54.324270 24.391423 -0.229706
v -60.757459 73.451813 0.145065
v -56.999418 29.708119 1.392448
v -54.063238 15.069642 0.247222
v -59.304861 48.301408 1.349426
v -56.160871 24.389432 1.209663
v -54.325246 15.068497 0.497383
v -54.107770 20.346974 -0.000000
v -60.796483 73.509813 -0.000000
v -56.170431 48.299550 -0.789048
v -55.403303 20.343968 0.977134
v -58.624479 42.164239 1.481445
v -54.784543 17.320878 0.739105
v -58.626462 68.295866 -1.079537
v -59.478651 73.336801 -0.856415
v -54.111799 17.323106 0.242340
v -55.530302 42.162385 -0.615059
v -54.369314 17.322099 0.487709
v -60.642415 73.335851 0.290275
v -54.960218 35.798985 -0.426178
v -60.378622 68.120848 0.632026
v -54.852239 20.344769 0.722122
v -54.512258 29.708943 -0.221230
v -57.584173 63.402665 -0.999794
v -54.240278 24.391743 -0.000000
v -58.143537 68.266563 -1.033661
v -55.494527 24.389470 0.949386
v -60.226110 78.118103 -0.401780
v -54.194791 20.346585 0.236618
v -56.266897 29.707700 1.165710
v -54.446180 20.345731 0.476295
v -60.009641 77.962190 -0.531365
v -60.144926 63.379517 0.855567
v -56.976430 58.651421 -0.895798
v -59.061185 73.453041 -0.947129
v -60.377889 78.400444 -0.269516
v -57.089429 35.799245 1.332077
v -59.766195 58.658341 1.081176
v -57.892675 42.163914 1.417999
v -60.453405 73.219948 0.435775
v -60.469572 78.622962 -0.135254
v -54.960355 24.389989 0.701324
v -59.254880 53.712170 1.276306
v -56.352994 53.710179 -0.746628
v -59.723905 78.118913 -0.657608
v -54.324270 24.391423 0.229698
v -58.624685 48.301564 1.403106
v -54.567274 24.390752 0.462448
v -54.432218 29.709195 -0.000000
v -55.629690 29.707555 0.914718
v -55.752607 48.299466 -0.583100
v -60.469572 78.622959 0.135238
v -54.741628 35.799393 -0.211670
v -58.626943 73.511064 -0.981461
v -55.199491 42.162652 -0.405587
v -59.386556 78.401942 -0.766427
v -60.500387 78.719251 -0.000000
v -56.397611 35.798737 1.115203
v -57.680540 68.207968 -0.925568
v -57.115743 63.378758 -0.838814
v -60.192464 73.162138 0.581741
v -55.119306 29.707875 0.675598
v -58.193624 73.452783 -0.940377
v -60.377889 78.400451 0.269500
v -57.189512 42.163342 1.266830
v -60.005239 68.150114 0.794769
v -59.671483 63.403100 1.012359
v -54.512258 29.708943 0.221229
v -54.744062 29.708409 0.445434
v -57.945333 48.301221 1.342964
v -56.531568 58.647977 -0.704010
v -59.206335 58.664529 1.202247
v -59.839834 81.991538 -0.484635
v -59.015264 78.624905 -0.843758
v -54.666181 35.799596 0.000007
v -60.002050 82.372767 -0.374184
v -55.795949 35.798425 0.875091
v -58.625036 53.712327 1.326660
v -55.966299 53.710053 -0.551880
v -60.106687 83.015883 -0.255036
v -60.226110 78.118105 0.401756
v -54.995252 42.162949 -0.201455
v -55.445577 48.299638 -0.384568
v -59.601774 82.373744 -0.584313
v -60.172010 83.419406 -0.129174
v -55.314245 35.798592 0.646362
v -56.542829 42.162747 1.060737
v -57.256483 68.149280 -0.777939
v -57.779050 73.336252 -0.843728
v -54.741628 35.799393 0.211669
v -54.960226 35.798989 0.426170
v -58.627492 78.721291 -0.872895
v -56.709554 63.366563 -0.660035
v -57.292623 48.300637 1.199951
v -59.576177 68.208467 0.938209
v -60.172010 83.419417 0.129188
v -59.307523 83.017714 -0.667725
v -57.996023 53.711983 1.269737
v -60.009641 77.962185 0.531349
v -54.924772 42.163106 -0.000000
v -59.158407 63.426671 1.124534
v -58.240705 78.624598 -0.837098
v -59.861646 73.220465 0.728279
v -55.980482 42.162362 0.832550
v -56.175931 58.650670 -0.520646
v -60.194837 83.561282 0.000007
v -58.625463 58.667580 1.249198
v -59.711881 84.591334 -0.449959
v -60.106687 83.015893 0.255012
v -55.256010 48.299847 -0.191048
v -55.682172 53.710152 -0.364075
v -59.768690 85.778720 -0.366440
v -55.530294 42.162385 0.615051
v -58.976720 83.421862 -0.729348
v -56.692380 48.299996 1.004997
v -54.995252 42.162942 0.201446
v -55.199491 42.162644 0.405578
v -60.002050 82.372769 0.374191
v -57.401044 73.219539 -0.711365
v -59.522542 85.779515 -0.498917
v -56.890378 68.119591 -0.613472
v -59.827322 86.862817 -0.252938
v -57.391752 53.711350 1.134681
v -57.872365 78.401288 -0.753968
v -58.045469 58.664323 1.195617
v -56.386060 63.377827 -0.488594
v -55.190595 48.299996 -0.000000
v -59.110296 68.266798 1.040412
v -59.478651 73.336813 0.856422
v -59.867910 87.480893 -0.129052
v -56.170431 48.299550 0.789062
v -58.625959 63.438405 1.167800
v -55.914930 58.656480 -0.343598
v -58.628210 83.563870 -0.753128
v -55.506772 53.710320 -0.180878
v -59.839826 81.991538 0.484642
v -59.253576 86.864528 -0.556977
v -59.723905 78.118906 0.657600
v -58.280843 83.421450 -0.723008
v -55.752607 48.299454 0.583068
v -59.867910 87.480889 0.129043
v -56.836111 53.710694 0.950592
v -59.513525 88.130753 -0.391930
v -55.256017 48.299847 0.191024
v -55.445569 48.299626 0.384552
v -59.883695 87.673426 -0.000000
v -57.077444 73.160732 -0.563141
v -57.488424 58.657899 1.068733
v -59.827322 86.862822 0.252914
v -58.094396 63.426461 1.117836
v -57.539953 78.117834 -0.641068
v -58.949743 87.483359 -0.602921
v -55.446256 53.710423 -0.000000
v -55.754003 58.662381 -0.170746
v -56.352987 53.710179 0.746597
v -59.768697 85.778710 0.366439
v -58.626462 68.295889 1.079513
v -59.538282 89.621869 -0.269310
v -59.061185 73.453043 0.947143
v -57.953138 83.016904 -0.655945
v -56.601240 68.148081 -0.454941
v -59.386556 78.401940 0.766433
v -56.149511 63.400899 -0.322678
v -59.236738 89.622844 -0.430863
v -59.711881 84.591315 0.449966
v -55.966299 53.710049 0.551864
v -56.976423 58.651414 0.895774
v -59.601774 82.373744 0.584320
v -55.506772 53.710320 0.180885
v -58.629201 87.676055 -0.621453
v -55.682172 53.710145 0.364059
v -59.560392 90.447150 -0.137055
v -57.584173 63.402654 0.999801
v -55.698545 58.665353 -0.000000
v -58.143537 68.266558 1.033676
v -58.310087 87.482785 -0.597222
v -57.261167 77.960577 -0.513207
v -56.531560 58.647973 0.704010
v -57.663663 82.372466 -0.568947
v -59.560392 90.447152 0.137062
v -56.004163 63.424092 -0.160431
v -56.391538 68.205709 -0.300843
v -58.938528 90.448872 -0.463532
v -56.826040 73.217909 -0.418869
v -59.570783 90.693347 0.000007
v -58.626935 73.511076 0.981453
v -59.241170 91.430749 -0.293374
v -56.175931 58.650670 0.520637
v -57.115743 63.378766 0.838813
v -59.538282 89.621863 0.269302
v -55.754003 58.662385 0.170745
v -59.015264 78.624899 0.843765
v -59.522550 85.779504 0.498924
v -55.914930 58.656476 0.343582
v -59.307523 83.017712 0.667717
v -59.513525 88.130753 0.391914
v -58.009786 86.863438 -0.546433
v -57.680540 68.207987 0.925567
v -55.954298 63.435727 0.000007
v -58.193624 73.452776 0.940376
v -56.709554 63.366544 0.660026
v -58.630559 90.695178 -0.477128
v -57.431989 81.989713 -0.467919
v -59.251028 92.426469 -0.148545
v -56.263746 68.263508 -0.149682
v -56.004171 63.424084 0.160408
v -56.646680 73.333170 -0.277604
v -56.386060 63.377831 0.488586
v -58.324491 90.448092 -0.458893
v -57.053754 78.115797 -0.385224
v -57.745710 85.777892 -0.485276
v -58.937566 92.427209 -0.314423
v -57.256483 68.149271 0.777923
v -56.149511 63.400903 0.322662
v -58.627492 78.721305 0.872894
v -59.253576 86.864541 0.556961
v -59.251028 92.426486 0.148536
v -59.257314 92.721297 -0.000000
v -57.779050 73.336256 0.843727
v -58.976720 83.421855 0.729347
v -56.220319 68.292425 -0.000000
v -56.890378 68.119589 0.613464
v -56.263746 68.263489 0.149665
v -57.560743 84.589331 -0.435105
v -59.241170 91.430753 0.293396
v -59.236738 89.622823 0.430854
v -58.030706 89.621302 -0.422173
v -56.539197 73.448622 -0.138298
v -58.240705 78.624593 0.837104
v -56.391538 68.205715 0.300827
v -56.601240 68.148071 0.454940
v -58.631948 92.722100 -0.323334
v -58.941389 93.527184 -0.158829
v -56.911123 78.397414 -0.257058
v -57.277700 82.370242 -0.358811
v -57.401044 73.219534 0.711372
v -57.759580 88.128596 -0.380379
v -58.328756 92.426183 -0.311142
v -56.503423 73.506420 0.000007
v -57.077444 73.160730 0.563125
v -58.949743 87.483350 0.602920
v -57.509206 85.776196 -0.352814
v -56.539197 73.448623 0.138298
v -58.628210 83.563863 0.753135
v -57.872365 78.401290 0.753967
v -58.944494 93.857579 0.000015
v -58.941389 93.527196 0.158828
v -56.826673 78.619347 -0.128594
v -56.646680 73.333158 0.277572
v -56.826040 73.217901 0.418876
v -57.181066 83.012654 -0.243248
v -58.633047 93.857570 -0.163247
v -58.030645 91.428796 -0.287140
v -58.938528 90.448872 0.463523
v -58.937574 92.427201 0.314415
v -58.280836 83.421460 0.722999
v -57.539945 78.117842 0.641067
v -57.740270 89.619119 -0.260621
v -58.327558 93.525937 -0.157143
v -56.798994 78.715403 0.000007
v -57.457212 86.859626 -0.242394
v -57.261175 77.960573 0.513206
v -56.826673 78.619345 0.128585
v -58.629201 87.676053 0.621437
v -57.122335 83.415570 -0.122849
v -58.633520 94.202451 -0.000000
v -57.953145 83.016913 0.655944
v -56.911123 78.397433 0.257041
v -57.053754 78.115804 0.385223
v -58.633047 93.857564 0.163261
v -58.024335 92.424140 -0.145279
v -58.310087 87.482806 0.597206
v -57.663663 82.372466 0.568939
v -58.630559 90.695180 0.477134
v -58.631948 92.722085 0.323341
v -58.325597 93.856246 -0.000000
v -57.102437 83.557151 -0.000000
v -57.422323 87.477134 -0.123345
v -57.722791 90.443915 -0.132416
v -57.431989 81.989707 0.467926
v -57.122335 83.415564 0.122833
v -57.181066 83.012654 0.243240
v -57.277700 82.370244 0.358818
v -58.009786 86.863450 0.546432
v -58.324491 90.448087 0.458892
v -58.019628 92.718787 -0.000000
v -57.409147 87.669402 -0.000000
v -57.745710 85.777884 0.485282
v -58.327558 93.525939 0.157142
v -58.328756 92.426173 0.311142
v -57.714506 90.689891 0.000007
v -57.560743 84.589339 0.435112
v -57.422323 87.477128 0.123352
v -57.509206 85.776189 0.352813
v -57.457212 86.859612 0.242370
v -58.030706 89.621321 0.422164
v -58.024335 92.424130 0.145263
v -57.722791 90.443919 0.132423
v -57.759580 88.128619 0.380378
v -58.030645 91.428750 0.287124
v -57.740270 89.619120 0.260612
v -59.425230 0.296922 -1.581154
v -59.402364 0.406327 -1.593041
v -58.976102 0.674905 -1.743424
v -58.663930 0.676301 -1.776185
v -58.625974 0.669663 -1.780205
v -58.276487 0.623811 -1.744019
v -57.503095 0.433671 -1.372712
v -57.361959 0.360337 -1.258233
v -57.309034 0.324052 -1.192727
v -57.132322 0.115601 -0.964989
v -59.410451 0.161958 -1.589287
v -58.238615 0.620492 -1.732384
v -57.685110 0.502366 -1.505440
v -59.886396 0.000001 -1.260514
v -60.106275 0.000001 -0.989838
v -60.270093 0.000001 -0.681061
v -60.372594 0.000001 -0.346871
v -60.408521 0.000001 -0.000000
v -60.372594 0.000001 0.346870
v -57.344724 0.000001 -0.884186
v -57.453908 0.000001 -0.897782
v -60.270093 0.000001 0.681045
v -60.106275 0.000001 0.989830
v -56.981687 0.000001 -0.681061
v -57.087583 0.000001 -0.880654
v -59.886404 0.000001 1.260505
v -59.615720 0.000001 1.480384
v -59.306943 0.000001 1.644210
v -58.972768 0.000001 1.746711
v -58.625890 0.000001 1.782630
v -58.279020 0.000001 1.746711
v -57.944837 0.000001 1.644203
v -57.636060 0.000001 1.480384
v -59.615720 0.000001 -1.480385
v -59.248151 0.000001 -1.492524
v -59.392568 0.000001 -1.598771
v -59.175916 0.082345 -1.427681
v -58.530447 0.000001 -1.158463
v -59.053236 0.000001 -1.378937
v -57.981290 0.000001 -0.996102
v -56.879186 0.000001 -0.346878
v -56.879186 0.000001 0.346885
v -56.843267 0.000001 0.000007
v -56.981687 0.000001 0.681045
v -57.145505 0.000001 0.989822
v -57.365385 0.000001 1.260505
vt 0.624106 0.937323
vt 0.624040 0.937500
vt 0.624209 0.968750
vt 0.624247 0.968632
vt 0.623933 0.936790
vt 0.624125 0.968277
vt 0.624044 0.906132
vt 0.623906 0.906250
vt 0.623810 0.937500
vt 0.624066 0.968750
vt 0.623608 0.906250
vt 0.624024 0.905777
vt 0.623287 0.935489
vt 0.623542 0.966975
vt 0.623492 0.937500
vt 0.623871 0.968750
vt 0.623148 0.906250
vt 0.623457 0.904712
vt 0.623070 0.937500
vt 0.622568 0.906250
vt 0.621935 0.933004
vt 0.622195 0.964016
vt 0.623611 0.968750
vt 0.621958 0.902466
vt 0.622530 0.937500
vt 0.621910 0.906250
vt 0.623272 0.968750
vt 0.619529 0.928694
vt 0.620000 0.959405
vt 0.621780 0.937500
vt 0.620913 0.906250
vt 0.619525 0.898805
vt 0.624427 1.000000
vt 0.624458 1.000000
vt 0.624397 1.000000
vt 0.624489 1.000000
vt 0.622829 0.968750
vt 0.624366 1.000000
vt 0.624269 1.000000
vt 0.622597 0.995264
vt 0.624023 0.875000
vt 0.623790 0.875000
vt 0.615720 0.921913
vt 0.616870 0.953148
vt 0.624172 1.000000
vt 0.623557 0.875000
vt 0.624256 0.875000
vt 0.622822 0.875000
vt 0.624489 0.875000
vt 0.620726 0.937500
vt 0.619316 0.906250
vt 0.622086 0.875000
vt 0.620704 0.990529
vt 0.624075 1.000000
vt 0.621351 0.875000
vt 0.616157 0.893498
vt 0.622257 0.968750
vt 0.622122 0.872164
vt 0.620616 0.875000
vt 0.618812 0.985793
vt 0.623978 1.000000
vt 0.619754 0.869329
vt 0.619403 0.937500
vt 0.617341 0.906250
vt 0.609228 0.910374
vt 0.611070 0.941131
vt 0.621543 0.968750
vt 0.617966 0.875000
vt 0.623850 1.000000
vt 0.609766 0.883846
vt 0.624458 0.000000
vt 0.624427 0.000000
vt 0.624240 0.031547
vt 0.624162 0.032439
vt 0.624489 0.000000
vt 0.623667 0.035531
vt 0.624397 0.000000
vt 0.624189 0.031250
vt 0.617387 0.866493
vt 0.624366 0.000000
vt 0.624048 0.031250
vt 0.616920 0.981057
vt 0.622597 0.010464
vt 0.622469 0.042429
vt 0.624269 0.000000
vt 0.623856 0.031250
vt 0.620704 0.020928
vt 0.620555 0.053297
vt 0.624172 0.000000
vt 0.623598 0.031250
vt 0.615317 0.875000
vt 0.617849 0.937500
vt 0.615212 0.906250
vt 0.624075 0.000000
vt 0.623262 0.031250
vt 0.618812 0.031393
vt 0.617914 0.068304
vt 0.620675 0.968750
vt 0.623722 1.000000
vt 0.598771 0.891785
vt 0.600865 0.919239
vt 0.623906 0.906250
vt 0.624044 0.906132
vt 0.624024 0.905777
vt 0.623608 0.906250
vt 0.623148 0.906250
vt 0.623457 0.904712
vt 0.623978 0.000000
vt 0.622822 0.031250
vt 0.622568 0.906250
vt 0.615020 0.863657
vt 0.621958 0.902466
vt 0.621910 0.906250
vt 0.603753 0.948103
vt 0.598262 0.867150
vt 0.616920 0.041857
vt 0.612883 0.096717
vt 0.619525 0.898805
vt 0.620913 0.906250
vt 0.623850 0.000000
vt 0.622252 0.031250
vt 0.612668 0.875000
vt 0.615945 0.937500
vt 0.619635 0.968750
vt 0.623594 1.000000
vt 0.612536 0.906250
vt 0.616157 0.893498
vt 0.619316 0.906250
vt 0.623931 0.064552
vt 0.623421 0.067956
vt 0.624076 0.063013
vt 0.623996 0.062500
vt 0.622404 0.074066
vt 0.603753 0.114674
vt 0.603802 0.147805
vt 0.623767 0.062500
vt 0.623722 0.000000
vt 0.621540 0.031250
vt 0.620511 0.085097
vt 0.623468 0.062500
vt 0.585582 0.868342
vt 0.587959 0.891524
vt 0.598547 0.843925
vt 0.623057 0.062500
vt 0.617370 0.103267
vt 0.617341 0.906250
vt 0.590585 0.915150
vt 0.609766 0.883846
vt 0.610018 0.875000
vt 0.623466 1.000000
vt 0.622495 0.062500
vt 0.583704 0.846046
vt 0.613571 0.937500
vt 0.618408 0.968750
vt 0.612196 0.133067
vt 0.608922 0.906250
vt 0.615212 0.906250
vt 0.621738 0.062500
vt 0.623594 0.000000
vt 0.620673 0.031250
vt 0.590585 0.187490
vt 0.592309 0.212456
vt 0.604206 0.178987
vt 0.623339 1.000000
vt 0.620742 0.062500
vt 0.598262 0.867150
vt 0.624040 0.937500
vt 0.624106 0.937323
vt 0.623933 0.936790
vt 0.623810 0.937500
vt 0.623287 0.935489
vt 0.623492 0.937500
vt 0.574057 0.862038
vt 0.577418 0.882196
vt 0.570899 0.842241
vt 0.604367 0.875000
vt 0.623070 0.937500
vt 0.621935 0.933004
vt 0.582075 0.824192
vt 0.612536 0.906250
vt 0.622530 0.937500
vt 0.619528 0.928694
vt 0.623466 0.000000
vt 0.619634 0.031250
vt 0.621780 0.937500
vt 0.577418 0.260307
vt 0.580041 0.281561
vt 0.619476 0.062500
vt 0.609815 0.937500
vt 0.616322 0.968750
vt 0.594144 0.236810
vt 0.604074 0.906250
vt 0.568149 0.823170
vt 0.615720 0.921913
vt 0.623833 0.096010
vt 0.623363 0.099400
vt 0.622467 0.105049
vt 0.623961 0.094315
vt 0.620726 0.937500
vt 0.508251 0.679068
vt 0.507813 0.678585
vt 0.500000 0.678585
vt 0.500251 0.681266
vt 0.620680 0.115760
vt 0.623830 0.093750
vt 0.492188 0.678585
vt 0.500000 0.677310
vt 0.492188 0.677310
vt 0.623525 0.093750
vt 0.617536 0.134333
vt 0.516377 0.677158
vt 0.516292 0.677320
vt 0.513718 0.677734
vt 0.512912 0.678115
vt 0.513006 0.678585
vt 0.509568 0.674495
vt 0.501004 0.683285
vt 0.623129 0.093750
vt 0.623339 0.000000
vt 0.618408 0.031250
vt 0.492752 0.682596
vt 0.559090 0.830397
vt 0.564251 0.849242
vt 0.623211 1.000000
vt 0.608922 0.906250
vt 0.583704 0.846045
vt 0.612571 0.163570
vt 0.622580 0.093750
vt 0.582756 0.302314
vt 0.617911 0.062500
vt 0.518633 0.666854
vt 0.609228 0.910374
vt 0.619404 0.937500
vt 0.554959 0.813907
vt 0.564251 0.333123
vt 0.566866 0.355803
vt 0.494447 0.688607
vt 0.514208 0.650600
vt 0.500000 0.688440
vt 0.598716 0.875000
vt 0.517448 0.677094
vt 0.621817 0.093750
vt 0.523648 0.640148
vt 0.499845 0.702010
vt 0.605319 0.206273
vt 0.565602 0.804460
vt 0.524619 0.593120
vt 0.516063 0.599611
vt 0.484375 0.678534
vt 0.484375 0.677247
vt 0.667152 0.000000
vt 0.668742 0.000000
vt 0.665771 0.000000
vt 0.607319 0.000000
vt 0.632854 0.000000
vt 0.644409 0.000000
vt 0.516063 0.728640
vt 0.511518 0.728198
vt 0.668626 0.000000
vt 0.542993 0.796221
vt 0.548188 0.809041
vt 0.620779 0.093750
vt 0.548188 0.421952
vt 0.552651 0.435869
vt 0.485222 0.683032
vt 0.532674 0.589511
vt 0.526695 0.664979
vt 0.524796 0.674083
vt 0.520411 0.674565
vt 0.520045 0.674664
vt 0.570342 0.373729
vt 0.551439 0.798503
vt 0.538275 0.516670
vt 0.532125 0.510782
vt 0.617849 0.937500
vt 0.532125 0.768841
vt 0.526792 0.761493
vt 0.596206 0.259939
vt 0.487765 0.690402
vt 0.544323 0.523154
vt 0.531582 0.638343
vt 0.598771 0.891784
vt 0.538001 0.783762
vt 0.616013 0.062500
vt 0.557205 0.449285
vt 0.603763 0.937500
vt 0.612705 0.968750
vt 0.493979 0.703694
vt 0.597696 0.906250
vt 0.619404 0.093750
vt 0.623211 0.000000
vt 0.616322 0.031250
vt 0.604074 0.906250
vt 0.615945 0.937500
vt 0.505844 0.725960
vt 0.539726 0.591669
vt 0.521227 0.753787
vt 0.585655 0.322067
vt 0.568149 0.823170
vt 0.550167 0.530829
vt 0.533416 0.772028
vt 0.623083 1.000000
vt 0.574092 0.390154
vt 0.617648 0.093750
vt 0.549130 0.784727
vt 0.476563 0.678380
vt 0.476563 0.677058
vt 0.561943 0.461700
vt 0.477127 0.682545
vt 0.593065 0.875000
vt 0.624209 0.968750
vt 0.624247 0.968632
vt 0.624125 0.968277
vt 0.624066 0.968750
vt 0.623542 0.966975
vt 0.538764 0.640863
vt 0.534255 0.665987
vt 0.623871 0.968750
vt 0.613752 0.062500
vt 0.478822 0.688607
vt 0.622195 0.964016
vt 0.623611 0.968750
vt 0.585583 0.868342
vt 0.515199 0.745364
vt 0.613571 0.937500
vt 0.623272 0.968750
vt 0.484724 0.699994
vt 0.620000 0.959405
vt 0.497909 0.720133
vt 0.546277 0.596709
vt 0.622829 0.968750
vt 0.623409 0.130353
vt 0.622600 0.135705
vt 0.623813 0.127141
vt 0.620959 0.145853
vt 0.615466 0.093750
vt 0.623886 0.125535
vt 0.618062 0.163450
vt 0.616870 0.953148
vt 0.744195 0.000000
vt 0.739909 0.000000
vt 0.623703 0.125000
vt 0.613482 0.191151
vt 0.529035 0.760655
vt 0.623336 0.125000
vt 0.551439 0.798503
vt 0.622257 0.968750
vt 0.555909 0.539100
vt 0.606791 0.231610
vt 0.659476 0.000000
vt 0.581597 0.000000
vt 0.583766 0.000000
vt 0.622860 0.125000
vt 0.623083 0.000000
vt 0.612705 0.031250
vt 0.597696 0.906250
vt 0.610007 0.062500
vt 0.598383 0.282456
vt 0.611070 0.941131
vt 0.622198 0.125000
vt 0.566773 0.473615
vt 0.621543 0.968750
vt 0.588650 0.341319
vt 0.577982 0.405829
vt 0.508940 0.736583
vt 0.621272 0.125000
vt 0.609815 0.937500
vt 0.468750 0.678175
vt 0.468750 0.676619
vt 0.612813 0.093750
vt 0.570899 0.842241
vt 0.541816 0.666996
vt 0.545946 0.643384
vt 0.592971 0.937500
vt 0.603027 0.968750
vt 0.587226 0.906250
vt 0.468750 0.681596
vt 0.488845 0.712512
vt 0.468750 0.685018
vt 0.620007 0.125000
vt 0.620675 0.968750
vt 0.468750 0.688440
vt 0.600865 0.919239
vt 0.552830 0.601749
vt 0.533416 0.772028
vt 0.622955 1.000000
vt 0.618325 0.125000
vt 0.587414 0.875000
vt 0.619635 0.968750
vt 0.561655 0.547371
vt 0.729917 0.000000
vt 0.609646 0.093750
vt 0.603660 0.062500
vt 0.554959 0.813907
vt 0.515199 0.745364
vt 0.571609 0.485530
vt 0.587959 0.891524
vt 0.616173 0.125000
vt 0.603763 0.937500
vt 0.618408 0.968750
vt 0.581878 0.421503
vt 0.622955 0.000000
vt 0.603027 0.031250
vt 0.587226 0.906250
vt 0.497909 0.720133
vt 0.476563 0.677058
vt 0.476563 0.678380
vt 0.604843 0.093750
vt 0.549377 0.668004
vt 0.553130 0.645904
vt 0.591651 0.360571
vt 0.477127 0.682545
vt 0.484724 0.699994
vt 0.613497 0.125000
vt 0.478822 0.688607
vt 0.600569 0.304973
vt 0.538001 0.783762
vt 0.624427 1.000000
vt 0.624458 1.000000
vt 0.624397 1.000000
vt 0.547501 0.677445
vt 0.545912 0.677394
vt 0.540843 0.676148
vt 0.539983 0.676047
vt 0.624489 1.000000
vt 0.624366 1.000000
vt 0.559384 0.606789
vt 0.608272 0.256947
vt 0.624269 1.000000
vt 0.622597 0.995264
vt 0.624172 1.000000
vt 0.574057 0.862038
vt 0.614402 0.218732
vt 0.618599 0.192568
vt 0.620704 0.990529
vt 0.621251 0.175947
vt 0.624075 1.000000
vt 0.622746 0.166362
vt 0.623471 0.161306
vt 0.547478 0.677486
vt 0.623816 0.158272
vt 0.623845 0.156756
vt 0.623978 1.000000
vt 0.618812 0.985793
vt 0.616322 0.968750
vt 0.555250 0.677697
vt 0.555132 0.677883
vt 0.553816 0.677804
vt 0.623623 0.156250
vt 0.808946 0.000000
vt 0.739909 0.000000
vt 0.787326 0.000000
vt 0.792038 0.000000
vt 0.805594 0.000000
vt 0.567403 0.555642
vt 0.623213 0.156250
vt 0.610245 0.125000
vt 0.623850 1.000000
vt 0.622682 0.156250
vt 0.574995 0.937500
vt 0.582759 0.968750
vt 0.521227 0.753787
vt 0.616920 0.981057
vt 0.570104 0.906250
vt 0.621941 0.156250
vt 0.592627 0.062500
vt 0.623722 1.000000
vt 0.597284 0.093750
vt 0.803548 0.000000
vt 0.620903 0.156250
vt 0.576446 0.497444
vt 0.559090 0.830397
vt 0.556938 0.669012
vt 0.591961 1.000000
vt 0.592971 0.937500
vt 0.603753 0.948103
vt 0.505844 0.725960
vt 0.566650 0.875000
vt 0.619481 0.156250
vt 0.623594 1.000000
vt 0.560313 0.648424
vt 0.606364 0.125000
vt 0.493979 0.703694
vt 0.585777 0.437178
vt 0.485222 0.683032
vt 0.484375 0.678534
vt 0.612705 0.968750
vt 0.487765 0.690402
vt 0.617588 0.156250
vt 0.590585 0.915150
vt 0.542993 0.796221
vt 0.565939 0.611830
vt 0.623466 1.000000
vt 0.591961 0.000000
vt 0.582759 0.031250
vt 0.570104 0.906250
vt 0.594657 0.379824
vt 0.615167 0.156250
vt 0.791164 0.000000
vt 0.780486 0.000000
vt 0.563000 0.677949
vt 0.562742 0.678277
vt 0.558778 0.678032
vt 0.623339 1.000000
vt 0.573151 0.563913
vt 0.600920 0.125000
vt 0.602760 0.327490
vt 0.526792 0.761493
vt 0.577418 0.882196
vt 0.585850 0.093750
vt 0.612163 0.156250
vt 0.609759 0.282284
vt 0.564499 0.670020
vt 0.511518 0.728198
vt 0.581286 0.509359
vt 0.615329 0.246313
vt 0.623211 1.000000
vt 0.574823 0.062500
vt 0.564251 0.849242
vt 0.484375 0.677247
vt 0.492188 0.677310
vt 0.492188 0.678585
vt 0.603027 0.968750
vt 0.499845 0.702010
vt 0.567497 0.650944
vt 0.592981 0.125000
vt 0.619142 0.221685
vt 0.608520 0.156250
vt 0.492752 0.682596
vt 0.624240 0.031547
vt 0.624427 0.000000
vt 0.624458 0.000000
vt 0.624162 0.032439
vt 0.624489 0.000000
vt 0.623667 0.035531
vt 0.624189 0.031250
vt 0.624397 0.000000
vt 0.494447 0.688607
vt 0.624048 0.031250
vt 0.624366 0.000000
vt 0.622597 0.010464
vt 0.622469 0.042429
vt 0.574995 0.937500
vt 0.623856 0.031250
vt 0.624269 0.000000
vt 0.621549 0.206040
vt 0.620704 0.020928
vt 0.620555 0.053297
vt 0.623598 0.031250
vt 0.624172 0.000000
vt 0.622901 0.197018
vt 0.623262 0.031250
vt 0.624075 0.000000
vt 0.618812 0.031393
vt 0.617914 0.068304
vt 0.623547 0.192259
vt 0.623838 0.189404
vt 0.552886 0.937500
vt 0.556836 0.968750
vt 0.622822 0.031250
vt 0.623978 0.000000
vt 0.572494 0.616870
vt 0.589679 0.452852
vt 0.549296 0.906250
vt 0.623830 0.187976
vt 0.548188 0.809041
vt 0.616920 0.041857
vt 0.612883 0.096717
vt 0.623579 0.187500
vt 0.623142 0.187500
vt 0.622252 0.031250
vt 0.623850 0.000000
vt 0.622574 0.187500
vt 0.560967 1.000000
vt 0.603753 0.114674
vt 0.603802 0.147805
vt 0.621782 0.187500
vt 0.621540 0.031250
vt 0.623722 0.000000
vt 0.623083 1.000000
vt 0.545886 0.875000
vt 0.604182 0.156250
vt 0.532125 0.768841
vt 0.578900 0.572184
vt 0.597666 0.399076
vt 0.620672 0.187500
vt 0.590585 0.187490
vt 0.592309 0.212456
vt 0.620673 0.031250
vt 0.623594 0.000000
vt 0.619150 0.187500
vt 0.570749 0.678201
vt 0.572060 0.671028
vt 0.516063 0.728640
vt 0.569419 0.093750
vt 0.560967 0.000000
vt 0.556834 0.031250
vt 0.581614 0.125000
vt 0.549296 0.906250
vt 0.577418 0.260307
vt 0.580041 0.281561
vt 0.617122 0.187500
vt 0.604954 0.350007
vt 0.500000 0.688440
vt 0.574680 0.653464
vt 0.619634 0.031250
vt 0.623466 0.000000
vt 0.586125 0.521274
vt 0.570313 0.678585
vt 0.569527 0.678585
vt 0.564600 0.678334
vt 0.500251 0.681266
vt 0.500000 0.678585
vt 0.501004 0.683285
vt 0.598333 0.156250
vt 0.582759 0.968750
vt 0.623339 0.000000
vt 0.618408 0.031250
vt 0.564251 0.333123
vt 0.566866 0.355803
vt 0.614533 0.187500
vt 0.570313 0.678391
vt 0.579048 0.621910
vt 0.611249 0.307621
vt 0.622955 1.000000
vt 0.553013 0.062500
vt 0.548188 0.421952
vt 0.552651 0.435869
vt 0.593579 0.468526
vt 0.611330 0.187500
vt 0.616259 0.273895
vt 0.623211 0.000000
vt 0.616322 0.031250
vt 0.552886 0.937500
vt 0.578125 0.678534
vt 0.578468 0.678783
vt 0.584647 0.580455
vt 0.532125 0.510782
vt 0.538275 0.516670
vt 0.590156 0.156250
vt 0.579496 0.673407
vt 0.619688 0.250803
vt 0.607456 0.187500
vt 0.516063 0.599611
vt 0.524619 0.593120
vt 0.578125 0.677247
vt 0.573075 0.677283
vt 0.570941 0.678214
vt 0.500000 0.677310
vt 0.507813 0.677310
vt 0.507813 0.678585
vt 0.621851 0.236133
vt 0.600674 0.418328
vt 0.565885 0.125000
vt 0.623931 0.064552
vt 0.623421 0.067956
vt 0.624076 0.063013
vt 0.622404 0.074066
vt 0.581677 0.658040
vt 0.623996 0.062500
vt 0.620511 0.085097
vt 0.529694 0.937500
vt 0.530191 0.968750
vt 0.623767 0.062500
vt 0.514208 0.650600
vt 0.508251 0.679068
vt 0.623468 0.062500
vt 0.617370 0.103267
vt 0.527766 0.906250
vt 0.623061 0.227674
vt 0.623057 0.062500
vt 0.509568 0.674495
vt 0.612196 0.133067
vt 0.623629 0.223212
vt 0.622495 0.062500
vt 0.590962 0.533189
vt 0.623870 0.220535
vt 0.623083 0.000000
vt 0.612705 0.031250
vt 0.604206 0.178987
vt 0.529972 1.000000
vt 0.621738 0.062500
vt 0.623831 0.219196
vt 0.623560 0.218750
vt 0.602858 0.187500
vt 0.585477 0.628321
vt 0.549813 0.093750
vt 0.623107 0.218750
vt 0.594144 0.236810
vt 0.620742 0.062500
vt 0.525123 0.875000
vt 0.622517 0.218750
vt 0.582756 0.302314
vt 0.607147 0.372524
vt 0.619476 0.062500
vt 0.591961 1.000000
vt 0.621695 0.218750
vt 0.529972 0.000000
vt 0.530188 0.031250
vt 0.570342 0.373729
vt 0.620542 0.218750
vt 0.585938 0.678380
vt 0.586124 0.680025
vt 0.556836 0.968750
vt 0.527766 0.906250
vt 0.578837 0.156250
vt 0.617911 0.062500
vt 0.597478 0.484201
vt 0.590368 0.589012
vt 0.557205 0.449285
vt 0.618962 0.218750
vt 0.586685 0.678527
vt 0.544323 0.523154
vt 0.515625 0.677310
vt 0.515625 0.678585
vt 0.596783 0.187500
vt 0.612739 0.332958
vt 0.616013 0.062500
vt 0.616855 0.218750
vt 0.588302 0.666729
vt 0.622955 0.000000
vt 0.603027 0.031250
vt 0.532674 0.589511
vt 0.516377 0.677158
vt 0.518633 0.666854
vt 0.523648 0.640148
vt 0.529962 0.062500
vt 0.595821 0.544876
vt 0.614172 0.218750
vt 0.613752 0.062500
vt 0.603679 0.437581
vt 0.591659 0.637474
vt 0.617188 0.301476
vt 0.529694 0.937500
vt 0.547337 0.125000
vt 0.610861 0.218750
vt 0.610007 0.062500
vt 0.593750 0.678175
vt 0.593750 0.681596
vt 0.588478 0.187500
vt 0.620234 0.279920
vt 0.596038 0.598140
vt 0.593750 0.685018
vt 0.601409 0.499534
vt 0.523438 0.677310
vt 0.523438 0.678585
vt 0.622154 0.266227
vt 0.606871 0.218750
vt 0.563558 0.156250
vt 0.609337 0.395041
vt 0.507752 0.937500
vt 0.506087 0.968750
vt 0.593750 0.688440
vt 0.524252 0.676689
vt 0.507269 0.906250
vt 0.560967 1.000000
vt 0.622467 0.105049
vt 0.620680 0.115760
vt 0.617536 0.134333
vt 0.623363 0.099400
vt 0.612571 0.163570
vt 0.528852 0.093750
vt 0.605319 0.206273
vt 0.623833 0.096010
vt 0.596206 0.259939
vt 0.526695 0.664979
vt 0.585655 0.322067
vt 0.623961 0.094315
vt 0.623221 0.258330
vt 0.574092 0.390154
vt 0.623830 0.093750
vt 0.561943 0.461700
vt 0.623525 0.093750
vt 0.531582 0.638343
vt 0.550167 0.530829
vt 0.623129 0.093750
vt 0.498978 1.000000
vt 0.539726 0.591669
vt 0.623714 0.254165
vt 0.622580 0.093750
vt 0.591961 0.000000
vt 0.582759 0.031250
vt 0.603660 0.062500
vt 0.623907 0.251666
vt 0.621817 0.093750
vt 0.597716 0.647997
vt 0.600724 0.556107
vt 0.623841 0.250417
vt 0.504359 0.875000
vt 0.620779 0.093750
vt 0.623556 0.250000
vt 0.623093 0.250000
vt 0.619404 0.093750
vt 0.530191 0.968750
vt 0.622492 0.250000
vt 0.602151 0.218750
vt 0.498978 0.000000
vt 0.506082 0.031250
vt 0.606705 0.456605
vt 0.586124 0.680025
vt 0.585938 0.678380
vt 0.577191 0.187500
vt 0.614225 0.358295
vt 0.621653 0.250000
vt 0.617648 0.093750
vt 0.507269 0.906250
vt 0.601682 0.607554
vt 0.586685 0.678527
vt 0.531250 0.677310
vt 0.531250 0.678585
vt 0.620477 0.250000
vt 0.615466 0.093750
vt 0.532001 0.676941
vt 0.605406 0.514183
vt 0.588302 0.666729
vt 0.534255 0.665987
vt 0.618864 0.250000
vt 0.592627 0.062500
vt 0.538764 0.640863
vt 0.595974 0.218750
vt 0.546277 0.596709
vt 0.508017 0.062500
vt 0.612813 0.093750
vt 0.618114 0.329057
vt 0.616716 0.250000
vt 0.555909 0.539100
vt 0.605649 0.567111
vt 0.527510 0.125000
vt 0.591659 0.637474
vt 0.566773 0.473615
vt 0.611553 0.417280
vt 0.578468 0.678783
vt 0.578125 0.678534
vt 0.577982 0.405829
vt 0.507752 0.937500
vt 0.539063 0.677310
vt 0.539063 0.678585
vt 0.613985 0.250000
vt 0.579496 0.673407
vt 0.588650 0.341319
vt 0.609646 0.093750
vt 0.545686 0.156250
vt 0.539751 0.677193
vt 0.620777 0.309038
vt 0.598383 0.282456
vt 0.596038 0.598140
vt 0.541816 0.666996
vt 0.581677 0.658040
vt 0.609775 0.475174
vt 0.560967 0.000000
vt 0.556834 0.031250
vt 0.545946 0.643384
vt 0.606791 0.231610
vt 0.587615 0.218750
vt 0.610623 0.250000
vt 0.604843 0.093750
vt 0.562168 0.187500
vt 0.609615 0.526668
vt 0.529972 1.000000
vt 0.552830 0.601749
vt 0.622452 0.296320
vt 0.613482 0.191151
vt 0.585477 0.628321
vt 0.570749 0.678201
vt 0.570313 0.678585
vt 0.489387 0.937500
vt 0.487787 0.968750
vt 0.508357 0.093750
vt 0.561655 0.547371
vt 0.546875 0.677310
vt 0.546875 0.678585
vt 0.618062 0.163450
vt 0.489556 0.906250
vt 0.620959 0.145853
vt 0.615796 0.382746
vt 0.572060 0.671028
vt 0.547501 0.677445
vt 0.623379 0.288987
vt 0.622600 0.135705
vt 0.623409 0.130353
vt 0.485471 1.000000
vt 0.571609 0.485530
vt 0.623813 0.127141
vt 0.600724 0.556107
vt 0.606583 0.250000
vt 0.623886 0.125535
vt 0.549377 0.668004
vt 0.623703 0.125000
vt 0.623796 0.285118
vt 0.574823 0.062500
vt 0.623336 0.125000
vt 0.574680 0.653464
vt 0.622860 0.125000
vt 0.590368 0.589012
vt 0.623943 0.282797
vt 0.489009 0.875000
vt 0.581878 0.421503
vt 0.553130 0.645904
vt 0.622198 0.125000
vt 0.554688 0.677310
vt 0.554688 0.678585
vt 0.563000 0.677949
vt 0.562500 0.678585
vt 0.623852 0.281637
vt 0.621272 0.125000
vt 0.597284 0.093750
vt 0.555250 0.677697
vt 0.623555 0.281250
vt 0.559384 0.606789
vt 0.579048 0.621910
vt 0.506087 0.968750
vt 0.564499 0.670020
vt 0.485471 0.000000
vt 0.487778 0.031250
vt 0.620007 0.125000
vt 0.623086 0.281250
vt 0.613822 0.438960
vt 0.556938 0.669012
vt 0.591651 0.360571
vt 0.567403 0.555642
vt 0.622477 0.281250
vt 0.612866 0.493515
vt 0.567497 0.650944
vt 0.618325 0.125000
vt 0.560313 0.648424
vt 0.489556 0.906250
vt 0.576348 0.218750
vt 0.621628 0.281250
vt 0.595821 0.544876
vt 0.584647 0.580455
vt 0.619168 0.355307
vt 0.601818 0.250000
vt 0.576446 0.497444
vt 0.605406 0.514183
vt 0.565939 0.611830
vt 0.572494 0.616870
vt 0.600569 0.304973
vt 0.616172 0.125000
vt 0.620438 0.281250
vt 0.573151 0.563913
vt 0.585777 0.437178
vt 0.578900 0.572184
vt 0.613497 0.125000
vt 0.489525 0.062500
vt 0.618807 0.281250
vt 0.507944 0.125000
vt 0.590962 0.533189
vt 0.608272 0.256947
vt 0.581286 0.509359
vt 0.585850 0.093750
vt 0.601409 0.499534
vt 0.526585 0.156250
vt 0.621404 0.337268
vt 0.586125 0.521274
vt 0.595608 0.250000
vt 0.616633 0.281250
vt 0.594657 0.379824
vt 0.610245 0.125000
vt 0.617539 0.405421
vt 0.544679 0.187500
vt 0.614402 0.218732
vt 0.489387 0.937500
vt 0.589679 0.452852
vt 0.616117 0.460362
vt 0.609775 0.475174
vt 0.529972 0.000000
vt 0.530188 0.031250
vt 0.597478 0.484201
vt 0.613873 0.281250
vt 0.618599 0.192568
vt 0.593579 0.468527
vt 0.622775 0.326155
vt 0.606364 0.125000
vt 0.602760 0.327490
vt 0.553013 0.062500
vt 0.621251 0.175947
vt 0.498978 1.000000
vt 0.473217 0.937500
vt 0.472658 0.968750
vt 0.490149 0.093750
vt 0.597666 0.399076
vt 0.622745 0.166362
vt 0.623557 0.319494
vt 0.473505 0.906250
vt 0.610481 0.281250
vt 0.623471 0.161306
vt 0.606705 0.456605
vt 0.561447 0.218750
vt 0.623817 0.158272
vt 0.471964 1.000000
vt 0.623845 0.156756
vt 0.587235 0.250000
vt 0.623910 0.315848
vt 0.623623 0.156250
vt 0.473659 0.875000
vt 0.623213 0.156250
vt 0.620481 0.378896
vt 0.622682 0.156250
vt 0.624000 0.313780
vt 0.600674 0.418328
vt 0.609759 0.282284
vt 0.600920 0.125000
vt 0.603679 0.437581
vt 0.621941 0.156250
vt 0.623872 0.312820
vt 0.620903 0.156250
vt 0.623574 0.312500
vt 0.606411 0.281250
vt 0.471964 0.000000
vt 0.472618 0.031250
vt 0.623111 0.312500
vt 0.604954 0.350007
vt 0.569419 0.093750
vt 0.619481 0.156250
vt 0.619369 0.427210
vt 0.613822 0.438960
vt 0.487787 0.968750
vt 0.622489 0.312500
vt 0.617588 0.156250
vt 0.615329 0.246313
vt 0.621638 0.312500
vt 0.592981 0.125000
vt 0.615167 0.156250
vt 0.622202 0.363724
vt 0.607147 0.372524
vt 0.473505 0.906250
vt 0.620488 0.312500
vt 0.611553 0.417280
vt 0.473151 0.062500
vt 0.601618 0.281250
vt 0.490182 0.125000
vt 0.619142 0.221685
vt 0.611249 0.307621
vt 0.612163 0.156250
vt 0.575980 0.250000
vt 0.609337 0.395041
vt 0.618881 0.312500
vt 0.507620 0.156250
vt 0.525992 0.187500
vt 0.621549 0.206040
vt 0.623152 0.355471
vt 0.616661 0.312500
vt 0.608520 0.156250
vt 0.622620 0.394057
vt 0.473217 0.937500
vt 0.622901 0.197018
vt 0.617539 0.405421
vt 0.623547 0.192259
vt 0.612739 0.332958
vt 0.581614 0.125000
vt 0.623778 0.349704
vt 0.595389 0.281250
vt 0.623838 0.189404
vt 0.498978 0.000000
vt 0.506082 0.031250
vt 0.544137 0.218750
vt 0.616259 0.273895
vt 0.613857 0.312500
vt 0.529962 0.062500
vt 0.623830 0.187976
vt 0.623579 0.187500
vt 0.624092 0.346131
vt 0.623142 0.187500
vt 0.473440 0.093750
vt 0.622574 0.187500
vt 0.604182 0.156250
vt 0.624102 0.344464
vt 0.615796 0.382746
vt 0.458069 0.968750
vt 0.457856 0.937500
vt 0.614225 0.358295
vt 0.457995 0.906250
vt 0.621782 0.187500
vt 0.485471 1.000000
vt 0.623914 0.343929
vt 0.610499 0.312500
vt 0.458457 1.000000
vt 0.620672 0.187500
vt 0.623629 0.343750
vt 0.549813 0.093750
vt 0.623087 0.389293
vt 0.619688 0.250803
vt 0.458309 0.875000
vt 0.623191 0.343750
vt 0.619150 0.187500
vt 0.622542 0.343750
vt 0.617188 0.301476
vt 0.617122 0.187500
vt 0.458457 0.000000
vt 0.457944 0.031250
vt 0.587007 0.281250
vt 0.561123 0.250000
vt 0.598333 0.156250
vt 0.621700 0.343750
vt 0.620481 0.378896
vt 0.621851 0.236133
vt 0.472658 0.968750
vt 0.606460 0.312500
vt 0.614533 0.187500
vt 0.623554 0.384529
vt 0.620687 0.343750
vt 0.623061 0.227674
vt 0.618114 0.329057
vt 0.623629 0.223212
vt 0.565885 0.125000
vt 0.619168 0.355307
vt 0.619179 0.343750
vt 0.611330 0.187500
vt 0.623870 0.220535
vt 0.620234 0.279920
vt 0.457995 0.906250
vt 0.457563 0.062500
vt 0.473573 0.125000
vt 0.623831 0.219196
vt 0.624022 0.379764
vt 0.623560 0.218750
vt 0.623106 0.218750
vt 0.601609 0.312500
vt 0.616852 0.343750
vt 0.490157 0.156250
vt 0.624489 0.375000
vt 0.622517 0.218750
vt 0.590156 0.156250
vt 0.507375 0.187500
vt 0.607456 0.187500
vt 0.622202 0.363724
vt 0.621695 0.218750
vt 0.624227 0.375000
vt 0.622154 0.266227
vt 0.623965 0.375000
vt 0.575759 0.281250
vt 0.620777 0.309038
vt 0.620542 0.218750
vt 0.613957 0.343750
vt 0.623703 0.375000
vt 0.525646 0.218750
vt 0.623221 0.258330
vt 0.623442 0.375000
vt 0.618962 0.218750
vt 0.602858 0.187500
vt 0.621403 0.337268
vt 0.623152 0.355471
vt 0.595413 0.312500
vt 0.622615 0.375000
vt 0.623714 0.254165
vt 0.485471 0.000000
vt 0.487778 0.031250
vt 0.457442 0.093750
vt 0.508017 0.062500
vt 0.616855 0.218750
vt 0.457856 0.937500
vt 0.610746 0.343750
vt 0.623907 0.251666
vt 0.621788 0.375000
vt 0.622452 0.296320
vt 0.623841 0.250417
vt 0.471964 1.000000
vt 0.623556 0.250000
vt 0.623778 0.349704
vt 0.528852 0.093750
vt 0.443076 0.968750
vt 0.442462 0.937500
vt 0.614172 0.218750
vt 0.543879 0.250000
vt 0.623093 0.250000
vt 0.620962 0.375000
vt 0.442374 0.906250
vt 0.622492 0.250000
vt 0.623379 0.288987
vt 0.622775 0.326155
vt 0.624092 0.346131
vt 0.578837 0.156250
vt 0.444950 1.000000
vt 0.621653 0.250000
vt 0.620135 0.375000
vt 0.624102 0.344464
vt 0.596783 0.187500
vt 0.610861 0.218750
vt 0.442960 0.875000
vt 0.623796 0.285118
vt 0.606836 0.343750
vt 0.623914 0.343929
vt 0.444950 0.000000
vt 0.442786 0.031250
vt 0.620477 0.250000
vt 0.623943 0.282797
vt 0.547337 0.125000
vt 0.587339 0.312500
vt 0.623629 0.343750
vt 0.623557 0.319494
vt 0.623852 0.281637
vt 0.617126 0.375000
vt 0.623191 0.343750
vt 0.623555 0.281250
vt 0.618864 0.250000
vt 0.606871 0.218750
vt 0.623910 0.315848
vt 0.623086 0.281250
vt 0.622542 0.343750
vt 0.560930 0.281250
vt 0.624000 0.313780
vt 0.457464 0.125000
vt 0.622477 0.281250
vt 0.616716 0.250000
vt 0.614116 0.375000
vt 0.601846 0.343750
vt 0.621700 0.343750
vt 0.623872 0.312820
vt 0.458069 0.968750
vt 0.441848 0.062500
vt 0.621628 0.281250
vt 0.473640 0.156250
vt 0.623574 0.312500
vt 0.588478 0.187500
vt 0.442374 0.906250
vt 0.490096 0.187500
vt 0.623111 0.312500
vt 0.620687 0.343750
vt 0.613985 0.250000
vt 0.620438 0.281250
vt 0.611107 0.375000
vt 0.622489 0.312500
vt 0.602151 0.218750
vt 0.619179 0.343750
vt 0.618807 0.281250
vt 0.621638 0.312500
vt 0.507198 0.218750
vt 0.610623 0.250000
vt 0.595778 0.343750
vt 0.576318 0.312500
vt 0.563558 0.156250
vt 0.620488 0.312500
vt 0.616633 0.281250
vt 0.616852 0.343750
vt 0.471964 0.000000
vt 0.472618 0.031250
vt 0.441369 0.093750
vt 0.608097 0.375000
vt 0.618881 0.312500
vt 0.489525 0.062500
vt 0.606584 0.250000
vt 0.595974 0.218750
vt 0.525460 0.250000
vt 0.613873 0.281250
vt 0.442462 0.937500
vt 0.458457 1.000000
vt 0.613957 0.343750
vt 0.508357 0.093750
vt 0.616661 0.312500
vt 0.577191 0.187500
vt 0.610481 0.281250
vt 0.588639 0.343750
vt 0.602206 0.375000
vt 0.426738 0.968750
vt 0.426189 0.937500
vt 0.610746 0.343750
vt 0.613857 0.312500
vt 0.543724 0.281250
vt 0.527510 0.125000
vt 0.425992 0.906250
vt 0.601818 0.250000
vt 0.427462 1.000000
vt 0.587615 0.218750
vt 0.606836 0.343750
vt 0.606411 0.281250
vt 0.427462 0.000000
vt 0.426175 0.031250
vt 0.610499 0.312500
vt 0.425970 0.875000
vt 0.441206 0.125000
vt 0.457512 0.156250
vt 0.561279 0.312500
vt 0.473660 0.187500
vt 0.596314 0.375000
vt 0.595608 0.250000
vt 0.443076 0.968750
vt 0.601846 0.343750
vt 0.606460 0.312500
vt 0.425095 0.062500
vt 0.490019 0.218750
vt 0.601618 0.281250
vt 0.545686 0.156250
vt 0.578288 0.343750
vt 0.425992 0.906250
vt 0.562168 0.187500
vt 0.601609 0.312500
vt 0.576348 0.218750
vt 0.458457 0.000000
vt 0.457944 0.031250
vt 0.595778 0.343750
vt 0.590423 0.375000
vt 0.507079 0.250000
vt 0.473151 0.062500
vt 0.587235 0.250000
vt 0.595389 0.281250
vt 0.424432 0.093750
vt 0.490149 0.093750
vt 0.595413 0.312500
vt 0.525349 0.281250
vt 0.426189 0.937500
vt 0.588639 0.343750
vt 0.507944 0.125000
vt 0.543720 0.312500
vt 0.444950 1.000000
vt 0.587007 0.281250
vt 0.562584 0.343750
vt 0.457572 0.187500
vt 0.584532 0.375000
vt 0.441216 0.156250
vt 0.575980 0.250000
vt 0.409638 0.968750
vt 0.409346 0.937500
vt 0.587339 0.312500
vt 0.561447 0.218750
vt 0.409975 1.000000
vt 0.473650 0.218750
vt 0.424146 0.125000
vt 0.409141 0.906250
vt 0.544679 0.187500
vt 0.409975 0.000000
vt 0.408338 0.031250
vt 0.526585 0.156250
vt 0.578288 0.343750
vt 0.426738 0.968750
vt 0.408980 0.875000
vt 0.575759 0.281250
vt 0.489948 0.250000
vt 0.406961 0.062500
vt 0.457563 0.062500
vt 0.444950 0.000000
vt 0.442786 0.031250
vt 0.576318 0.312500
vt 0.564369 0.375000
vt 0.561123 0.250000
vt 0.473440 0.093750
vt 0.507008 0.281250
vt 0.409141 0.906250
vt 0.543913 0.343750
vt 0.525139 0.312500
vt 0.490182 0.125000
vt 0.406104 0.093750
vt 0.544137 0.218750
vt 0.562584 0.343750
vt 0.441338 0.187500
vt 0.457635 0.218750
vt 0.427462 1.000000
vt 0.560930 0.281250
vt 0.424196 0.156250
vt 0.409346 0.937500
vt 0.525992 0.187500
vt 0.561279 0.312500
vt 0.507620 0.156250
vt 0.473631 0.250000
vt 0.392487 1.000000
vt 0.392363 0.968750
vt 0.405749 0.125000
vt 0.544205 0.375000
vt 0.392239 0.937500
vt 0.543879 0.250000
vt 0.392487 0.000000
vt 0.389505 0.031250
vt 0.441848 0.062500
vt 0.489907 0.281250
vt 0.392114 0.906250
vt 0.427462 0.000000
vt 0.426175 0.031250
vt 0.457442 0.093750
vt 0.409638 0.968750
vt 0.524658 0.343750
vt 0.506741 0.312500
vt 0.543913 0.343750
vt 0.387101 0.062500
vt 0.473573 0.125000
vt 0.391990 0.875000
vt 0.543724 0.281250
vt 0.525646 0.218750
vt 0.441514 0.218750
vt 0.424463 0.187500
vt 0.543720 0.312500
vt 0.457689 0.250000
vt 0.507375 0.187500
vt 0.392114 0.906250
vt 0.385853 0.093750
vt 0.490157 0.156250
vt 0.409975 1.000000
vt 0.524042 0.375000
vt 0.405880 0.156250
vt 0.525460 0.250000
vt 0.473620 0.281250
vt 0.375000 1.000000
vt 0.375000 0.968750
vt 0.392239 0.937500
vt 0.425095 0.062500
vt 0.506036 0.343750
vt 0.441369 0.093750
vt 0.375000 0.000000
vt 0.367688 0.031250
vt 0.489733 0.312500
vt 0.524658 0.343750
vt 0.375000 0.937500
vt 0.457464 0.125000
vt 0.525349 0.281250
vt 0.385479 0.125000
vt 0.409975 0.000000
vt 0.408338 0.031250
vt 0.507198 0.218750
vt 0.525139 0.312500
vt 0.392363 0.968750
vt 0.424829 0.218750
vt 0.364617 0.062500
vt 0.441683 0.250000
vt 0.375000 0.906250
vt 0.490096 0.187500
vt 0.406443 0.187500
vt 0.473640 0.156250
vt 0.457722 0.281250
vt 0.503879 0.375000
vt 0.375000 0.875000
vt 0.507079 0.250000
vt 0.343750 0.000000
vt 0.340896 0.031250
vt 0.473591 0.312500
vt 0.489264 0.343750
vt 0.392487 1.000000
vt 0.363151 0.093750
vt 0.506036 0.343750
vt 0.385696 0.156250
vt 0.424432 0.093750
vt 0.441206 0.125000
vt 0.507008 0.281250
vt 0.375000 0.906250
vt 0.406961 0.062500
vt 0.441785 0.281250
vt 0.490019 0.218750
vt 0.506741 0.312500
vt 0.312500 0.000000
vt 0.311234 0.031250
vt 0.457794 0.312500
vt 0.425176 0.250000
vt 0.473660 0.187500
vt 0.392487 0.000000
vt 0.389505 0.031250
vt 0.375000 0.937500
vt 0.338612 0.062500
vt 0.457512 0.156250
vt 0.407385 0.218750
vt 0.362798 0.125000
vt 0.488649 0.375000
vt 0.473516 0.343750
vt 0.489948 0.250000
vt 0.375000 0.968750
vt 0.281250 0.000000
vt 0.280806 0.031250
vt 0.386776 0.187500
vt 0.489264 0.343750
vt 0.375000 1.000000
vt 0.489907 0.281250
vt 0.473650 0.218750
vt 0.425385 0.281250
vt 0.424146 0.125000
vt 0.489733 0.312500
vt 0.337467 0.093750
vt 0.441920 0.312500
vt 0.250000 0.000000
vt 0.249994 0.031250
vt 0.406104 0.093750
vt 0.457967 0.343750
vt 0.457572 0.187500
vt 0.310180 0.062500
vt 0.387101 0.062500
vt 0.473419 0.375000
vt 0.441216 0.156250
vt 0.363072 0.156250
vt 0.408278 0.250000
vt 0.375000 0.000000
vt 0.367688 0.031250
vt 0.473631 0.250000
vt 0.388987 0.218750
vt 0.281250 0.000000
vt 0.280806 0.031250
vt 0.473516 0.343750
vt 0.337172 0.125000
vt 0.473620 0.281250
vt 0.457635 0.218750
vt 0.458189 0.375000
vt 0.312500 0.000000
vt 0.311234 0.031250
vt 0.473591 0.312500
vt 0.280417 0.062500
vt 0.442187 0.343750
vt 0.343750 0.000000
vt 0.340896 0.031250
vt 0.425546 0.312500
vt 0.408692 0.281250
vt 0.364477 0.187500
vt 0.441338 0.187500
vt 0.309548 0.093750
vt 0.405749 0.125000
vt 0.424196 0.156250
vt 0.457689 0.250000
vt 0.364617 0.062500
vt 0.385853 0.093750
vt 0.391098 0.250000
vt 0.249988 0.062500
vt 0.457967 0.343750
vt 0.457722 0.281250
vt 0.442960 0.375000
vt 0.337436 0.156250
vt 0.367519 0.218750
vt 0.441514 0.218750
vt 0.457795 0.312500
vt 0.425747 0.343750
vt 0.309336 0.125000
vt 0.408837 0.312500
vt 0.280138 0.093750
vt 0.391876 0.281250
vt 0.280417 0.062500
vt 0.338612 0.062500
vt 0.424463 0.187500
vt 0.441683 0.250000
vt 0.442187 0.343750
vt 0.375000 0.250000
vt 0.310180 0.062500
vt 0.338565 0.187500
vt 0.441785 0.281250
vt 0.385479 0.125000
vt 0.363151 0.093750
vt 0.405880 0.156250
vt 0.441920 0.312500
vt 0.425970 0.375000
vt 0.424829 0.218750
vt 0.249982 0.093750
vt 0.408923 0.343750
vt 0.375000 0.281250
vt 0.340865 0.218750
vt 0.391960 0.312500
vt 0.309541 0.156250
vt 0.280026 0.125000
vt 0.425176 0.250000
vt 0.343750 0.250000
vt 0.425747 0.343750
vt 0.406443 0.187500
vt 0.337467 0.093750
vt 0.425385 0.281250
vt 0.280138 0.093750
vt 0.425546 0.312500
vt 0.408980 0.375000
vt 0.362798 0.125000
vt 0.310168 0.187500
vt 0.309548 0.093750
vt 0.385696 0.156250
vt 0.375000 0.312500
vt 0.407385 0.218750
vt 0.249976 0.125000
vt 0.391989 0.343750
vt 0.311226 0.218750
vt 0.280138 0.156250
vt 0.312500 0.250000
vt 0.408278 0.250000
vt 0.408923 0.343750
vt 0.408692 0.281250
vt 0.386776 0.187500
vt 0.408837 0.312500
vt 0.337172 0.125000
vt 0.391990 0.375000
vt 0.280026 0.125000
vt 0.375000 0.343750
vt 0.280417 0.187500
vt 0.363072 0.156250
vt 0.388987 0.218750
vt 0.309336 0.125000
vt 0.249982 0.156250
vt 0.281250 0.250000
vt 0.280806 0.218750
vt 0.391098 0.250000
vt 0.391989 0.343750
vt 0.391876 0.281250
vt 0.375000 0.375000
vt 0.280138 0.156250
vt 0.391960 0.312500
vt 0.364477 0.187500
vt 0.337436 0.156250
vt 0.249988 0.187500
vt 0.367519 0.218750
vt 0.309541 0.156250
vt 0.250000 0.250000
vt 0.249994 0.218750
vt 0.375000 0.250000
vt 0.375000 0.343750
vt 0.375000 0.281250
vt 0.280417 0.187500
vt 0.375000 0.312500
vt 0.338565 0.187500
vt 0.343750 0.250000
vt 0.340865 0.218750
vt 0.280806 0.218750
vt 0.281250 0.250000
vt 0.310168 0.187500
vt 0.312500 0.250000
vt 0.311226 0.218750
vt 0.532478 0.674627
vt 0.531667 0.674443
vt 0.704744 0.000000
vt 0.706246 0.000000
vt 0.732286 0.000000
vt 0.736396 0.000000
vt 0.680364 0.000000
vt 0.815873 0.000000
vt 0.820805 0.000000
vt 0.820960 0.000000
vt 0.821042 0.000000
vt 0.820746 0.000000
vt 0.754322 0.000000
vt 0.759722 0.000000
vt 0.507813 0.677310
vt 0.548509 0.000000
vt 0.520944 0.000000
vt 0.555118 0.000000
vt 0.656290 0.000000
vt 0.580960 0.000000
vt 0.724646 0.000000
vt 0.811043 0.000000
vt 0.585938 0.677058
vt 0.585938 0.677058
vt 0.593750 0.676619
vt 0.578125 0.677247
vt 0.570313 0.677310
vt 0.562500 0.677310
vt 0.513458 0.677310
vn -0.613341 -0.086091 -0.785112
vn -0.612662 -0.060504 -0.788025
vn -0.488866 -0.042936 -0.871302
vn -0.490326 -0.062799 -0.869274
vn -0.611457 -0.142985 -0.778252
vn -0.490635 -0.107226 -0.864743
vn -0.819180 -0.119643 -0.560918
vn -0.820843 -0.085213 -0.564762
vn -0.611114 -0.054301 -0.789678
vn -0.486856 -0.038088 -0.872652
vn -0.820314 -0.076909 -0.566718
vn -0.810790 -0.195315 -0.551789
vn -0.603275 -0.233246 -0.762663
vn -0.488056 -0.178673 -0.854328
vn -0.609888 -0.047744 -0.791048
vn -0.484737 -0.032935 -0.874039
vn -0.820346 -0.068201 -0.567787
vn -0.787274 -0.311655 -0.532044
vn -0.608346 -0.034855 -0.792907
vn -0.820386 -0.051070 -0.569526
vn -0.587263 -0.346161 -0.731639
vn -0.482114 -0.270745 -0.833225
vn -0.482209 -0.022850 -0.875758
vn -0.744615 -0.448375 -0.494477
vn -0.606335 -0.021421 -0.794921
vn -0.819958 -0.033124 -0.571464
vn -0.479281 -0.012397 -0.877574
vn -0.572392 -0.423921 -0.701896
vn -0.477100 -0.336801 -0.811752
vn -0.603942 -0.009476 -0.796972
vn -0.819040 -0.017092 -0.573482
vn -0.706527 -0.536330 -0.461703
vn -0.420298 -0.044962 -0.906272
vn -0.421544 -0.081495 -0.903139
vn -0.418363 -0.028696 -0.907826
vn -0.421258 -0.140588 -0.895978
vn -0.476074 -0.003141 -0.879400
vn -0.415904 -0.024686 -0.909074
vn -0.413041 -0.020589 -0.910480
vn -0.419289 -0.217808 -0.881338
vn -0.931103 -0.137171 -0.337980
vn -0.935245 -0.098299 -0.340079
vn -0.570094 -0.456328 -0.683197
vn -0.479925 -0.365597 -0.797503
vn -0.409712 -0.012666 -0.912127
vn -0.935868 -0.088980 -0.340932
vn -0.916819 -0.221758 -0.332063
vn -0.936410 -0.079069 -0.341884
vn -0.881368 -0.349273 -0.318116
vn -0.601230 -0.000677 -0.799076
vn -0.817705 -0.005056 -0.575616
vn -0.937389 -0.059668 -0.343135
vn -0.418380 -0.274356 -0.865845
vn -0.406039 -0.004489 -0.913845
vn -0.938003 -0.039330 -0.344388
vn -0.692389 -0.569770 -0.442674
vn -0.472703 0.003489 -0.881215
vn -0.818851 -0.493242 -0.293590
vn -0.938145 -0.021125 -0.345599
vn -0.423223 -0.299278 -0.855170
vn -0.402185 0.002731 -0.915554
vn -0.765323 -0.583891 -0.270836
vn -0.598438 0.004948 -0.801154
vn -0.816222 0.002971 -0.577730
vn -0.578174 -0.469060 -0.667606
vn -0.490705 -0.377928 -0.785098
vn -0.469357 0.007434 -0.882977
vn -0.937921 -0.007359 -0.346771
vn -0.398315 0.007693 -0.917216
vn -0.693449 -0.579710 -0.427861
vn -0.358246 -0.027476 -0.933223
vn -0.360124 -0.057829 -0.931110
vn -0.361234 -0.107120 -0.926302
vn -0.355966 -0.013985 -0.934394
vn -0.769613 -0.638511 -0.000003
vn -0.353245 -0.010642 -0.935470
vn -0.434708 -0.309879 -0.845579
vn -0.361978 -0.172196 -0.916144
vn -0.350084 -0.007677 -0.936687
vn -0.363457 -0.220202 -0.905213
vn -0.346424 -0.001989 -0.938076
vn -0.937531 0.001958 -0.347896
vn -0.595776 0.008612 -0.803105
vn -0.814758 0.008481 -0.579739
vn -0.342458 0.003861 -0.939525
vn -0.369050 -0.241074 -0.897600
vn -0.466235 0.009762 -0.884607
vn -0.394603 0.010302 -0.918794
vn -0.596948 -0.464203 -0.654346
vn -0.510615 -0.373475 -0.774460
vn -0.820822 -0.085229 0.564790
vn -0.935242 -0.098310 0.340085
vn -0.931098 -0.137151 0.338005
vn -0.819161 -0.119636 0.560947
vn -0.916826 -0.221724 0.332066
vn -0.810787 -0.195320 0.551793
vn -0.820321 -0.076901 0.566709
vn -0.935871 -0.088978 0.340923
vn -0.820334 -0.068191 0.567804
vn -0.936409 -0.079060 0.341889
vn -0.881351 -0.349320 0.318112
vn -0.787260 -0.311700 0.532038
vn -0.338389 0.009018 -0.940963
vn -0.820379 -0.051069 0.569536
vn -0.937384 -0.059664 0.343149
vn -0.764143 -0.645047 -0.000002
vn -0.818837 -0.493262 0.293598
vn -0.744623 -0.448340 0.494499
vn -0.819950 -0.033122 0.571476
vn -0.937997 -0.039329 0.344404
vn -0.454120 -0.304361 -0.837341
vn -0.707716 -0.571220 -0.415748
vn -0.380188 -0.249383 -0.890654
vn -0.765322 -0.583896 0.270828
vn -0.706532 -0.536324 0.461703
vn -0.819035 -0.017092 0.573489
vn -0.938139 -0.021125 0.345615
vn -0.334401 0.012298 -0.942351
vn -0.937111 0.008468 -0.348929
vn -0.593414 0.011017 -0.804822
vn -0.463500 0.011087 -0.886028
vn -0.391208 0.011540 -0.920230
vn -0.813453 0.012339 -0.581500
vn -0.692389 -0.569767 0.442678
vn -0.817692 -0.005056 0.575634
vn -0.937914 -0.007360 0.346791
vn -0.274583 -0.033909 -0.960965
vn -0.276252 -0.073797 -0.958248
vn -0.272659 -0.009426 -0.962064
vn -0.270550 0.001451 -0.962705
vn -0.278377 -0.126707 -0.952078
vn -0.397630 -0.242674 -0.884873
vn -0.268112 0.004132 -0.963379
vn -0.330659 0.013564 -0.943653
vn -0.280966 -0.165893 -0.945271
vn -0.265291 0.005859 -0.964151
vn -0.630691 -0.441648 -0.638103
vn -0.543273 -0.351428 -0.762465
vn -0.774074 -0.633095 0.000003
vn -0.262038 0.009150 -0.965014
vn -0.286250 -0.182513 -0.940611
vn -0.816206 0.002971 0.577753
vn -0.937525 0.001960 0.347914
vn -0.483662 -0.281342 -0.828805
vn -0.693451 -0.579703 0.427866
vn -0.936737 0.013121 -0.349788
vn -0.388310 0.011959 -0.921452
vn -0.258557 0.012532 -0.965915
vn -0.738008 -0.543517 -0.399917
vn -0.591582 0.013695 -0.806128
vn -0.461360 0.012590 -0.887124
vn -0.295794 -0.188284 -0.936512
vn -0.812503 0.016631 -0.582720
vn -0.937106 0.008470 0.348942
vn -0.814748 0.008479 0.579753
vn -0.255026 0.015517 -0.966810
vn -0.327307 0.013703 -0.944819
vn -0.422915 -0.219791 -0.879110
vn -0.309896 -0.181163 -0.933351
vn -0.386069 0.012533 -0.922385
vn -0.251618 0.017033 -0.967677
vn -0.707707 -0.571221 0.415761
vn -0.612644 -0.060532 0.788038
vn -0.613321 -0.086083 0.785129
vn -0.611454 -0.142998 0.778251
vn -0.611121 -0.054293 0.789673
vn -0.603275 -0.233227 0.762669
vn -0.609887 -0.047730 0.791050
vn -0.587668 -0.312830 -0.746179
vn -0.521590 -0.242225 -0.818090
vn -0.678034 -0.401760 -0.615515
vn -0.936433 0.018298 -0.350368
vn -0.608340 -0.034862 0.792911
vn -0.587291 -0.346125 0.731633
vn -0.799973 -0.600037 0.000009
vn -0.936732 0.013119 0.349801
vn -0.813444 0.012339 0.581513
vn -0.606345 -0.021423 0.794914
vn -0.572383 -0.423908 0.701911
vn -0.324504 0.013210 -0.945792
vn -0.603952 -0.009475 0.796964
vn -0.453479 -0.182353 -0.872413
vn -0.248464 0.016913 -0.968494
vn -0.590535 0.016778 -0.806837
vn -0.460095 0.014486 -0.887752
vn -0.329682 -0.160261 -0.930390
vn -0.811999 0.021418 -0.583266
vn -0.781428 -0.496444 -0.378040
vn -0.570086 -0.456319 0.683209
vn -0.156658 -0.014903 -0.987540
vn -0.157941 -0.047511 -0.986305
vn -0.159808 -0.090604 -0.982982
vn -0.155348 0.005073 -0.987847
vn -0.601234 -0.000676 0.799073
vn -0.555232 0.000226 -0.831695
vn -0.563694 -0.000095 -0.825984
vn -0.705717 -0.003607 -0.708485
vn -0.703126 -0.009204 -0.711005
vn -0.161890 -0.122581 -0.979166
vn -0.153985 0.013934 -0.987975
vn -0.832454 -0.008539 -0.554029
vn -0.707110 -0.000017 -0.707104
vn -0.833779 -0.000008 -0.552099
vn -0.152425 0.016091 -0.988184
vn -0.165373 -0.135672 -0.976855
vn -0.410627 0.006051 -0.911783
vn -0.468259 0.002088 -0.883589
vn -0.468830 0.002080 -0.883286
vn -0.468830 0.002080 -0.883286
vn -0.468770 0.001455 -0.883319
vn -0.548153 0.000875 -0.836378
vn -0.696379 -0.017569 -0.717460
vn -0.150638 0.016791 -0.988446
vn -0.322362 0.012896 -0.946529
vn -0.829419 -0.022044 -0.558192
vn -0.642028 -0.250439 -0.724624
vn -0.564787 -0.181338 -0.805066
vn -0.384728 0.013550 -0.922931
vn -0.936433 0.018298 0.350369
vn -0.812493 0.016632 0.582733
vn -0.738006 -0.543513 0.399925
vn -0.171379 -0.139219 -0.975319
vn -0.148591 0.018123 -0.988733
vn -0.352516 -0.127489 -0.927081
vn -0.245679 0.015934 -0.969220
vn -0.388051 0.010722 -0.921576
vn -0.578162 -0.469058 0.667618
vn -0.598444 0.004949 0.801150
vn -0.737673 -0.335886 -0.585679
vn -0.484948 -0.126232 -0.865385
vn -0.821107 -0.042829 -0.569165
vn -0.544476 0.001938 -0.838774
vn -0.684125 -0.025830 -0.728907
vn -0.936288 0.024025 -0.350412
vn -0.296174 0.009772 -0.955084
vn -0.146408 0.019499 -0.989032
vn -0.388340 0.016779 -0.921363
vn -0.805255 -0.064909 -0.589365
vn -0.179939 -0.132095 -0.974768
vn -0.837844 -0.545909 0.000005
vn -0.538682 -0.005868 -0.842489
vn -0.665595 -0.041637 -0.745151
vn -0.923007 -0.013408 -0.384549
vn -0.923884 0.000000 -0.382672
vn 0.396150 -0.592906 -0.701090
vn 0.238659 -0.669774 -0.703168
vn 0.291093 -0.464562 -0.836329
vn 0.410905 -0.243648 -0.878517
vn 0.396150 -0.592906 -0.701090
vn 0.396150 -0.592906 -0.701090
vn -0.780021 -0.092497 -0.618879
vn -0.021448 -0.970325 -0.240851
vn 0.175991 -0.980172 -0.091051
vn -0.021533 -0.970308 -0.240913
vn -0.697031 -0.182114 -0.693529
vn -0.605759 -0.117136 -0.786979
vn -0.144212 0.020726 -0.989330
vn -0.510811 -0.068790 -0.856936
vn -0.920678 -0.034830 -0.388767
vn -0.392493 0.014551 -0.919640
vn -0.205184 0.014617 -0.978614
vn -0.206570 0.010136 -0.978379
vn -0.296179 0.009787 -0.955082
vn -0.296179 0.009787 -0.955082
vn -0.373824 -0.080284 -0.924018
vn -0.836741 -0.420854 -0.350353
vn -0.528187 -0.029569 -0.848613
vn -0.639439 -0.071823 -0.765480
vn -0.595778 0.008609 0.803103
vn -0.743674 -0.130987 -0.655585
vn -0.191763 -0.113565 -0.974849
vn -0.913924 -0.068528 -0.400058
vn -0.393647 -0.002422 -0.919259
vn -0.208688 0.022435 -0.977725
vn -0.596939 -0.464206 0.654353
vn -0.797135 -0.260453 -0.544739
vn -0.243376 0.014521 -0.969823
vn -0.388184 -0.033338 -0.920979
vn -0.590616 0.019400 -0.806720
vn -0.459968 0.016169 -0.887788
vn -0.900568 -0.106220 -0.421537
vn -0.812227 0.025415 -0.582787
vn -0.142116 0.020813 -0.989631
vn -0.321086 0.013122 -0.946959
vn -0.936289 0.024025 0.350407
vn -0.811994 0.021417 0.583272
vn -0.593404 0.011017 0.804830
vn -0.878290 -0.148644 -0.454436
vn -0.215735 0.023736 -0.976163
vn -0.844192 -0.199385 -0.497580
vn -0.204979 -0.085806 -0.974998
vn -0.781431 -0.496431 0.378050
vn -0.221293 0.012493 -0.975127
vn -0.888730 -0.332719 -0.315368
vn -0.384471 0.014564 -0.923022
vn -0.216284 -0.047533 -0.975173
vn -0.140198 0.019580 -0.989930
vn -0.886822 -0.462110 -0.000002
vn -0.979577 -0.017003 -0.200350
vn -0.979964 0.000004 -0.199177
vn -0.222122 -0.010636 -0.974961
vn -0.978166 -0.044334 -0.203041
vn -0.936429 0.028781 -0.349675
vn -0.488872 -0.042959 0.871297
vn -0.490335 -0.062815 0.869267
vn -0.490641 -0.107184 0.864745
vn -0.486863 -0.038083 0.872648
vn -0.488062 -0.178614 0.854338
vn 0.000669 0.023805 -0.999716
vn 0.001980 0.015404 -0.999879
vn -0.484746 -0.032916 0.874036
vn -0.241638 0.013333 -0.970275
vn -0.973673 -0.087932 -0.210306
vn -0.482120 -0.270761 0.833216
vn -0.482211 -0.022858 0.875757
vn -0.630687 -0.441648 0.638107
vn -0.925128 -0.258105 -0.278424
vn -0.591576 0.013696 0.806133
vn -0.479288 -0.012406 0.877570
vn -0.964615 -0.138343 -0.224454
vn -0.477096 -0.336815 0.811748
vn -0.949361 -0.194136 -0.247033
vn 0.001151 0.026435 -0.999650
vn -0.476083 -0.003140 0.879395
vn 0.003659 -0.037171 -0.999302
vn 0.003665 -0.076343 -0.997075
vn 0.003651 -0.007420 -0.999966
vn 0.003647 -0.105388 -0.994424
vn -0.138520 0.017714 -0.990201
vn 0.003643 0.010804 -0.999935
vn 0.003603 -0.117086 -0.993115
vn -0.479912 -0.365598 0.797510
vn 0.014976 -0.858645 -0.512353
vn 0.124485 -0.600858 -0.789603
vn 0.003618 0.018862 -0.999816
vn 0.003547 -0.119710 -0.992803
vn -0.930969 -0.365098 0.000007
vn 0.003585 0.020811 -0.999777
vn -0.836742 -0.420842 0.350363
vn -0.472702 0.003491 0.881216
vn 0.001707 0.017591 -0.999844
vn 0.003441 -0.112627 -0.993631
vn 0.305070 -0.261693 -0.915669
vn 0.435921 -0.110325 -0.893197
vn 0.430654 -0.150318 -0.889911
vn 0.003554 0.021111 -0.999771
vn -0.320797 0.013555 -0.947051
vn -0.936427 0.028780 0.349680
vn -0.812228 0.025415 0.582786
vn -0.240609 0.012800 -0.970538
vn 0.003283 -0.095136 -0.995459
vn -0.490697 -0.377929 0.785103
vn 0.003522 0.021676 -0.999759
vn 0.002244 -0.002249 -0.999995
vn -0.469357 0.007437 0.882977
vn 0.003053 -0.069505 -0.997577
vn 0.002704 -0.034971 -0.999385
vn -0.959206 -0.282708 0.000005
vn 0.003493 0.022265 -0.999746
vn -0.590531 0.016777 0.806841
vn -0.999832 -0.018351 -0.000002
vn -1.000000 0.000012 0.000003
vn -0.137143 0.015573 -0.990429
vn -0.678033 -0.401764 0.615514
vn 0.206624 0.014994 -0.978306
vn 0.209933 0.023320 -0.977438
vn -0.592216 0.021443 -0.805494
vn -0.461306 0.017520 -0.887068
vn -0.813495 0.028462 -0.580875
vn -0.998851 -0.047924 0.000005
vn -0.977200 -0.212319 -0.000002
vn -0.995446 -0.095331 0.000004
vn 0.003460 0.022794 -0.999734
vn -0.466236 0.009762 0.884606
vn -0.988562 -0.150818 -0.000003
vn -0.510613 -0.373472 0.774463
vn 0.217893 0.024834 -0.975657
vn -0.888729 -0.332711 0.315380
vn -0.385551 0.015433 -0.922557
vn 0.003424 0.022318 -0.999745
vn -0.936974 0.032368 -0.347897
vn -0.463502 0.011085 0.886026
vn 0.224519 0.013628 -0.974375
vn 0.170423 -0.414565 -0.893919
vn -0.136118 0.013699 -0.990598
vn -0.240361 0.012684 -0.970601
vn -0.737669 -0.335882 0.585686
vn -0.925130 -0.258098 0.278425
vn 0.226390 -0.009644 -0.973989
vn -0.543273 -0.351432 0.762463
vn 0.003399 0.020648 -0.999781
vn -0.590616 0.019401 0.806720
vn -0.461357 0.012591 0.887125
vn 0.221440 -0.046844 -0.974048
vn -0.321661 0.014019 -0.946751
vn -0.936968 0.032369 0.347912
vn -0.813489 0.028462 0.580883
vn -0.949363 -0.194134 0.247026
vn -0.979962 0.000017 0.199184
vn -0.979574 -0.017000 0.200365
vn -0.135517 0.012583 -0.990695
vn 0.386356 0.011773 -0.922275
vn 0.389417 0.018465 -0.920877
vn 0.210812 -0.085459 -0.973784
vn -0.978164 -0.044332 0.203053
vn -0.964613 -0.138352 0.224454
vn 0.003382 0.018431 -0.999824
vn -0.973671 -0.087932 0.210315
vn 0.198057 -0.113455 -0.973602
vn -0.797134 -0.260452 0.544740
vn -0.420297 -0.045002 0.906270
vn -0.421545 -0.081432 0.903144
vn -0.418352 -0.028698 0.907832
vn 0.389182 0.008009 -0.921126
vn 0.296289 0.010235 -0.955044
vn 0.296289 0.010237 -0.955043
vn 0.213686 0.010470 -0.976846
vn -0.421250 -0.140530 0.895991
vn -0.415897 -0.024672 0.909077
vn 0.394391 0.016645 -0.918792
vn 0.186537 -0.132131 -0.973522
vn -0.413040 -0.020582 0.910480
vn -0.419283 -0.217843 0.881332
vn -0.409716 -0.012671 0.912125
vn -0.587664 -0.312834 0.746181
vn 0.178178 -0.139345 -0.974082
vn 0.172298 -0.135796 -0.975640
vn -0.418382 -0.274388 0.865834
vn 0.168899 -0.122697 -0.977967
vn -0.406041 -0.004498 0.913844
vn 0.166853 -0.090826 -0.981790
vn 0.164986 -0.047767 -0.985139
vn 0.464828 0.002494 -0.885397
vn 0.163698 -0.015162 -0.986394
vn 0.162367 0.004784 -0.986719
vn -0.402184 0.002732 0.915555
vn -0.423222 -0.299286 0.855167
vn -0.460090 0.014487 0.887754
vn 0.556110 0.001240 -0.831108
vn 0.600397 -0.000962 -0.799702
vn 0.468854 0.002451 -0.883272
vn 0.160960 0.013598 -0.986867
vn -0.061385 -0.849547 -0.523930
vn -0.101097 -0.961921 -0.253944
vn -0.124208 -0.941750 -0.312536
vn -0.122842 -0.940455 -0.316945
vn -0.127635 -0.938806 -0.319925
vn 0.396528 -0.000259 -0.918023
vn 0.159350 0.015768 -0.987096
vn 0.003372 0.016000 -0.999866
vn -0.398313 0.007695 0.917217
vn 0.157515 0.016514 -0.987378
vn -0.595405 0.022985 -0.803097
vn -0.464183 0.018598 -0.885544
vn -0.844197 -0.199384 0.497572
vn -0.434714 -0.309878 0.845577
vn -0.815813 0.030660 -0.577503
vn 0.155403 0.017906 -0.987689
vn -0.240997 0.012774 -0.970442
vn -0.394603 0.010305 0.918794
vn -0.135360 0.012050 -0.990723
vn 0.043355 -0.629711 -0.775619
vn 0.153156 0.019348 -0.988013
vn 0.392042 -0.031419 -0.919411
vn -0.642021 -0.250434 0.724633
vn 0.548582 0.002445 -0.836093
vn -0.388006 0.016192 -0.921515
vn -0.592217 0.021443 0.805493
vn -0.454118 -0.304358 0.837343
vn -0.878291 -0.148644 0.454433
vn -0.937959 0.034900 -0.344986
vn 0.150897 0.020616 -0.988335
vn -0.391215 0.011540 0.920227
vn 0.545418 0.004362 -0.838153
vn 0.003376 0.013859 -0.999898
vn -0.900565 -0.106227 0.421542
vn 0.378511 -0.078895 -0.922228
vn -0.920675 -0.034829 0.388773
vn -0.923005 -0.013401 0.384554
vn -0.459962 0.016169 0.887791
vn -0.913923 -0.068534 0.400060
vn 0.148741 0.020736 -0.988659
vn -0.483658 -0.281343 0.828807
vn -0.697032 -0.182106 0.693529
vn 0.540364 -0.002859 -0.841427
vn -0.388315 0.011958 0.921449
vn -0.323688 0.014516 -0.946052
vn -0.937950 0.034901 0.345009
vn -0.815796 0.030660 0.577527
vn 0.357832 -0.126684 -0.925153
vn 0.146771 0.019535 -0.988978
vn 0.067374 -0.545734 -0.835245
vn 0.104547 -0.517499 -0.849273
vn 0.710897 -0.009631 -0.703230
vn 0.745061 -0.006712 -0.666962
vn 0.629462 -0.001769 -0.777029
vn -0.386068 0.012533 0.922385
vn 0.530769 -0.026467 -0.847103
vn 0.003402 0.012517 -0.999916
vn 0.335432 -0.159862 -0.928402
vn -0.743677 -0.130990 0.655581
vn -0.521582 -0.242226 0.818094
vn -0.135689 0.011858 -0.990681
vn 0.145054 0.017687 -0.989266
vn 0.315911 -0.181022 -0.931360
vn 0.696786 -0.015538 -0.717111
vn -0.780023 -0.092502 0.618875
vn 0.514315 -0.065995 -0.855058
vn 0.301984 -0.188263 -0.934539
vn -0.384731 0.013552 0.922929
vn -0.242513 0.013032 -0.970061
vn -0.564784 -0.181333 0.805070
vn -0.923878 0.000017 0.382686
vn -0.833784 0.000008 0.552091
vn -0.832456 -0.008524 0.554026
vn -0.461301 0.017520 0.887071
vn -0.805253 -0.064914 0.589367
vn 0.685032 -0.022691 -0.728159
vn 0.003468 0.011827 -0.999924
vn 0.292568 -0.182508 -0.938666
vn 0.143660 0.015557 -0.989505
vn -0.829424 -0.022041 0.558185
vn -0.358241 -0.027505 0.933224
vn -0.360124 -0.057791 0.931113
vn -0.361237 -0.107100 0.926303
vn -0.355958 -0.013975 0.934398
vn -0.821109 -0.042839 0.569162
vn -0.353240 -0.010618 0.935473
vn -0.361978 -0.172235 0.916137
vn -0.595403 0.022985 0.803098
vn -0.350079 -0.007678 0.936689
vn 0.287380 -0.165922 -0.943336
vn -0.363460 -0.220213 0.905209
vn -0.346421 -0.001997 0.938077
vn 0.284834 -0.126910 -0.950139
vn -0.342459 0.003856 0.939525
vn -0.369054 -0.241074 0.897598
vn 0.282734 -0.074156 -0.956328
vn 0.281054 -0.034324 -0.959078
vn -0.600309 0.024412 -0.799396
vn -0.468688 0.019672 -0.883145
vn -0.338385 0.009018 0.940965
vn 0.667225 -0.037750 -0.743899
vn 0.489254 -0.124136 -0.863262
vn -0.819290 0.032560 -0.572454
vn 0.279105 -0.009937 -0.960209
vn -0.605752 -0.117121 0.786987
vn -0.380185 -0.249384 0.890655
vn 0.276970 0.000887 -0.960878
vn 0.274495 0.003599 -0.961582
vn -0.334399 0.012296 0.942351
vn 0.271633 0.005373 -0.962386
vn -0.391867 0.017025 -0.919864
vn -0.397631 -0.242669 0.884874
vn 0.268320 0.008758 -0.963290
vn -0.330668 0.013563 0.943650
vn -0.384478 0.014565 0.923019
vn -0.939374 0.037013 -0.340891
vn 0.142648 0.013698 -0.989679
vn -0.639427 -0.071828 0.765490
vn 0.641971 -0.067821 -0.763724
vn 0.458359 -0.181011 -0.870139
vn 0.264774 0.012259 -0.964233
vn -0.422922 -0.219797 0.879106
vn -0.327319 0.013705 0.944815
vn 0.261186 0.015325 -0.965167
vn 0.832438 -0.021596 -0.553697
vn 0.821536 -0.040311 -0.568731
vn -0.665587 -0.041646 0.745158
vn -0.136497 0.011938 -0.990569
vn -0.326901 0.015159 -0.944937
vn 0.003591 0.011529 -0.999927
vn -0.939367 0.037014 0.340911
vn -0.819276 0.032560 0.572474
vn -0.453481 -0.182359 0.872411
vn 0.257729 0.016896 -0.966070
vn 0.428149 -0.218966 -0.876779
vn -0.684124 -0.025829 0.728909
vn 0.806231 -0.061029 -0.588445
vn -0.324503 0.013211 0.945792
vn 0.609216 -0.113506 -0.784839
vn 0.846420 -0.010001 -0.532422
vn 0.774680 -0.008088 -0.632302
vn 0.774679 -0.008096 -0.632303
vn -0.703147 -0.009202 0.710985
vn -0.705722 -0.003587 0.708480
vn -0.696390 -0.017576 0.717448
vn 0.142101 0.012598 -0.989772
vn -0.464188 0.018598 0.885542
vn -0.322363 0.012894 0.946528
vn -0.484951 -0.126235 0.865383
vn 0.254527 0.016828 -0.966919
vn 0.883020 -0.000007 -0.469337
vn 0.781815 -0.087695 -0.617313
vn 0.403071 -0.242173 -0.882545
vn -0.385556 0.015433 0.922556
vn -0.244921 0.013504 -0.969449
vn -0.510810 -0.068779 0.856938
vn 0.569010 -0.178551 -0.802712
vn 0.251704 0.015884 -0.967674
vn 0.385761 -0.249010 -0.888359
vn -0.321096 0.013123 0.946956
vn -0.600308 0.024411 0.799397
vn 0.923864 -0.013125 -0.382497
vn 0.920802 -0.033293 -0.388606
vn 0.746453 -0.126043 -0.653392
vn -0.528188 -0.029568 0.848612
vn 0.142073 0.012082 -0.989782
vn 0.914345 -0.065511 -0.399601
vn 0.374722 -0.240714 -0.895343
vn 0.249383 0.014495 -0.968297
vn -0.538690 -0.005877 0.842484
vn 0.927029 -0.000006 -0.374991
vn 0.883373 -0.000008 -0.468671
vn 0.883373 -0.000008 -0.468671
vn -0.707105 0.000000 0.707109
vn -0.552108 0.000000 0.833773
vn -0.551264 0.000102 0.834331
vn 0.369198 -0.219924 -0.902954
vn 0.526283 -0.240327 -0.815640
vn 0.003777 0.011542 -0.999926
vn -0.274591 -0.033894 0.960964
vn -0.276259 -0.073797 0.958246
vn -0.272663 -0.009439 0.962064
vn -0.278373 -0.126764 0.952071
vn 0.901573 -0.101551 -0.420540
vn -0.270559 0.001456 0.962702
vn -0.280970 -0.165861 0.945276
vn -0.606620 0.026071 -0.794564
vn -0.474548 0.020983 -0.879980
vn -0.268115 0.004150 0.963378
vn -0.544480 0.001939 0.838772
vn -0.550350 0.000332 0.834934
vn -0.265301 0.005859 0.964148
vn -0.286254 -0.182508 0.940611
vn -0.823681 0.034675 -0.565993
vn 0.367752 -0.172188 -0.913844
vn -0.262049 0.009144 0.965011
vn -0.548157 0.000878 0.836375
vn -0.295797 -0.188293 0.936510
vn 0.367002 -0.107363 -0.924004
vn -0.258558 0.012529 0.965915
vn 0.700772 -0.177643 -0.690913
vn 0.365871 -0.058259 -0.928840
vn -0.320801 0.013557 0.947050
vn -0.309908 -0.181152 0.933349
vn -0.396906 0.018103 -0.917681
vn -0.255027 0.015516 0.966809
vn 0.363974 -0.028110 -0.930985
vn 0.361674 -0.014665 -0.932189
vn 0.247659 0.013334 -0.968756
vn 0.880158 -0.142831 -0.452682
vn -0.137789 0.012284 -0.990385
vn 0.358926 -0.011291 -0.933298
vn -0.329699 -0.160267 0.930383
vn -0.251620 0.017030 0.967676
vn -0.941110 0.039311 -0.335806
vn 0.355732 -0.008281 -0.934551
vn -0.352531 -0.127492 0.927075
vn 0.488592 -0.280029 -0.826354
vn -0.248465 0.016910 0.968493
vn -0.388012 0.016191 0.921512
vn 0.352020 -0.002480 -0.935989
vn -0.331092 0.016058 -0.943462
vn -0.373844 -0.080287 0.924010
vn 0.348004 0.003509 -0.937487
vn 0.979596 -0.016342 -0.200309
vn 0.978268 -0.042601 -0.202923
vn -0.468700 0.019672 0.883139
vn -0.941104 0.039311 0.335824
vn -0.823676 0.034674 0.566000
vn 0.142638 0.011901 -0.989703
vn -0.245681 0.015939 0.969220
vn 0.646481 -0.246971 -0.721850
vn 0.847088 -0.193351 -0.495032
vn -0.388206 -0.033334 0.920970
vn 0.343884 0.008774 -0.938971
vn 0.974049 -0.084504 -0.209970
vn -0.393663 -0.002422 0.919252
vn -0.382690 0.000000 0.923877
vn -0.382453 0.002054 0.923973
vn 0.246686 0.012830 -0.969011
vn 0.459151 -0.303400 -0.834942
vn -0.243376 0.014523 0.969823
vn 0.339852 0.012126 -0.940401
vn 0.965542 -0.132977 -0.223709
vn -0.321666 0.014019 0.946749
vn -0.392494 0.014544 0.919640
vn -0.383054 0.005367 0.923711
vn -0.384870 0.010654 0.922909
vn -0.388334 0.016777 0.921366
vn -0.248063 0.014247 -0.968639
vn 0.801043 -0.254951 -0.541600
vn 0.336072 0.013458 -0.941740
vn -0.241638 0.013329 0.970275
vn 0.592443 -0.310409 -0.743409
vn 0.951074 -0.187364 -0.245669
vn 0.439779 -0.309040 -0.843261
vn -0.606626 0.026069 0.794559
vn 0.004038 0.011845 -0.999922
vn 0.332693 0.013639 -0.942937
vn -0.240611 0.012799 0.970537
vn 0.999844 -0.017654 -0.000001
vn 0.998936 -0.046112 0.000002
vn 0.246551 0.012743 -0.969046
vn 0.428300 -0.298421 -0.852938
vn 0.927738 -0.250905 -0.276312
vn 0.995784 -0.091730 0.000002
vn 0.742302 -0.331557 -0.582286
vn -0.199174 0.000000 0.979964
vn -0.199258 0.002735 0.979943
vn 0.423438 -0.273619 -0.863616
vn 0.329873 0.013178 -0.943933
vn 0.143796 0.011990 -0.989535
vn 0.548118 -0.349666 -0.759803
vn -0.613925 0.028330 -0.788856
vn -0.481367 0.022818 -0.876222
vn 0.989410 -0.145147 0.000007
vn -0.200329 0.007132 0.979703
vn -0.828673 0.037502 -0.558476
vn -0.391876 0.017025 0.919860
vn -0.159803 -0.090652 0.982978
vn -0.161902 -0.122553 0.979167
vn -0.165370 -0.135675 0.976855
vn -0.157932 -0.047487 0.986308
vn -0.171379 -0.139226 0.975318
vn -0.139476 0.012914 -0.990141
vn -0.179951 -0.132083 0.974768
vn -0.156664 -0.014895 0.987540
vn -0.191773 -0.113570 0.974846
vn -0.203289 0.014190 0.979016
vn -0.204988 -0.085806 0.974996
vn -0.155354 0.005070 0.987846
vn 0.424297 -0.217387 -0.879042
vn -0.216297 -0.047533 0.975170
vn -0.153991 0.013935 0.987974
vn -0.222123 -0.010640 0.974961
vn -0.152424 0.016090 0.988184
vn -0.208692 0.022439 0.977724
vn -0.221287 0.012488 0.975129
vn -0.150645 0.016796 0.988445
vn -0.402779 0.019666 -0.915086
vn -0.215725 0.023728 0.976166
vn 0.426210 -0.140529 -0.893642
vn -0.148594 0.018120 0.988732
vn -0.323695 0.014515 0.946050
vn -0.240363 0.012686 0.970600
vn 0.426446 -0.081802 -0.900807
vn -0.146410 0.019497 0.989032
vn 0.978742 -0.205095 0.000004
vn 0.892234 -0.325922 -0.312560
vn 0.425180 -0.045577 -0.903960
vn -0.943030 0.042365 -0.329998
vn -0.144215 0.020723 0.989329
vn 0.423216 -0.029379 -0.905553
vn 0.420738 -0.025356 -0.906828
vn -0.142121 0.020813 0.989630
vn -0.474553 0.020983 0.879977
vn 0.417854 -0.021196 -0.908267
vn 0.327737 0.012901 -0.944681
vn -0.335969 0.017421 -0.941712
vn 0.682915 -0.398674 -0.612116
vn 0.978266 -0.042601 0.202932
vn 0.979594 -0.016331 0.200323
vn 0.247406 0.012854 -0.968827
vn 0.515405 -0.372082 -0.771953
vn 0.414481 -0.013164 -0.909963
vn -0.140201 0.019580 0.989930
vn -0.943027 0.042365 0.330009
vn -0.828674 0.037502 0.558473
vn 0.961476 -0.274887 0.000000
vn 0.974047 -0.084504 0.209981
vn -0.000007 0.000000 1.000000
vn 0.000037 0.002868 0.999996
vn 0.410771 -0.004857 -0.911726
vn -0.138518 0.017718 0.990202
vn 0.000114 0.007491 0.999972
vn 0.840906 -0.415222 -0.347086
vn 0.965540 -0.132981 0.223716
vn 0.000309 0.014961 0.999888
vn 0.406879 0.002478 -0.913479
vn -0.241003 0.012774 0.970440
vn 0.000659 0.023810 0.999716
vn 0.326508 0.013165 -0.945103
vn 0.001151 0.026427 0.999650
vn -0.251709 0.015437 -0.967680
vn -0.137144 0.015573 0.990429
vn 0.495410 -0.376646 -0.782756
vn 0.402970 0.007520 -0.915182
vn 0.001719 0.017589 0.999844
vn 0.933915 -0.357496 0.000005
vn 0.004363 0.012435 -0.999913
vn 0.951072 -0.187362 0.245677
vn 0.002266 -0.002253 0.999995
vn 0.635545 -0.439340 -0.634872
vn 0.920797 -0.033293 0.388618
vn 0.923028 -0.012815 0.384520
vn 0.002719 -0.034973 0.999385
vn -0.613932 0.028329 0.788851
vn 0.199187 -0.000000 0.979962
vn 0.199326 0.002838 0.979929
vn 0.399225 0.010196 -0.916796
vn 0.914346 -0.065516 0.399600
vn 0.003063 -0.069503 0.997577
vn -0.136125 0.013696 0.990597
vn 0.145580 0.012347 -0.989269
vn 0.200530 0.007418 0.979660
vn 0.484550 -0.364285 -0.795304
vn 0.003294 -0.095142 0.995458
vn 0.927737 -0.250901 0.276319
vn 0.203839 0.014755 0.978893
vn 0.901575 -0.101555 0.420534
vn 0.785814 -0.492127 -0.374576
vn -0.326904 0.015159 0.944936
vn 0.209916 0.023323 0.977441
vn 0.003442 -0.112626 0.993632
vn 0.326324 0.013635 -0.945160
vn 0.395817 0.011479 -0.918258
vn -0.135519 0.012583 0.990695
vn 0.249243 0.013130 -0.968352
vn 0.890240 -0.455491 0.000005
vn -0.396912 0.018104 0.917678
vn 0.217892 0.024837 0.975657
vn 0.481633 -0.335603 -0.809568
vn 0.003545 -0.119701 0.992804
vn 0.880158 -0.142833 0.452682
vn 0.829558 -0.020754 0.558035
vn 0.832479 -0.008041 0.553999
vn -0.622346 0.031103 -0.782124
vn -0.489164 0.025088 -0.871831
vn -0.141435 0.013982 -0.989849
vn 0.224519 0.013630 0.974374
vn 0.382685 -0.000000 0.923879
vn 0.382500 0.002252 0.923953
vn 0.003610 -0.117080 0.993116
vn -0.834392 0.040940 -0.549650
vn 0.003647 -0.105400 0.994423
vn 0.601655 -0.462338 -0.651348
vn 0.821549 -0.040320 0.568710
vn 0.383224 0.005912 0.923637
vn 0.486520 -0.269854 -0.830950
vn 0.003663 -0.076339 0.997075
vn 0.003664 -0.037130 0.999304
vn -0.409403 0.021625 -0.912097
vn 0.226391 -0.009647 0.973989
vn 0.003654 -0.007456 0.999966
vn 0.892230 -0.325920 0.312575
vn 0.392918 0.011927 -0.919496
vn 0.003632 0.010798 0.999935
vn 0.385359 0.011739 0.922692
vn 0.003615 0.018883 0.999815
vn 0.492289 -0.178263 -0.851983
vn -0.242519 0.013031 0.970059
vn 0.003589 0.020814 0.999777
vn 0.806244 -0.061033 0.588427
vn 0.003564 0.021117 0.999771
vn 0.847091 -0.193351 0.495028
vn 0.494753 -0.107377 -0.862374
vn -0.945157 0.046056 -0.323352
vn 0.221447 -0.046848 0.974047
vn 0.389417 0.018469 0.920876
vn 0.003533 0.021669 0.999759
vn 0.552097 -0.000000 0.833780
vn 0.551299 0.000402 0.834307
vn 0.703275 -0.008169 0.710871
vn 0.705752 -0.003197 0.708452
vn 0.494396 -0.063278 -0.866931
vn 0.003494 0.022260 0.999746
vn -0.135359 0.012053 0.990723
vn 0.550491 0.001122 0.834841
vn 0.492906 -0.043557 -0.868992
vn 0.394393 0.016656 0.918791
vn 0.781825 -0.087694 0.617301
vn -0.481358 0.022818 0.876227
vn 0.696798 -0.015545 0.717099
vn -0.341406 0.019170 -0.939721
vn 0.003455 0.022790 0.999734
vn 0.490878 -0.038710 -0.870368
vn 0.742368 -0.540097 -0.396467
vn 0.548595 0.002440 0.836084
vn 0.210816 -0.085451 0.973784
vn 0.396521 -0.000256 0.918026
vn 0.488750 -0.033476 -0.871781
vn 0.841362 -0.540471 0.000003
vn 0.685039 -0.022690 0.728153
vn 0.003423 0.022319 0.999745
vn 0.545441 0.004368 0.838138
vn -0.945160 0.046056 0.323343
vn -0.834398 0.040939 0.549640
vn 0.327380 0.014129 -0.944787
vn 0.486197 -0.023301 -0.873538
vn 0.801044 -0.254959 0.541594
vn 0.746464 -0.126048 0.653379
vn 0.582756 -0.467319 -0.664837
vn 0.390679 0.012540 -0.920442
vn 0.392030 -0.031426 0.919416
vn 0.840902 -0.415220 0.347097
vn 0.540374 -0.002855 0.841420
vn 0.667233 -0.037748 0.743892
vn 0.198064 -0.113458 0.973601
vn 0.003400 0.020650 0.999781
vn 0.483258 -0.012731 -0.875385
vn 0.530769 -0.026466 0.847103
vn 0.378502 -0.078897 0.922232
vn 0.641983 -0.067824 0.763713
vn 0.003381 0.018431 0.999824
vn -0.255737 0.017021 -0.966597
vn 0.480036 -0.003365 -0.877242
vn 0.004743 0.013462 -0.999898
vn 0.700788 -0.177657 0.690893
vn 0.186541 -0.132137 0.973521
vn 0.514314 -0.066007 0.855058
vn -0.135691 0.011858 0.990680
vn 0.742305 -0.331557 0.582283
vn 0.147896 0.012989 -0.988918
vn 0.574597 -0.454571 -0.680591
vn 0.609231 -0.113521 0.784825
vn 0.389384 0.013603 -0.920975
vn 0.476648 0.003337 -0.879088
vn 0.357825 -0.126668 0.925157
vn 0.003369 0.016000 0.999866
vn 0.711972 -0.568341 -0.412413
vn 0.252096 0.013622 -0.967606
vn 0.178177 -0.139336 0.974083
vn -0.622347 0.031102 0.782123
vn 0.489257 -0.124135 0.863260
vn 0.803412 -0.595424 -0.000001
vn 0.785808 -0.492126 0.374591
vn -0.331096 0.016059 0.943460
vn 0.646491 -0.246969 0.721842
vn 0.473288 0.007342 -0.880877
vn 0.172291 -0.135795 0.975641
vn 0.569024 -0.178544 0.802704
vn 0.576758 -0.422262 -0.699318
vn 0.003372 0.013857 0.999898
vn 0.335431 -0.159860 0.928402
vn -0.244928 0.013504 0.969447
vn 0.168890 -0.122704 0.977967
vn -0.402777 0.019667 0.915087
vn -0.631992 0.033577 -0.774247
vn -0.497856 0.027109 -0.866836
vn -0.143569 0.015457 -0.989520
vn 0.458366 -0.180994 0.870139
vn 0.166849 -0.090789 0.981794
vn 0.591403 -0.344753 -0.728964
vn -0.841005 0.043948 -0.539239
vn 0.470162 0.009716 -0.882527
vn 0.164986 -0.047744 0.985140
vn 0.682914 -0.398669 0.612121
vn 0.329697 0.014649 -0.943973
vn 0.163701 -0.015217 0.986393
vn -0.416484 0.023368 -0.908843
vn 0.162372 0.004769 0.986718
vn 0.389228 0.014655 -0.921025
vn 0.607108 -0.232547 -0.759830
vn 0.160963 0.013644 0.986866
vn -0.947597 0.049227 -0.315654
vn 0.159351 0.015785 0.987096
vn 0.697647 -0.577002 -0.424684
vn 0.157521 0.016507 0.987378
vn 0.615075 -0.142927 -0.775406
vn 0.526288 -0.240313 0.815641
vn 0.315922 -0.181027 0.931355
vn 0.003398 0.012518 0.999916
vn 0.592458 -0.310403 0.743400
vn 0.155406 0.017899 0.987689
vn 0.616893 -0.086387 -0.782292
vn 0.153154 0.019338 0.988013
vn 0.616197 -0.061016 -0.785225
vn 0.467443 0.011063 -0.883954
vn -0.346980 0.020763 -0.937643
vn 0.614669 -0.054836 -0.786877
vn 0.428157 -0.218964 0.876776
vn -0.136498 0.011937 0.990569
vn 0.150895 0.020611 0.988335
vn 0.777417 -0.628986 0.000010
vn 0.742367 -0.540090 0.396476
vn -0.489148 0.025087 0.871840
vn 0.613453 -0.048201 -0.788259
vn 0.148738 0.020738 0.988659
vn 0.301997 -0.188271 0.934533
vn 0.611921 -0.035223 -0.790134
vn 0.003467 0.011830 0.999924
vn 0.146773 0.019536 0.988977
vn 0.696524 -0.567106 -0.439597
vn 0.488593 -0.280027 0.826355
vn -0.841012 0.043948 0.539228
vn -0.947597 0.049228 0.315653
vn 0.609938 -0.021690 -0.792152
vn 0.635533 -0.439341 0.634884
vn -0.259710 0.018532 -0.965509
vn 0.465329 0.012603 -0.885048
vn 0.005193 0.014906 -0.999875
vn 0.292569 -0.182529 0.938662
vn 0.403082 -0.242172 0.882540
vn 0.145055 0.017686 0.989266
vn 0.390466 0.015556 -0.920486
vn 0.548122 -0.349668 0.759799
vn 0.607554 -0.009654 -0.794220
vn 0.150600 0.014073 -0.988495
vn 0.255812 0.014387 -0.966619
vn 0.287370 -0.165921 0.943339
vn 0.710483 -0.533751 -0.458611
vn 0.604860 -0.000792 -0.796332
vn 0.143660 0.015557 0.989505
vn 0.767418 -0.641147 0.000011
vn -0.631985 0.033577 0.774253
vn 0.284836 -0.126902 0.950139
vn 0.711973 -0.568330 0.412427
vn 0.282726 -0.074152 0.956330
vn 0.459146 -0.303401 0.834945
vn 0.003599 0.011529 0.999927
vn 0.748170 -0.446138 -0.491123
vn 0.464119 0.014545 -0.885653
vn 0.281052 -0.034346 0.959078
vn -0.335973 0.017422 0.941711
vn 0.333304 0.015317 -0.942695
vn 0.385771 -0.249019 0.888353
vn 0.602102 0.004884 -0.798404
vn -0.248064 0.014248 0.968639
vn 0.279106 -0.009936 0.960209
vn 0.276972 0.000925 0.960878
vn 0.790284 -0.310309 -0.528356
vn 0.274486 0.003603 0.961585
vn -0.145568 0.016937 -0.989203
vn 0.271628 0.005374 0.962387
vn 0.142653 0.013698 0.989678
vn 0.813493 -0.194762 -0.547994
vn 0.601650 -0.462338 0.651353
vn -0.507918 0.028543 -0.860933
vn -0.643570 0.035347 -0.764571
vn 0.515403 -0.372088 0.771952
vn -0.849052 0.045983 -0.526305
vn 0.268323 0.008755 0.963289
vn -0.409397 0.021625 0.912100
vn 0.821775 -0.119626 -0.557113
vn 0.599455 0.008586 -0.800362
vn -0.424167 0.024589 -0.905250
vn 0.264775 0.012241 0.964233
vn 0.823425 -0.085496 -0.560947
vn -0.137785 0.012285 0.990386
vn 0.772799 -0.634651 -0.000007
vn 0.374733 -0.240731 0.895334
vn -0.950614 0.051251 -0.306116
vn 0.822935 -0.077267 -0.562856
vn 0.261191 0.015322 0.965166
vn 0.822998 -0.068495 -0.563900
vn 0.439778 -0.309031 0.843264
vn 0.257731 0.016899 0.966069
vn -0.352556 0.021911 -0.935534
vn 0.464075 0.016265 -0.885647
vn 0.393159 0.016341 -0.919326
vn 0.142105 0.012598 0.989771
vn 0.823075 -0.051289 -0.565612
vn 0.697634 -0.577010 0.424696
vn 0.369202 -0.219950 0.902946
vn -0.497840 0.027108 0.866845
vn 0.597114 0.011012 -0.802081
vn 0.254529 0.016829 0.966919
vn 0.768767 -0.580779 -0.267754
vn 0.822688 -0.033284 -0.567518
vn 0.367752 -0.172196 0.913842
vn 0.495407 -0.376639 0.782761
vn 0.367015 -0.107369 0.923998
vn 0.003785 0.011542 0.999926
vn 0.582753 -0.467324 0.664836
vn 0.821811 -0.017196 -0.569500
vn 0.251710 0.015886 0.967672
vn 0.365879 -0.058261 0.928837
vn 0.428301 -0.298428 0.852936
vn -0.849048 0.045985 0.526310
vn -0.950610 0.051251 0.306127
vn -0.263355 0.019704 -0.964498
vn 0.005711 0.016387 -0.999849
vn 0.363975 -0.028092 0.930985
vn 0.821678 -0.490527 -0.290222
vn 0.361679 -0.014666 0.932187
vn 0.358921 -0.011300 0.933300
vn 0.595340 0.013722 -0.803357
vn 0.820521 -0.005115 -0.571594
vn 0.153604 0.015568 -0.988010
vn 0.883440 -0.347440 -0.314356
vn 0.355722 -0.008260 0.934555
vn 0.142069 0.012083 0.989783
vn 0.260140 0.015608 -0.965445
vn 0.249387 0.014495 0.968296
vn 0.696514 -0.567109 0.439608
vn 0.352016 -0.002483 0.935991
vn 0.918466 -0.220814 -0.328119
vn 0.423444 -0.273639 0.863607
vn 0.932573 -0.136885 -0.334022
vn 0.465545 0.017646 -0.884848
vn 0.484555 -0.364296 0.795296
vn 0.348002 0.003493 0.937487
vn 0.819096 0.002946 -0.573648
vn 0.936662 -0.098379 -0.336133
vn 0.337991 0.016247 -0.941009
vn 0.424305 -0.217389 0.879038
vn 0.937295 -0.089162 -0.336940
vn 0.343884 0.008774 0.938971
vn 0.247661 0.013333 0.968755
vn 0.574588 -0.454590 0.680586
vn 0.768758 -0.580792 0.267752
vn 0.710470 -0.533773 0.458606
vn 0.594372 0.016845 -0.804014
vn 0.937870 -0.079197 -0.337829
vn 0.426221 -0.140570 0.893631
vn -0.341416 0.019169 0.939717
vn -0.147222 0.018175 -0.988937
vn -0.251710 0.015437 0.967680
vn 0.339855 0.012131 0.940400
vn -0.643565 0.035349 0.764575
vn 0.817691 0.008473 -0.575595
vn 0.426453 -0.081802 0.900804
vn 0.938877 -0.059752 -0.339029
vn 0.481639 -0.335593 0.809569
vn 0.425189 -0.045574 0.903957
vn -0.416495 0.023367 0.908838
vn 0.423223 -0.029415 0.905548
vn 0.821675 -0.490541 0.290206
vn 0.748146 -0.446129 0.491168
vn -0.139472 0.012915 0.990142
vn -0.520090 0.029203 -0.853612
vn -0.658160 0.036198 -0.752007
vn 0.336074 0.013457 0.941740
vn 0.397346 0.017202 -0.917508
vn 0.420745 -0.025364 0.906824
vn 0.939514 -0.039388 -0.340239
vn -0.859284 0.046739 -0.509358
vn 0.417845 -0.021176 0.908271
vn 0.486512 -0.269867 0.830950
vn 0.576742 -0.422246 0.699340
vn 0.883455 -0.347403 0.314354
vn 0.790310 -0.310277 0.528336
vn 0.142636 0.011901 0.989704
vn -0.432683 0.025107 -0.901197
vn 0.414476 -0.013167 0.909965
vn 0.939683 -0.021157 -0.341392
vn 0.918467 -0.220789 0.328133
vn 0.813491 -0.194753 0.548000
vn 0.246690 0.012832 0.969009
vn 0.332694 0.013643 0.942936
vn -0.954607 0.051737 -0.293341
vn 0.492279 -0.178327 0.851975
vn 0.816437 0.012345 -0.577303
vn 0.932566 -0.136910 0.334030
vn 0.821777 -0.119655 0.557104
vn -0.358011 0.022423 -0.933448
vn 0.410764 -0.004868 0.911729
vn 0.494741 -0.107357 0.862384
vn 0.004042 0.011845 0.999922
vn 0.594548 0.019502 -0.803823
vn 0.936663 -0.098383 0.336130
vn 0.823414 -0.085495 0.560964
vn 0.591372 -0.344779 0.728976
vn 0.494392 -0.063282 0.866933
vn 0.939492 -0.007372 -0.342490
vn 0.937292 -0.089146 0.336953
vn 0.822946 -0.077255 0.562842
vn 0.492909 -0.043587 0.868988
vn 0.406869 0.002476 0.913483
vn 0.329869 0.013177 0.943935
vn 0.607094 -0.232537 0.759845
vn 0.490881 -0.038719 0.870366
vn 0.937865 -0.079189 0.337844
vn 0.822990 -0.068493 0.563912
vn 0.468621 0.018751 -0.883201
vn 0.615081 -0.142916 0.775403
vn 0.006302 0.017666 -0.999824
vn 0.488753 -0.033465 0.871780
vn 0.402969 0.007527 0.915183
vn 0.939140 0.001963 -0.343529
vn 0.815556 0.016662 -0.578438
vn 0.938874 -0.059753 0.339035
vn 0.823066 -0.051288 0.565625
vn 0.616883 -0.086396 0.782299
vn -0.507917 0.028542 0.860933
vn -0.266378 0.020335 -0.963654
vn 0.486212 -0.023300 0.873530
vn 0.156590 0.017062 -0.987516
vn 0.616197 -0.061022 0.785225
vn 0.246561 0.012743 0.969044
vn -0.859279 0.046738 0.509367
vn -0.954604 0.051736 0.293350
vn 0.264953 0.017227 -0.964108
vn 0.614673 -0.054836 0.786874
vn 0.939513 -0.039388 0.340241
vn 0.822685 -0.033286 0.567522
vn 0.399230 0.010197 0.916794
vn 0.483268 -0.012743 0.875380
vn 0.938767 0.008471 -0.344448
vn 0.613457 -0.048198 0.788256
vn 0.327736 0.012898 0.944681
vn 0.939681 -0.021152 0.341396
vn 0.821808 -0.017192 0.569505
vn 0.480040 -0.003371 0.877240
vn 0.611925 -0.035220 0.790132
vn 0.343444 0.017650 -0.939007
vn 0.395821 0.011481 0.918256
vn 0.815135 0.021476 -0.578872
vn 0.596284 0.021574 -0.802483
vn 0.143800 0.011990 0.989534
vn 0.609949 -0.021700 0.792144
vn 0.476656 0.003347 0.879084
vn 0.939489 -0.007368 0.342501
vn 0.820518 -0.005108 0.571598
vn -0.346993 0.020762 0.937638
vn -0.148275 0.018959 -0.988764
vn 0.938435 0.013124 -0.345207
vn 0.607569 -0.009656 0.794208
vn -0.255745 0.017020 0.966595
vn 0.392920 0.011927 0.919495
vn 0.326511 0.013168 0.945102
vn 0.402782 0.018313 -0.915113
vn 0.473309 0.007346 0.880866
vn -0.658171 0.036199 0.751998
vn -0.424174 0.024589 0.905247
vn 0.939139 0.001963 0.343533
vn 0.819086 0.002946 0.573663
vn -0.141435 0.013981 0.989849
vn 0.604873 -0.000781 0.796321
vn 0.247410 0.012855 0.968826
vn 0.470177 0.009715 0.882519
vn 0.815452 0.025500 -0.578263
vn 0.938174 0.018317 -0.345678
vn -0.535286 0.030109 -0.844134
vn -0.677945 0.037557 -0.734153
vn 0.938761 0.008473 0.344466
vn 0.817683 0.008472 0.575607
vn 0.602108 0.004887 0.798400
vn 0.473390 0.019852 -0.880629
vn 0.004362 0.012436 0.999913
vn -0.873512 0.048275 -0.484403
vn 0.390685 0.012539 0.920439
vn -0.441711 0.025712 -0.896789
vn 0.326324 0.013635 0.945160
vn 0.938422 0.013125 0.345241
vn 0.816435 0.012345 0.577305
vn 0.467443 0.011064 0.883954
vn -0.362275 0.023050 -0.931786
vn 0.599463 0.008582 0.800357
vn -0.959503 0.053241 -0.276621
vn 0.006996 0.018526 -0.999804
vn 0.159386 0.018306 -0.987047
vn 0.599646 0.023141 -0.799931
vn 0.269809 0.018766 -0.962731
vn 0.938077 0.024057 -0.345592
vn 0.389389 0.013604 0.920973
vn -0.520105 0.029204 0.853603
vn 0.938163 0.018317 0.345710
vn 0.815549 0.016662 0.578448
vn 0.597120 0.011012 0.802077
vn -0.267446 0.021194 -0.963340
vn 0.349550 0.019444 -0.936716
vn 0.465331 0.012604 0.885047
vn 0.145586 0.012347 0.989269
vn 0.816820 0.028571 -0.576185
vn -0.873509 0.048273 0.484409
vn -0.959497 0.053240 0.276642
vn 0.249248 0.013130 0.968351
vn 0.595346 0.013723 0.803353
vn 0.327378 0.014129 0.944788
vn -0.352562 0.021912 0.935532
vn 0.938066 0.024057 0.345621
vn 0.815125 0.021476 0.578887
vn 0.938262 0.028827 -0.344722
vn 0.409107 0.019919 -0.912269
vn -0.259709 0.018532 0.965509
vn 0.389223 0.014655 0.921027
vn 0.464123 0.014545 0.885651
vn -0.147801 0.020115 -0.988813
vn -0.143563 0.015456 0.989520
vn 0.594379 0.016845 0.804009
vn 0.479552 0.021194 -0.877258
vn -0.677942 0.037557 0.734155
vn 0.938250 0.028828 0.344754
vn 0.815440 0.025500 0.578280
vn 0.004740 0.013462 0.999898
vn 0.604763 0.024594 -0.796026
vn -0.432664 0.025107 0.901206
vn 0.464082 0.016265 0.885643
vn 0.819246 0.030789 -0.572615
vn 0.274502 0.019953 -0.961380
vn 0.938852 0.032431 -0.342790
vn 0.161800 0.019089 -0.986639
vn 0.390462 0.015556 0.920488
vn -0.554637 0.032719 -0.831449
vn -0.703396 0.041367 -0.709594
vn 0.594555 0.019502 0.803818
vn 0.329690 0.014650 0.943976
vn -0.450707 0.027363 -0.892252
vn 0.355895 0.021076 -0.934288
vn 0.007782 0.019839 -0.999773
vn -0.890550 0.052932 -0.451796
vn 0.252111 0.013622 0.967603
vn -0.364175 0.024838 -0.930999
vn 0.147895 0.012989 0.988918
vn 0.938846 0.032432 0.342806
vn 0.816801 0.028571 0.576212
vn -0.535303 0.030111 0.844123
vn -0.998168 0.060509 -0.000004
vn 0.465564 0.017647 0.884839
vn 0.416266 0.021928 -0.908979
vn -0.265299 0.023422 -0.963882
vn -0.263361 0.019704 0.964496
vn -0.358013 0.022424 0.933447
vn 0.596277 0.021574 0.802489
vn 0.939885 0.034977 -0.339696
vn 0.393160 0.016342 0.919325
vn -0.145560 0.016936 0.989205
vn 0.486706 0.023072 -0.873261
vn -0.890530 0.052930 0.451836
vn 0.822848 0.032711 -0.567319
vn 0.611313 0.026283 -0.790952
vn 0.005194 0.014906 0.999875
vn -0.145135 0.022837 -0.989148
vn 0.333300 0.015318 0.942697
vn 0.939884 0.034976 0.339697
vn 0.819225 0.030789 0.572645
vn 0.278798 0.020584 -0.960129
vn 0.362388 0.022248 -0.931762
vn -0.441704 0.025712 0.896792
vn 0.468644 0.018752 0.883188
vn 0.162858 0.020232 -0.986442
vn -0.703398 0.041367 0.709591
vn 0.255822 0.014387 0.966617
vn 0.599630 0.023141 0.799943
vn 0.150591 0.014073 0.988496
vn 0.423966 0.023716 -0.905368
vn -0.459387 0.030180 -0.887724
vn -0.576164 0.037555 -0.816471
vn 0.008538 0.022838 -0.999703
vn 0.941352 0.037104 -0.335379
vn -0.722460 0.048079 -0.689739
vn 0.397345 0.017203 0.917508
vn -0.362281 0.028122 -0.931644
vn -0.266403 0.020335 0.963647
vn 0.494891 0.025393 -0.868584
vn -0.902884 0.061849 -0.425411
vn -0.362285 0.023049 0.931782
vn -0.147219 0.018174 0.988937
vn -0.554648 0.032718 0.831442
vn 0.827368 0.034849 -0.560578
vn 0.618872 0.028583 -0.784972
vn 0.941352 0.037103 0.335379
vn 0.822838 0.032709 0.567333
vn -0.263153 0.027854 -0.964352
vn 0.005709 0.016386 0.999849
vn -0.997433 0.071604 -0.000005
vn 0.473395 0.019852 0.880627
vn 0.337993 0.016246 0.941009
vn 0.368951 0.022764 -0.929170
vn 0.281314 0.021423 -0.959377
vn 0.604752 0.024593 0.796034
vn 0.432359 0.024963 -0.901356
vn 0.260136 0.015607 0.965446
vn -0.902872 0.061845 0.425438
vn -0.141733 0.028165 -0.989504
vn 0.153596 0.015567 0.988011
vn -0.450734 0.027363 0.892239
vn 0.943141 0.039418 -0.330047
vn 0.161702 0.022919 -0.986574
vn 0.402781 0.018312 0.915113
vn 0.504013 0.027456 -0.863259
vn -0.467282 0.034807 -0.883423
vn -0.563773 0.043919 -0.824761
vn -0.722431 0.048081 0.689770
vn -0.267473 0.021194 0.963332
vn 0.832475 0.037708 -0.552778
vn -0.148263 0.018960 0.988766
vn -0.381665 0.035133 -0.923633
vn 0.627556 0.031404 -0.777938
vn 0.943134 0.039417 0.330067
vn 0.827366 0.034848 0.560581
vn -0.707986 0.058719 -0.703781
vn 0.006302 0.017665 0.999824
vn 0.479552 0.021194 0.877258
vn 0.008955 0.028657 -0.999549
vn -0.364198 0.024837 0.930990
vn 0.343449 0.017648 0.939005
vn 0.611313 0.026283 0.790953
vn -0.576186 0.037556 0.816455
vn 0.374487 0.023371 -0.926938
vn -0.277027 0.036917 -0.960153
vn 0.441764 0.025489 -0.896769
vn -0.895548 0.078439 -0.437997
vn 0.264950 0.017228 0.964108
vn 0.280591 0.023592 -0.959537
vn 0.156580 0.017061 0.987518
vn 0.514596 0.028915 -0.856945
vn 0.945103 0.042496 -0.323999
vn -0.995373 0.096084 -0.000001
vn 0.409119 0.019919 0.912264
vn -0.468512 0.049829 -0.882051
vn 0.637477 0.033917 -0.769722
vn 0.838291 0.041184 -0.543665
vn -0.459427 0.030176 0.887703
vn -0.146540 0.039033 -0.988434
vn 0.945092 0.042495 0.324028
vn 0.832468 0.037708 0.552789
vn 0.159228 0.028172 -0.986840
vn -0.147775 0.020115 0.988817
vn 0.006997 0.018526 0.999804
vn 0.486717 0.023073 0.873255
vn -0.895543 0.078434 0.438007
vn -0.265300 0.023423 0.963881
vn 0.527504 0.029588 -0.849037
vn 0.349563 0.019446 0.936711
vn 0.618868 0.028583 0.784975
vn -0.623474 0.072951 -0.778433
vn 0.649447 0.035712 -0.759568
vn 0.451878 0.026078 -0.891698
vn 0.269819 0.018766 0.962728
vn -0.362294 0.028121 0.931640
vn -0.707960 0.058718 0.703808
vn -0.334083 0.054804 -0.940949
vn 0.159379 0.018306 0.987048
vn 0.377743 0.025093 -0.925570
vn 0.008557 0.040970 -0.999124
vn 0.947255 0.046217 -0.317129
vn 0.845005 0.044222 -0.532926
vn 0.416278 0.021929 0.908973
vn -0.563797 0.043927 0.824745
vn -0.846328 0.105829 -0.522044
vn 0.279399 0.027909 -0.959769
vn 0.947252 0.046215 0.317139
vn 0.838279 0.041183 0.543684
vn -0.467308 0.034806 0.883409
vn 0.494897 0.025393 0.868580
vn 0.355908 0.021076 0.934283
vn 0.543726 0.030483 -0.838709
vn 0.007783 0.019838 0.999773
vn 0.627542 0.031402 0.777949
vn -0.175474 0.059630 -0.982677
vn 0.664696 0.036580 -0.746217
vn -0.989900 0.141767 -0.000005
vn -0.145124 0.022838 0.989150
vn 0.853227 0.046275 -0.519483
vn 0.274522 0.019953 0.961374
vn -0.465358 0.086348 -0.880901
vn -0.263137 0.027856 0.964356
vn 0.949713 0.049409 -0.309198
vn 0.161795 0.019090 0.986640
vn 0.163628 0.038886 -0.985756
vn 0.462056 0.027672 -0.886419
vn -0.381622 0.035136 0.923651
vn 0.423968 0.023715 0.905367
vn 0.376974 0.028258 -0.925793
vn -0.846335 0.105826 0.522032
vn 0.949707 0.049409 0.309218
vn 0.844994 0.044222 0.532944
vn 0.007094 0.064749 -0.997876
vn 0.504024 0.027455 0.863253
vn 0.362395 0.022248 0.931759
vn 0.952778 0.051441 -0.299279
vn -0.623438 0.072943 0.778463
vn 0.637473 0.033916 0.769726
vn -0.722402 0.145011 -0.676097
vn 0.863811 0.047036 -0.501616
vn -0.468543 0.049831 0.882034
vn 0.685510 0.037927 -0.727075
vn 0.564445 0.033041 -0.824809
vn 0.293208 0.036763 -0.955342
vn 0.278821 0.020585 0.960122
vn -0.252605 0.099301 -0.962460
vn 0.008544 0.022838 0.999703
vn 0.162843 0.020231 0.986445
vn 0.432357 0.024964 0.901357
vn -0.277037 0.036918 0.960150
vn -0.141743 0.028166 0.989503
vn 0.471983 0.030399 -0.881083
vn -0.862225 0.212472 -0.459809
vn 0.853213 0.046274 0.519506
vn 0.952759 0.051440 0.299339
vn 0.514616 0.028915 0.856933
vn 0.956864 0.051922 -0.285860
vn 0.190301 0.059224 -0.979938
vn 0.396688 0.035086 -0.917283
vn 0.368959 0.022765 0.929167
vn 0.649457 0.035713 0.759559
vn 0.878600 0.048525 -0.475086
vn 0.004837 0.114985 -0.993355
vn 0.712276 0.041662 -0.700662
vn -0.225392 0.163974 -0.960370
vn 0.587408 0.037776 -0.808408
vn -0.722424 0.145009 0.676074
vn -0.862226 0.212459 0.459813
vn -0.334066 0.054800 0.940955
vn 0.281321 0.021423 0.959375
vn 0.441759 0.025489 0.896772
vn 0.863788 0.047034 0.501656
vn 0.956850 0.051920 0.285905
vn 0.481126 0.034905 -0.875956
vn -0.465342 0.086346 0.880910
vn 0.348762 0.054282 -0.935638
vn 0.527521 0.029589 0.849026
vn 0.008966 0.028659 0.999549
vn -0.146544 0.039034 0.988434
vn 0.161698 0.022919 0.986574
vn 0.664714 0.036581 0.746202
vn 0.961919 0.053353 -0.268077
vn 0.374501 0.023370 0.926932
vn -0.837651 0.230805 -0.495046
vn -0.837651 0.230805 -0.495046
vn 0.896180 0.053014 -0.440513
vn 0.576448 0.043898 -0.815954
vn 0.482362 0.049474 -0.874574
vn 0.732406 0.048173 -0.679162
vn 0.263819 0.098434 -0.959536
vn 0.002273 0.287531 -0.957769
vn 0.451877 0.026077 0.891699
vn 0.878577 0.048524 0.475130
vn 0.961911 0.053352 0.268104
vn 0.280589 0.023592 0.959538
vn -0.175490 0.059625 0.982674
vn 0.543743 0.030484 0.838698
vn -0.837644 0.230795 0.495063
vn -0.837644 0.230795 0.495063
vn 0.685526 0.037927 0.727059
vn 0.998184 0.060243 0.000000
vn 0.008559 0.040968 0.999124
vn 0.477172 0.085216 -0.874668
vn -0.252660 0.099301 0.962446
vn -0.225438 0.163965 0.960361
vn 0.159239 0.028174 0.986838
vn 0.718907 0.058402 -0.692648
vn 0.377742 0.025093 0.925571
vn -0.428053 0.387229 -0.816593
vn -0.428053 0.387229 -0.816593
vn 0.908727 0.061555 -0.412827
vn 0.635132 0.072076 -0.769034
vn 0.233229 0.163034 -0.958658
vn 0.462059 0.027672 0.886418
vn 0.896164 0.053013 0.440546
vn 0.564498 0.033041 0.824773
vn 0.279398 0.027910 0.959770
vn 0.712270 0.041662 0.700668
vn 0.007079 0.064747 0.997877
vn 0.997488 0.070840 -0.000000
vn -0.428011 0.387220 0.816620
vn 0.002306 0.287523 0.957771
vn -0.428011 0.387220 0.816620
vn 0.901634 0.077402 -0.425519
vn 0.729753 0.142474 -0.668702
vn 0.163624 0.038887 0.985756
vn 0.376956 0.028258 0.925800
vn 0.004828 0.114981 0.993356
vn 0.434019 0.385436 -0.814289
vn 0.434019 0.385436 -0.814289
vn 0.853034 0.103846 -0.511418
vn 0.471994 0.030397 0.881078
vn 0.908719 0.061551 0.412844
vn 0.587449 0.037777 0.808379
vn 0.995551 0.094230 -0.000003
vn 0.434062 0.385443 0.814263
vn 0.434062 0.385443 0.814263
vn 0.233296 0.163031 0.958642
vn 0.732408 0.048177 0.679160
vn 0.293204 0.036764 0.955343
vn 0.190332 0.059222 0.979932
vn 0.866773 0.209166 -0.452718
vn 0.843241 0.226828 -0.487333
vn 0.843241 0.226828 -0.487333
vn 0.396686 0.035085 0.917284
vn 0.263878 0.098432 0.959521
vn 0.990366 0.138474 -0.000002
vn 0.481111 0.034904 0.875964
vn 0.901625 0.077396 0.425537
vn 0.576490 0.043903 0.815924
vn 0.866765 0.209161 0.452736
vn 0.843233 0.226822 0.487350
vn 0.843233 0.226822 0.487350
vn 0.729767 0.142463 0.668689
vn 0.718909 0.058402 0.692647
vn 0.348723 0.054284 0.935652
vn 0.482383 0.049478 0.874562
vn 0.853018 0.103845 0.511446
vn 0.477175 0.085215 0.874667
vn 0.635117 0.072073 0.769046
vn 0.014443 0.010613 -0.999839
vn -0.105206 0.010421 -0.994396
vn -0.024159 -0.972125 -0.233214
vn -0.143286 -0.979251 0.143306
vn -0.143286 -0.979251 0.143306
vn -0.200864 -0.979374 0.021938
vn -0.021551 -0.970304 -0.240926
vn -0.186915 -0.915567 -0.356090
vn -0.091438 -0.778690 -0.620710
vn -0.084123 -0.765728 -0.637640
vn -0.084123 -0.765728 -0.637640
vn -0.022757 -0.651515 -0.758295
vn -0.209698 -0.977763 0.002576
vn -0.209698 -0.977763 0.002576
vn -0.566708 -0.000013 -0.823918
vn 0.584203 0.119143 -0.802815
vn 0.589256 0.112514 -0.800074
vn 0.589256 0.112514 -0.800074
vn 0.294662 -0.136598 -0.945788
vn 0.390298 0.025817 -0.920327
vn 0.214183 -0.248851 -0.944563
vn 0.009310 -0.584333 -0.811460
vn 0.979965 -0.000011 -0.199170
vn 0.979965 0.000008 0.199172
vn 1.000000 0.000000 0.000004
vn 0.923874 -0.000004 0.382696
vn 0.833777 -0.000012 0.552101
vn 0.707107 -0.000008 0.707107
vn -0.468627 -0.000007 -0.883396
vn -0.000000 -1.000000 0.000093
vn -0.000000 -1.000000 0.000002
vn -0.000000 -1.000000 0.000001
vn -0.000000 -1.000000 0.000000
vn -0.000000 -1.000000 0.000000
vn -0.000000 -1.000000 -0.000049
vn -0.000000 -1.000000 -0.000001
vn -0.000000 -1.000000 -0.000001
vn -0.000000 -1.000000 0.000000
vn -0.000000 -1.000000 0.000000
vn -0.000000 -1.000000 0.000023
vn -0.000000 -1.000000 -0.000016
vn -0.000000 -1.000000 -0.000002
vn -0.000000 -1.000000 -0.000006
vn -0.000000 -1.000000 0.000007
vn -0.000000 -1.000000 -0.000011
vn -0.000000 -1.000000 0.000010
vn -0.000000 -1.000000 0.000007
vn -0.000000 -1.000000 -0.000004
vn -0.000000 -1.000000 -0.000007
vn -0.000000 -1.000000 -0.000000
vn -0.000000 -1.000000 -0.000008
vn -0.000000 -1.000000 -0.000000
vn -0.000000 -1.000000 0.000002
vn -0.000000 -1.000000 -0.000002
vn -0.000000 -1.000000 -0.000004
vn -0.000000 -1.000000 -0.000001
vn -0.000000 -1.000000 0.000002
vn -0.000000 -1.000000 -0.000001
vn -0.000000 -1.000000 0.000011
vn -0.000000 -1.000000 0.000008
vn -0.000000 -1.000000 -0.000012
s 1
f 2/1/1 3/2/2 1/3/3 4/4/4
f 5/5/5 2/1/1 4/4/4 11/6/6
f 3/2/2 2/1/1 6/7/7 9/8/8
f 3/2/2 8/9/9 7/10/10 1/3/3
f 8/9/9 3/2/2 9/8/8 15/11/11
f 2/1/1 5/5/5 10/12/12 6/7/7
f 12/13/13 5/5/5 11/6/6 19/14/14
f 8/9/9 14/15/15 13/16/16 7/10/10
f 14/15/15 8/9/9 15/11/11 17/17/17
f 5/5/5 12/13/13 16/18/18 10/12/12
f 18/19/19 14/15/15 17/17/17 23/20/20
f 20/21/21 12/13/13 19/14/14 25/22/22
f 14/15/15 18/19/19 21/23/23 13/16/16
f 12/13/13 20/21/21 22/24/24 16/18/18
f 24/25/25 18/19/19 23/20/20 28/26/26
f 18/19/19 24/25/25 26/27/27 21/23/23
f 27/28/28 20/21/21 25/22/22 33/29/29
f 29/30/30 24/25/25 28/26/26 39/31/31
f 20/21/21 27/28/28 30/32/32 22/24/24
f 11/6/6 4/4/4 31/33/33 34/34/34
f 4/4/4 1/3/3 32/35/35 31/33/33
f 19/14/14 11/6/6 34/34/34 38/36/36
f 24/25/25 29/30/30 35/37/37 26/27/27
f 1/3/3 7/10/10 36/38/38 32/35/35
f 7/10/10 13/16/16 37/39/39 36/38/38
f 25/22/22 19/14/14 38/36/36 49/40/40
f 9/8/8 6/7/7 40/41/41 43/42/42
f 41/43/43 27/28/28 33/29/29 55/44/44
f 13/16/16 21/23/23 42/45/45 37/39/39
f 15/11/11 9/8/8 43/42/42 45/46/46
f 6/7/7 10/12/12 44/47/47 40/41/41
f 17/17/17 15/11/11 45/46/46 48/48/48
f 10/12/12 16/18/18 46/49/49 44/47/47
f 47/50/50 29/30/30 39/31/31 56/51/51
f 23/20/20 17/17/17 48/48/48 51/52/52
f 33/29/29 25/22/22 49/40/40 58/53/53
f 21/23/23 26/27/27 50/54/54 42/45/45
f 28/26/26 23/20/20 51/52/52 57/55/55
f 52/56/56 30/32/32 27/28/28 41/43/43
f 53/57/57 35/37/37 29/30/30 47/50/50
f 16/18/18 22/24/24 54/58/58 46/49/49
f 39/31/31 28/26/26 57/55/55 64/59/59
f 55/44/44 33/29/29 58/53/53 66/60/60
f 26/27/27 35/37/37 59/61/61 50/54/54
f 22/24/24 30/32/32 60/62/62 54/58/58
f 61/63/63 47/50/50 56/51/51 69/64/64
f 62/65/65 41/43/43 55/44/44 72/66/66
f 63/67/67 53/57/57 47/50/50 61/63/63
f 56/51/51 39/31/31 64/59/59 79/68/68
f 35/37/37 53/57/57 65/69/69 59/61/61
f 67/70/70 52/56/56 41/43/43 62/65/65
f 34/71/34 31/72/33 68/73/71 70/74/72
f 38/75/36 34/71/34 70/74/72 75/76/73
f 31/72/33 32/77/35 71/78/74 68/73/71
f 30/32/32 52/56/56 73/79/75 60/62/62
f 32/77/35 36/80/38 74/81/76 71/78/74
f 72/66/66 55/44/44 66/60/60 85/82/77
f 49/83/40 38/75/36 75/76/73 77/84/78
f 36/80/38 37/85/39 76/86/79 74/81/76
f 58/87/53 49/83/40 77/84/78 82/88/80
f 37/85/39 42/89/45 78/90/81 76/86/79
f 69/64/64 56/51/51 79/68/68 98/91/82
f 80/92/83 61/63/63 69/64/64 92/93/84
f 42/89/45 50/94/54 81/95/85 78/90/81
f 66/96/60 58/87/53 82/88/80 101/97/86
f 83/98/87 63/67/67 61/63/63 80/92/83
f 53/57/57 63/67/67 84/99/88 65/69/69
f 86/100/89 62/65/65 72/66/66 99/101/90
f 87/102/91 43/42/92 40/41/93 88/103/94
f 88/103/94 40/41/93 44/47/95 91/104/96
f 89/105/97 45/46/98 43/42/92 87/102/91
f 90/106/99 48/48/100 45/46/98 89/105/97
f 91/104/96 44/47/95 46/49/101 96/107/102
f 50/94/54 59/108/61 93/109/103 81/95/85
f 94/110/104 51/52/105 48/48/100 90/106/99
f 52/56/56 67/70/70 95/111/106 73/79/75
f 96/107/102 46/49/101 54/58/107 102/112/108
f 97/113/109 57/55/110 51/52/105 94/110/104
f 99/101/90 72/66/66 85/82/77 110/114/111
f 100/115/112 67/70/70 62/65/65 86/100/89
f 85/116/77 66/96/60 101/97/86 112/117/113
f 102/112/108 54/58/107 60/62/114 109/118/115
f 103/119/116 64/59/117 57/55/110 97/113/109
f 59/108/61 65/120/69 104/121/118 93/109/103
f 105/122/119 92/93/84 69/64/64 98/91/82
f 83/98/87 80/92/83 106/123/120 117/124/121
f 63/67/67 83/98/87 107/125/122 84/99/88
f 80/92/83 92/93/84 108/126/123 106/123/120
f 109/118/115 60/62/114 73/79/75 128/127/124
f 111/128/125 79/68/126 64/59/117 103/119/116
f 75/76/73 70/74/72 113/129/127 116/130/128
f 70/74/72 68/73/71 114/131/129 113/129/127
f 68/73/71 71/78/74 115/132/130 114/131/129
f 77/84/78 75/76/73 116/130/128 120/133/131
f 110/134/111 85/116/77 112/117/113 134/135/132
f 71/78/74 74/81/76 118/136/133 115/132/130
f 65/120/69 84/137/88 119/138/134 104/121/118
f 82/88/80 77/84/78 120/133/131 125/139/135
f 74/81/76 76/86/79 121/140/136 118/136/133
f 122/141/137 86/100/89 99/101/90 127/142/138
f 123/143/139 95/111/106 67/70/70 100/115/112
f 76/86/79 78/90/81 124/144/140 121/140/136
f 101/97/86 82/88/80 125/139/135 135/145/141
f 126/146/142 98/91/143 79/68/126 111/128/125
f 127/142/138 99/101/90 110/114/111 139/147/144
f 128/127/124 73/79/75 95/111/106 143/148/145
f 129/149/146 108/126/123 92/93/84 105/122/119
f 83/98/87 117/124/121 130/150/147 107/125/122
f 78/90/81 81/95/85 131/151/148 124/144/140
f 132/152/149 100/115/112 86/100/89 122/141/137
f 117/124/121 106/123/120 133/153/150 140/154/151
f 112/117/113 101/97/86 135/145/141 141/155/152
f 106/123/120 108/126/123 136/156/153 133/153/150
f 105/122/154 98/91/143 126/146/142 156/157/155
f 81/95/85 93/109/103 137/158/156 131/151/148
f 84/137/88 107/159/122 138/160/157 119/138/134
f 139/161/144 110/134/111 134/135/132 151/162/158
f 134/135/132 112/117/113 141/155/152 164/163/159
f 130/150/147 117/124/121 140/154/151 167/164/160
f 93/109/103 104/121/118 142/165/161 137/158/156
f 143/148/145 95/111/106 123/143/139 183/166/162
f 144/167/163 87/102/91 88/103/94 145/168/164
f 145/168/164 88/103/94 91/104/96 147/169/165
f 146/170/166 89/105/97 87/102/91 144/167/163
f 147/169/165 91/104/96 96/107/102 154/171/167
f 148/172/168 90/106/99 89/105/97 146/170/166
f 149/173/169 127/142/138 139/147/144 161/174/170
f 150/175/171 122/141/137 127/142/138 149/173/169
f 108/126/123 129/149/146 152/176/172 136/156/153
f 153/177/173 94/110/104 90/106/99 148/172/168
f 154/171/167 96/107/102 102/112/108 158/178/174
f 155/179/175 123/143/139 100/115/112 132/152/149
f 129/149/176 105/122/154 156/157/155 189/180/177
f 157/181/178 97/113/109 94/110/104 153/177/173
f 158/178/174 102/112/108 109/118/115 170/182/179
f 107/159/122 130/183/147 159/184/180 138/160/157
f 160/185/181 103/119/116 97/113/109 157/181/178
f 161/186/170 139/161/144 151/162/158 181/187/182
f 104/121/118 119/138/134 162/188/183 142/165/161
f 140/154/151 133/153/150 163/189/184 188/190/185
f 151/162/158 134/135/132 164/163/159 191/191/186
f 133/153/150 136/156/153 165/192/187 163/189/184
f 166/193/188 132/152/149 122/141/137 150/175/171
f 170/182/179 109/118/115 128/127/124 196/194/189
f 116/130/128 113/129/127 171/195/190 172/196/191
f 120/133/131 116/130/128 172/196/191 176/197/192
f 113/129/127 114/131/129 173/198/193 171/195/190
f 174/199/194 111/128/125 103/119/116 160/185/181
f 175/200/195 169/201/196 168/202/197 178/203/198
f 125/139/135 120/133/131 176/197/192 182/204/199
f 114/131/129 115/132/130 177/205/200 173/198/193
f 179/206/201 168/202/197 1479/207/202 1480/208/203
f 115/132/130 118/136/133 180/209/204 177/205/200
f 135/145/141 125/139/135 182/204/199 192/210/205
f 169/201/196 175/200/195 184/211/206 203/212/207 1467/213/208 1466/214/209 1476/215/210
f 185/216/211 175/200/195 178/203/198 190/217/212
f 118/136/133 121/140/136 186/218/213 180/209/204
f 159/184/180 130/183/147 167/219/160 229/220/214
f 178/203/198 168/202/197 179/206/201 200/221/215
f 187/222/216 149/173/169 161/174/170 199/223/217
f 167/164/160 140/154/151 188/190/185 230/224/218
f 152/176/219 129/149/176 189/180/177 239/225/220
f 183/166/162 123/143/139 155/179/175 246/226/221
f 141/155/152 135/145/141 192/210/205 209/227/222
f 121/140/136 124/144/140 193/228/223 186/218/213
f 181/187/182 151/162/158 191/191/186 218/229/224
f 119/138/134 138/160/157 194/230/225 162/188/183
f 175/200/195 185/216/211 195/231/226 184/211/206
f 196/194/189 128/127/124 143/148/145 238/232/227
f 197/233/228 126/146/142 111/128/125 174/199/194
f 198/234/229 150/175/171 149/173/169 187/222/216
f 199/235/217 161/186/170 181/187/182 212/236/230
f 190/217/212 178/203/198 200/221/215 208/237/231
f 201/238/232 185/216/211 190/217/212 205/239/233
f 136/156/153 152/176/172 202/240/234 165/192/187
f 203/212/207 184/211/206 204/241/235
f 124/144/140 131/151/148 206/242/236 193/228/223
f 185/216/211 201/238/232 207/243/237 195/231/226
f 205/239/233 190/217/212 208/237/231 217/244/238
f 164/163/159 141/155/152 209/227/222 233/245/239
f 210/246/240 155/179/175 132/152/149 166/193/188
f 211/247/241 201/238/232 205/239/233 214/248/242
f 213/249/243 179/206/201 1480/208/203 1481/250/244
s 4
f 215/251/245 216/252/246 295/253/247 1467/254/248 203/255/249 204/256/250
s 1
f 214/257/242 205/239/233 217/244/238 232/258/251
s 4
f 216/252/252 215/251/253 220/259/254
s 1
f 219/260/255 187/222/216 199/223/217 222/261/256
f 131/151/148 137/158/156 221/262/257 206/242/236
f 222/263/256 199/235/217 212/236/230 231/264/258
f 200/221/215 179/206/201 213/249/243 234/265/259
f 201/238/232 211/247/241 223/266/260 207/243/237
f 184/211/206 195/231/226 224/267/261 1468/268/262 220/269/263 215/270/264 204/241/235
f 212/236/230 181/187/182 218/229/224 242/271/265
f 225/272/266 166/193/188 150/175/171 198/234/229
f 226/273/267 211/247/241 214/248/242 228/274/268
f 227/275/269 156/157/155 126/146/142 197/233/228
f 228/276/268 214/257/242 232/258/251 235/277/270
f 228/274/268 222/263/256 231/264/258 226/273/267
f 191/191/186 164/163/159 233/245/239 252/278/271
f 208/237/231 200/221/215 234/265/259 244/279/272
f 222/261/256 228/276/268 235/277/270 219/260/255
f 211/247/241 226/273/267 236/280/273 223/266/260
f 195/231/226 207/243/237 237/281/274 224/267/261
f 238/232/227 143/148/145 183/166/162 274/282/275
f 240/283/276 198/234/229 187/222/216 219/260/255
f 138/160/157 159/184/180 241/284/277 194/230/225
f 231/264/258 212/236/230 242/271/265 245/285/278
f 188/190/185 163/189/184 243/286/279 256/287/280
f 217/244/238 208/237/231 244/279/272 249/288/281
f 226/273/267 231/264/258 245/285/278 236/280/273
f 163/189/184 165/192/187 247/289/282 243/286/279
f 137/158/156 142/165/161 248/290/283 221/262/257
f 229/220/214 167/219/160 230/291/218 277/292/284
f 202/240/285 152/176/219 239/225/220 281/293/286
f 189/180/177 156/157/155 227/275/269 276/294/287
f 232/258/251 217/244/238 249/288/281 253/295/288
f 207/243/237 223/266/260 250/296/289 237/281/274
f 219/260/255 235/277/270 251/297/290 240/283/276
f 218/229/224 191/191/186 252/278/271 257/298/291
f 235/277/270 232/258/251 253/295/288 251/297/290
f 246/226/221 155/179/175 210/246/240 288/299/292
f 223/266/260 236/280/273 254/300/293 250/296/289
f 198/234/229 240/283/276 255/301/294 225/272/266
f 230/224/218 188/190/185 256/287/280 300/302/295
f 242/271/265 218/229/224 257/298/291 262/303/296
f 142/165/161 162/188/183 258/304/297 248/290/283
f 166/193/188 225/272/266 259/305/298 210/246/240
f 260/306/299 213/249/243 1481/250/244 1482/307/300
f 236/280/273 245/285/278 261/308/301 254/300/293
f 245/285/278 242/271/265 262/303/296 261/308/301
f 234/265/259 213/249/243 260/306/299 271/309/302
f 165/192/187 202/240/234 263/310/303 247/289/282
f 264/311/304 144/167/163 145/168/164 265/312/305
f 265/312/305 145/168/164 147/169/165 267/313/306
f 266/314/307 146/170/166 144/167/163 264/311/304
f 267/313/306 147/169/165 154/171/167 272/315/308
f 224/267/261 237/281/274 268/316/309 284/317/310
f 269/318/311 148/172/168 146/170/166 266/314/307
f 159/184/180 229/220/214 270/319/312 241/284/277
f 244/279/272 234/265/259 271/309/302 279/320/313
f 272/315/308 154/171/167 158/178/174 280/321/314
f 273/322/315 153/177/173 148/172/168 269/318/311
f 274/282/275 183/166/162 246/226/221 318/323/316
f 240/283/276 251/297/290 275/324/317 255/301/294
f 239/225/220 189/180/177 276/294/287 317/325/318
f 278/326/319 157/181/178 153/177/173 273/322/315
f 249/288/281 244/279/272 279/320/313 283/327/320
f 280/321/314 158/178/174 170/182/179 294/328/321
f 251/297/290 253/295/288 282/329/322 275/324/317
f 253/295/288 249/288/281 283/327/320 282/329/322
f 237/281/274 250/296/289 285/330/323 268/316/309
f 286/331/324 160/185/181 157/181/178 278/326/319
f 176/197/192 172/196/191 287/332/325 290/333/326
f 172/196/191 171/195/190 289/334/327 287/332/325
f 182/204/199 176/197/192 290/333/326 293/335/328
f 162/188/183 194/230/225 291/336/329 258/304/297
f 171/195/190 173/198/193 292/337/330 289/334/327
f 192/210/205 182/204/199 293/335/328 298/338/331
f 294/328/321 170/182/179 196/194/189 308/339/332
s 4
f 295/253/247 216/252/246 296/340/333 340/341/334
s 1
f 173/198/193 177/205/200 297/342/335 292/337/330
f 209/227/222 192/210/205 298/338/331 304/343/336
f 225/272/266 255/301/294 299/344/337 259/305/298
f 177/205/200 180/209/204 301/345/338 297/342/335
f 288/299/292 210/246/240 259/305/298 327/346/339
f 302/347/340 174/199/194 160/185/181 286/331/324
f 250/296/289 254/300/293 303/348/341 285/330/323
f 233/245/239 209/227/222 304/343/336 307/349/342
s 4
f 295/253/247 305/350/343 1502/351/344 1466/352/345 1467/254/248
s 1
f 180/209/204 186/218/213 306/353/346 301/345/338
f 277/292/284 230/291/218 300/354/295 334/355/347
f 263/310/348 202/240/285 281/293/286 336/356/349
f 270/319/312 229/220/214 277/292/284 335/357/350
f 252/278/271 233/245/239 307/349/342 312/358/351
f 308/339/332 196/194/189 238/232/227 331/359/352
f 186/218/213 193/228/223 309/360/353 306/353/346
f 254/300/293 261/308/301 310/361/354 303/348/341
f 311/362/355 197/233/228 174/199/194 302/347/340
f 257/298/291 252/278/271 312/358/351 315/363/356
f 261/308/301 262/303/296 313/364/357 310/361/354
f 255/301/294 275/324/317 314/365/358 299/344/337
f 262/303/296 257/298/291 315/363/356 313/364/357
f 193/228/223 206/242/236 316/366/359 309/360/353
f 281/293/286 239/225/220 317/325/318 344/367/360
f 319/368/361 260/306/299 1482/307/300 1483/369/362
f 194/230/225 241/284/277 320/370/363 291/336/329
f 318/323/316 246/226/221 288/299/292 342/371/364
f 321/372/365 284/317/310 268/316/309 332/373/366
f 256/287/280 243/286/279 322/374/367 333/375/368
f 243/286/279 247/289/282 323/376/369 322/374/367
f 271/309/302 260/306/299 319/368/361 325/377/370
f 275/324/317 282/329/322 324/378/371 314/365/358
f 279/320/313 271/309/302 325/377/370 329/379/372
f 206/242/236 221/262/257 326/380/373 316/366/359
f 328/381/374 227/275/269 197/233/228 311/362/355
f 283/327/320 279/320/313 329/379/372 330/382/375
f 282/329/322 283/327/320 330/382/375 324/378/371
f 331/359/352 238/232/227 274/282/275 346/383/376
f 332/373/366 268/316/309 285/330/323 339/384/377
f 327/346/339 259/305/298 299/344/337 343/385/378
f 300/302/295 256/287/280 333/375/368 350/386/379
f 221/262/257 248/290/283 337/387/380 326/380/373
f 247/289/282 263/310/303 338/388/381 323/376/369
f 276/294/287 227/275/269 328/381/374 348/389/382
f 339/384/377 285/330/323 303/348/341 345/390/383
s 4
f 305/350/343 295/253/247 340/341/334 389/391/384
s 1
f 241/284/277 270/319/312 341/392/385 320/370/363
f 335/357/350 277/292/284 334/355/347 373/393/386
f 342/371/364 288/299/292 327/346/339 360/394/387
f 343/385/378 299/344/337 314/365/358 351/395/388
f 345/390/383 303/348/341 310/361/354 349/396/389
f 346/383/376 274/282/275 318/323/316 371/397/390
f 248/290/283 258/304/297 347/398/391 337/387/380
f 336/356/349 281/293/286 344/367/360 394/399/392
f 317/325/318 276/294/287 348/389/382 387/400/393
f 349/396/389 310/361/354 313/364/357 353/401/394
f 334/355/347 300/354/295 350/402/379 398/403/395
f 338/388/396 263/310/348 336/356/349 403/404/397
f 351/395/388 314/365/358 324/378/371 355/405/398
f 319/368/361 1483/369/362 1484/406/399 378/407/400
f 341/392/385 270/319/312 335/357/350 404/408/401
f 352/409/402 321/372/365 332/373/366 366/410/403
f 353/401/394 313/364/357 315/363/356 359/411/404
f 354/412/405 325/377/370 319/368/361 378/407/400
f 355/405/398 324/378/371 330/382/375 358/413/406
f 258/304/297 291/336/329 356/414/407 347/398/391
f 357/415/408 329/379/372 325/377/370 354/412/405
f 358/413/406 330/382/375 329/379/372 357/415/408
f 359/411/404 315/363/356 312/358/351 367/416/409
f 360/394/387 327/346/339 343/385/378 400/417/410
f 361/418/411 265/312/305 267/313/306 364/419/412
f 362/420/413 264/311/304 265/312/305 361/418/411
f 321/372/365 352/409/402 363/421/414 381/422/415 1477/423/416 1471/424/417
f 364/419/412 267/313/306 272/315/308 369/425/418
f 365/426/419 266/314/307 264/311/304 362/420/413
f 366/410/403 332/373/366 339/384/377 392/427/420
f 367/416/409 312/358/351 307/349/342 372/428/421
f 368/429/422 269/318/311 266/314/307 365/426/419
f 369/425/418 272/315/308 280/321/314 375/430/423
f 370/431/424 273/322/315 269/318/311 368/429/422
f 371/397/390 318/323/316 342/371/364 409/432/425
f 372/428/421 307/349/342 304/343/336 374/433/426
f 374/433/426 304/343/336 298/338/331 376/434/427
f 375/430/423 280/321/314 294/328/321 386/435/428
f 376/434/427 298/338/331 293/335/328 379/436/429
f 377/437/430 278/326/319 273/322/315 370/431/424
f 379/436/429 293/335/328 290/333/326 380/438/431
f 380/438/431 290/333/326 287/332/325 383/439/432
f 381/422/415 363/421/414 382/440/433
f 383/439/432 287/332/325 289/334/327 384/441/434
f 384/441/434 289/334/327 292/337/330 388/442/435
f 385/443/436 286/331/324 278/326/319 377/437/430
f 386/435/428 294/328/321 308/339/332 401/444/437
f 344/367/360 317/325/318 387/400/393 422/445/438
f 382/440/433 363/421/414 410/446/439 437/447/440 1478/448/441
f 388/442/435 292/337/330 297/342/335 393/449/442
s 4
f 391/450/443 296/340/333 390/451/444 1478/452/445 437/453/446 1472/454/447
s 1
f 392/427/420 339/384/377 345/390/383 408/455/448
f 393/449/442 297/342/335 301/345/338 397/456/449
f 291/336/329 320/370/363 395/457/450 356/414/407
f 396/458/451 302/347/340 286/331/324 385/443/436
f 397/456/449 301/345/338 306/353/346 405/459/452
f 333/375/368 322/374/367 399/460/453 411/461/454
f 400/417/410 343/385/378 351/395/388 413/462/455
f 401/444/437 308/339/332 331/359/352 412/463/456
f 322/374/367 323/376/369 402/464/457 399/460/453
f 405/459/452 306/353/346 309/360/353 407/465/458
f 373/393/386 334/355/347 398/403/395 432/466/459
f 406/467/460 311/362/355 302/347/340 396/458/451
f 404/408/401 335/357/350 373/393/386 435/468/461
s 4
f 340/341/334 296/340/333 391/450/443 436/469/462
s 1
f 407/465/458 309/360/353 316/366/359 415/470/463
f 408/455/448 345/390/383 349/396/389 420/471/464
f 409/432/425 342/371/364 360/394/387 427/472/465
f 410/446/439 363/421/414 352/409/402 417/473/466
f 350/386/379 333/375/368 411/461/454 430/474/467
f 403/404/397 336/356/349 394/399/392 442/475/468
f 412/463/456 331/359/352 346/383/376 426/476/469
f 413/462/455 351/395/388 355/405/398 419/477/470
f 323/376/369 338/388/381 414/478/471 402/464/457
f 415/470/463 316/366/359 326/380/373 425/479/472
f 416/480/473 328/381/374 311/362/355 406/467/460
f 417/473/466 352/409/402 366/410/403 428/481/474
f 320/370/363 341/392/385 418/482/475 395/457/450
f 419/477/470 355/405/398 358/413/406 423/483/476
f 420/471/464 349/396/389 353/401/394 431/484/477
f 421/485/478 354/412/405 378/407/400 433/486/479
f 394/399/392 344/367/360 422/445/438 447/487/480
f 423/483/476 358/413/406 357/415/408 424/488/481
f 424/488/481 357/415/408 354/412/405 421/485/478
f 425/479/472 326/380/373 337/387/380 434/489/482
f 426/476/469 346/383/376 371/397/390 443/490/483
f 427/472/465 360/394/387 400/417/410 441/491/484
f 428/481/474 366/410/403 392/427/420 438/492/485
f 429/493/486 348/389/382 328/381/374 416/480/473
f 398/403/395 350/402/379 430/494/467 452/495/487
f 414/478/488 338/388/396 403/404/397 458/496/489
f 431/484/477 353/401/394 359/411/404 440/497/490
f 434/489/482 337/387/380 347/398/391 444/498/491
s 4
f 389/391/384 340/341/334 436/469/462 1485/499/492 1486/500/493
s 1
f 437/447/440 410/446/439 446/501/494 1473/502/495 1472/503/496
f 387/400/393 348/389/382 429/493/486 451/504/497
f 438/492/485 392/427/420 408/455/448 449/505/498
f 341/392/385 404/408/401 439/506/499 418/482/475
f 440/497/490 359/411/404 367/416/409 445/507/500
f 441/491/484 400/417/410 413/462/455 448/508/501
f 443/490/483 371/397/390 409/432/425 453/509/502
f 435/468/461 373/393/386 432/466/459 488/510/503
f 444/498/491 347/398/391 356/414/407 457/511/504
f 445/507/500 367/416/409 372/428/421 450/512/505
f 446/501/494 410/446/439 417/473/466 455/513/506
f 448/508/501 413/462/455 419/477/470 454/514/507
f 449/505/498 408/455/448 420/471/464 479/515/508
f 450/512/505 372/428/421 374/433/426 456/516/509
f 422/445/438 387/400/393 451/504/497 494/517/510
f 432/466/459 398/403/395 452/495/487 501/518/511
f 453/509/502 409/432/425 427/472/465 482/519/512
f 433/486/479 1487/520/513 1488/521/514 485/522/515
f 442/475/468 394/399/392 447/487/480 506/523/516
f 454/514/507 419/477/470 423/483/476 463/524/517
f 455/513/506 417/473/466 428/481/474 478/525/518
f 439/506/499 404/408/401 435/468/461 503/526/519
f 456/516/509 374/433/426 376/434/427 468/527/520
f 457/511/504 356/414/407 395/457/450 505/528/521
f 459/529/522 421/485/478 433/486/479 485/522/515
f 460/530/523 361/531/411 364/532/412 461/533/524
f 461/533/524 364/532/412 369/534/418 465/535/525
f 462/536/526 362/537/413 361/531/411 460/530/523
f 463/524/517 423/483/476 424/488/481 466/538/527
f 464/539/528 365/540/419 362/537/413 462/536/526
f 465/535/525 369/534/418 375/541/423 469/542/529
f 466/538/527 424/488/481 421/485/478 459/529/522
f 458/496/489 403/404/397 442/475/468 511/543/530
f 467/544/531 368/545/422 365/540/419 464/539/528
f 468/527/520 376/434/427 379/436/429 471/546/532
f 469/542/529 375/541/423 386/547/428 473/548/533
f 470/549/534 370/550/424 368/545/422 467/544/531
f 471/546/532 379/436/429 380/438/431 474/551/535
f 472/552/536 377/553/430 370/550/424 470/549/534
f 473/548/533 386/547/428 401/554/437 483/555/537
f 474/551/535 380/438/431 383/439/432 475/556/538
f 475/556/538 383/439/432 384/441/434 481/557/539
f 411/461/454 399/460/453 476/558/540 490/559/541
f 477/560/542 385/561/436 377/553/430 472/552/536
f 478/525/518 428/481/474 438/492/485 498/562/543
f 479/515/508 420/471/464 431/484/477 499/563/544
f 399/460/453 402/464/457 480/564/545 476/558/540
f 481/557/539 384/441/434 388/442/435 484/565/546
f 482/519/512 427/472/465 441/491/484 497/566/547
f 483/555/537 401/554/437 412/567/456 491/568/548
f 484/565/546 388/442/435 393/449/442 486/569/549
f 486/569/549 393/449/442 397/456/449 489/570/550
f 487/571/551 396/572/451 385/561/436 477/560/542
f 489/570/550 397/456/449 405/459/452 492/573/552
f 430/474/467 411/461/454 490/559/541 510/574/553
f 491/568/548 412/567/456 426/575/469 502/576/554
f 492/573/552 405/459/452 407/465/458 500/577/555
f 493/578/556 406/579/460 396/572/451 487/571/551
f 447/487/480 422/445/438 494/517/510 529/580/557
f 402/464/457 414/478/471 495/581/558 480/564/545
f 395/457/450 418/482/475 496/582/559 505/528/521
f 497/566/547 441/491/484 448/508/501 509/583/560
f 498/562/543 438/492/485 449/505/498 518/584/561
f 499/563/544 431/484/477 440/497/490 514/585/562
f 500/577/555 407/465/458 415/470/463 507/586/563
f 502/576/554 426/575/469 443/587/483 512/588/564
f 504/589/565 416/590/473 406/579/460 493/578/556
f 507/586/563 415/470/463 425/479/472 513/591/566
f 508/592/567 446/501/494 455/513/506 516/593/568
f 509/583/560 448/508/501 454/514/507 515/594/569
f 488/510/503 432/466/459 501/518/511 539/595/570
f 452/495/487 430/494/467 510/596/553 532/597/571
f 503/526/519 435/468/461 488/510/503 540/598/572
f 495/581/573 414/478/488 458/496/489 538/599/574
f 512/588/564 443/587/483 453/600/502 524/601/575
f 513/591/566 425/479/472 434/489/482 525/602/576
f 514/585/562 440/497/490 445/507/500 530/603/577
f 515/594/569 454/514/507 463/524/517 521/604/578
f 516/593/568 455/513/506 478/525/518 528/605/579
f 517/606/580 429/607/486 416/590/473 504/589/565
f 518/584/561 449/505/498 479/515/508 534/608/581
f 446/501/494 508/592/567 519/609/582 526/610/583 1474/611/584 1473/502/495
f 520/612/585 459/529/522 485/522/515 531/613/586
f 521/604/578 463/524/517 466/538/527 523/614/587
f 418/482/475 439/506/499 522/615/588 496/582/559
f 523/614/587 466/538/527 459/529/522 520/612/585
f 511/543/530 442/475/468 506/523/516 560/616/589
f 451/617/497 429/607/486 517/606/580 537/618/590
f 524/601/575 453/600/502 482/619/512 533/620/591
f 525/602/576 434/489/482 444/498/491 535/621/592
f 526/610/583 519/609/582 527/622/593
f 528/605/579 478/525/518 498/562/543 542/623/594
f 530/603/577 445/507/500 450/512/505 536/624/595
f 506/523/516 447/487/480 529/580/557 576/625/596
f 501/518/511 452/495/487 532/597/571 582/626/597
f 533/620/591 482/619/512 497/627/547 543/628/598
f 534/608/581 479/515/508 499/563/544 550/629/599
f 535/621/592 444/498/491 457/511/504 547/630/600
f 536/624/595 450/512/505 456/516/509 546/631/601
f 494/632/510 451/617/497 537/618/590 574/633/602
f 538/599/574 458/496/489 511/543/530 594/634/603
f 541/635/604 519/609/582 508/592/567 545/636/605
f 542/623/594 498/562/543 518/584/561 572/637/606
f 543/628/598 497/627/547 509/638/560 548/639/607
f 439/506/499 503/526/519 544/640/608 522/615/588
f 545/636/605 508/592/567 516/593/568 554/641/609
f 546/631/601 456/516/509 468/527/520 549/642/610
f 547/630/600 457/511/504 505/528/521 581/643/611
f 548/639/607 509/638/560 515/644/569 559/645/612
f 519/609/582 541/635/604 1489/646/613 1490/647/614 1475/648/615 527/622/593
f 531/613/586 1491/649/616 1492/650/617 583/651/618
f 549/642/610 468/527/520 471/546/532 565/652/619
f 550/629/599 499/563/544 514/585/562 591/653/620
f 540/598/572 488/510/503 539/595/570 606/654/621
f 551/655/622 461/533/524 465/535/525 553/656/623
f 552/657/624 460/530/523 461/533/524 551/655/622
f 553/656/623 465/535/525 469/542/529 556/658/625
f 554/641/609 516/593/568 528/605/579 584/659/626
f 555/660/627 462/536/526 460/530/523 552/657/624
f 556/658/625 469/542/529 473/548/533 563/661/628
f 490/559/541 476/558/540 557/662/629 577/663/630
f 558/664/631 464/539/528 462/536/526 555/660/627
f 559/645/612 515/644/569 521/604/578 568/665/632
f 561/666/633 520/612/585 531/613/586 583/651/618
f 562/667/634 467/544/531 464/539/528 558/664/631
f 563/661/628 473/548/533 483/555/537 569/668/635
f 476/558/540 480/564/545 564/669/636 557/662/629
f 565/652/619 471/546/532 474/551/535 570/670/637
f 566/671/638 470/549/534 467/544/531 562/667/634
f 567/672/639 523/614/587 520/612/585 561/666/633
f 568/665/632 521/604/578 523/614/587 567/672/639
f 569/668/635 483/555/537 491/568/548 575/673/640
f 570/670/637 474/551/535 475/556/538 573/674/641
f 571/675/642 472/552/536 470/549/534 566/671/638
f 572/637/606 518/584/561 534/608/581 601/676/643
f 573/674/641 475/556/538 481/557/539 579/677/644
f 529/678/557 494/632/510 574/633/602 613/679/645
f 575/673/640 491/568/548 502/576/554 586/680/646
f 510/574/553 490/559/541 577/663/630 595/681/647
f 578/682/648 477/560/542 472/552/536 571/675/642
f 579/677/644 481/557/539 484/565/546 580/683/649
f 580/683/649 484/565/546 486/569/549 585/684/650
f 581/643/611 505/528/521 496/582/559 616/685/651
f 584/659/626 528/605/579 542/623/594 602/686/652
f 539/595/570 501/518/511 582/626/597 621/687/653
f 585/684/650 486/569/549 489/570/550 589/688/654
f 586/680/646 502/576/554 512/588/564 590/689/655
f 587/690/656 487/571/551 477/560/542 578/682/648
f 480/564/545 495/581/558 588/691/657 564/669/636
f 589/688/654 489/570/550 492/573/552 593/692/658
f 590/689/655 512/588/564 524/601/575 596/693/659
f 591/653/620 514/585/562 530/603/577 609/694/660
f 592/695/661 493/578/556 487/571/551 587/690/656
f 560/616/589 506/523/516 576/625/596 630/696/662
f 593/692/658 492/573/552 500/577/555 597/697/663
f 532/597/571 510/596/553 595/698/647 620/699/664
f 596/693/659 524/601/575 533/620/591 603/700/665
f 597/697/663 500/577/555 507/586/563 604/701/666
f 598/702/667 541/635/604 545/636/605 605/703/668
f 594/634/603 511/543/530 560/616/589 634/704/669
f 588/691/670 495/581/573 538/599/574 629/705/671
f 503/526/519 540/598/572 599/706/672 544/640/608
f 600/707/673 504/589/565 493/578/556 592/695/661
f 601/676/643 534/608/581 550/629/599 625/708/674
f 602/686/652 542/623/594 572/637/606 622/709/675
f 603/700/665 533/620/591 543/628/598 607/710/676
f 604/701/666 507/586/563 513/591/566 611/711/677
f 605/703/668 545/636/605 554/641/609 612/712/678
f 607/710/676 543/628/598 548/639/607 614/713/679
f 583/651/618 1492/650/617 1493/714/680 624/715/681
f 496/582/559 522/615/588 608/716/682 616/685/651
f 609/694/660 530/603/577 536/624/595 628/717/683
f 610/718/684 517/606/580 504/589/565 600/707/673
f 611/711/677 513/591/566 525/602/576 623/719/685
f 612/712/678 554/641/609 584/659/626 627/720/686
f 576/721/596 529/678/557 613/679/645 647/722/687
f 614/713/679 548/639/607 559/645/612 618/723/688
f 615/724/689 561/666/633 583/651/618 624/715/681
f 617/725/690 567/672/639 561/666/633 615/724/689
f 618/723/688 559/645/612 568/665/632 619/726/691
f 619/726/691 568/665/632 567/672/639 617/725/690
f 582/626/597 532/597/571 620/699/664 652/727/692
f 622/709/675 572/637/606 601/676/643 638/728/693
f 623/719/685 525/602/576 535/621/592 631/729/694
f 626/730/695 537/618/590 517/606/580 610/718/684
f 625/708/674 550/629/599 591/653/620 642/731/696
f 627/720/686 584/659/626 602/686/652 636/732/697
f 628/717/683 536/624/595 546/631/601 635/733/698
f 629/705/671 538/599/574 594/634/603 682/734/699
f 606/654/621 539/595/570 621/687/653 687/735/700
f 631/729/694 535/621/592 547/630/600 640/736/701
f 574/633/602 537/618/590 626/730/695 672/737/702
f 632/738/703 598/702/667 605/703/668 637/739/704
f 522/615/588 544/640/608 633/740/705 608/716/682
f 635/733/698 546/631/601 549/642/610 639/741/706
f 636/732/697 602/686/652 622/709/675 674/742/707
f 637/739/704 605/703/668 612/712/678 644/743/708
f 638/728/693 601/676/643 625/708/674 685/744/709
f 624/715/681 1493/714/680 1494/745/710 673/746/711
f 639/741/706 549/642/610 565/652/619 659/747/712
f 640/736/701 547/630/600 581/643/611 700/748/713
f 540/598/572 606/654/621 641/749/714 599/706/672
f 642/731/696 591/653/620 609/694/660 693/750/715
f 577/663/630 557/662/629 643/751/716 667/752/717
f 644/743/708 612/712/678 627/720/686 677/753/718
f 645/754/719 615/724/689 624/715/681 673/746/711
f 557/662/629 564/669/636 646/755/720 643/751/716
f 634/704/669 560/616/589 630/696/662 716/756/721
f 648/757/722 556/658/625 563/661/628 649/758/723
f 649/758/723 563/661/628 569/668/635 651/759/724
f 650/760/725 553/656/623 556/658/625 648/757/722
f 651/759/724 569/668/635 575/673/640 653/761/726
f 621/687/653 582/626/597 652/727/692 707/762/727
f 653/761/726 575/673/640 586/680/646 655/763/728
f 654/764/729 551/655/622 553/656/623 650/760/725
f 655/763/728 586/680/646 590/689/655 657/765/730
f 656/766/731 617/725/690 615/724/689 645/754/719
f 657/765/730 590/689/655 596/693/659 660/767/732
f 658/768/733 552/657/624 551/655/622 654/764/729
f 659/747/712 565/652/619 570/670/637 670/769/734
f 660/767/732 596/693/659 603/700/665 662/770/735
f 661/771/736 555/660/627 552/657/624 658/768/733
f 662/770/735 603/700/665 607/710/676 665/772/737
f 663/773/738 558/664/631 555/660/627 661/771/736
f 664/774/739 619/726/691 617/725/690 656/766/731
f 665/772/737 607/710/676 614/713/679 668/775/740
f 666/776/741 562/667/634 558/664/631 663/773/738
f 595/681/647 577/663/630 667/752/717 690/777/742
f 668/775/740 614/713/679 618/723/688 669/778/743
f 669/778/743 618/723/688 619/726/691 664/774/739
f 670/769/734 570/670/637 573/674/641 675/779/744
f 671/780/745 566/671/638 562/667/634 666/776/741
f 630/781/662 576/721/596 647/722/687 723/782/746
f 613/679/645 574/633/602 672/737/702 708/783/747
f 675/779/744 573/674/641 579/677/644 678/784/748
f 676/785/749 571/675/642 566/671/638 671/780/745
f 677/753/718 627/720/686 636/732/697 696/786/750
f 674/742/707 622/709/675 638/728/693 699/787/751
f 678/784/748 579/677/644 580/683/649 681/788/752
f 564/669/636 588/691/657 679/789/753 646/755/720
f 680/790/754 578/682/648 571/675/642 676/785/749
f 681/788/752 580/683/649 585/684/650 683/791/755
f 683/791/755 585/684/650 589/688/654 688/792/756
f 686/793/757 587/690/656 578/682/648 680/790/754
f 682/734/699 594/634/603 634/704/669 734/794/758
f 688/792/756 589/688/654 593/692/658 694/795/759
f 581/643/611 616/685/651 689/796/760 700/748/713
f 620/699/664 595/698/647 690/797/742 713/798/761
f 685/744/709 625/708/674 642/731/696 719/799/762
f 632/738/703 637/739/704 691/800/763 684/801/764
f 544/640/608 599/706/672 692/802/765 633/740/705
f 693/750/715 609/694/660 628/717/683 715/803/766
f 694/795/759 593/692/658 597/697/663 698/804/767
f 695/805/768 592/695/661 587/690/656 686/793/757
f 679/789/769 588/691/670 629/705/671 726/806/770
f 696/786/750 636/732/697 674/742/707 712/807/771
f 637/739/704 644/743/708 697/808/772 691/800/763
f 673/746/711 1494/745/710 1495/809/773 706/810/774
f 698/804/767 597/697/663 604/701/666 705/811/775
f 701/812/776 600/707/673 592/695/661 695/805/768
f 702/813/777 645/754/719 673/746/711 706/810/774
f 699/787/751 638/728/693 685/744/709 730/814/778
f 644/743/708 677/753/718 703/815/779 697/808/772
f 704/816/780 656/766/731 645/754/719 702/813/777
f 705/811/775 604/701/666 611/711/677 717/817/781
f 647/722/687 613/679/645 708/783/747 763/818/782
f 709/819/783 664/774/739 656/766/731 704/816/780
f 616/685/651 608/716/682 710/820/784 689/796/760
f 711/821/785 669/778/743 664/774/739 709/819/783
f 652/727/692 620/699/664 713/798/761 753/822/786
f 714/823/787 610/718/684 600/707/673 701/812/776
f 715/803/766 628/717/683 635/733/698 735/824/788
f 717/817/781 611/711/677 623/719/685 727/825/789
f 718/826/790 668/775/740 669/778/743 711/821/785
f 712/807/771 674/742/707 699/787/751 740/827/791
f 687/735/700 621/687/653 707/762/727 779/828/792
f 677/753/718 696/786/750 721/829/793 703/815/779
f 722/830/794 665/772/737 668/775/740 718/826/790
f 719/799/762 642/731/696 693/750/715 756/831/795
f 684/801/764 691/800/763 724/832/796 720/833/797
f 725/834/798 662/770/735 665/772/737 722/830/794
f 726/806/770 629/705/671 682/734/699 792/835/799
f 706/810/774 1495/809/773 1496/836/800 733/837/801
f 727/825/789 623/719/685 631/729/694 744/838/802
f 691/800/763 697/808/772 728/839/803 724/832/796
f 729/840/804 660/767/732 662/770/735 725/834/798
f 731/841/805 626/730/695 610/718/684 714/823/787
f 606/654/621 687/735/700 732/842/806 641/749/714
f 702/813/777 706/810/774 733/837/801 738/843/807
f 735/824/788 635/733/698 639/741/706 748/844/808
f 736/845/809 657/765/730 660/767/732 729/840/804
f 696/786/750 712/807/771 737/846/810 721/829/793
f 704/816/780 702/813/777 738/843/807 741/847/811
f 697/808/772 703/815/779 739/848/812 728/839/803
f 730/814/778 685/744/709 719/799/762 780/849/813
f 716/850/721 630/781/662 723/782/746 822/851/814
f 709/819/783 704/816/780 741/847/811 747/852/815
f 742/853/816 655/763/728 657/765/730 736/845/809
f 608/716/682 633/740/705 743/854/817 710/820/784
f 744/838/802 631/729/694 640/736/701 769/855/818
f 672/737/702 626/730/695 731/841/805 790/856/819
f 599/706/672 641/749/714 746/857/820 692/802/765
f 740/827/791 699/787/751 730/814/778 786/858/821
f 734/794/758 634/704/669 716/756/721 825/859/822
f 711/821/785 709/819/783 747/852/815 754/860/823
f 748/844/808 639/741/706 659/747/712 761/861/824
f 749/862/825 653/761/726 655/763/728 742/853/816
f 703/815/779 721/829/793 750/863/826 739/848/812
f 720/833/797 724/832/796 751/864/827 745/865/828
f 667/752/717 643/751/716 752/866/829 765/867/830
f 707/762/727 652/727/692 753/822/786 821/868/831
f 718/826/790 711/821/785 754/860/823 766/869/832
f 733/837/801 1496/836/800 1497/870/833 760/871/834
f 755/872/835 651/759/724 653/761/726 749/862/825
f 643/751/716 646/755/720 757/873/836 752/866/829
f 758/874/837 649/758/723 651/759/724 755/872/835
f 756/831/795 693/750/715 715/803/766 811/875/838
f 724/832/796 728/839/803 759/876/839 751/864/827
f 738/843/807 733/837/801 760/871/834 771/877/840
f 761/861/824 659/747/712 670/769/734 773/878/841
f 762/879/842 648/757/722 649/758/723 758/874/837
f 764/880/843 650/760/725 648/757/722 762/879/842
f 690/777/742 667/752/717 765/867/830 797/881/844
f 722/830/794 718/826/790 766/869/832 783/882/845
f 767/883/846 654/764/729 650/760/725 764/880/843
f 712/807/771 740/827/791 768/884/847 737/846/810
f 769/855/818 640/736/701 700/748/713 826/885/848
f 770/886/849 658/768/733 654/764/729 767/883/846
f 741/847/811 738/843/807 771/877/840 784/887/850
f 772/888/851 661/771/736 658/768/733 770/886/849
f 773/878/841 670/769/734 675/779/744 781/889/852
f 723/782/746 647/722/687 763/818/782 848/890/853
f 774/891/854 663/773/738 661/771/736 772/888/851
f 728/839/803 739/848/812 775/892/855 759/876/839
f 777/893/856 666/776/741 663/773/738 774/891/854
f 721/829/793 737/846/810 778/894/857 750/863/826
f 781/889/852 675/779/744 678/784/748 788/895/858
f 646/755/720 679/789/753 782/896/859 757/873/836
f 725/834/798 722/830/794 783/882/845 801/897/860
f 747/852/815 741/847/811 784/887/850 794/898/861
f 785/899/862 671/780/745 666/776/741 777/893/856
f 760/871/834 1497/870/833 1498/900/863 791/901/864
f 745/865/828 751/864/827 787/902/865 776/903/866
f 788/895/858 678/784/748 681/788/752 793/904/867
f 789/905/868 676/785/749 671/780/745 785/899/862
f 708/783/747 672/737/702 790/856/819 835/906/869
f 771/877/840 760/871/834 791/901/864 800/907/870
f 793/904/867 681/788/752 683/791/755 799/908/871
f 754/860/823 747/852/815 794/898/861 802/909/872
f 739/848/812 750/863/826 795/910/873 775/892/855
f 792/835/799 682/734/699 734/794/758 850/911/874
f 751/864/827 759/876/839 796/912/875 787/902/865
f 713/798/761 690/797/742 797/913/844 828/914/876
f 798/915/877 680/790/754 676/785/749 789/905/868
f 799/908/871 683/791/755 688/792/756 803/916/878
f 780/849/813 719/799/762 756/831/795 833/917/879
f 784/887/850 771/877/840 800/907/870 804/918/880
f 729/840/804 725/834/798 801/897/860 817/919/881
f 800/907/870 791/901/864 776/903/866 787/902/865
f 766/869/832 754/860/823 802/909/872 814/920/882
f 803/916/878 688/792/756 694/795/759 808/921/883
f 786/858/821 730/814/778 780/849/813 834/922/884
f 759/876/839 775/892/855 805/923/885 796/912/875
f 806/924/886 686/793/757 680/790/754 798/915/877
f 804/918/880 800/907/870 787/902/865 796/912/875
f 794/898/861 784/887/850 804/918/880 813/925/887
f 782/896/888 679/789/769 726/806/770 847/926/889
f 633/740/705 692/802/765 807/927/890 743/854/817
f 808/921/883 694/795/759 698/804/767 819/928/891
f 809/929/892 778/894/857 737/846/810 768/884/847
f 750/863/826 778/894/857 810/930/893 795/910/873
f 811/875/838 715/803/766 735/824/788 839/931/894
f 700/748/713 689/796/760 812/932/895 826/885/848
f 783/882/845 766/869/832 814/920/882 823/933/896
f 813/925/887 804/918/880 796/912/875 805/923/885
f 815/934/897 768/884/847 740/827/791 786/858/821
f 802/909/872 794/898/861 813/925/887 820/935/898
f 775/892/855 795/910/873 816/936/899 805/923/885
f 736/845/809 729/840/804 817/919/881 832/937/900
f 818/938/901 695/805/768 686/793/757 806/924/886
f 819/928/891 698/804/767 705/811/775 829/939/902
f 820/935/898 813/925/887 805/923/885 816/936/899
f 814/920/882 802/909/872 820/935/898 830/940/903
f 801/897/860 783/882/845 823/933/896 838/941/904
f 824/942/905 816/936/899 795/910/873 810/930/893
f 827/943/906 701/812/776 695/805/768 818/938/901
f 753/822/786 713/798/761 828/914/876 861/944/907
f 829/939/902 705/811/775 717/817/781 842/945/908
f 779/828/792 707/762/727 821/868/831 882/946/909
f 830/940/903 820/935/898 816/936/899 824/942/905
f 831/947/910 810/930/893 778/894/857 809/929/892
f 742/853/816 736/845/809 832/937/900 846/948/911
f 823/933/896 814/920/882 830/940/903 843/949/912
f 763/818/782 708/783/747 835/906/869 891/950/913
f 836/951/914 809/929/892 768/884/847 815/934/897
f 837/952/915 732/842/806 687/735/700 779/828/792
f 839/931/894 735/824/788 748/844/808 855/953/916
f 840/954/917 824/942/905 810/930/893 831/947/910
f 689/796/760 710/820/784 841/955/918 812/932/895
f 842/945/908 717/817/781 727/825/789 852/956/919
f 843/949/912 830/940/903 824/942/905 840/954/917
f 817/919/881 801/897/860 838/941/904 856/957/920
f 844/958/921 714/823/787 701/812/776 827/943/906
f 833/917/879 756/831/795 811/875/838 871/959/922
f 641/749/714 732/842/806 845/960/923 746/857/820
f 749/862/825 742/853/816 846/948/911 853/961/924
f 847/926/889 726/806/770 792/835/799 893/962/925
f 838/941/904 823/933/896 843/949/912 854/963/926
f 834/922/884 780/849/813 833/917/879 876/964/927
f 849/965/928 815/934/897 786/858/821 834/922/884
f 825/966/822 716/850/721 822/851/814 908/967/929
f 851/968/930 831/947/910 809/929/892 836/951/914
f 852/956/919 727/825/789 744/838/802 865/969/931
f 755/872/835 749/862/825 853/961/924 859/970/932
f 854/963/926 843/949/912 840/954/917 857/971/933
f 855/953/916 748/844/808 761/861/824 863/972/934
f 857/971/933 840/954/917 831/947/910 851/968/930
f 858/973/935 731/841/805 714/823/787 844/958/921
f 832/937/900 817/919/881 856/957/920 881/974/936
f 822/851/814 723/782/746 848/890/853 920/975/937
f 758/874/837 755/872/835 859/970/932 862/976/938
f 850/911/874 734/794/758 825/859/822 919/977/939
f 765/867/830 752/866/829 860/978/940 870/979/941
f 821/868/831 753/822/786 861/944/907 906/980/942
f 856/957/920 838/941/904 854/963/926 880/981/943
f 762/879/842 758/874/837 862/976/938 866/982/944
f 863/972/934 761/861/824 773/878/841 874/983/945
f 752/866/829 757/873/836 864/984/946 860/978/940
f 865/969/931 744/838/802 769/855/818 890/985/947
f 764/880/843 762/879/842 866/982/944 869/986/948
f 867/987/949 836/951/914 815/934/897 849/965/928
f 692/802/765 746/857/820 868/988/950 807/927/890
f 767/883/846 764/880/843 869/986/948 872/989/951
f 797/881/844 765/867/830 870/979/941 892/990/952
f 770/886/849 767/883/846 872/989/951 875/991/953
f 710/820/784 743/854/817 873/992/954 841/955/918
f 874/983/945 773/878/841 781/889/852 879/993/955
f 772/888/851 770/886/849 875/991/953 877/994/956
f 864/984/946 757/873/836 782/896/859 909/995/957
f 774/891/854 772/888/851 877/994/956 878/996/958
f 871/959/922 811/875/838 839/931/894 903/997/959
f 777/893/856 774/891/854 878/996/958 885/998/960
f 879/993/955 781/889/852 788/895/858 886/999/961
f 880/981/943 854/963/926 857/971/933 887/1000/962
f 846/948/911 832/937/900 881/974/936 899/1001/963
f 883/1002/964 790/856/819 731/841/805 858/973/935
f 884/1003/965 851/968/930 836/951/914 867/987/949
f 785/899/862 777/893/856 885/998/960 888/1004/966
f 886/999/961 788/895/858 793/904/867 889/1005/967
f 887/1000/962 857/971/933 851/968/930 884/1003/965
f 789/905/868 785/899/862 888/1004/966 895/1006/968
f 889/1005/967 793/904/867 799/908/871 894/1007/969
f 890/985/947 769/855/818 826/885/848 922/1008/970
f 828/914/876 797/913/844 892/1009/952 910/1010/971
f 894/1007/969 799/908/871 803/916/878 897/1011/972
f 881/974/936 856/957/920 880/981/943 902/1012/973
f 848/890/853 763/818/782 891/950/913 941/1013/974
f 798/915/877 789/905/868 895/1006/968 898/1014/975
f 876/964/927 833/917/879 871/959/922 918/1015/976
f 896/1016/977 849/965/928 834/922/884 876/964/927
f 893/962/925 792/835/799 850/911/874 936/1017/978
f 897/1011/972 803/916/878 808/921/883 900/1018/979
f 806/924/886 798/915/877 898/1014/975 901/1019/980
f 853/961/924 846/948/911 899/1001/963 912/1020/981
f 900/1018/979 808/921/883 819/928/891 905/1021/982
f 835/906/869 790/856/819 883/1002/964 932/1022/983
f 818/938/901 806/924/886 901/1019/980 913/1023/984
f 903/997/959 839/931/894 855/953/916 925/1024/985
f 902/1012/973 880/981/943 887/1000/962 915/1025/986
f 782/896/888 847/926/889 904/1026/987 909/995/988
f 905/1021/982 819/928/891 829/939/902 916/1027/989
f 907/1028/990 867/987/949 849/965/928 896/1016/977
f 861/944/907 828/914/876 910/1010/971 944/1029/991
f 826/885/848 812/932/895 911/1030/992 922/1008/970
f 882/946/909 821/868/831 906/980/942 961/1031/993
f 859/970/932 853/961/924 912/1020/981 924/1032/994
f 899/1001/963 881/974/936 902/1012/973 929/1033/995
f 827/943/906 818/938/901 913/1023/984 927/1034/996
f 743/854/817 807/927/890 914/1035/997 873/992/954
f 915/1025/986 887/1000/962 884/1003/965 917/1036/998
f 916/1027/989 829/939/902 842/945/908 926/1037/999
f 917/1036/998 884/1003/965 867/987/949 907/1028/990
f 921/1038/1000 837/952/915 779/828/792 882/946/909
f 732/842/806 837/952/915 923/1039/1001 845/960/923
f 862/976/938 859/970/932 924/1032/994 928/1040/1002
f 925/1024/985 855/953/916 863/972/934 933/1041/1003
f 926/1037/999 842/945/908 852/956/919 938/1042/1004
f 844/958/921 827/943/906 927/1034/996 960/1043/1005
f 918/1015/976 871/959/922 903/997/959 953/1044/1006
f 904/1026/987 847/926/889 893/962/925 971/1045/1007
f 866/982/944 862/976/938 928/1040/1002 931/1046/1008
f 930/1047/1009 896/1016/977 876/964/927 918/1015/976
f 869/986/948 866/982/944 931/1046/1008 935/1048/1010
f 929/1033/995 902/1012/973 915/1025/986 950/1049/1011
f 891/950/913 835/906/869 932/1022/983 981/1050/1012
f 933/1041/1003 863/972/934 874/983/945 942/1051/1013
f 812/932/895 841/955/918 934/1052/1014 911/1030/992
f 872/989/951 869/986/948 935/1048/1010 939/1053/1015
f 919/1054/939 825/966/822 908/967/929 995/1055/1016
f 746/857/820 845/960/923 937/1056/1017 868/988/950
f 912/1020/981 899/1001/963 929/1033/995 959/1057/1018
f 938/1042/1004 852/956/919 865/969/931 955/1058/1019
f 908/967/929 822/851/814 920/975/937 999/1059/1020
f 875/991/953 872/989/951 939/1053/1015 940/1060/1021
f 877/994/956 875/991/953 940/1060/1021 943/1061/1022
f 942/1051/1013 874/983/945 879/993/955 947/1062/1023
f 878/996/958 877/994/956 943/1061/1022 945/1063/1024
f 906/980/942 861/944/907 944/1029/991 983/1064/1025
f 885/998/960 878/996/958 945/1063/1024 952/1065/1026
f 946/1066/1027 858/973/935 844/958/921 960/1043/1005
f 947/1062/1023 879/993/955 886/999/961 954/1067/1028
f 948/1068/1029 907/1028/990 896/1016/977 930/1047/1009
f 949/1069/1030 870/979/941 860/978/940 951/1070/1031
f 950/1049/1011 915/1025/986 917/1036/998 956/1071/1032
f 951/1070/1031 860/978/940 864/984/946 962/1072/1033
f 888/1004/966 885/998/960 952/1065/1026 957/1073/1034
f 936/1017/978 850/911/874 919/977/939 1003/1074/1035
f 954/1067/1028 886/999/961 889/1005/967 958/1075/1036
f 955/1058/1019 865/969/931 890/985/947 982/1076/1037
f 956/1071/1032 917/1036/998 907/1028/990 948/1068/1029
f 892/990/952 870/979/941 949/1069/1030 967/1077/1038
f 895/1006/968 888/1004/966 957/1073/1034 964/1078/1039
f 958/1075/1036 889/1005/967 894/1007/969 963/1079/1040
f 920/975/937 848/890/853 941/1013/974 1018/1080/1041
f 953/1044/1006 903/997/959 925/1024/985 977/1081/1042
f 924/1032/994 912/1020/981 959/1057/1018 974/1082/1043
f 962/1072/1033 864/984/946 909/995/957 994/1083/1044
f 963/1079/1040 894/1007/969 897/1011/972 965/1084/1045
f 898/1014/975 895/1006/968 964/1078/1039 966/1085/1046
f 965/1084/1045 897/1011/972 900/1018/979 972/1086/1047
f 959/1057/1018 929/1033/995 950/1049/1011 980/1087/1048
f 901/1019/980 898/1014/975 966/1085/1046 976/1088/1049
f 910/1010/971 892/1009/952 967/1089/1038 991/1090/1050
f 841/955/918 873/992/954 968/1091/1051 934/1052/1014
f 807/927/890 868/988/950 969/1092/1052 914/1035/997
f 970/1093/1053 883/1002/964 858/973/935 946/1066/1027
f 972/1086/1047 900/1018/979 905/1021/982 978/1094/1054
f 973/1095/1055 930/1047/1009 918/1015/976 953/1044/1006
f 928/1040/1002 924/1032/994 974/1082/1043 979/1096/1056
f 971/1045/1007 893/962/925 936/1017/978 1024/1097/1057
f 890/985/947 922/1008/970 975/1098/1058 982/1076/1037
f 913/1023/984 901/1019/980 976/1088/1049 987/1099/1059
f 977/1081/1042 925/1024/985 933/1041/1003 993/1100/1060
f 978/1094/1054 905/1021/982 916/1027/989 986/1101/1061
f 931/1046/1008 928/1040/1002 979/1096/1056 984/1102/1062
f 980/1087/1048 950/1049/1011 956/1071/1032 990/1103/1063
f 935/1048/1010 931/1046/1008 984/1102/1062 988/1104/1064
f 941/1013/974 891/950/913 981/1050/1012 1047/1105/1065
f 985/1106/1066 948/1068/1029 930/1047/1009 973/1095/1055
f 986/1101/1061 916/1027/989 926/1037/999 1000/1107/1067
f 927/1034/996 913/1023/984 987/1099/1059 1007/1108/1068
f 939/1053/1015 935/1048/1010 988/1104/1064 992/1109/1069
f 974/1082/1043 959/1057/1018 980/1087/1048 1009/1110/1070
f 909/995/988 904/1026/987 989/1111/1071 994/1083/1072
f 990/1103/1063 956/1071/1032 948/1068/1029 985/1106/1066
f 944/1029/991 910/1010/971 991/1090/1050 1030/1112/1073
f 961/1031/993 906/980/942 983/1064/1025 1039/1113/1074
f 940/1060/1021 939/1053/1015 992/1109/1069 996/1114/1075
f 993/1100/1060 933/1041/1003 942/1051/1013 1002/1115/1076
f 943/1061/1022 940/1060/1021 996/1114/1075 997/1116/1077
f 945/1063/1024 943/1061/1022 997/1116/1077 1004/1117/1078
f 922/1008/970 911/1030/992 998/1118/1079 975/1098/1058
f 1000/1107/1067 926/1037/999 938/1042/1004 1015/1119/1080
f 1001/1120/1081 921/1038/1000 882/946/909 961/1031/993
f 1002/1115/1076 942/1051/1013 947/1062/1023 1011/1121/1082
f 952/1065/1026 945/1063/1024 1004/1117/1078 1010/1122/1083
f 1005/1123/1084 932/1022/983 883/1002/964 970/1093/1053
f 837/952/915 921/1038/1000 1006/1124/1085 923/1039/1001
f 960/1043/1005 927/1034/996 1007/1108/1068 1022/1125/1086
f 953/1044/1006 977/1081/1042 1008/1126/1087 973/1095/1055
f 957/1073/1034 952/1065/1026 1010/1122/1083 1014/1127/1088
f 1011/1121/1082 947/1062/1023 954/1067/1028 1012/1128/1089
f 979/1096/1056 974/1082/1043 1009/1110/1070 1019/1129/1090
f 1012/1128/1089 954/1067/1028 958/1075/1036 1016/1130/1091
f 873/992/954 914/1035/997 1013/1131/1092 968/1091/1051
f 1009/1110/1070 980/1087/1048 990/1103/1063 1025/1132/1093
f 964/1078/1039 957/1073/1034 1014/1127/1088 1021/1133/1094
f 1015/1119/1080 938/1042/1004 955/1058/1019 1033/1134/1095
f 1016/1130/1091 958/1075/1036 963/1079/1040 1020/1135/1096
f 845/960/923 923/1039/1001 1017/1136/1097 937/1056/1017
f 984/1102/1062 979/1096/1056 1019/1129/1090 1029/1137/1098
f 1020/1135/1096 963/1079/1040 965/1084/1045 1028/1138/1099
f 966/1085/1046 964/1078/1039 1021/1133/1094 1031/1139/1100
f 946/1066/1027 960/1043/1005 1022/1125/1086 1056/1140/1101
f 1023/1141/1102 985/1106/1066 973/1095/1055 1008/1126/1087
f 1025/1132/1093 990/1103/1063 985/1106/1066 1023/1141/1102
f 977/1081/1042 993/1100/1103 1026/1142/1104 1008/1126/1087
f 911/1030/992 934/1052/1014 1027/1143/1105 998/1118/1079
f 1028/1138/1099 965/1084/1045 972/1086/1047 1035/1144/1106
f 988/1104/1064 984/1102/1062 1029/1137/1098 1034/1145/1107
f 1003/1146/1035 919/1054/939 995/1055/1016 1092/1147/1108
f 983/1064/1025 944/1029/991 1030/1112/1073 1076/1148/1109
f 995/1055/1016 908/967/929 999/1059/1020 1101/1149/1110
f 976/1088/1049 966/1085/1046 1031/1139/1100 1041/1150/1111
f 904/1026/987 971/1045/1007 1032/1151/1112 989/1111/1071
f 1033/1134/1095 955/1058/1019 982/1076/1037 1065/1152/1113
f 992/1109/1069 988/1104/1064 1034/1145/1107 1036/1153/1114
f 1035/1144/1106 972/1086/1047 978/1094/1054 1044/1154/1115
f 1019/1129/1090 1009/1110/1070 1025/1132/1093 1046/1155/1116
f 996/1114/1075 992/1109/1069 1036/1153/1114 1037/1156/1117
f 1024/1097/1057 936/1017/978 1003/1074/1035 1099/1157/1118
f 997/1116/1077 996/1114/1075 1037/1156/1117 1043/1158/1119
f 993/1100/1103 1002/1115/1120 1038/1159/1121 1026/1142/1104
f 999/1059/1020 920/975/937 1018/1080/1041 1112/1160/1122
f 1040/1161/1123 949/1069/1030 951/1070/1031 1045/1162/1124
f 987/1099/1059 976/1088/1049 1041/1150/1111 1058/1163/1125
f 868/988/950 937/1056/1017 1042/1164/1126 969/1092/1052
f 1004/1117/1078 997/1116/1077 1043/1158/1119 1048/1165/1127
f 1044/1154/1115 978/1094/1054 986/1101/1061 1054/1166/1128
f 1045/1162/1124 951/1070/1031 962/1072/1033 1059/1167/1129
f 1010/1122/1083 1004/1117/1078 1048/1165/1127 1053/1168/1130
f 1029/1137/1098 1019/1129/1090 1046/1155/1116 1060/1169/1131
f 1049/1170/1132 1023/1141/1102 1008/1126/1087 1026/1142/1104
f 1002/1115/1120 1011/1121/1133 1050/1171/1134 1038/1159/1121
f 1046/1155/1116 1025/1132/1093 1023/1141/1102 1049/1170/1132
f 1051/1172/1135 981/1050/1012 932/1022/983 1005/1123/1084
f 1052/1173/1136 967/1077/1038 949/1069/1030 1040/1161/1123
f 1014/1127/1088 1010/1122/1083 1053/1168/1130 1063/1174/1137
f 1054/1166/1128 986/1101/1061 1000/1107/1067 1070/1175/1138
f 1011/1121/1133 1012/1128/1139 1055/1176/1140 1050/1171/1134
f 1057/1177/1141 970/1093/1053 946/1066/1027 1056/1140/1101
f 1007/1108/1068 987/1099/1059 1058/1163/1125 1074/1178/1142
f 1059/1167/1129 962/1072/1033 994/1083/1044 1103/1179/1143
f 1034/1145/1107 1029/1137/1098 1060/1169/1131 1064/1180/1144
f 982/1076/1037 975/1098/1058 1061/1181/1145 1065/1152/1113
f 1012/1128/1139 1016/1130/1146 1062/1182/1147 1055/1176/1140
f 991/1090/1050 967/1089/1038 1052/1183/1136 1088/1184/1148
f 1021/1133/1094 1014/1127/1088 1063/1174/1137 1073/1185/1149
f 1036/1153/1114 1034/1145/1107 1064/1180/1144 1069/1186/1150
f 1018/1080/1041 941/1013/974 1047/1105/1065 1126/1187/1151
f 934/1052/1014 968/1091/1051 1066/1188/1152 1027/1143/1105
f 1016/1130/1146 1020/1135/1153 1067/1189/1154 1062/1182/1147
f 1060/1169/1131 1046/1155/1116 1049/1170/1132 1068/1190/1155
f 1068/1190/1155 1049/1170/1132 1026/1142/1104 1038/1159/1121
f 1037/1156/1117 1036/1153/1114 1069/1186/1150 1072/1191/1156
f 1070/1175/1138 1000/1107/1067 1015/1119/1080 1083/1192/1157
f 1020/1135/1153 1028/1138/1158 1071/1193/1159 1067/1189/1154
f 1043/1158/1119 1037/1156/1117 1072/1191/1156 1077/1194/1160
f 1031/1139/1100 1021/1133/1094 1073/1185/1149 1082/1195/1161
f 1022/1125/1086 1007/1108/1068 1074/1178/1142 1104/1196/1162
f 1038/1159/1121 1050/1171/1134 1075/1197/1163 1068/1190/1155
f 1064/1180/1144 1060/1169/1131 1068/1190/1155 1075/1197/1163
f 1048/1165/1127 1043/1158/1119 1077/1194/1160 1081/1198/1164
f 1028/1138/1158 1035/1144/1165 1078/1199/1166 1071/1193/1159
f 914/1035/997 969/1092/1052 1079/1200/1167 1013/1131/1092
f 1050/1171/1134 1055/1176/1140 1080/1201/1168 1075/1197/1163
f 1069/1186/1150 1064/1180/1144 1075/1197/1163 1080/1201/1168
f 1039/1113/1074 983/1064/1025 1076/1148/1109 1128/1202/1169
f 1053/1168/1130 1048/1165/1127 1081/1198/1164 1089/1203/1170
f 1041/1150/1111 1031/1139/1100 1082/1195/1161 1098/1204/1171
f 1083/1192/1157 1015/1119/1080 1033/1134/1095 1102/1205/1172
f 975/1098/1058 998/1118/1079 1084/1206/1173 1061/1181/1145
f 1035/1144/1165 1044/1154/1174 1085/1207/1175 1078/1199/1166
f 1055/1176/1140 1062/1182/1147 1086/1208/1176 1080/1201/1168
f 1072/1191/1156 1069/1186/1150 1080/1201/1168 1086/1208/1176
f 971/1045/1007 1024/1097/1057 1087/1209/1177 1032/1151/1112
f 1030/1112/1073 991/1090/1050 1088/1184/1148 1120/1210/1178
f 1063/1174/1137 1053/1168/1130 1089/1203/1170 1100/1211/1179
f 1090/1212/1180 1001/1120/1081 961/1031/993 1039/1113/1074
f 1062/1182/1147 1067/1189/1154 1091/1213/1181 1086/1208/1176
f 1077/1194/1160 1072/1191/1156 1086/1208/1176 1091/1213/1181
f 1093/1214/1182 1005/1123/1084 970/1093/1053 1057/1177/1141
f 994/1083/1072 989/1111/1071 1094/1215/1183 1103/1179/1184
f 921/1038/1000 1001/1120/1081 1095/1216/1185 1006/1124/1085
f 1081/1198/1164 1077/1194/1160 1091/1213/1181 1096/1217/1186
f 1067/1189/1154 1071/1193/1159 1096/1217/1186 1091/1213/1181
f 1044/1154/1174 1054/1166/1187 1097/1218/1188 1085/1207/1175
f 1058/1163/1125 1041/1150/1111 1098/1204/1171 1111/1219/1189
f 1073/1185/1149 1063/1174/1137 1100/1211/1179 1108/1220/1190
f 1102/1205/1172 1033/1134/1095 1065/1152/1113 1119/1221/1191
f 1089/1203/1170 1081/1198/1164 1096/1217/1186 1105/1222/1192
f 1071/1193/1159 1078/1199/1166 1105/1222/1192 1096/1217/1186
f 1106/1223/1193 1056/1140/1101 1022/1125/1086 1104/1196/1162
f 1054/1166/1187 1070/1175/1194 1107/1224/1195 1097/1218/1188
f 1082/1195/1161 1073/1185/1149 1108/1220/1190 1116/1225/1196
f 1100/1211/1179 1089/1203/1170 1105/1222/1192 1110/1226/1197
f 923/1039/1001 1006/1124/1085 1109/1227/1198 1017/1136/1097
f 1078/1199/1166 1085/1207/1175 1110/1226/1197 1105/1222/1192
f 1074/1178/1142 1058/1163/1125 1111/1219/1189 1122/1228/1199
f 998/1118/1079 1027/1143/1105 1113/1229/1200 1084/1206/1173
f 968/1091/1051 1013/1131/1092 1114/1230/1201 1066/1188/1152
f 1115/1231/1202 1047/1105/1065 981/1050/1012 1051/1172/1135
f 1108/1220/1190 1100/1211/1179 1110/1226/1197 1117/1232/1203
f 1098/1204/1171 1082/1195/1161 1116/1225/1196 1127/1233/1204
f 1117/1232/1203 1110/1226/1197 1085/1207/1175 1097/1218/1188
f 1070/1175/1194 1083/1192/1205 1118/1234/1206 1107/1224/1195
f 1099/1235/1118 1003/1146/1035 1092/1147/1108 1155/1236/1207
f 1076/1148/1109 1030/1112/1073 1120/1210/1178 1147/1237/1208
f 1065/1152/1113 1061/1181/1145 1121/1238/1209 1119/1221/1191
f 1116/1225/1196 1108/1220/1190 1117/1232/1203 1125/1239/1210
f 1092/1147/1108 995/1055/1016 1101/1149/1110 1161/1240/1211
f 1104/1196/1162 1074/1178/1142 1122/1228/1199 1134/1241/1212
f 1123/1242/1213 1057/1177/1141 1056/1140/1101 1106/1223/1193
f 937/1056/1017 1017/1136/1097 1124/1243/1214 1042/1164/1126
f 1125/1239/1210 1117/1232/1203 1097/1218/1188 1107/1224/1195
f 1111/1219/1189 1098/1204/1171 1127/1233/1204 1133/1244/1215
f 989/1111/1071 1032/1151/1112 1129/1245/1216 1094/1215/1183
f 1087/1209/1177 1024/1097/1057 1099/1157/1118 1158/1246/1217
f 1083/1192/1205 1102/1205/1218 1130/1247/1219 1118/1234/1206
f 1101/1149/1110 999/1059/1020 1112/1160/1122 1169/1248/1220
f 1127/1233/1204 1116/1225/1196 1125/1239/1210 1132/1249/1221
f 1131/1250/1222 1051/1172/1135 1005/1123/1084 1093/1214/1182
f 1132/1249/1221 1125/1239/1210 1107/1224/1195 1118/1234/1206
f 1122/1228/1199 1111/1219/1189 1133/1244/1215 1144/1251/1223
f 1027/1143/1105 1066/1188/1152 1135/1252/1224 1113/1229/1200
f 1061/1181/1145 1084/1206/1173 1136/1253/1225 1121/1238/1209
f 1137/1254/1226 1040/1161/1123 1045/1162/1124 1140/1255/1227
f 1102/1205/1218 1119/1221/1228 1138/1256/1229 1130/1247/1219
f 1133/1244/1215 1127/1233/1204 1132/1249/1221 1142/1257/1230
f 969/1092/1052 1042/1164/1126 1139/1258/1231 1079/1200/1167
f 1112/1160/1122 1018/1080/1041 1126/1187/1151 1176/1259/1232
f 1140/1255/1227 1045/1162/1124 1059/1167/1129 1146/1260/1233
f 1141/1261/1234 1106/1223/1193 1104/1196/1162 1134/1241/1212
f 1142/1257/1230 1132/1249/1221 1118/1234/1206 1130/1247/1219
f 1143/1262/1235 1052/1173/1136 1040/1161/1123 1137/1254/1226
f 1145/1263/1236 1093/1214/1182 1057/1177/1141 1123/1242/1213
f 1138/1256/1229 1119/1221/1228 1121/1238/1237 1154/1264/1238
f 1134/1241/1212 1122/1228/1199 1144/1251/1223 1153/1265/1239
f 1088/1184/1148 1052/1183/1136 1143/1266/1235 1160/1267/1240
f 1144/1251/1223 1133/1244/1215 1142/1257/1230 1148/1268/1241
f 1146/1260/1233 1059/1167/1129 1103/1179/1143 1173/1269/1242
f 1148/1268/1241 1142/1257/1230 1130/1247/1219 1138/1256/1229
f 1128/1202/1169 1076/1148/1109 1147/1237/1208 1178/1270/1243
f 1149/1271/1244 1090/1212/1180 1039/1113/1074 1128/1202/1169
f 1013/1131/1092 1079/1200/1167 1150/1272/1245 1114/1230/1201
f 1001/1120/1081 1090/1212/1180 1151/1273/1246 1095/1216/1185
f 1084/1206/1173 1113/1229/1200 1152/1274/1247 1136/1253/1225
f 1156/1275/1248 1123/1242/1213 1106/1223/1193 1141/1261/1234
f 1032/1151/1112 1087/1209/1177 1157/1276/1249 1129/1245/1216
f 1154/1264/1238 1121/1238/1237 1136/1253/1250 1168/1277/1251
f 1148/1268/1241 1138/1256/1229 1154/1264/1238 1159/1278/1252
f 1144/1251/1223 1148/1268/1241 1159/1278/1252 1153/1265/1239
f 1120/1210/1178 1088/1184/1148 1160/1267/1240 1179/1279/1253
f 1006/1124/1085 1095/1216/1185 1162/1280/1254 1109/1227/1198
f 1163/1281/1255 1141/1261/1234 1134/1241/1212 1153/1265/1239
f 1164/1282/1256 1126/1187/1151 1047/1105/1065 1115/1231/1202
f 1066/1188/1152 1114/1230/1201 1165/1283/1257 1135/1252/1224
f 1103/1179/1184 1094/1215/1183 1166/1284/1258 1173/1269/1259
f 1167/1285/1260 1115/1231/1202 1051/1172/1135 1131/1250/1222
f 1159/1278/1252 1154/1264/1238 1168/1277/1251 1171/1286/1261
f 1170/1287/1262 1131/1250/1222 1093/1214/1182 1145/1263/1236
f 1153/1265/1239 1159/1278/1252 1171/1286/1261 1163/1281/1255
f 1158/1288/1217 1099/1235/1118 1155/1236/1207 1197/1289/1263
f 1168/1277/1251 1136/1253/1250 1152/1274/1264 1180/1290/1265
f 1113/1229/1200 1135/1252/1224 1172/1291/1266 1152/1274/1247
f 1017/1136/1097 1109/1227/1198 1174/1292/1267 1124/1243/1214
f 1155/1236/1207 1092/1147/1108 1161/1240/1211 1202/1293/1268
f 1175/1294/1269 1145/1263/1236 1123/1242/1213 1156/1275/1248
f 1141/1261/1234 1163/1281/1255 1177/1295/1270 1156/1275/1248
f 1147/1237/1208 1120/1210/1178 1179/1279/1253 1199/1296/1271
f 1161/1240/1211 1101/1149/1110 1169/1248/1220 1207/1297/1272
f 1171/1286/1261 1168/1277/1251 1180/1290/1265 1182/1298/1273
f 1042/1164/1126 1124/1243/1214 1181/1299/1274 1139/1258/1231
f 1163/1281/1255 1171/1286/1261 1182/1298/1273 1177/1295/1270
f 1094/1215/1183 1129/1245/1216 1183/1300/1275 1166/1284/1258
f 1180/1290/1265 1152/1274/1264 1172/1291/1276 1193/1301/1277
f 1169/1248/1220 1112/1160/1122 1176/1259/1232 1211/1302/1278
f 1079/1200/1167 1139/1258/1231 1184/1303/1279 1150/1272/1245
f 1087/1209/1177 1158/1246/1217 1185/1304/1280 1157/1276/1249
f 1156/1275/1248 1177/1295/1270 1186/1305/1281 1175/1294/1269
f 1114/1230/1201 1150/1272/1245 1187/1306/1282 1165/1283/1257
f 1090/1212/1180 1149/1271/1244 1188/1307/1283 1151/1273/1246
f 1135/1252/1224 1165/1283/1257 1189/1308/1284 1172/1291/1266
f 1190/1309/1285 1149/1271/1244 1128/1202/1169 1178/1270/1243
f 1145/1263/1236 1175/1294/1269 1191/1310/1286 1170/1287/1262
f 1192/1311/1287 1137/1254/1226 1140/1255/1227 1200/1312/1288
f 1182/1298/1273 1180/1290/1265 1193/1301/1277 1195/1313/1289
f 1131/1250/1222 1170/1287/1262 1194/1314/1290 1167/1285/1260
f 1177/1295/1270 1182/1298/1273 1195/1313/1289 1186/1305/1281
f 1196/1315/1291 1143/1262/1235 1137/1254/1226 1192/1311/1287
f 1095/1216/1185 1151/1273/1246 1198/1316/1292 1162/1280/1254
f 1178/1270/1243 1147/1237/1208 1199/1296/1271 1218/1317/1293
f 1200/1312/1288 1140/1255/1227 1146/1260/1233 1205/1318/1294
f 1115/1231/1202 1167/1285/1260 1201/1319/1295 1164/1282/1256
f 1160/1267/1240 1143/1266/1235 1196/1320/1291 1209/1321/1296
f 1126/1187/1151 1164/1282/1256 1203/1322/1297 1176/1259/1232
f 1193/1301/1277 1172/1291/1276 1189/1308/1298 1210/1323/1299
f 1129/1245/1216 1157/1276/1249 1204/1324/1300 1183/1300/1275
f 1205/1318/1294 1146/1260/1233 1173/1269/1242 1221/1325/1301
f 1175/1294/1269 1186/1305/1281 1206/1326/1302 1191/1310/1286
f 1109/1227/1198 1162/1280/1254 1208/1327/1303 1174/1292/1267
f 1179/1279/1253 1160/1267/1240 1209/1321/1296 1220/1328/1304
f 1197/1289/1263 1155/1236/1207 1202/1293/1268 1231/1329/1305
f 1185/1330/1280 1158/1288/1217 1197/1289/1263 1230/1331/1306
f 1195/1313/1289 1193/1301/1277 1210/1323/1299 1212/1332/1307
f 1186/1305/1281 1195/1313/1289 1212/1332/1307 1206/1326/1302
f 1213/1333/1308 1189/1308/1284 1165/1283/1257 1187/1306/1282
f 1170/1287/1262 1191/1310/1286 1214/1334/1309 1194/1314/1290
f 1202/1293/1268 1161/1240/1211 1207/1297/1272 1236/1335/1310
f 1124/1243/1214 1174/1292/1267 1215/1336/1311 1181/1299/1274
f 1173/1269/1259 1166/1284/1258 1216/1337/1312 1221/1325/1301
f 1217/1338/1313 1187/1306/1282 1150/1272/1245 1184/1303/1279
f 1139/1258/1231 1181/1299/1274 1219/1339/1314 1184/1303/1279
f 1207/1297/1272 1169/1248/1220 1211/1302/1278 1242/1340/1315
f 1199/1296/1271 1179/1279/1253 1220/1328/1304 1238/1341/1316
f 1167/1285/1260 1194/1314/1290 1222/1342/1317 1201/1319/1295
f 1210/1323/1299 1189/1308/1298 1213/1333/1318 1232/1343/1319
f 1223/1344/1320 1188/1307/1283 1149/1271/1244 1190/1309/1285
f 1151/1273/1246 1188/1307/1283 1224/1345/1321 1198/1316/1292
f 1157/1276/1249 1185/1304/1280 1225/1346/1322 1204/1324/1300
f 1191/1310/1286 1206/1326/1302 1226/1347/1323 1214/1334/1309
f 1227/1348/1324 1190/1309/1285 1178/1270/1243 1218/1317/1293
f 1166/1284/1258 1183/1300/1275 1228/1349/1325 1216/1337/1312
f 1164/1282/1256 1201/1319/1295 1229/1350/1326 1203/1322/1297
f 1212/1332/1307 1210/1323/1299 1232/1343/1319 1233/1351/1327
f 1206/1326/1302 1212/1332/1307 1233/1351/1327 1226/1347/1323
f 1176/1259/1232 1203/1322/1297 1234/1352/1328 1211/1302/1278
f 1162/1280/1254 1198/1316/1292 1235/1353/1329 1208/1327/1303
f 1237/1354/1330 1196/1315/1291 1192/1311/1287 1240/1355/1331
f 1218/1317/1293 1199/1296/1271 1238/1341/1316 1256/1356/1332
f 1239/1357/1333 1213/1333/1308 1187/1306/1282 1217/1338/1313
f 1240/1355/1331 1192/1311/1287 1200/1312/1288 1244/1358/1334
f 1194/1314/1290 1214/1334/1309 1241/1359/1335 1222/1342/1317
f 1209/1321/1296 1196/1320/1291 1237/1360/1330 1248/1361/1336
f 1230/1331/1306 1197/1289/1263 1231/1329/1305 1259/1362/1337
f 1174/1292/1267 1208/1327/1303 1243/1363/1338 1215/1336/1311
f 1244/1358/1334 1200/1312/1288 1205/1318/1294 1249/1364/1339
f 1225/1365/1322 1185/1330/1280 1230/1331/1306 1267/1366/1340
f 1231/1329/1305 1202/1293/1268 1236/1335/1310 1265/1367/1341
f 1183/1300/1275 1204/1324/1300 1245/1368/1342 1228/1349/1325
f 1246/1369/1343 1217/1338/1313 1184/1303/1279 1219/1339/1314
f 1181/1299/1274 1215/1336/1311 1247/1370/1344 1219/1339/1314
f 1232/1343/1319 1213/1333/1318 1239/1357/1345 1254/1371/1346
f 1220/1328/1304 1209/1321/1296 1248/1361/1336 1261/1372/1347
f 1236/1335/1310 1207/1297/1272 1242/1340/1315 1271/1373/1348
f 1249/1364/1339 1205/1318/1294 1221/1325/1301 1270/1374/1349
f 1214/1334/1309 1226/1347/1323 1250/1375/1350 1241/1359/1335
f 1201/1319/1295 1222/1342/1317 1251/1376/1351 1229/1350/1326
f 1188/1307/1283 1223/1344/1320 1252/1377/1352 1224/1345/1321
f 1253/1378/1353 1223/1344/1320 1190/1309/1285 1227/1348/1324
f 1233/1351/1327 1232/1343/1319 1254/1371/1346 1255/1379/1354
f 1226/1347/1323 1233/1351/1327 1255/1379/1354 1250/1375/1350
f 1198/1316/1292 1224/1345/1321 1257/1380/1355 1235/1353/1329
f 1203/1322/1297 1229/1350/1326 1258/1381/1356 1234/1352/1328
f 1221/1325/1301 1216/1337/1312 1260/1382/1357 1270/1374/1349
f 1238/1341/1316 1220/1328/1304 1261/1372/1347 1278/1383/1358
f 1262/1384/1359 1242/1340/1315 1211/1302/1278 1234/1352/1328
f 1204/1324/1300 1225/1346/1322 1263/1385/1360 1245/1368/1342
f 1264/1386/1361 1239/1357/1333 1217/1338/1313 1246/1369/1343
f 1266/1387/1362 1227/1348/1324 1218/1317/1293 1256/1356/1332
f 1222/1342/1317 1241/1359/1335 1268/1388/1363 1251/1376/1351
f 1208/1327/1303 1235/1353/1329 1269/1389/1364 1243/1363/1338
f 1272/1390/1365 1237/1354/1330 1240/1355/1331 1276/1391/1366
f 1216/1337/1312 1228/1349/1325 1273/1392/1367 1260/1382/1357
f 1267/1366/1340 1230/1331/1306 1259/1362/1337 1293/1393/1368
f 1274/1394/1369 1246/1369/1343 1219/1339/1314 1247/1370/1344
f 1259/1362/1337 1231/1329/1305 1265/1367/1341 1292/1395/1370
f 1248/1361/1336 1237/1360/1330 1272/1396/1365 1284/1397/1371
f 1215/1336/1311 1243/1363/1338 1275/1398/1372 1247/1370/1344
f 1254/1371/1346 1239/1357/1345 1264/1386/1373 1280/1399/1374
f 1276/1391/1366 1240/1355/1331 1244/1358/1334 1286/1400/1375
f 1265/1367/1341 1236/1335/1310 1271/1373/1348 1296/1401/1376
f 1241/1359/1335 1250/1375/1350 1277/1402/1377 1268/1388/1363
f 1256/1356/1332 1238/1341/1316 1278/1383/1358 1298/1403/1378
f 1263/1404/1360 1225/1365/1322 1267/1366/1340 1302/1405/1379
f 1229/1350/1326 1251/1376/1351 1279/1406/1380 1258/1381/1356
f 1255/1379/1354 1254/1371/1346 1280/1399/1374 1281/1407/1381
f 1250/1375/1350 1255/1379/1354 1281/1407/1381 1277/1402/1377
f 1228/1349/1325 1245/1368/1342 1282/1408/1382 1273/1392/1367
f 1283/1409/1383 1252/1377/1352 1223/1344/1320 1253/1378/1353
f 1261/1372/1347 1248/1361/1336 1284/1397/1371 1301/1410/1384
f 1224/1345/1321 1252/1377/1352 1285/1411/1385 1257/1380/1355
f 1286/1400/1375 1244/1358/1334 1249/1364/1339 1294/1412/1386
f 1234/1352/1328 1258/1381/1356 1287/1413/1387 1262/1384/1359
f 1288/1414/1388 1253/1378/1353 1227/1348/1324 1266/1387/1362
f 1289/1415/1389 1271/1373/1348 1242/1340/1315 1262/1384/1359
f 1235/1353/1329 1257/1380/1355 1290/1416/1390 1269/1389/1364
f 1291/1417/1391 1264/1386/1361 1246/1369/1343 1274/1394/1369
f 1294/1412/1386 1249/1364/1339 1270/1374/1349 1310/1418/1392
f 1251/1376/1351 1268/1388/1363 1295/1419/1393 1279/1406/1380
f 1284/1397/1371 1272/1396/1365 1276/1420/1366 1307/1421/1394
f 1243/1363/1338 1269/1389/1364 1297/1422/1395 1275/1398/1372
f 1299/1423/1396 1274/1394/1369 1247/1370/1344 1275/1398/1372
f 1245/1368/1342 1263/1385/1360 1300/1424/1397 1282/1408/1382
f 1278/1383/1358 1261/1372/1347 1301/1410/1384 1316/1425/1398
f 1280/1399/1374 1264/1386/1373 1291/1417/1399 1308/1426/1400
f 1303/1427/1401 1266/1387/1362 1256/1356/1332 1298/1403/1378
f 1293/1393/1368 1259/1362/1337 1292/1395/1370 1323/1428/1402
f 1292/1395/1370 1265/1367/1341 1296/1401/1376 1321/1429/1403
f 1268/1388/1363 1277/1402/1377 1304/1430/1404 1295/1419/1393
f 1270/1374/1349 1260/1382/1357 1305/1431/1405 1310/1418/1392
f 1302/1405/1379 1267/1366/1340 1293/1393/1368 1326/1432/1406
f 1290/1416/1390 1257/1380/1355 1285/1411/1385 1325/1433/1407
f 1258/1381/1356 1279/1406/1380 1306/1434/1408 1287/1413/1387
f 1281/1407/1381 1280/1399/1374 1308/1426/1400 1309/1435/1409
f 1277/1402/1377 1281/1407/1381 1309/1435/1409 1304/1430/1404
f 1307/1421/1394 1276/1420/1366 1286/1436/1375 1322/1437/1410
f 1297/1422/1395 1269/1389/1364 1290/1416/1390 1327/1438/1411
f 1311/1439/1412 1285/1411/1385 1252/1377/1352 1283/1409/1383
f 1262/1384/1359 1287/1413/1387 1312/1440/1413 1289/1415/1389
f 1300/1441/1397 1263/1404/1360 1302/1405/1379 1332/1442/1414
f 1260/1382/1357 1273/1392/1367 1313/1443/1415 1305/1431/1405
f 1301/1410/1384 1284/1397/1371 1307/1421/1394 1328/1444/1416
f 1314/1445/1417 1296/1401/1376 1271/1373/1348 1289/1415/1389
f 1315/1446/1418 1283/1409/1383 1253/1378/1353 1288/1414/1388
f 1298/1403/1378 1278/1383/1358 1316/1425/1398 1334/1447/1419
f 1317/1448/1420 1291/1417/1391 1274/1394/1369 1299/1423/1396
f 1318/1449/1421 1299/1423/1396 1275/1398/1372 1297/1422/1395
f 1279/1406/1380 1295/1419/1393 1319/1450/1422 1306/1434/1408
f 1273/1392/1367 1282/1408/1382 1320/1451/1423 1313/1443/1415
f 1322/1437/1410 1286/1436/1375 1294/1452/1386 1336/1453/1424
f 1324/1454/1425 1288/1414/1388 1266/1387/1362 1303/1427/1401
f 1308/1426/1400 1291/1417/1399 1317/1448/1426 1333/1455/1427
f 1282/1408/1382 1300/1424/1397 1329/1456/1428 1320/1451/1423
f 1295/1419/1393 1304/1430/1404 1330/1457/1429 1319/1450/1422
f 1287/1413/1387 1306/1434/1408 1331/1458/1430 1312/1440/1413
f 1325/1433/1407 1285/1411/1385 1311/1439/1412 1348/1459/1431
f 1323/1428/1402 1292/1395/1370 1321/1429/1403 1350/1460/1432
f 1309/1435/1409 1308/1426/1400 1333/1455/1427 1335/1461/1433
f 1316/1425/1398 1301/1410/1384 1328/1444/1416 1347/1462/1434
f 1327/1438/1411 1290/1416/1390 1325/1433/1407 1346/1463/1435
f 1304/1430/1404 1309/1435/1409 1335/1461/1433 1330/1457/1429
f 1336/1453/1424 1294/1452/1386 1310/1464/1392 1349/1465/1436
f 1326/1432/1406 1293/1393/1368 1323/1428/1402 1356/1466/1437
f 1318/1449/1421 1297/1422/1395 1327/1438/1411 1345/1467/1438
f 1289/1415/1389 1312/1440/1413 1337/1468/1439 1314/1445/1417
f 1328/1444/1416 1307/1421/1394 1322/1437/1410 1351/1469/1440
f 1332/1442/1414 1302/1405/1379 1326/1432/1406 1359/1470/1441
f 1338/1471/1442 1317/1448/1420 1299/1423/1396 1318/1449/1421
f 1296/1401/1376 1314/1445/1417 1339/1472/1443 1321/1429/1403
f 1340/1473/1444 1303/1427/1401 1298/1403/1378 1334/1447/1419
f 1341/1474/1445 1311/1439/1412 1283/1409/1383 1315/1446/1418
f 1329/1475/1428 1300/1441/1397 1332/1442/1414 1357/1476/1446
f 1306/1434/1408 1319/1450/1422 1342/1477/1447 1331/1458/1430
f 1343/1478/1448 1315/1446/1418 1288/1414/1388 1324/1454/1425
f 1310/1464/1392 1305/1479/1405 1344/1480/1449 1349/1465/1436
f 1333/1455/1427 1317/1448/1426 1338/1471/1450 1355/1481/1451
f 1334/1447/1419 1316/1425/1398 1347/1462/1434 1366/1482/1452
f 1319/1450/1422 1330/1457/1429 1352/1483/1453 1342/1477/1447
f 1312/1440/1413 1331/1458/1430 1353/1484/1454 1337/1468/1439
f 1338/1471/1442 1318/1449/1421 1345/1467/1438 1363/1485/1455
f 1305/1479/1405 1313/1486/1415 1354/1487/1456 1344/1480/1449
f 1335/1461/1433 1333/1455/1427 1355/1481/1451 1358/1488/1457
f 1351/1469/1440 1322/1437/1410 1336/1453/1424 1368/1489/1458
f 1345/1467/1438 1327/1438/1411 1346/1463/1435 1369/1490/1459
f 1320/1491/1423 1329/1475/1428 1357/1476/1446 1360/1492/1460
f 1330/1457/1429 1335/1461/1433 1358/1488/1457 1352/1483/1453
f 1346/1463/1435 1325/1433/1407 1348/1459/1431 1371/1493/1461
f 1313/1486/1415 1320/1491/1423 1360/1492/1460 1354/1487/1456
f 1348/1459/1431 1311/1439/1412 1341/1474/1445 1374/1494/1462
f 1361/1495/1463 1324/1454/1425 1303/1427/1401 1340/1473/1444
f 1314/1445/1417 1337/1468/1439 1362/1496/1464 1339/1472/1443
f 1347/1462/1434 1328/1444/1416 1351/1469/1440 1376/1497/1465
f 1356/1466/1437 1323/1428/1402 1350/1460/1432 1379/1498/1466
f 1321/1429/1403 1339/1472/1443 1364/1499/1467 1350/1460/1432
f 1331/1458/1430 1342/1477/1447 1365/1500/1468 1353/1484/1454
f 1357/1476/1446 1332/1442/1414 1359/1470/1441 1380/1501/1469
f 1359/1470/1441 1326/1432/1406 1356/1466/1437 1384/1502/1470
f 1367/1503/1471 1341/1474/1445 1315/1446/1418 1343/1478/1448
f 1368/1489/1458 1336/1453/1424 1349/1465/1436 1382/1504/1472
f 1370/1505/1473 1355/1481/1451 1338/1471/1450 1363/1485/1474
f 1342/1477/1447 1352/1483/1453 1372/1506/1475 1365/1500/1468
f 1363/1485/1455 1345/1467/1438 1369/1490/1459 1385/1507/1476
f 1373/1508/1477 1340/1473/1444 1334/1447/1419 1366/1482/1452
f 1375/1509/1478 1343/1478/1448 1324/1454/1425 1361/1495/1463
f 1337/1468/1439 1353/1484/1454 1377/1510/1479 1362/1496/1464
f 1378/1511/1480 1358/1488/1457 1355/1481/1451 1370/1505/1473
f 1372/1506/1475 1352/1483/1453 1358/1488/1457 1378/1511/1480
f 1369/1490/1459 1346/1463/1435 1371/1493/1461 1392/1512/1481
f 1366/1482/1452 1347/1462/1434 1376/1497/1465 1396/1513/1482
f 1371/1493/1461 1348/1459/1431 1374/1494/1462 1398/1514/1483
f 1376/1497/1465 1351/1469/1440 1368/1489/1458 1397/1515/1484
f 1374/1494/1462 1341/1474/1445 1367/1503/1471 1399/1516/1485
f 1349/1465/1436 1344/1480/1449 1381/1517/1486 1382/1504/1487
f 1360/1492/1460 1357/1476/1446 1380/1501/1469 1390/1518/1488
f 1339/1472/1443 1362/1496/1464 1383/1519/1489 1364/1499/1467
f 1353/1484/1454 1365/1500/1468 1386/1520/1490 1377/1510/1479
f 1387/1521/1491 1370/1505/1473 1363/1485/1474 1385/1507/1492
f 1388/1522/1493 1367/1503/1471 1343/1478/1448 1375/1509/1478
f 1344/1480/1449 1354/1487/1456 1389/1523/1494 1381/1517/1486
f 1354/1487/1456 1360/1492/1460 1390/1518/1488 1389/1523/1494
f 1391/1524/1495 1361/1495/1463 1340/1473/1444 1373/1508/1477
f 1386/1520/1490 1365/1500/1468 1372/1506/1475 1395/1525/1496
f 1384/1502/1470 1356/1466/1437 1379/1498/1466 1408/1526/1497
f 1380/1501/1469 1359/1470/1441 1384/1502/1470 1405/1527/1498
f 1350/1460/1432 1364/1499/1467 1393/1528/1499 1379/1498/1466
f 1394/1529/1500 1378/1511/1480 1370/1505/1473 1387/1521/1491
f 1385/1507/1476 1369/1490/1459 1392/1512/1481 1403/1530/1501
f 1395/1525/1496 1372/1506/1475 1378/1511/1480 1394/1529/1500
f 1362/1496/1464 1377/1510/1479 1400/1531/1502 1383/1519/1489
f 1397/1515/1503 1368/1489/1458 1382/1504/1472 1410/1532/1504
f 1392/1512/1481 1371/1493/1461 1398/1514/1483 1412/1533/1505
f 1399/1516/1485 1367/1503/1471 1388/1522/1493 1406/1534/1506
f 1401/1535/1507 1375/1509/1478 1361/1495/1463 1391/1524/1495
f 1398/1514/1483 1374/1494/1462 1399/1516/1485 1415/1536/1508
f 1402/1537/1509 1373/1508/1477 1366/1482/1452 1396/1513/1482
f 1396/1513/1482 1376/1497/1465 1397/1515/1484 1416/1538/1510
f 1377/1510/1479 1386/1520/1490 1404/1539/1511 1400/1531/1502
f 1406/1540/1506 1388/1522/1493 1375/1509/1478 1401/1535/1507
f 1407/1541/1512 1387/1521/1491 1385/1507/1492 1403/1530/1513
f 1364/1499/1467 1383/1519/1489 1409/1542/1514 1393/1528/1499
f 1390/1518/1488 1380/1501/1469 1405/1527/1498 1418/1543/1515
f 1404/1539/1511 1386/1520/1490 1395/1525/1496 1414/1544/1516
f 1382/1504/1487 1381/1517/1486 1411/1545/1517 1410/1532/1518
f 1413/1546/1519 1394/1529/1500 1387/1521/1491 1407/1541/1512
f 1414/1544/1516 1395/1525/1496 1394/1529/1500 1413/1546/1519
f 1403/1530/1501 1392/1512/1481 1412/1533/1505 1424/1547/1520
f 1405/1527/1498 1384/1502/1470 1408/1526/1497 1428/1548/1521
f 1417/1549/1522 1391/1524/1495 1373/1508/1477 1402/1537/1509
f 1389/1523/1494 1390/1518/1488 1418/1543/1515 1419/1550/1523
f 1381/1517/1486 1389/1523/1494 1419/1550/1523 1411/1545/1524
f 1379/1498/1466 1393/1528/1499 1420/1551/1525 1408/1526/1497
f 1415/1536/1508 1399/1516/1485 1406/1534/1506 1425/1552/1526
f 1383/1519/1489 1400/1531/1502 1421/1553/1527 1409/1542/1514
f 1416/1538/1510 1397/1515/1484 1410/1532/1528 1430/1554/1529
f 1412/1533/1505 1398/1514/1483 1415/1536/1508 1429/1555/1530
f 1422/1556/1531 1401/1535/1507 1391/1524/1495 1417/1549/1522
f 1423/1557/1532 1402/1537/1509 1396/1513/1482 1416/1538/1510
f 1425/1558/1526 1406/1540/1506 1401/1535/1507 1422/1556/1531
f 1400/1531/1502 1404/1539/1511 1426/1559/1533 1421/1553/1527
f 1427/1560/1534 1407/1541/1512 1403/1530/1513 1424/1547/1520
f 1426/1559/1533 1404/1539/1511 1414/1544/1516 1433/1561/1535
f 1393/1528/1499 1409/1542/1514 1431/1562/1536 1420/1551/1525
f 1432/1563/1537 1413/1546/1519 1407/1541/1512 1427/1560/1534
f 1418/1543/1515 1405/1527/1498 1428/1548/1521 1438/1564/1538
f 1433/1561/1535 1414/1544/1516 1413/1546/1519 1432/1563/1537
f 1424/1547/1520 1412/1533/1505 1429/1555/1530 1441/1565/1539
f 1410/1532/1540 1411/1545/1524 1434/1566/1541 1430/1554/1542
f 1429/1555/1530 1415/1536/1508 1425/1552/1526 1442/1567/1543
f 1435/1568/1544 1417/1549/1522 1402/1537/1509 1423/1557/1532
f 1408/1526/1497 1420/1551/1525 1436/1569/1545 1428/1548/1521
f 1409/1542/1514 1421/1553/1527 1437/1570/1546 1431/1562/1536
f 1419/1550/1523 1418/1543/1515 1438/1564/1538 1439/1571/1547
f 1411/1545/1524 1419/1550/1523 1439/1571/1547 1434/1566/1541
f 1416/1538/1510 1430/1554/1548 1440/1572/1549 1423/1557/1532
f 1442/1573/1543 1425/1558/1526 1422/1556/1531 1443/1574/1550
f 1443/1574/1550 1422/1556/1531 1417/1549/1522 1435/1568/1544
f 1421/1553/1527 1426/1559/1533 1444/1575/1551 1437/1570/1546
f 1445/1576/1552 1427/1560/1534 1424/1547/1520 1441/1565/1539
f 1444/1575/1551 1426/1559/1533 1433/1561/1535 1447/1577/1553
f 1441/1565/1539 1429/1555/1530 1442/1567/1543 1451/1578/1554
f 1440/1572/1555 1430/1554/1556 1434/1566/1541 1453/1579/1557
f 1446/1580/1558 1432/1563/1537 1427/1560/1534 1445/1576/1552
f 1447/1577/1553 1433/1561/1535 1432/1563/1537 1446/1580/1558
f 1420/1551/1525 1431/1562/1536 1448/1581/1559 1436/1569/1545
f 1449/1582/1560 1438/1564/1538 1428/1548/1521 1436/1569/1545
f 1450/1583/1561 1435/1568/1544 1423/1557/1562 1440/1572/1563
f 1431/1562/1536 1437/1570/1546 1452/1584/1564 1448/1581/1559
f 1453/1579/1557 1434/1566/1541 1439/1571/1547 1454/1585/1565
f 1451/1586/1554 1442/1573/1543 1443/1574/1550 1455/1587/1566
f 1454/1585/1565 1439/1571/1547 1438/1564/1538 1449/1582/1560
f 1455/1587/1566 1443/1574/1550 1435/1568/1544 1450/1583/1561
f 1437/1570/1546 1444/1575/1551 1456/1588/1567 1452/1584/1564
f 1457/1589/1568 1445/1576/1552 1441/1565/1539 1451/1578/1554
f 1456/1588/1567 1444/1575/1551 1447/1577/1553 1458/1590/1569
f 1450/1583/1570 1440/1572/1571 1453/1579/1572 1461/1591/1573
f 1458/1590/1569 1447/1577/1553 1446/1580/1558 1459/1592/1574
f 1459/1592/1574 1446/1580/1558 1445/1576/1552 1457/1589/1568
f 1436/1569/1545 1448/1581/1559 1460/1593/1575 1449/1582/1560
f 1452/1584/1564 1456/1588/1567 1458/1594/1569 1463/1595/1576
f 1455/1587/1566 1450/1583/1570 1461/1591/1573 1462/1596/1577
f 1451/1586/1554 1455/1587/1566 1462/1596/1577 1457/1597/1568
f 1448/1581/1559 1452/1584/1564 1463/1595/1576 1460/1593/1575
f 1461/1591/1573 1453/1579/1557 1454/1585/1565 1464/1598/1578
f 1464/1598/1578 1454/1585/1565 1449/1582/1560 1460/1593/1575
f 1463/1595/1576 1458/1594/1569 1459/1599/1574 1465/1600/1579
f 1465/1600/1579 1459/1599/1574 1457/1597/1568 1462/1596/1577
f 1462/1596/1577 1461/1591/1573 1464/1598/1578 1465/1600/1579
f 1460/1593/1575 1463/1595/1576 1465/1600/1579 1464/1598/1578
f 1468/268/262 224/267/261 284/317/310 1470/1601/1580 1469/1602/1581
s 4
f 390/451/444 1469/1603/1582 1470/1604/1583 1471/1605/1584 1477/1606/1585
s 1
f 1470/1601/1580 284/317/310 321/372/365 1471/424/417
s 4
f 1469/1603/1582 390/451/444 296/340/333 216/252/252 220/259/254 1468/1607/1586
f 1472/454/447 1473/1608/1587 1474/1609/1588 391/450/443
f 436/469/462 391/450/443 1474/1609/1588 526/1610/1589 527/1611/1590 1475/1612/1591
f 390/451/444 1477/1606/1585 381/1613/1592 382/1614/1593 1478/452/445
s 1
f 1499/1615/1594 1479/207/202 168/202/197 169/201/196
s 4
f 1500/1616/1595 1501/1617/1596 1476/1618/1597 1466/352/345 1502/351/344
f 1503/1619/1598 1504/1620/1599 1502/351/344 305/350/343
f 1505/1621/1600 1503/1619/1598 305/350/343 389/391/384
f 1486/500/493 1505/1621/1600 389/391/384
f 1490/1622/1601 1485/499/492 436/469/462 1475/1612/1591
s 1
f 1506/1623/1602 1489/646/613 541/635/604 598/702/667
f 1507/1624/1603 1508/1625/1604 632/738/703 684/801/764
f 1509/1626/1605 1507/1624/1603 684/801/764 720/833/797
f 1510/1627/1606 1509/1626/1605 720/833/797 745/865/828
f 1511/1628/1607 1510/1627/1606 745/865/828 776/903/866
f 1484/406/399 1487/520/513 433/486/479 378/407/400
f 1488/521/514 1491/649/616 531/613/586 485/522/515
f 1508/1625/1604 1506/1623/1602 598/702/667 632/738/703
f 1498/900/863 1511/1628/1607 776/903/866 791/901/864
f 1501/1629/1608 1499/1615/1594 169/201/196 1476/215/210
s 7
f 1501/1617/1609 1500/1616/1610 1499/1615/1611
f 1490/647/1612 1489/646/1613 1485/499/1614
f 1489/646/1613 1506/1623/1615 1485/499/1614
f 1485/499/1614 1506/1623/1615 1486/500/1616
f 1480/208/1617 1479/207/1618 1481/250/1619
f 1504/1620/1620 1503/1619/1621 1481/250/1619
f 1481/250/1619 1503/1619/1621 1482/307/1622
f 1482/307/1622 1503/1619/1621 1483/369/1623
f 1483/369/1623 1503/1619/1621 1484/406/1624
f 1484/406/1624 1503/1619/1621 1487/520/1625
f 1487/520/1625 1503/1619/1621 1488/521/1626
f 1488/521/1626 1503/1619/1621 1491/649/1627
f 1491/649/1627 1503/1619/1621 1492/650/1628
f 1503/1619/1621 1505/1621/1629 1492/650/1628
f 1492/650/1628 1505/1621/1629 1493/714/1630
f 1493/714/1630 1505/1621/1629 1494/745/1631
f 1494/745/1631 1505/1621/1629 1495/809/1632
f 1495/809/1632 1505/1621/1629 1496/836/1633
f 1496/836/1633 1505/1621/1629 1497/870/1634
f 1497/870/1634 1505/1621/1629 1498/900/1635
f 1498/900/1635 1505/1621/1629 1511/1628/1636
f 1511/1628/1636 1505/1621/1629 1510/1627/1637
f 1510/1627/1637 1505/1621/1629 1509/1626/1638
f 1505/1621/1629 1486/500/1616 1509/1626/1638
f 1509/1626/1638 1486/500/1616 1507/1624/1639
f 1507/1624/1639 1486/500/1616 1508/1625/1640
f 1486/500/1616 1506/1623/1615 1508/1625/1640
f 1499/1615/1611 1500/1616/1610 1504/1620/1620 1481/250/1619 1479/207/1618
s 4
f 1504/1620/1599 1500/1616/1595 1502/351/344
v -68.196457 50.821133 -0.892533
v -68.344735 50.292355 -1.048050
v -68.378548 50.797177 -1.048050
v -68.300354 51.341061 -0.892533
v -68.477730 51.293530 -1.048058
v -68.586174 50.769849 -1.163834
v -68.161042 50.292371 -0.892540
v -68.554192 50.292371 -1.163834
v -68.679993 51.239346 -1.163842
v -68.048439 50.840619 -0.700943
v -68.640007 51.772977 -1.048043
v -68.196465 49.763593 -0.892540
v -68.156159 51.379697 -0.700951
v -68.378556 49.787549 -1.048043
v -68.011712 50.292355 -0.700966
v -68.810837 50.740292 -1.236237
v -68.470337 51.843274 -0.892533
v -68.780838 50.292355 -1.236252
v -68.586182 49.814877 -1.163834
v -68.048447 49.744107 -0.700959
v -68.332406 51.900418 -0.700943
v -68.898842 51.180692 -1.236252
v -67.938080 50.855145 -0.482331
v -68.477654 49.291547 -1.048142
v -69.042832 51.606107 -1.236245
v -68.833489 51.692838 -1.163834
v -68.300248 49.244046 -0.892655
v -68.863137 52.227078 -1.048050
v -69.044533 52.122342 -1.163826
v -68.810845 49.844449 -1.236245
v -67.900383 50.292355 -0.482338
v -68.704049 52.318921 -0.892540
v -68.679940 49.345700 -1.163895
v -69.044022 50.709592 -1.261612
v -69.016068 50.292355 -1.261605
v -69.240807 52.009015 -1.236260
v -68.156022 49.205380 -0.701073
v -67.938080 49.729581 -0.482331
v -69.125992 51.119839 -1.261605
v -69.260117 51.516095 -1.261605
v -68.574730 52.393582 -0.700959
v -68.898804 49.404294 -1.236252
v -68.639679 48.813138 -1.048417
v -67.868981 50.864240 -0.245667
v -68.833229 48.893124 -1.164048
v -69.144822 52.647351 -1.048050
v -67.981347 51.426541 -0.245675
v -68.048653 51.408505 -0.482331
v -68.999115 52.759137 -0.892540
v -69.044022 49.875150 -1.261605
v -68.469902 48.742932 -0.892998
v -67.830681 50.292355 -0.245682
v -68.229577 51.943021 -0.482331
v -68.478318 52.449246 -0.482331
v -69.310975 52.519864 -1.163842
v -69.444527 51.891400 -1.261605
v -69.042641 48.979642 -1.236306
v -68.165184 51.969678 -0.245675
v -69.277192 50.678906 -1.236237
v -68.880669 52.850018 -0.700943
v -68.048493 49.176556 -0.482422
v -69.251305 50.292355 -1.236245
v -69.125962 49.465085 -1.261582
v -68.331856 48.685757 -0.701401
v -67.868988 49.720486 -0.245667
v -69.490754 52.381924 -1.236237
v -69.477402 51.426083 -1.236252
v -69.353142 51.058957 -1.236252
v -68.862267 48.361127 -1.048966
v -69.277199 49.905820 -1.236237
v -69.259980 49.069424 -1.261513
v -68.702942 48.269482 -0.893677
v -69.478898 53.027615 -1.048058
v -68.792351 52.917783 -0.482331
v -69.349053 53.157468 -0.892533
v -67.957741 51.432858 0.000007
v -69.043862 48.465466 -1.164383
v -69.648247 51.773785 -1.236252
v -69.626961 52.879544 -1.163842
v -67.806229 50.292355 0.000007
v -69.677346 52.238766 -1.261605
v -68.228905 48.643063 -0.482666
v -67.981156 49.158505 -0.245728
v -67.844750 50.867429 0.000007
v -68.142609 51.979047 0.000015
v -69.353119 49.525906 -1.236206
v -69.243493 53.263028 -0.700951
v -69.240303 48.578275 -1.236382
v -69.501854 50.649335 -1.163842
v -69.477951 50.292355 -1.163849
v -69.787178 52.719327 -1.236252
v -68.573327 48.194745 -0.702042
v -69.477303 49.159222 -1.236115
v -67.844750 49.717282 0.000007
v -69.686753 51.339352 -1.163834
v -69.571991 51.000333 -1.163849
v -69.143074 47.944333 -1.049866
v -69.501862 49.935391 -1.163826
v -69.444153 48.695325 -1.261399
v -69.164795 53.341718 -0.482331
v -69.986649 53.195523 -1.163842
v -69.863945 52.095593 -1.236237
v -69.309617 48.071011 -1.164910
v -69.953461 52.553037 -1.261605
v -68.996880 47.832928 -0.894791
v -68.164429 48.616299 -0.245858
v -69.859162 53.361691 -1.048043
v -69.844529 51.660458 -1.163849
v -67.868981 50.864240 0.245681
v -67.830681 50.292355 0.245674
v -67.957543 49.152158 -0.000000
v -68.476624 48.138852 -0.483170
v -69.489724 48.207913 -1.236504
v -69.571984 49.584500 -1.163819
v -68.877846 47.741895 -0.703125
v -67.868981 49.720486 0.245689
v -69.656487 53.625836 -0.700943
v -69.747368 53.507382 -0.892540
v -67.981347 51.426541 0.245666
v -69.686684 49.245770 -1.163704
v -70.267754 52.829160 -1.261620
v -69.709488 50.622006 -1.048050
v -69.687409 50.292355 -1.048050
v -69.647988 48.812405 -1.235917
v -70.119744 52.386777 -1.236252
v -70.124588 53.015744 -1.236252
v -68.396775 52.496320 0.000015
v -68.165184 51.969678 0.245674
v -69.676583 48.349942 -1.261208
v -70.043724 51.957654 -1.163834
v -67.981156 49.158505 0.245712
v -68.141808 48.606885 -0.000000
v -68.788964 47.673703 -0.484009
v -69.709496 49.962720 -1.048050
v -68.416039 48.103772 -0.246132
v -69.477250 47.566785 -1.061692
v -69.774254 50.946133 -1.048050
v -69.625191 47.717709 -1.172867
v -69.588730 53.714154 -0.482331
v -70.384163 53.461972 -1.163842
v -70.025925 51.555722 -1.048058
v -69.344002 47.434476 -0.908234
v -70.410920 52.642575 -1.236252
v -70.279435 53.643369 -1.048050
v -67.938080 50.855145 0.482330
v -67.900383 50.292355 0.482330
v -69.785637 47.876523 -1.241028
v -68.417946 52.484097 0.245666
v -69.880227 51.259213 -1.048043
v -69.863404 48.492062 -1.235596
v -68.717675 52.975095 -0.000000
v -68.048653 51.408505 0.482345
v -69.774247 49.638669 -1.048027
v -69.844361 48.925259 -1.163529
v -70.279953 52.226559 -1.163842
v -69.880188 49.325742 -1.047951
v -70.615105 53.061978 -1.261612
v -70.187592 53.802457 -0.892533
v -67.938088 49.729581 0.482338
v -69.227623 47.331601 -0.713158
v -68.164429 48.616284 0.245872
v -68.737061 52.960202 -0.245667
v -69.098244 53.408261 0.000007
v -69.115517 53.390988 -0.245675
v -68.733246 47.630795 -0.246575
v -70.497490 53.265698 -1.236252
v -69.891571 50.598050 -0.892548
v -69.871094 50.292355 -0.892533
v -69.952301 48.039578 -1.263108
v -69.546303 53.769452 -0.245667
v -68.394776 48.091428 0.000007
v -68.229569 51.943021 0.482338
v -70.209870 51.830167 -1.048058
v -70.049897 51.188931 -0.892540
v -68.048485 49.176556 0.482429
v -70.732727 52.858258 -1.236260
v -68.737061 52.960202 0.245681
v -70.025826 49.029599 -1.047844
v -69.891571 49.986676 -0.892540
v -70.112931 53.931775 -0.700959
v -69.137597 47.256848 -0.489113
v -69.859978 47.232510 -1.095017
v -69.985291 47.413495 -1.195435
v -70.043374 48.629056 -1.163224
v -69.951630 50.898602 -0.892540
v -70.185006 51.463879 -0.892548
v -70.057259 54.028195 -0.482331
v -70.118927 48.203305 -1.236023
v -70.813675 53.673016 -1.163834
v -69.736588 47.075345 -0.945832
v -70.733529 53.866498 -1.048035
v -70.122780 47.592007 -1.254303
v -68.048439 50.840619 0.700958
v -68.478318 52.449246 0.482330
v -68.011719 50.292355 0.700965
v -70.428025 52.078488 -1.048050
v -70.900399 53.463666 -1.236245
v -68.416039 48.103757 0.246124
v -70.663239 54.036176 -0.892540
v -69.951630 49.686154 -0.892533
v -70.049881 49.395917 -0.892502
v -69.531426 53.788831 -0.000000
v -68.048439 49.744107 0.700973
v -68.228905 48.643063 0.482673
v -69.604866 46.968243 -0.740715
v -70.266350 47.770444 -1.269318
v -70.548859 52.462796 -1.163842
v -70.846047 52.661984 -1.163834
v -70.676339 52.296628 -1.048050
v -70.990410 53.246396 -1.261612
v -69.083428 47.208920 -0.248650
v -68.156159 51.379697 0.700950
v -70.039597 50.578564 -0.700959
v -70.355576 51.718381 -0.892540
v -68.713662 47.615689 0.000007
v -70.279412 48.361569 -1.163025
v -70.020424 50.292355 -0.700959
v -69.115517 53.390988 0.245666
v -70.606102 54.174100 -0.700951
v -70.022408 54.088559 -0.245682
v -68.332406 51.900418 0.700958
v -70.209671 48.755734 -1.047623
v -68.792351 52.917783 0.482330
v -68.156022 49.205380 0.701080
v -70.384774 47.173825 -1.241196
v -70.409890 47.951260 -1.238099
v -70.287064 46.975735 -1.165925
v -70.039597 50.006162 -0.700943
v -69.494202 46.897549 -0.502411
v -71.080422 53.029111 -1.236245
v -70.314324 51.389218 -0.700951
v -70.095826 50.859952 -0.700959
v -70.495896 47.362302 -1.280701
v -70.184960 49.121136 -0.892434
v -70.557869 51.948636 -0.892533
v -71.267174 53.826520 -1.163849
v -70.950776 52.480588 -1.048050
v -68.733239 47.630795 0.246589
v -68.476624 48.138867 0.483184
v -70.563500 54.276929 -0.482331
v -71.325814 53.607663 -1.236260
v -68.574730 52.393582 0.700958
v -71.212975 54.028790 -1.048050
v -68.196457 50.821149 0.892532
v -70.187828 51.131772 -0.700951
v -70.187821 49.452985 -0.700936
v -70.788132 52.150937 -0.892540
v -70.095826 49.724774 -0.700959
v -70.613762 47.548810 -1.281983
v -70.427697 48.508191 -1.047318
v -68.161042 50.292371 0.892532
v -68.300347 51.341061 0.892540
v -69.956322 46.667935 -0.778931
v -68.331856 48.685757 0.701408
v -70.209938 46.736752 -1.041085
v -70.548165 48.127164 -1.163163
v -70.010193 54.109723 -0.000000
v -71.386681 53.380521 -1.261612
v -71.165451 54.206158 -0.892533
v -71.167145 52.819760 -1.163842
v -70.355477 48.866940 -0.892319
v -69.433991 46.849606 -0.253792
v -70.474030 51.627499 -0.700959
v -69.065300 47.191663 0.000007
v -70.149956 50.564038 -0.482331
v -70.131752 50.292355 -0.482331
v -70.203331 50.831158 -0.482323
v -70.731667 47.741025 -1.242684
v -68.880669 52.850018 0.700958
v -68.196473 49.763593 0.892540
v -70.754342 46.830594 -1.290551
v -70.818497 47.014172 -1.318779
v -68.470337 51.843274 0.892532
v -68.300248 49.244046 0.892669
v -70.536828 54.341321 -0.245667
v -71.447541 53.153363 -1.236252
v -69.546303 53.769452 0.245681
v -69.164795 53.341718 0.482330
v -68.704049 52.318906 0.892532
v -71.126809 54.350354 -0.700943
v -69.821579 46.607983 -0.524071
v -71.042626 52.321500 -0.892533
v -70.751053 46.650235 -1.273140
v -70.899712 47.195340 -1.324524
v -70.203331 49.753568 -0.482331
v -70.314309 49.195615 -0.700913
v -70.663430 51.843076 -0.700959
v -70.675919 48.290891 -1.046952
v -71.247300 52.626279 -1.048035
v -70.149956 50.020688 -0.482331
v -68.573327 48.194745 0.702056
v -70.290665 51.089185 -0.482331
v -70.557709 48.637051 -0.892167
v -69.083428 47.208920 0.248642
v -70.410744 51.333554 -0.482331
v -71.766228 53.695676 -1.236245
v -70.879013 52.032483 -0.700943
v -70.228753 46.446774 -0.821068
v -70.845299 47.930264 -1.163857
v -68.378548 50.797177 1.048049
v -70.989563 47.380917 -1.303315
v -68.344735 50.292355 1.048049
v -71.796921 53.462491 -1.261612
v -70.475167 46.480710 -1.072190
v -71.736657 53.920331 -1.163834
v -71.506180 52.934521 -1.163842
v -69.416504 46.831326 0.000015
v -68.469910 48.742917 0.892997
v -68.788971 47.673703 0.484008
v -71.098008 54.457852 -0.482331
v -70.473992 48.957471 -0.700867
v -68.640007 51.772977 1.048049
v -71.827607 53.229306 -1.236252
v -69.588730 53.714154 0.482330
v -69.752343 46.564374 -0.263459
v -69.243493 53.263028 0.700958
v -70.562340 51.559735 -0.482331
v -70.852463 46.478726 -1.299805
v -71.709336 54.127957 -1.048043
v -68.477730 51.293530 1.048049
v -70.527474 54.363904 0.000015
v -71.242821 46.759427 -1.423005
v -71.079621 47.577710 -1.250672
v -70.410737 49.251187 -0.482323
v -70.022408 54.088559 0.245666
v -70.082535 46.400327 -0.554131
v -70.219048 50.554944 -0.245667
v -70.201462 50.292355 -0.245682
v -68.378556 49.787564 1.048065
v -70.668099 46.312955 -1.121758
v -71.275528 46.917752 -1.402855
v -70.270638 50.813123 -0.245675
v -71.117287 52.192181 -0.700959
v -68.999115 52.759137 0.892524
v -71.246071 46.608304 -1.446106
v -70.219048 50.029782 -0.245659
v -70.435708 46.285550 -0.865799
v -70.787926 48.435193 -0.891999
v -70.950318 48.107831 -1.046524
v -70.290665 49.495541 -0.482323
v -70.994980 46.324002 -1.348710
v -71.317589 52.456601 -0.892540
v -68.863129 52.227078 1.048049
v -71.857178 53.004651 -1.163826
v -71.560379 52.732251 -1.048058
v -71.326424 47.084546 -1.372704
v -70.355050 51.062512 -0.245659
v -71.303040 46.463025 -1.485093
v -70.270638 49.771603 -0.245667
v -70.742127 51.764371 -0.482323
v -70.816231 46.182996 -1.173218
v -70.663369 48.742032 -0.700814
v -71.115059 46.193997 -1.397980
v -71.166512 47.775250 -1.165329
v -68.702942 48.269482 0.893692
v -71.685372 54.310040 -0.892548
v -71.079972 54.525159 -0.245675
v -71.386376 46.326016 -1.530808
v -70.590760 46.164975 -0.911881
v -68.477654 49.291547 1.048156
v -71.665886 54.458066 -0.700959
v -70.471108 51.298703 -0.245682
v -70.921021 46.073590 -1.216858
v -71.386612 47.264218 -1.326859
v -70.284462 46.253217 -0.588532
v -68.586174 50.769849 1.163848
v -71.205773 46.079083 -1.439179
v -68.554192 50.292371 1.163848
v -70.355057 49.522214 -0.245667
v -71.468758 46.199658 -1.574082
v -70.005875 46.364728 -0.279084
v -70.983887 45.967480 -1.243042
v -69.734108 46.546658 0.000015
v -72.214150 53.490445 -1.261605
v -72.214150 53.725674 -1.236260
v -71.260201 45.969678 -1.463898
v -70.698342 46.064572 -0.950852
v -68.877846 47.741910 0.703125
v -68.639672 48.813138 1.048431
v -71.537003 46.081906 -1.609147
v -71.884499 52.797025 -1.048050
v -70.562333 49.025052 -0.482315
v -69.137604 47.256848 0.489112
v -69.656487 53.625836 0.700950
v -68.833489 51.692838 1.163841
v -70.946778 51.944165 -0.482331
v -70.762894 45.963864 -0.974236
v -71.015328 45.175916 -1.256142
v -72.214150 53.255215 -1.236252
v -71.739785 46.588940 -1.563355
v -71.577958 45.970807 -1.630181
v -69.349053 53.157468 0.892532
v -71.733551 46.724622 -1.517403
v -72.214150 53.952328 -1.163826
v -71.042389 48.265073 -0.891785
v -70.617630 51.517316 -0.245667
v -71.769310 46.455807 -1.609246
v -71.287407 45.176465 -1.476258
v -70.434723 46.145230 -0.623162
v -69.433991 46.849606 0.253799
v -68.679985 51.239346 1.163848
v -71.447167 47.461209 -1.259583
v -70.057259 54.028195 0.482330
v -71.607911 52.554868 -0.892540
v -71.812287 46.326352 -1.652222
v -70.471108 49.286023 -0.245682
v -70.243287 50.551755 0.000007
v -70.878937 48.552808 -0.700737
v -71.246880 47.962964 -1.046036
v -70.225907 50.292355 0.000007
v -68.586182 49.814877 1.163848
v -71.172951 52.095761 -0.482331
v -71.858849 46.201672 -1.689454
v -71.374726 52.318677 -0.700943
v -71.744927 46.867764 -1.468094
v -70.294243 50.806790 -0.000000
v -70.795166 45.175015 -0.985932
v -71.598427 45.176755 -1.640686
v -70.243279 50.032986 0.000007
v -69.144822 52.647336 1.048049
v -71.899140 46.082928 -1.718071
v -70.538414 46.054700 -0.652115
v -71.651368 54.568433 -0.482331
v -72.214150 53.028561 -1.163849
v -69.044533 52.122342 1.163848
v -70.201020 46.227399 -0.297669
v -72.214150 54.161786 -1.048050
v -70.536828 54.341321 0.245674
v -70.377633 51.053159 0.000007
v -71.923317 45.971219 -1.735253
v -71.073647 54.548779 0.000015
v -71.768204 47.023343 -1.412095
v -70.600625 45.959927 -0.669480
v -71.025803 43.010129 -1.260498
v -70.294243 49.777921 0.000015
v -70.791398 51.715115 -0.245667
v -70.742112 48.820432 -0.482285
v -71.296479 43.010144 -1.480378
v -71.505761 47.663174 -1.167061
v -71.908471 52.614941 -0.892548
v -68.679932 49.345700 1.163902
v -69.984932 46.349637 0.000015
v -68.810837 50.740292 1.236259
v -68.780838 50.292355 1.236251
v -70.631737 45.174023 -0.678147
v -71.935402 45.176846 -1.743836
v -70.805924 43.010144 -0.989823
v -71.797707 47.196240 -1.346138
v -70.344223 46.129132 -0.316147
v -70.377633 49.531567 0.000007
v -70.492279 51.286481 -0.000000
v -72.214150 52.819104 -1.048050
v -71.317376 48.130368 -0.891541
v -71.605256 43.010144 -1.644196
v -68.833229 48.893124 1.164077
v -71.117196 48.393277 -0.700654
v -68.996880 47.832944 0.894805
v -72.214150 54.345471 -0.892548
v -71.646546 52.410687 -0.700959
v -70.617630 49.067410 -0.245675
v -72.255021 46.326093 -1.697754
v -68.862267 48.361142 1.048980
v -69.227623 47.331601 0.713165
v -72.242882 46.454327 -1.656037
v -72.266854 46.201779 -1.731934
v -69.747368 53.507382 0.892532
v -72.276581 46.082974 -1.757287
v -70.989197 51.888882 -0.245667
v -72.232224 46.584912 -1.608048
v -68.898842 51.180692 1.236251
v -70.441918 46.046643 -0.331521
v -69.478898 53.027615 1.048049
v -70.637024 51.502438 0.000007
v -72.662064 53.695676 -1.236252
v -72.631379 53.462491 -1.261605
v -70.219048 50.554944 0.245681
v -69.494202 46.897549 0.502426
v -70.112931 53.931775 0.700958
v -71.560067 47.857693 -1.045578
v -72.224839 46.716306 -1.555092
v -72.282418 45.971234 -1.772484
v -69.752343 46.564374 0.263473
v -71.827736 47.391415 -1.266892
v -70.946755 48.640698 -0.482270
v -68.810845 49.844449 1.236251
v -70.492279 49.298245 0.000015
v -71.417328 52.215848 -0.482331
v -70.500527 45.956708 -0.340729
v -72.691628 53.920346 -1.163834
v -70.355050 51.062512 0.245681
v -72.220070 46.854398 -1.496003
v -70.176255 46.216122 0.000007
v -72.600686 53.229306 -1.236245
v -70.642106 43.010129 -0.681061
v -70.219048 50.029782 0.245681
v -71.939431 43.010129 -1.746705
v -70.201462 50.292355 0.245666
v -69.310975 52.519864 1.163841
v -70.471108 51.298703 0.245658
v -71.927948 52.466916 -0.700951
v -70.270638 50.813123 0.245666
v -70.529839 45.173215 -0.345337
v -71.025803 38.781384 -1.260514
v -72.285332 45.176862 -1.780076
v -72.214150 52.635419 -0.892540
v -70.808686 51.697827 -0.000000
v -70.791405 48.869611 -0.245682
v -72.718964 54.127957 -1.048050
v -69.044022 50.709592 1.261596
v -71.207802 52.035397 -0.245682
v -71.857033 47.595090 -1.168549
v -68.898804 49.404294 1.236259
v -69.016068 50.292371 1.261596
v -70.563492 54.276944 0.482330
v -70.270638 49.771603 0.245666
v -72.217247 47.005124 -1.429612
v -72.214150 54.494794 -0.700959
v -70.637024 49.082288 0.000007
v -69.859162 53.361691 1.048057
v -69.240807 52.009030 1.236251
v -72.571114 53.004666 -1.163834
v -71.374642 48.266949 -0.700554
v -70.187592 53.802457 0.892532
v -70.315361 46.121976 -0.000000
v -71.607750 48.032452 -0.891304
v -69.042839 51.606107 1.236244
v -69.260117 51.516095 1.261604
v -70.989197 48.695844 -0.245667
v -69.042641 48.979642 1.236312
v -71.172928 48.489133 -0.482254
v -72.214150 54.606137 -0.482331
v -69.125992 51.119839 1.261604
v -72.215699 47.174435 -1.354714
v -70.149956 50.564038 0.482322
v -71.675347 52.303174 -0.482331
v -69.143074 47.944333 1.049881
v -70.203331 50.831158 0.482330
v -71.605263 38.781384 -1.644196
v -69.043862 48.465466 1.164390
v -70.131752 50.292355 0.482330
v -70.355057 49.522214 0.245674
v -69.044022 49.875150 1.261604
v -71.296486 38.781384 -1.480370
v -72.641404 45.971219 -1.735245
v -71.004075 51.869489 0.000007
v -69.626969 52.879544 1.163841
v -70.005875 46.364728 0.279098
v -69.344002 47.434476 0.908233
v -72.653740 46.082928 -1.718079
v -70.290665 51.089185 0.482330
v -70.409523 46.043073 -0.000000
v -72.742920 54.310040 -0.892540
v -71.884339 47.793423 -1.045227
v -72.674302 46.201688 -1.689454
v -72.286309 43.010129 -1.782624
v -70.791398 51.715115 0.245666
v -70.539605 43.010144 -0.346863
v -69.444527 51.891415 1.261596
v -69.490754 52.381924 1.236259
v -72.543793 52.797025 -1.048050
v -72.635239 45.176846 -1.743828
v -70.808686 48.886899 -0.000000
v -71.444001 52.151456 -0.245667
v -72.696885 46.326367 -1.652237
v -72.214768 47.368207 -1.270173
v -69.604866 46.968228 0.740707
v -69.821572 46.607983 0.524055
v -70.466019 45.955273 -0.000000
v -70.149956 50.020688 0.482322
v -70.410744 51.333554 0.482338
v -73.041619 53.380521 -1.261605
v -69.277199 50.678906 1.236259
v -69.251305 50.292371 1.236251
v -70.617630 51.517316 0.245681
v -72.715325 46.455838 -1.609246
v -73.102486 53.607663 -1.236252
v -69.125962 49.465100 1.261596
v -70.642106 38.781384 -0.681038
v -72.980751 53.153363 -1.236252
v -70.606095 54.174100 0.700958
v -70.471108 49.286023 0.245666
v -70.203331 49.753568 0.482330
v -72.715012 46.724652 -1.517411
v -71.207802 48.549313 -0.245682
v -69.353142 51.058957 1.236244
v -71.646485 48.175076 -0.700470
v -70.039597 50.578549 0.700958
v -70.494271 45.172864 0.000007
v -70.095826 50.859967 0.700950
v -71.220025 52.014233 0.000015
v -70.562340 51.559735 0.482330
v -69.986649 53.195538 1.163841
v -71.639084 54.661755 0.000015
v -71.079972 54.525174 0.245666
v -71.417305 48.369107 -0.482232
v -72.214310 47.572034 -1.169213
v -72.694352 46.867795 -1.468094
v -71.939431 38.781384 -1.746697
v -69.259980 49.069424 1.261520
v -70.989197 51.888882 0.245674
v -71.942475 52.356549 -0.482331
v -71.908387 47.972653 -0.891121
v -70.805924 38.781384 -0.989830
v -70.039597 50.006162 0.700958
v -69.277199 49.905820 1.236259
v -70.187828 51.131772 0.700950
v -70.279435 53.643369 1.048042
v -72.922112 52.934521 -1.163849
v -72.762406 54.458066 -0.700943
v -70.020424 50.292355 0.700958
v -70.201020 46.227399 0.297668
v -72.519829 52.614926 -0.892540
v -72.665719 47.023373 -1.412110
v -70.290665 49.495557 0.482330
v -71.004075 48.715237 0.000007
v -69.240303 48.578275 1.236389
v -69.501862 50.649335 1.163848
v -69.477944 50.292355 1.163833
v -69.309617 48.071011 1.164924
v -69.648247 51.773785 1.236244
v -69.787178 52.719327 1.236251
v -71.693383 52.235867 -0.245667
v -72.723427 46.588971 -1.563355
v -70.617630 49.067410 0.245674
v -69.477402 51.426083 1.236251
v -72.214150 52.486096 -0.700959
v -72.633416 47.196255 -1.346131
v -69.677346 52.238766 1.261604
v -69.571991 51.000333 1.163848
v -69.891571 50.598050 0.892532
v -70.742127 51.764371 0.482322
v -69.353119 49.525906 1.236221
v -69.951630 50.898602 0.892532
v -69.686753 51.339368 1.163841
v -73.215317 54.028775 -1.048050
v -69.477250 47.566769 1.061706
v -71.098008 54.457867 0.482330
v -70.095826 49.724774 0.700943
v -72.214150 47.771542 -1.045083
v -69.871094 50.292371 0.892532
v -70.314324 51.389218 0.700958
v -69.501862 49.935391 1.163848
v -69.891571 49.986691 0.892524
v -72.601693 47.391446 -1.266892
v -69.709488 50.622006 1.048049
v -69.687409 50.292371 1.048049
v -72.214150 52.374753 -0.482331
v -70.344223 46.129132 0.316154
v -72.867913 52.732251 -1.048058
v -72.633187 43.010144 -1.746705
v -71.453354 52.128873 0.000007
v -71.207802 52.035397 0.245651
v -70.410737 49.251202 0.482338
v -69.774254 50.946133 1.048049
v -70.082535 46.400327 0.554122
v -70.503685 43.010144 0.000007
v -70.474030 51.627499 0.700958
v -72.214150 47.952267 -0.891060
v -70.539605 38.781384 -0.346878
v -69.477303 49.159222 1.236114
v -70.049904 51.188931 0.892532
v -69.880227 51.259213 1.048042
v -72.986519 45.970822 -1.630173
v -69.709488 49.962720 1.048042
v -69.844529 51.660458 1.163841
v -73.161126 53.826520 -1.163842
v -69.736588 47.075345 0.945846
v -69.951630 49.686154 0.892524
v -71.927918 48.118954 -0.700402
v -72.571549 47.595090 -1.168541
v -71.675339 48.281796 -0.482209
v -71.025803 31.800900 -1.260498
v -70.663239 54.036160 0.892532
v -73.015244 46.081921 -1.609147
v -70.187821 49.452985 0.700943
v -69.571976 49.584500 1.163810
v -72.286309 38.781384 -1.782624
v -72.972153 45.176755 -1.640686
v -70.441910 46.046658 0.331497
v -70.791405 48.869626 0.245666
v -72.500344 52.466916 -0.700959
v -71.642266 54.637524 0.245681
v -71.296479 31.800900 -1.480393
v -72.776932 54.568417 -0.482331
v -69.956322 46.667935 0.778945
v -70.185006 51.463895 0.892540
v -70.946778 51.944180 0.482330
v -69.863938 52.095593 1.236251
v -69.444153 48.695325 1.261413
v -73.437882 53.246396 -1.261605
v -70.025925 51.555722 1.048049
v -69.774247 49.638654 1.048034
v -73.261147 52.819760 -1.163834
v -71.444001 48.433255 -0.245675
v -73.063126 46.199673 -1.574097
v -70.384171 53.461972 1.163841
v -73.262848 54.206158 -0.892533
v -71.642266 54.637524 -0.245667
v -72.214150 54.700284 0.000015
v -69.953461 52.553052 1.261596
v -71.951569 52.287457 -0.245667
v -69.489724 48.207913 1.236511
v -72.820389 52.554883 -0.892540
v -70.805924 31.800900 -0.989830
v -69.686684 49.245755 1.163726
v -70.500527 45.956693 0.340728
v -70.355584 51.718365 0.892532
v -72.543961 47.793423 -1.045227
v -73.120728 46.326047 -1.530838
v -73.527893 53.463666 -1.236237
v -73.180993 52.626279 -1.048050
v -70.049881 49.395917 0.892486
v -71.444001 52.151456 0.245674
v -70.314309 49.195615 0.700912
v -72.214150 54.675839 -0.245682
v -71.126809 54.350354 0.700950
v -73.347870 53.029111 -1.236252
v -69.880188 49.325757 1.047973
v -70.043724 51.957639 1.163848
v -69.625191 47.717709 1.172882
v -70.209870 51.830167 1.048049
v -72.214150 48.099820 -0.700379
v -73.178620 46.463071 -1.485123
v -70.742112 48.820432 0.482284
v -70.284462 46.253217 0.588531
v -71.699707 52.212262 -0.000000
v -72.967362 43.010144 -1.644196
v -71.172951 52.095761 0.482322
v -69.647988 48.812405 1.235916
v -70.989197 48.695844 0.245681
v -70.562333 49.025052 0.482307
v -70.267754 52.829160 1.261596
v -70.119744 52.386761 1.236244
v -73.213669 46.608350 -1.446129
v -70.473984 48.957471 0.700882
v -70.557869 51.948636 0.892540
v -73.161675 46.917813 -1.402855
v -70.124588 53.015759 1.236244
v -73.106240 47.084592 -1.372712
v -72.519913 47.972653 -0.891137
v -70.663430 51.843076 0.700958
v -70.879013 52.032483 0.700958
v -71.453354 48.455838 -0.000000
v -71.942467 48.228452 -0.482193
v -71.220025 48.570493 0.000007
v -73.043877 47.264279 -1.326859
v -70.529831 45.173230 0.345344
v -73.110711 52.456601 -0.892548
v -73.614617 53.673016 -1.163834
v -72.485817 52.356549 -0.482338
v -70.184952 49.121136 0.892440
v -70.642106 31.800900 -0.681061
v -72.982010 47.461255 -1.259583
v -73.301484 54.350354 -0.700951
v -70.733529 53.866498 1.048049
v -72.781746 52.410687 -0.700959
v -69.676583 48.349957 1.261222
v -71.693390 48.348859 -0.245682
v -69.859978 47.232510 1.095008
v -70.025826 49.029599 1.047828
v -72.786026 54.637524 -0.245667
v -70.497490 53.265698 1.236244
v -70.428025 52.078488 1.048049
v -70.279953 52.226544 1.163833
v -72.214142 52.305051 -0.245682
v -71.605256 31.800900 -1.644196
v -69.844353 48.925259 1.163543
v -71.651360 54.568433 0.482345
v -70.503685 38.781384 0.000015
v -72.922760 47.663190 -1.167069
v -72.633187 38.781384 -1.746689
v -71.693383 52.235867 0.245666
v -71.939431 31.800900 -1.746697
v -70.434723 46.145230 0.623153
v -70.228745 46.446774 0.821060
v -73.695572 52.858273 -1.236252
v -71.954758 52.263226 0.000007
v -73.582245 52.661984 -1.163849
v -70.355477 48.866940 0.892318
v -69.785637 47.876523 1.241043
v -71.417328 52.215848 0.482330
v -72.868233 47.857709 -1.045578
v -73.202752 46.759488 -1.423020
v -72.214150 48.210263 -0.482193
v -70.663369 48.742032 0.700813
v -71.207802 48.549313 0.245666
v -73.813187 53.061978 -1.261597
v -69.863411 48.492062 1.235611
v -73.303971 45.969678 -1.463913
v -71.951569 48.297269 -0.245667
v -73.477517 52.480588 -1.048058
v -71.165444 54.206158 0.892547
v -72.500374 48.118954 -0.700402
v -73.694771 53.866498 -1.048043
v -70.788132 52.150937 0.892524
v -73.053574 52.318677 -0.700943
v -73.283097 45.176465 -1.476265
v -70.538414 46.054700 0.652099
v -70.209664 48.755734 1.047622
v -70.209938 46.736752 1.041107
v -70.548859 52.462796 1.163841
v -70.946755 48.640698 0.482284
v -70.043374 48.629056 1.163215
v -71.699715 48.372464 -0.000000
v -73.345711 46.079099 -1.439187
v -70.615105 53.061978 1.261596
v -70.676339 52.296643 1.048042
v -71.117287 52.192181 0.700950
v -70.539605 43.010144 0.346893
v -70.410920 52.642560 1.236244
v -72.752945 52.303174 -0.482331
v -72.820549 48.032468 -0.891297
v -73.930802 53.265698 -1.236260
v -70.813675 53.673016 1.163833
v -69.985291 47.413495 1.195427
v -73.385674 52.321500 -0.892533
v -72.476731 52.287457 -0.245667
v -70.539605 31.800900 -0.346871
v -72.214150 54.675839 0.245666
v -70.600632 45.959927 0.669464
v -71.951569 52.287457 0.245674
v -69.952301 48.039578 1.263122
v -70.557709 48.637051 0.892181
v -73.415284 46.194028 -1.397980
v -72.789208 54.661755 -0.000000
v -72.214150 52.280606 0.000007
v -70.287064 46.975735 1.165939
v -71.665886 54.458066 0.700958
v -71.675347 52.303189 0.482330
v -70.878937 48.552808 0.700759
v -70.732727 52.858258 1.236236
v -73.349251 47.577771 -1.250672
v -71.374726 52.318692 0.700958
v -70.435708 46.285550 0.865799
v -73.276139 43.010144 -1.480378
v -71.444001 48.433270 0.245681
v -73.261933 47.775281 -1.165329
v -72.286309 31.800893 -1.782616
v -73.440148 47.380978 -1.303315
v -71.042618 52.321500 0.892540
v -70.118920 48.203305 1.236038
v -70.427704 48.508191 1.047332
v -72.485833 48.228452 -0.482201
v -73.509377 46.324048 -1.348740
v -72.214150 48.279660 -0.245675
v -71.172928 48.489148 0.482269
v -73.765053 54.036160 -0.892533
v -70.279412 48.361569 1.163032
v -73.181420 47.962979 -1.046036
v -70.846047 52.661984 1.163833
v -72.781815 48.175076 -0.700470
v -71.212975 54.028775 1.048049
v -73.531411 47.195401 -1.324532
v -74.044129 53.461972 -1.163834
v -73.879433 52.462796 -1.163834
v -70.950776 52.480588 1.048049
v -73.311013 52.192181 -0.700959
v -71.954758 48.321500 -0.000000
v -70.631737 45.174023 0.678154
v -70.122780 47.592007 1.254318
v -74.160538 52.829160 -1.261605
v -72.967362 38.781384 -1.644196
v -70.900399 53.463666 1.236251
v -73.615967 47.014249 -1.318795
v -73.822197 54.174100 -0.700951
v -73.010964 52.215848 -0.482331
v -73.624711 46.478787 -1.299820
v -73.751954 52.296628 -1.048058
v -70.787926 48.435193 0.891983
v -73.110917 48.130383 -0.891533
v -72.214150 52.305051 0.245658
v -71.317582 52.456601 0.892524
v -70.590760 46.164975 0.911888
v -74.017380 52.642575 -1.236245
v -72.214150 54.606122 0.482315
v -73.703194 46.650296 -1.273156
v -71.417305 48.369107 0.482231
v -74.303711 53.015759 -1.236237
v -71.117196 48.393277 0.700653
v -71.942475 52.356564 0.482322
v -71.025803 23.436749 -1.260506
v -71.646546 52.410672 0.700950
v -70.266350 47.770459 1.269332
v -72.734909 52.235867 -0.245667
v -70.475167 46.480710 1.072189
v -70.990410 53.246396 1.261612
v -71.685372 54.310056 0.892532
v -70.675919 48.290891 1.046966
v -72.473534 52.263226 0.000007
v -73.640160 52.150937 -0.892540
v -70.539605 38.781384 0.346878
v -70.503685 31.800900 0.000007
v -74.148858 53.643369 -1.048058
v -72.752961 48.281796 -0.482209
v -72.476723 48.297269 -0.245675
v -71.267174 53.826520 1.163841
v -70.409890 47.951260 1.238113
v -73.579995 45.967480 -1.243042
v -73.255349 52.095761 -0.482331
v -71.693383 48.348843 0.245666
v -70.805924 23.436749 -0.989823
v -70.548165 48.127164 1.163147
v -70.698342 46.064572 0.950866
v -70.384766 47.173825 1.241211
v -73.583069 47.930295 -1.163849
v -73.053650 48.266949 -0.700547
v -73.555108 45.175916 -1.256142
v -71.080422 53.029111 1.236251
v -73.686760 46.830655 -1.290566
v -71.167145 52.819760 1.163841
v -73.477982 48.107846 -1.046517
v -73.696915 47.741086 -1.242691
v -70.642106 43.010144 0.681060
v -71.709336 54.127972 1.048049
v -74.148339 52.226559 -1.163849
v -74.441651 53.195523 -1.163834
v -74.308548 52.386777 -1.236252
v -73.629761 46.073605 -1.216858
v -71.042389 48.265073 0.891784
v -72.633187 31.800900 -1.746689
v -72.984299 52.151456 -0.245659
v -72.476731 52.287473 0.245681
v -73.815255 47.548886 -1.281983
v -74.000275 52.078488 -1.048050
v -71.607911 52.554883 0.892532
v -71.247300 52.626279 1.048042
v -73.385903 48.265073 -0.891777
v -70.762886 45.963864 0.974250
v -73.549279 52.032483 -0.700959
v -74.474839 52.553037 -1.261612
v -71.675339 48.281796 0.482215
v -72.786026 54.637524 0.245666
v -71.374642 48.266949 0.700569
v -72.728585 52.212262 0.000007
v -72.214150 52.374753 0.482338
v -70.495896 47.362302 1.280693
v -71.927948 52.466916 0.700958
v -71.325814 53.607663 1.236251
v -73.354645 54.548764 -0.000000
v -72.214142 54.494809 0.700958
v -71.951569 48.297269 0.245681
v -73.712700 46.183026 -1.173218
v -70.668099 46.312955 1.121780
v -73.546814 43.010144 -1.260514
v -70.642106 23.436749 -0.681038
v -74.240700 53.802457 -0.892533
v -73.933823 47.362378 -1.280701
v -70.950318 48.107831 1.046524
v -73.870423 51.948636 -0.892540
v -73.010987 48.369107 -0.482224
v -72.734909 48.348843 -0.245682
v -70.751053 46.650220 1.273132
v -71.296479 23.436749 -1.480378
v -71.560379 52.732251 1.048049
v -72.214150 48.304120 0.000007
v -73.348320 54.525159 -0.245667
v -74.641121 52.719327 -1.236252
v -73.311104 48.393277 -0.700654
v -70.613762 47.548810 1.281997
v -74.569130 53.361691 -1.048050
v -72.473534 48.321500 0.000007
v -71.939431 23.436749 -1.746697
v -73.276139 38.781384 -1.480378
v -72.214150 54.345471 0.892540
v -71.386681 53.380521 1.261596
v -70.845307 47.930264 1.163856
v -73.752373 48.290921 -1.046959
v -70.795166 45.175015 0.985931
v -73.880166 48.127194 -1.163147
v -70.731667 47.741025 1.242683
v -71.506188 52.934506 1.163841
v -74.218422 51.830167 -1.048050
v -74.384575 51.957654 -1.163826
v -73.481522 51.944165 -0.482331
v -71.447541 53.153363 1.236251
v -73.833855 46.313016 -1.121781
v -73.220490 52.035397 -0.245682
v -71.317383 48.130383 0.891532
v -72.734909 52.235867 0.245666
v -74.047005 47.173901 -1.241211
v -70.754334 46.830594 1.290557
v -74.018525 47.951321 -1.238099
v -73.640366 48.435208 -0.891999
v -74.072709 51.718381 -0.892540
v -72.974945 52.128873 0.000007
v -74.564354 52.095593 -1.236252
v -70.816231 46.182996 1.173217
v -71.646485 48.175092 0.700470
v -72.485817 52.356564 0.482322
v -73.764870 51.843076 -0.700959
v -72.776932 54.568433 0.482330
v -72.214150 48.279660 0.245666
v -74.801331 52.879544 -1.163842
v -73.255364 48.489133 -0.482262
v -71.908463 52.614926 0.892524
v -72.984291 48.433255 -0.245675
v -70.642106 38.781384 0.681060
v -74.162239 47.770505 -1.269318
v -70.818497 47.014172 1.318779
v -71.942467 48.228452 0.482177
v -73.549363 48.552808 -0.700745
v -74.149163 46.975812 -1.165940
v -73.998269 46.480771 -1.072197
v -70.539605 23.436749 -0.346871
v -74.315369 53.931775 -0.700974
v -71.246880 47.962964 1.046043
v -73.954270 51.627499 -0.700959
v -72.214142 52.486081 0.700958
v -70.852463 46.478726 1.299820
v -72.214150 54.161771 1.048049
v -72.967362 31.800900 -1.644196
v -74.680924 53.507382 -0.892533
v -74.750946 52.238766 -1.261612
v -74.000596 48.508206 -1.047318
v -73.800820 45.963864 -0.974244
v -70.921021 46.073590 1.216865
v -73.686165 51.764371 -0.482331
v -74.402367 51.555722 -1.048050
v -73.775223 45.175015 -0.985932
v -74.148888 48.361600 -1.163025
v -70.805924 43.010144 0.989837
v -70.899712 47.195340 1.324539
v -73.439095 51.888867 -0.245675
v -73.870583 48.637067 -0.892174
v -74.583771 51.660458 -1.163849
v -71.796921 53.462491 1.261596
v -72.286309 23.436749 -1.782624
v -71.884499 52.797025 1.048042
v -74.243287 51.463895 -0.892540
v -71.166504 47.775235 1.165329
v -72.984299 52.151456 0.245681
v -71.607750 48.032468 0.891311
v -73.852013 46.064587 -0.950860
v -70.989571 47.380902 1.303337
v -73.864792 54.276944 -0.482331
v -74.371033 54.028195 -0.482331
v -71.079613 47.577725 1.250679
v -74.306092 47.592068 -1.254303
v -74.309411 48.203351 -1.236031
v -71.827607 53.229306 1.236251
v -71.857178 53.004651 1.163848
v -70.983887 45.967480 1.243042
v -72.752945 52.303174 0.482330
v -73.348320 54.525174 0.245666
v -71.927918 48.118954 0.700393
v -74.780045 51.773785 -1.236252
v -73.481537 48.640698 -0.482277
v -71.766228 53.695676 1.236251
v -72.476723 48.297269 0.245681
v -74.949395 53.027615 -1.048058
v -73.208268 52.014218 0.000015
v -73.220490 48.549313 -0.245682
v -73.764924 48.742032 -0.700821
v -72.500344 52.466916 0.700958
v -74.937539 52.381924 -1.236237
v -70.539605 31.800900 0.346893
v -72.762406 54.458066 0.700958
v -74.113968 51.389218 -0.700959
v -72.214150 53.952328 1.163848
v -71.736664 53.920331 1.163848
v -72.214150 48.210263 0.482193
v -73.766694 43.010129 -0.989838
v -72.214150 52.635419 0.892532
v -72.728585 48.372464 -0.000000
v -74.218628 48.755750 -1.047608
v -72.974945 48.455838 0.000007
v -70.994988 46.324002 1.348716
v -73.865952 51.559735 -0.482331
v -73.937340 46.165005 -0.911904
v -74.741547 51.339368 -1.163834
v -74.072815 48.866940 -0.892319
v -74.548066 51.259213 -1.048050
v -74.235962 46.736844 -1.041123
v -74.476067 48.039639 -1.263108
v -74.384926 48.629071 -1.163224
v -73.636895 51.715115 -0.245667
v -71.560067 47.857693 1.045578
v -73.546814 38.781384 -1.260498
v -74.983765 51.891400 -1.261605
v -74.771805 53.625851 -0.700951
v -74.444558 47.413571 -1.195443
v -73.220490 52.035397 0.245658
v -74.378396 51.188931 -0.892540
v -71.015328 45.175916 1.256149
v -73.686181 48.820432 -0.482285
v -73.424218 51.869489 0.000007
v -70.503685 23.436742 0.000015
v -73.954308 48.957471 -0.700867
v -74.017548 51.333554 -0.482331
v -72.214150 53.725674 1.236251
v -74.564888 48.492093 -1.235596
v -73.439095 48.695844 -0.245667
v -72.214142 52.819104 1.048057
v -71.908387 47.972653 0.891120
v -74.402466 49.029599 -1.047837
v -73.010964 52.215848 0.482322
v -71.025803 15.057004 -1.260514
v -75.117325 52.519864 -1.163826
v -71.505761 47.663174 1.167091
v -72.734909 48.348843 0.245674
v -71.242829 46.759427 1.423011
v -74.243340 49.121136 -0.892434
v -74.654038 50.946133 -1.048050
v -73.900818 54.363904 -0.000000
v -72.519829 52.614926 0.892524
v -71.296479 15.057004 -1.480378
v -71.605256 23.436742 -1.644196
v -74.065178 46.285596 -0.865815
v -74.856301 51.000333 -1.163849
v -72.742928 54.310040 0.892524
v -73.891472 54.341321 -0.245675
v -74.405884 54.088559 -0.245682
v -71.115059 46.193997 1.397995
v -74.642815 47.876569 -1.241036
v -72.781754 52.410687 0.700958
v -73.208268 48.570493 -0.000000
v -75.168175 51.516095 -1.261597
v -75.079247 53.157468 -0.892533
v -74.583939 48.925259 -1.163529
v -73.330285 54.457852 0.482338
v -72.214150 53.490445 1.261604
v -74.950890 51.426083 -1.236237
v -74.476662 50.898587 -0.892540
v -75.187485 52.009015 -1.236260
v -72.633187 23.436749 -1.746697
v -74.240464 51.131772 -0.700959
v -71.246079 46.608289 1.446121
v -73.810662 51.517316 -0.245667
v -71.447167 47.461224 1.259582
v -72.485825 48.228452 0.482185
v -71.275528 46.917752 1.402854
v -70.805924 38.781384 0.989837
v -73.276139 31.800900 -1.480378
v -72.214150 53.255200 1.236236
v -74.751717 48.349973 -1.261185
v -74.113991 49.195630 -0.700913
v -75.075158 51.058972 -1.236252
v -73.865967 49.025052 -0.482315
v -71.326424 47.084546 1.372711
v -71.386605 47.264233 1.326866
v -74.548104 49.325757 -1.047966
v -72.214150 53.028561 1.163833
v -74.378411 49.395932 -0.892502
v -74.718804 50.622006 -1.048050
v -74.780312 48.812421 -1.235932
v -74.536721 50.598050 -0.892540
v -73.439095 51.888882 0.245674
v -74.332474 50.859967 -0.700959
v -73.636895 48.869611 -0.245682
v -74.572113 47.232587 -1.095025
v -73.619614 51.697827 -0.000000
v -73.963005 45.959927 -0.669480
v -71.205773 46.079083 1.439186
v -74.741608 49.245770 -1.163712
v -71.884339 47.793423 1.045242
v -73.938637 45.174023 -0.678162
v -74.926438 50.649335 -1.163826
v -72.214150 48.099820 0.700363
v -71.025803 43.010129 1.260513
v -74.137627 51.089185 -0.482331
v -74.240471 49.452985 -0.700943
v -72.543793 52.797025 1.048049
v -74.839562 53.714154 -0.482331
v -74.388695 50.578564 -0.700943
v -74.476670 49.686154 -0.892525
v -74.654046 49.638654 -1.048035
v -72.718964 54.127972 1.048049
v -74.557198 50.292355 -0.892540
v -74.740883 50.292355 -1.048050
v -74.243935 46.446835 -0.821076
v -74.017556 49.251187 -0.482331
v -71.303040 46.463025 1.485107
v -72.984291 48.433270 0.245674
v -73.424218 48.715237 0.000007
v -73.255341 52.095761 0.482338
v -75.385460 51.606107 -1.236237
v -75.302300 51.119824 -1.261597
v -74.011727 46.054715 -0.652115
v -73.957184 51.298703 -0.245682
v -74.856316 49.584500 -1.163811
v -74.718804 49.962720 -1.048058
v -74.950348 50.292355 -1.163849
v -74.803505 47.717770 -1.172875
v -74.536721 49.986691 -0.892533
v -75.283463 52.647336 -1.048050
v -74.950989 49.159238 -1.236115
v -74.332474 49.724774 -0.700974
v -75.151101 50.678891 -1.236245
v -70.642106 31.800900 0.681045
v -74.926430 49.935391 -1.163834
v -74.407868 50.292355 -0.700959
v -71.260193 45.969678 1.463920
v -74.984139 48.695340 -1.261391
v -70.642106 15.057004 -0.681061
v -74.697953 47.075406 -0.945862
v -73.891465 54.341321 0.245674
v -74.938576 48.207944 -1.236496
v -73.053566 52.318677 0.700950
v -72.820389 52.554883 0.892532
v -74.224968 50.831158 -0.482331
v -73.810662 49.067410 -0.245667
v -75.383759 52.122342 -1.163826
v -73.301484 54.350354 0.700958
v -74.388695 50.006162 -0.700959
v -72.752961 48.281812 0.482200
v -71.857033 47.595090 1.168548
v -74.137627 49.495541 -0.482331
v -75.075173 49.525906 -1.236206
v -73.791268 51.502438 -0.000000
v -75.184807 53.263028 -0.700943
v -72.571122 53.004651 1.163848
v -75.151093 49.905820 -1.236245
v -71.939431 15.057004 -1.746705
v -73.636895 51.715115 0.245666
v -75.176987 50.292371 -1.236252
v -72.691628 53.920331 1.163848
v -73.930512 43.010129 -0.681054
v -72.214150 47.952267 0.891059
v -74.092949 46.145261 -0.623162
v -71.605256 15.057004 -1.644196
v -74.073243 51.062512 -0.245667
v -74.278344 50.564023 -0.482331
v -74.224961 49.753568 -0.482331
v -74.296540 50.292355 -0.482331
v -73.619614 48.886899 0.000015
v -71.386376 46.326016 1.530838
v -73.766694 38.781384 -0.989830
v -75.168312 49.069440 -1.261521
v -74.278344 50.020688 -0.482331
v -73.957184 49.286008 -0.245682
v -75.529450 51.180692 -1.236252
v -71.827744 47.391415 1.266906
v -75.384278 50.709592 -1.261597
v -72.500374 48.118954 0.700393
v -73.220490 48.549313 0.245666
v -72.662056 53.695676 1.236251
v -71.287415 45.176465 1.476265
v -73.481522 51.944165 0.482322
v -72.631379 53.462491 1.261604
v -75.594803 51.692838 -1.163834
v -75.302330 49.465100 -1.261574
v -75.187996 48.578275 -1.236374
v -74.492875 46.667996 -0.778954
v -74.157654 50.813123 -0.245667
v -75.384270 49.875134 -1.261605
v -71.797707 47.196240 1.346153
v -72.867913 52.732251 1.048049
v -73.936013 51.286481 0.000015
v -73.262848 54.206158 0.892532
v -75.412224 50.292355 -1.261612
v -72.967362 23.436749 -1.644196
v -74.881981 53.769452 -0.245667
v -74.952004 47.566830 -1.061707
v -70.805924 15.057004 -0.989830
v -74.418107 54.109738 0.000015
v -75.118691 48.071042 -1.164917
v -74.216111 46.253247 -0.588532
v -73.010987 48.369107 0.482223
v -73.791275 49.082303 0.000007
v -71.768204 47.023328 1.412101
v -75.429177 52.759137 -0.892548
v -70.539605 15.057004 -0.346878
v -74.209244 50.554944 -0.245659
v -73.864800 54.276944 0.482338
v -71.468750 46.199643 1.574119
v -74.157654 49.771603 -0.245675
v -75.565155 52.227078 -1.048050
v -71.744919 46.867764 1.468093
v -72.600686 53.229306 1.236244
v -73.546814 31.800900 -1.260514
v -74.226838 50.292355 -0.245682
v -74.209244 50.029782 -0.245667
v -71.733551 46.724606 1.517410
v -71.025803 38.781384 1.260513
v -72.781815 48.175092 0.700470
v -75.385651 48.979642 -1.236298
v -73.439095 48.695844 0.245681
v -74.073243 49.522214 -0.245667
v -72.519913 47.972653 0.891120
v -75.617455 50.740277 -1.236237
v -73.311005 52.192181 0.700950
v -74.050660 51.053159 -0.000000
v -72.214310 47.572049 1.169220
v -72.286309 15.057004 -1.782608
v -73.110711 52.456616 0.892532
v -73.936013 49.298245 0.000007
v -73.686165 51.764386 0.482330
v -74.063073 45.956708 -0.340729
v -72.922112 52.934506 1.163833
v -75.748307 51.239331 -1.163849
v -71.537011 46.081921 1.609176
v -75.529496 49.404294 -1.236252
v -74.040528 45.173230 -0.345337
v -72.214150 47.771542 1.045089
v -70.539605 23.436749 0.346885
v -75.617447 49.844449 -1.236252
v -71.739785 46.588940 1.563369
v -71.296479 43.010144 1.480392
v -73.215317 54.028775 1.048049
v -74.134049 50.806790 0.000015
v -74.108162 46.046658 -0.331528
v -75.647454 50.292355 -1.236245
v -74.390694 46.400372 -0.554154
v -75.384438 48.465482 -1.164368
v -75.788285 51.772992 -1.048035
v -74.050660 49.531567 0.000007
v -73.255364 48.489148 0.482269
v -73.549279 52.032483 0.700950
v -72.214776 47.368192 1.270179
v -72.980759 53.153378 1.236251
v -70.805924 31.800900 0.989837
v -71.577958 45.970807 1.630188
v -73.161118 53.826520 1.163841
v -74.405884 54.088559 0.245666
v -73.822197 54.174100 0.700950
v -74.185013 50.551755 0.000007
v -74.134049 49.777921 -0.000000
v -75.285233 47.944363 -1.049881
v -74.896866 53.788846 0.000007
v -71.769318 46.455807 1.609252
v -75.085877 47.434537 -0.908249
v -74.202393 50.292355 0.000007
v -74.185013 50.032971 0.000007
v -74.183304 46.129147 -0.316147
v -73.041611 53.380521 1.261604
v -73.102478 53.607663 1.236244
v -74.831284 46.968289 -0.740738
v -73.053650 48.266965 0.700561
v -73.865952 51.559735 0.482330
v -73.810662 51.517316 0.245674
v -72.543961 47.793423 1.045242
v -75.595063 48.893140 -1.164048
v -75.724236 52.318921 -0.892533
v -72.215699 47.174420 1.354728
v -75.842118 50.769849 -1.163834
v -72.820542 48.032468 0.891311
v -71.025803 8.029736 -1.260506
v -70.503685 15.057004 0.000007
v -73.385674 52.321500 0.892540
v -73.180993 52.626279 1.048042
v -71.296479 8.029736 -1.480385
v -75.748360 49.345700 -1.163910
v -73.481537 48.640698 0.482276
v -73.636895 48.869611 0.245666
v -71.598435 45.176755 1.640716
v -75.950570 51.293530 -1.048050
v -71.812287 46.326352 1.652237
v -74.157654 50.813123 0.245666
v -75.842110 49.814877 -1.163834
v -74.628876 46.608029 -0.524094
v -75.312767 53.390988 -0.245675
v -72.217247 47.005124 1.429611
v -74.299447 46.227414 -0.297669
v -73.764862 51.843076 0.700958
v -75.547623 52.850034 -0.700943
v -73.276139 23.436749 -1.480393
v -70.805924 8.029736 -0.989838
v -75.263504 53.341718 -0.482331
v -75.874100 50.292371 -1.163834
v -74.017548 51.333554 0.482338
v -73.957184 51.298703 0.245658
v -73.765061 54.036160 0.892532
v -74.073243 51.062512 0.245681
v -74.033013 43.010129 -0.346863
v -73.694771 53.866498 1.048049
v -72.633187 15.057004 -1.746705
v -75.566040 48.361142 -1.048958
v -74.209244 50.554944 0.245681
v -71.605256 8.029729 -1.644196
v -75.957955 51.843274 -0.892548
v -72.220070 46.854398 1.496009
v -72.571549 47.595090 1.168548
v -74.371033 54.028195 0.482330
v -75.635933 52.917783 -0.482331
v -73.311104 48.393277 0.700645
v -73.640168 52.150922 0.892524
v -71.858841 46.201672 1.689476
v -73.261147 52.819760 1.163841
v -74.073243 49.522214 0.245666
v -74.226838 50.292355 0.245666
v -73.810662 49.067410 0.245674
v -73.686181 48.820432 0.482292
v -73.930512 38.781384 -0.681061
v -74.157654 49.771603 0.245666
v -74.209244 50.029782 0.245674
v -71.296479 38.781384 1.480392
v -74.097580 45.955273 0.000007
v -75.431427 47.832974 -0.894799
v -72.868233 47.857724 1.045578
v -73.110917 48.130383 0.891525
v -74.076096 45.172864 0.000015
v -74.137627 51.089200 0.482330
v -71.899140 46.082928 1.718101
v -73.477524 52.480588 1.048049
v -74.467537 46.364758 -0.279099
v -72.224846 46.716306 1.555107
v -75.202652 47.331647 -0.713181
v -70.642106 23.436749 0.681060
v -75.788620 48.813138 -1.048417
v -74.140549 46.043088 0.000015
v -73.954262 51.627484 0.700958
v -73.347863 53.029111 1.236251
v -76.049752 50.797177 -1.048035
v -70.642106 8.029736 -0.681046
v -71.605256 43.010144 1.644210
v -75.853562 52.393582 -0.700974
v -72.601693 47.391446 1.266906
v -73.437882 53.246396 1.261604
v -74.942841 46.897580 -0.502434
v -75.950638 49.291547 -1.048142
v -71.923317 45.971219 1.735267
v -71.939431 8.029736 -1.746697
v -72.232224 46.584912 1.608055
v -74.212159 46.122006 0.000015
v -76.049736 49.787549 -1.048050
v -73.865967 49.025052 0.482299
v -73.549355 48.552808 0.700752
v -76.127945 51.341061 -0.892533
v -74.224961 50.831158 0.482330
v -75.330063 53.408261 0.000007
v -74.315361 53.931775 0.700950
v -73.870415 51.948636 0.892532
v -76.083565 50.292355 -1.048058
v -74.017556 49.251202 0.482330
v -73.957184 49.286008 0.245666
v -74.240708 53.802457 0.892532
v -72.633408 47.196255 1.346145
v -72.242882 46.454327 1.656021
v -73.751961 52.296628 1.048049
v -72.922760 47.663190 1.167091
v -73.527893 53.463666 1.236244
v -74.278344 50.564038 0.482330
v -75.725357 48.269498 -0.893670
v -74.698517 46.564404 -0.263474
v -73.385903 48.265073 0.891784
v -71.025803 31.800900 1.260505
v -74.324212 46.216138 0.000007
v -76.095887 51.900418 -0.700951
v -73.582245 52.661984 1.163841
v -74.137627 49.495557 0.482322
v -73.181420 47.962979 1.046043
v -71.935402 45.176846 1.743850
v -74.296540 50.292355 0.482330
v -74.033013 38.781384 -0.346871
v -75.949974 52.449246 -0.482331
v -74.224961 49.753568 0.482330
v -73.764931 48.742032 0.700805
v -74.278336 50.020688 0.482330
v -72.665726 47.023358 1.412109
v -72.255021 46.326108 1.697776
v -70.539605 8.029736 -0.346878
v -74.113968 51.389218 0.700958
v -75.550461 47.741940 -0.703141
v -72.967362 15.057004 -1.644196
v -74.881989 53.769437 0.245681
v -74.148858 53.643369 1.048049
v -74.068932 43.010129 -0.000000
v -73.546814 23.436749 -1.260506
v -74.240464 51.131787 0.700950
v -75.958390 48.742932 -0.892991
v -76.231827 50.821133 -0.892540
v -72.266854 46.201794 1.731948
v -73.695572 52.858273 1.236236
v -75.292893 47.256879 -0.489121
v -72.694352 46.867795 1.468101
v -74.108162 46.046658 0.331512
v -74.488480 46.349652 -0.000000
v -72.982018 47.461255 1.259582
v -74.063073 45.956708 0.340744
v -72.286309 8.029736 -1.782624
v -73.954308 48.957471 0.700882
v -74.044121 53.461972 1.163848
v -73.614624 53.673016 1.163841
v -76.128045 49.244046 -0.892655
v -73.879433 52.462796 1.163848
v -74.183304 46.129147 0.316162
v -73.640366 48.435208 0.891983
v -72.276581 46.082974 1.757293
v -76.231820 49.763593 -0.892540
v -74.000275 52.078488 1.048057
v -74.072709 51.718381 0.892532
v -71.025803 3.723012 -1.260514
v -76.272133 51.379697 -0.700943
v -75.003334 46.849637 -0.253792
v -71.296479 3.723019 -1.480385
v -72.715012 46.724637 1.517425
v -71.939431 43.010129 1.746719
v -70.539605 15.057004 0.346893
v -73.261933 47.775281 1.165329
v -72.282418 45.971249 1.772506
v -74.299447 46.227414 0.297668
v -76.267250 50.292355 -0.892533
v -73.477982 48.107846 1.046524
v -74.113984 49.195615 0.700912
v -73.813187 53.061978 1.261604
v -70.805924 23.436749 0.989837
v -73.043885 47.264279 1.326858
v -70.805924 3.723004 -0.989830
v -75.710625 52.975079 0.000007
v -74.040528 45.173230 0.345336
v -74.388703 50.578564 0.700958
v -75.312783 53.390988 0.245666
v -75.854973 48.194760 -0.702042
v -76.198716 51.943021 -0.482331
v -74.716752 46.546689 0.000007
v -75.691224 52.960202 -0.245667
v -74.771813 53.625851 0.700958
v -72.715325 46.455838 1.609268
v -74.839570 53.714154 0.482330
v -71.605256 3.723019 -1.644196
v -71.605263 38.781384 1.644210
v -74.240471 49.452985 0.700935
v -76.010346 52.484097 -0.245682
v -74.033013 43.010144 0.346878
v -74.467537 46.364758 0.279113
v -74.017373 52.642575 1.236244
v -73.870583 48.637067 0.892181
v -74.332474 49.724774 0.700943
v -76.379845 50.840619 -0.700943
v -72.723435 46.588971 1.563369
v -74.388703 50.006162 0.700958
v -74.243287 51.463879 0.892532
v -74.332467 50.859952 0.700950
v -72.696885 46.326367 1.652237
v -71.296479 31.800900 1.480392
v -72.285340 45.176846 1.780090
v -70.503685 8.029736 0.000015
v -73.106240 47.084592 1.372711
v -75.639344 47.673734 -0.484009
v -74.378396 51.188931 0.892532
v -73.349251 47.577771 1.250686
v -76.096444 48.685757 -0.701409
v -74.148339 52.226544 1.163833
v -72.674294 46.201688 1.689468
v -70.642106 3.723012 -0.681061
v -74.680924 53.507382 0.892532
v -74.068932 38.781384 0.000007
v -74.011727 46.054715 0.652099
v -75.347138 47.208951 -0.248658
v -73.752373 48.290921 1.046966
v -73.962998 45.959927 0.669464
v -74.407875 50.292355 0.700958
v -74.160538 52.829160 1.261604
v -72.653740 46.082928 1.718093
v -74.218430 51.830167 1.048042
v -74.092949 46.145261 0.623169
v -74.072815 48.866940 0.892318
v -73.161675 46.917813 1.402854
v -73.583069 47.930295 1.163864
v -74.698517 46.564404 0.263465
v -72.633187 8.029736 -1.746697
v -76.272271 49.205380 -0.701073
v -73.276139 15.057004 -1.480378
v -72.641411 45.971219 1.735260
v -76.379853 49.744107 -0.700966
v -75.020821 46.831357 -0.000000
v -71.939431 3.723019 -1.746705
v -76.379639 51.408505 -0.482331
v -75.263497 53.341718 0.482345
v -74.476662 50.898602 0.892532
v -74.216111 46.253247 0.588546
v -74.569123 53.361691 1.048049
v -73.930802 53.265698 1.236244
v -74.303704 53.015759 1.236251
v -74.441651 53.195538 1.163848
v -72.286309 43.010144 1.782638
v -76.416588 50.292355 -0.700974
v -73.213669 46.608334 1.446128
v -71.025803 1.443662 -1.260506
v -72.635247 45.176846 1.743835
v -73.938637 45.174023 0.678161
v -73.440148 47.380963 1.303329
v -74.243340 49.121136 0.892425
v -71.296479 1.443662 -1.480385
v -71.939431 38.781384 1.746719
v -73.202752 46.759488 1.423019
v -75.951676 48.138867 -0.483185
v -76.263115 51.969693 -0.245667
v -74.390694 46.400372 0.554138
v -74.308556 52.386777 1.236251
v -76.031510 52.496320 0.000007
v -73.178620 46.463071 1.485122
v -74.000596 48.508206 1.047325
v -74.378411 49.395917 0.892486
v -74.536713 50.598050 0.892517
v -70.805916 1.443662 -0.989838
v -73.930520 43.010144 0.681045
v -73.120728 46.326047 1.530838
v -74.033013 38.781384 0.346878
v -70.642106 15.057004 0.681045
v -76.490220 50.855145 -0.482331
v -74.476670 49.686154 0.892517
v -73.696915 47.741071 1.242691
v -73.531403 47.195401 1.324554
v -75.003334 46.849637 0.253807
v -71.605256 1.443654 -1.644196
v -74.536721 49.986691 0.892532
v -73.852013 46.064587 0.950866
v -73.063126 46.199673 1.574112
v -75.691231 52.960202 0.245681
v -70.539605 3.723019 -0.346871
v -75.695061 47.630811 -0.246567
v -75.184800 53.263028 0.700958
v -74.033013 31.800900 -0.346878
v -73.880166 48.127194 1.163154
v -73.800827 45.963879 0.974250
v -73.937340 46.165005 0.911895
v -74.548058 51.259213 1.048049
v -73.015244 46.081921 1.609169
v -74.384583 51.957654 1.163848
v -71.025803 23.436742 1.260505
v -72.986519 45.970807 1.630188
v -72.286309 3.723019 -1.782616
v -75.365258 47.191678 -0.000000
v -74.628876 46.608029 0.524078
v -76.199395 48.643063 -0.482682
v -74.065178 46.285596 0.865814
v -71.025803 0.498502 -1.260514
v -74.402367 51.555737 1.048049
v -74.474839 52.553037 1.261596
v -73.615967 47.014249 1.318801
v -74.557198 50.292355 0.892532
v -76.527909 50.292355 -0.482331
v -74.218628 48.755750 1.047622
v -71.296486 0.498502 -1.480385
v -72.972153 45.176755 1.640716
v -73.775223 45.175015 0.985946
v -71.605263 31.800900 1.644210
v -70.642098 1.443662 -0.681046
v -75.079239 53.157468 0.892532
v -76.379807 49.176556 -0.482430
v -71.939431 1.443662 -1.746697
v -74.243935 46.446835 0.821090
v -73.703202 46.650281 1.273147
v -76.446946 51.426541 -0.245667
v -76.490212 49.729581 -0.482331
v -70.805924 0.498494 -0.989830
v -71.025803 0.194348 -1.260506
v -74.654038 50.946133 1.048057
v -72.633187 43.010129 1.746711
v -71.296479 0.194348 -1.480385
v -73.624711 46.478787 1.299842
v -71.605256 0.498486 -1.644196
v -73.815255 47.548886 1.281997
v -73.629761 46.073605 1.216873
v -73.509377 46.324048 1.348739
v -72.967362 8.029729 -1.644196
v -74.641114 52.719327 1.236251
v -73.415276 46.194028 1.398002
v -73.712700 46.183026 1.173217
v -73.345711 46.079099 1.439186
v -73.686760 46.830655 1.290573
v -73.579995 45.967480 1.243057
v -73.303971 45.969678 1.463913
v -75.635941 52.917783 0.482330
v -74.949395 53.027615 1.048049
v -70.805924 0.194348 -0.989830
v -74.402466 49.029599 1.047836
v -73.833863 46.313000 1.121780
v -74.801339 52.879544 1.163848
v -74.148888 48.361600 1.163024
v -76.285691 51.979031 0.000007
v -76.012261 48.103772 -0.246125
v -74.583764 51.660458 1.163833
v -74.018525 47.951321 1.238113
v -75.347138 47.208951 0.248649
v -71.530587 0.099255 -1.604577
v -71.558136 0.120717 -1.587578
v -72.286309 38.781384 1.782630
v -73.283097 45.176465 1.476265
v -74.942841 46.897580 0.502441
v -73.555108 45.175916 1.256141
v -74.564354 52.095578 1.236251
v -74.492882 46.667996 0.778961
v -73.546814 15.057004 -1.260506
v -72.967362 43.010144 1.644210
v -73.998269 46.480771 1.072212
v -73.933823 47.362378 1.280708
v -73.930512 38.781384 0.681053
v -74.548104 49.325757 1.047973
v -73.766694 43.010144 0.989837
v -74.718804 50.622006 1.048057
v -70.642106 0.498502 -0.681061
v -76.010338 52.484097 0.245666
v -75.714631 47.615689 -0.000000
v -76.559319 50.864240 -0.245667
v -74.741547 51.339352 1.163848
v -74.654046 49.638654 1.048034
v -70.539605 8.029736 0.346878
v -70.503678 3.723019 -0.000000
v -74.718796 49.962720 1.048049
v -74.047005 47.173901 1.241211
v -70.642106 0.194348 -0.681054
v -72.633179 3.723019 -1.746697
v -72.286309 1.443669 -1.782631
v -74.235962 46.736844 1.041137
v -74.149163 46.975812 1.165954
v -70.539597 1.443662 -0.346878
v -75.547638 52.850018 0.700958
v -73.276139 43.010144 1.480392
v -76.263871 48.616284 -0.245858
v -74.068932 31.800900 -0.000000
v -74.384926 48.629071 1.163223
v -73.546814 43.010129 1.260513
v -74.740883 50.292355 1.048057
v -74.162239 47.770505 1.269325
v -76.597611 50.292355 -0.245682
v -74.750946 52.238766 1.261596
v -74.831284 46.968289 0.740737
v -70.805924 15.057004 0.989837
v -76.470551 51.432858 0.000007
v -74.856301 51.000333 1.163833
v -74.309411 48.203351 1.236045
v -76.447136 49.158505 -0.245728
v -75.292893 47.256894 0.489112
v -74.780053 51.773785 1.236236
v -75.695061 47.630826 0.246582
v -75.283471 52.647351 1.048049
v -73.766694 38.781384 0.989830
v -74.937539 52.381924 1.236251
v -74.583939 48.925259 1.163543
v -72.633187 38.781384 1.746719
v -74.033020 31.800900 0.346870
v -70.539597 0.498486 -0.346871
v -71.296479 23.436749 1.480392
v -75.949974 52.449246 0.482322
v -76.033516 48.091428 -0.000000
v -75.429184 52.759137 0.892532
v -71.939431 31.800900 1.746719
v -74.306092 47.592068 1.254325
v -75.117325 52.519864 1.163848
v -74.697953 47.075421 0.945861
v -70.539605 0.194341 -0.346878
v -76.559304 49.720486 -0.245667
v -76.263108 51.969693 0.245674
v -74.950890 51.426083 1.236251
v -74.444558 47.413571 1.195434
v -73.276139 8.029736 -1.480385
v -74.741608 49.245755 1.163719
v -74.926438 50.649335 1.163856
v -76.583535 50.867429 -0.000000
v -72.157029 0.510579 -1.347672
v -74.856324 49.584500 1.163818
v -74.564896 48.492093 1.235611
v -74.926438 49.935391 1.163848
v -73.546814 38.781384 1.260505
v -72.967362 38.781384 1.644218
v -74.476067 48.039624 1.263122
v -75.202652 47.331647 0.713172
v -72.633179 1.443662 -1.746697
v -74.983773 51.891400 1.261596
v -74.572113 47.232602 1.095031
v -70.503678 1.443662 0.000007
v -76.286484 48.606900 -0.000000
v -73.276139 38.781384 1.480392
v -75.853569 52.393582 0.700958
v -76.012261 48.103772 0.246124
v -75.639336 47.673718 0.484008
v -74.950348 50.292355 1.163848
v -72.967362 3.723019 -1.644196
v -75.075158 51.058972 1.236251
v -76.622063 50.292355 0.000007
v -75.724236 52.318921 0.892540
v -70.642106 8.029736 0.681053
v -73.766694 23.436749 -0.989830
v -73.766694 15.057004 -0.989830
v -73.930512 23.436749 -0.681054
v -76.470757 49.152158 -0.000000
v -75.085869 47.434537 0.908256
v -74.642815 47.876569 1.241035
v -75.187478 52.009015 1.236244
v -74.033013 23.436749 -0.346878
v -74.780312 48.812421 1.235931
v -75.168175 51.516110 1.261596
v -75.565155 52.227078 1.048049
v -70.503685 0.498494 -0.000008
v -75.383767 52.122342 1.163848
v -72.286309 31.800900 1.782638
v -74.952004 47.566830 1.061721
v -74.803505 47.717770 1.172882
v -76.198723 51.943021 0.482345
v -76.446946 51.426541 0.245666
v -72.633187 1.386296 -1.746689
v -74.751709 48.349988 1.261215
v -70.539605 3.723019 0.346885
v -70.503685 0.194348 0.000007
v -76.583535 49.717282 -0.000000
v -74.950989 49.159238 1.236122
v -72.712853 1.443662 -1.722260
v -76.263871 48.616299 0.245864
v -75.151101 50.678891 1.236259
v -75.550461 47.741940 0.703140
v -71.025803 15.057004 1.260513
v -75.075180 49.525906 1.236221
v -71.605256 23.436742 1.644210
v -75.951676 48.138867 0.483169
v -75.385453 51.606107 1.236259
v -75.302308 51.119839 1.261604
v -72.321282 0.310300 -1.195237
v -76.559311 50.864240 0.245681
v -76.095879 51.900418 0.700950
v -75.176995 50.292371 1.236251
v -76.447144 49.158505 0.245712
v -74.938584 48.207944 1.236511
v -75.431427 47.832974 0.894813
v -74.984147 48.695340 1.261413
v -75.151093 49.905820 1.236251
v -73.766694 31.800900 0.989837
v -76.597619 50.292355 0.245666
v -73.546814 8.029736 -1.260506
v -72.633187 31.800900 1.746719
v -76.559311 49.720486 0.245666
v -75.594803 51.692838 1.163848
v -75.957962 51.843274 0.892532
v -75.118691 48.071042 1.164924
v -75.285241 47.944363 1.049881
v -76.379647 51.408505 0.482338
v -75.788285 51.772977 1.048049
v -75.854973 48.194760 0.702056
v -76.199387 48.643063 0.482681
v -75.168320 49.069424 1.261535
v -75.384285 50.709592 1.261596
v -73.276139 3.723019 -1.480385
v -75.529450 51.180692 1.236251
v -72.452805 1.163060 -1.618233
v -72.208420 0.801610 -1.492691
v -73.032494 1.292737 -1.240326
v -70.539605 1.443662 0.346885
v -75.302330 49.465100 1.261589
v -75.187996 48.578290 1.236373
v -73.546814 31.800900 1.260513
v -72.967362 31.800900 1.644210
v -75.384270 49.875134 1.261604
v -76.272141 51.379697 0.700958
v -73.930512 15.057004 -0.681061
v -74.068932 23.436749 0.000007
v -73.930520 31.800900 0.681045
v -70.805924 8.029729 0.989822
v -75.412224 50.292371 1.261596
v -76.379799 49.176556 0.482421
v -75.725357 48.269498 0.893676
v -70.539597 0.498502 0.346878
v -72.995583 1.008046 -1.091568
v -75.748307 51.239331 1.163841
v -76.490212 50.855145 0.482330
v -70.539605 0.194341 0.346870
v -75.384438 48.465482 1.164390
v -76.490204 49.729581 0.482338
v -75.566033 48.361142 1.048980
v -74.033013 23.436749 0.346878
v -76.096451 48.685757 0.701400
v -75.950570 51.293530 1.048057
v -70.642106 3.723004 0.681037
v -71.939431 23.436749 1.746711
v -75.385659 48.979642 1.236312
v -75.617447 50.740292 1.236251
v -76.379853 50.840619 0.700958
v -75.529496 49.404294 1.236267
v -71.296479 15.057004 1.480392
v -76.527916 50.292355 0.482330
v -76.127938 51.341061 0.892532
v -75.617455 49.844449 1.236251
v -72.672478 0.205991 -1.039628
v -75.958390 48.742932 0.893005
v -76.272271 49.205380 0.701080
v -75.647454 50.292355 1.236244
v -75.595070 48.893140 1.164070
v -73.276131 1.744977 -1.480385
v -73.217324 1.620267 -1.378907
v -75.842118 50.769849 1.163848
v -73.276139 31.800900 1.480392
v -76.416581 50.292355 0.700958
v -75.788620 48.813138 1.048431
v -76.379853 49.744107 0.700958
v -76.049744 50.797177 1.048049
v -76.231835 50.821133 0.892524
v -73.766694 8.029729 -0.989830
v -75.748352 49.345700 1.163909
v -76.128052 49.244046 0.892669
v -75.874100 50.292355 1.163848
v -75.842110 49.814877 1.163856
v -76.267250 50.292355 0.892547
v -70.642106 1.443662 0.681053
v -75.950638 49.291547 1.048156
v -76.083558 50.292355 1.048049
v -76.231820 49.763593 0.892547
v -73.546814 3.723019 -1.260506
v -73.930520 23.436749 0.681053
v -72.286309 23.436749 1.782623
v -76.049744 49.787564 1.048057
v -70.642106 0.498494 0.681045
v -74.033013 15.057004 -0.346863
v -71.025803 8.029729 1.260505
v -73.145127 0.798627 -0.942109
v -70.805924 3.723019 0.989830
v -73.475373 1.772404 -1.318543
v -73.339180 1.759999 -1.429169
v -70.642106 0.194348 0.681053
v -71.605263 15.057004 1.644203
v -73.766694 23.436749 0.989837
v -72.633187 23.436749 1.746711
v -73.546822 23.436742 1.260498
v -72.967362 23.436749 1.644226
v -73.930512 8.029736 -0.681061
v -73.183518 0.200780 -0.885025
v -73.276139 23.436749 1.480377
v -70.805924 1.443662 0.989814
v -73.766694 3.723019 -0.989830
v -74.068932 15.057004 -0.000000
v -70.805916 0.498502 0.989830
v -70.805916 0.194348 0.989822
v -74.033013 15.057004 0.346885
v -71.296479 8.029729 1.480384
v -71.939431 15.057004 1.746711
v -73.435471 0.663174 -0.801484
v -71.025803 3.723004 1.260505
v -73.587418 0.025693 -0.865517
v -74.033013 8.029729 -0.346878
v -73.930520 15.057004 0.681037
v -72.286309 15.057004 1.782638
v -71.025803 1.443662 1.260505
v -73.930512 3.723012 -0.681054
v -71.025803 0.498502 1.260498
v -71.605256 8.029736 1.644210
v -73.893982 1.207059 -0.749917
v -73.822503 0.598447 -0.680436
v -73.766694 15.057004 0.989837
v -72.633187 15.057004 1.746719
v -71.296479 3.723004 1.480392
v -73.886872 0.327657 -0.707230
v -71.025803 0.194341 1.260498
v -73.546814 15.057004 1.260513
v -72.967362 15.057004 1.644210
v -73.276139 15.057004 1.480392
v -73.866471 0.108136 -0.801758
v -74.033013 8.029736 0.346870
v -71.939438 8.029736 1.746719
v -71.296479 1.443662 1.480384
v -71.296479 0.498502 1.480377
v -73.930512 1.443662 -0.681061
v -74.033013 3.723019 -0.346878
v -73.930512 0.194356 -0.681054
v -71.296479 0.194348 1.480384
v -74.068940 8.029736 0.000007
v -71.605256 3.723012 1.644210
v -73.921013 0.338330 -0.698960
v -73.923623 0.360272 -0.694039
v -73.940476 0.657605 -0.648583
v -73.938614 0.596936 -0.654664
v -73.930520 8.029736 0.681053
v -74.033020 1.443662 -0.346878
v -72.286309 8.029736 1.782630
v -74.033013 0.194348 -0.346886
v -71.605256 1.443654 1.644210
v -74.033013 0.498502 -0.346871
v -71.605256 0.498494 1.644203
v -74.068932 3.723012 -0.000008
v -73.766694 8.029736 0.989822
v -72.633187 8.029736 1.746719
v -71.605256 0.194348 1.644218
v -71.939431 3.723012 1.746711
v -74.033013 3.723019 0.346870
v -73.546822 8.029729 1.260498
v -72.967362 8.029729 1.644218
v -73.276139 8.029729 1.480392
v -74.068932 1.443662 0.000007
v -74.068932 0.498494 0.000007
v -71.939438 1.443662 1.746711
v -72.286309 3.723012 1.782630
v -74.068932 0.194348 0.000015
v -71.939431 0.498494 1.746711
v -73.930512 3.723004 0.681045
v -71.939431 0.194341 1.746711
v -74.033013 1.443662 0.346878
v -74.033013 0.498494 0.346878
v -73.766694 3.723004 0.989837
v -72.633179 3.723019 1.746711
v -74.033013 0.194341 0.346878
v -72.286309 1.443662 1.782623
v -72.286309 0.498502 1.782630
v -73.930512 1.443662 0.681053
v -73.546814 3.723004 1.260505
v -72.967354 3.723004 1.644203
v -72.286301 0.194348 1.782623
v -73.276139 3.723019 1.480384
v -73.930512 0.498486 0.681045
v -72.633179 1.443662 1.746711
v -73.930512 0.194348 0.681053
v -73.766694 1.443662 0.989830
v -72.633187 0.498494 1.746711
v -72.633187 0.194341 1.746711
v -72.967354 1.443662 1.644218
v -73.546822 1.443654 1.260505
v -73.766694 0.498502 0.989830
v -73.276131 1.443662 1.480377
v -73.766694 0.194348 0.989814
v -72.967362 0.498494 1.644210
v -72.967362 0.194348 1.644210
v -73.276139 0.498502 1.480384
v -73.546814 0.194348 1.260505
v -73.546814 0.498502 1.260513
v -73.276131 0.194348 1.480384
v -68.417946 52.484097 -0.245675
v -73.330292 54.457852 -0.482331
v -73.766701 31.800900 -0.989830
v -73.930512 31.800900 -0.681061
v -71.574570 0.203175 -1.627915
v -71.570870 0.194348 -1.625946
v -71.605256 0.266858 -1.644196
v -71.738450 0.498486 -1.685051
v -71.939431 0.753064 -1.746705
v -71.740914 0.502820 -1.685807
v -72.120057 0.952832 -1.765412
v -72.286309 1.103787 -1.782631
v -72.793160 1.501492 -1.697632
v -72.967362 1.606870 -1.644204
v -73.693932 1.671964 -1.079407
v -73.546814 1.763715 -1.260506
v -73.822258 1.470273 -0.885109
v -73.766686 1.592007 -0.989838
v -73.933846 0.926381 -0.670205
v -73.930512 0.967595 -0.681061
v -73.930512 0.435422 -0.681061
v -73.933678 0.498494 -0.670746
v -73.829415 1.443662 -0.871605
v -73.886857 0.194348 -0.763352
v -71.025803 -0.000003 -1.260514
v -71.296479 -0.000003 -1.480385
v -70.805924 -0.000003 -0.989838
v -70.642106 -0.000003 -0.681061
v -71.664048 -0.000003 -1.492524
v -70.539605 -0.000003 -0.346871
v -71.858963 -0.000003 -1.378937
v -70.503678 -0.000003 -0.000000
v -72.381752 -0.000003 -1.158463
v -70.539605 -0.000003 0.346870
v -72.930909 -0.000003 -0.996102
v -70.642106 -0.000003 0.681045
v -70.805924 -0.000003 0.989830
v -73.458291 -0.000003 -0.897782
v -73.567475 -0.000003 -0.884186
v -73.930512 -0.000003 -0.681061
v -71.025795 -0.000003 1.260505
v -71.296479 -0.000003 1.480384
v -74.033013 -0.000003 -0.346878
v -71.605256 -0.000003 1.644210
v -71.939431 -0.000003 1.746711
v -74.068932 -0.000003 0.000007
v -74.033013 -0.000003 0.346885
v -72.286309 -0.000003 1.782630
v -73.930512 -0.000003 0.681045
v -72.633179 -0.000003 1.746711
v -73.766694 -0.000003 0.989822
v -72.967362 -0.000003 1.644203
v -73.546814 -0.000003 1.260505
v -73.276139 -0.000003 1.480384
v -73.824616 -0.000003 -0.880654
v -71.519631 -0.000003 -1.598771
vt 0.166667 0.343750
vt 0.145833 0.343750
vt 0.145833 0.375000
vt 0.166667 0.375000
vt 0.125000 0.375000
vt 0.125000 0.343750
vt 0.145833 0.312500
vt 0.125000 0.312500
vt 0.166667 0.312500
vt 0.145833 0.406250
vt 0.166667 0.406250
vt 0.104167 0.343750
vt 0.104167 0.375000
vt 0.187500 0.375000
vt 0.187500 0.343750
vt 0.125000 0.406250
vt 0.187500 0.312500
vt 0.145833 0.281250
vt 0.125000 0.281250
vt 0.166667 0.281250
vt 0.187500 0.406250
vt 0.187500 0.281250
vt 0.104167 0.406250
vt 0.145833 0.437500
vt 0.166667 0.437500
vt 0.208333 0.343750
vt 0.208333 0.312500
vt 0.104167 0.281250
vt 0.104167 0.312500
vt 0.208333 0.375000
vt 0.083333 0.343750
vt 0.083333 0.375000
vt 0.083333 0.312500
vt 0.208333 0.406250
vt 0.187500 0.437500
vt 0.083333 0.406250
vt 0.145833 0.250000
vt 0.125000 0.250000
vt 0.208333 0.281250
vt 0.166667 0.250000
vt 0.187500 0.250000
vt 0.083333 0.281250
vt 0.104167 0.250000
vt 0.229167 0.343750
vt 0.229167 0.375000
vt 0.208333 0.437500
vt 0.145833 0.468750
vt 0.166667 0.468750
vt 0.229167 0.312500
vt 0.062500 0.343750
vt 0.062500 0.312500
vt 0.125000 0.437500
vt 0.125000 0.468750
vt 0.062500 0.375000
vt 0.208333 0.250000
vt 0.229167 0.406250
vt 0.187500 0.468750
vt 0.083333 0.437500
vt 0.104167 0.437500
vt 0.062500 0.281250
vt 0.083333 0.250000
vt 0.229167 0.281250
vt 0.104167 0.468750
vt 0.145833 0.218750
vt 0.125000 0.218750
vt 0.062500 0.406250
vt 0.166667 0.218750
vt 0.187500 0.218750
vt 0.104167 0.218750
vt 0.229167 0.437500
vt 0.208333 0.468750
vt 0.062500 0.250000
vt 0.250000 0.343750
vt 0.250000 0.312500
vt 0.208333 0.218750
vt 0.229167 0.250000
vt 0.250000 0.375000
vt 0.041667 0.343750
vt 0.041667 0.312500
vt 0.062500 0.437500
vt 0.041667 0.375000
vt 0.125000 0.500000
vt 0.145833 0.500000
vt 0.250000 0.281250
vt 0.083333 0.218750
vt 0.041667 0.281250
vt 0.250000 0.406250
vt 0.166667 0.500000
vt 0.187500 0.500000
vt 0.104167 0.500000
vt 0.041667 0.406250
vt 0.229167 0.468750
vt 0.145833 0.187500
vt 0.125000 0.187500
vt 0.250000 0.250000
vt 0.166667 0.187500
vt 0.062500 0.218750
vt 0.041667 0.250000
vt 0.187500 0.187500
vt 0.229167 0.218750
vt 0.250000 0.437500
vt 0.208333 0.500000
vt 0.104167 0.187500
vt 0.270833 0.343750
vt 0.270833 0.312500
vt 0.208333 0.187500
vt 0.041667 0.437500
vt 0.020833 0.312500
vt 0.020833 0.343750
vt 0.270833 0.281250
vt 0.270833 0.375000
vt 0.020833 0.375000
vt 0.083333 0.187500
vt 0.145833 0.468750
vt 0.125000 0.468750
vt 0.166667 0.468750
vt 0.250000 0.218750
vt 0.041667 0.218750
vt 0.270833 0.250000
vt 0.229167 0.500000
vt 0.250000 0.468750
vt 0.270833 0.406250
vt 0.187500 0.468750
vt 0.062500 0.187500
vt 0.020833 0.406250
vt 0.229167 0.187500
vt 0.020833 0.250000
vt 0.020833 0.281250
vt 0.145833 0.156250
vt 0.125000 0.156250
vt 0.166667 0.156250
vt 0.187500 0.156250
vt 0.104167 0.468750
vt 0.083333 0.500000
vt 0.083333 0.468750
vt 0.270833 0.218750
vt 0.208333 0.468750
vt 0.250000 0.187500
vt 0.270833 0.437500
vt 0.208333 0.156250
vt 0.292318 0.343750
vt 0.292643 0.312500
vt 0.041667 0.187500
vt 0.292318 0.281250
vt 0.020833 0.437500
vt 0.000000 0.312500
vt 0.000000 0.343750
vt 0.083333 0.156250
vt 0.104167 0.156250
vt 0.291829 0.375000
vt 0.020833 0.218750
vt 0.000000 0.375000
vt 0.250000 0.500000
vt 0.145833 0.437500
vt 0.125000 0.437500
vt 0.166667 0.437500
vt 0.291829 0.250000
vt 0.062500 0.156250
vt 0.062500 0.500000
vt 0.062500 0.468750
vt 0.104167 0.437500
vt 0.229167 0.156250
vt 0.000000 0.250000
vt 0.000000 0.281250
vt 0.000000 0.406250
vt 0.187500 0.437500
vt 0.291667 0.406250
vt 0.229167 0.468750
vt 0.041667 0.500000
vt 0.062500 0.468750
vt 0.041667 0.468750
vt 0.270833 0.187500
vt 0.270833 0.468750
vt 0.145833 0.125000
vt 0.125000 0.125000
vt 0.166667 0.125000
vt 0.291667 0.218750
vt 0.020833 0.468750
vt 0.187500 0.125000
vt 0.083333 0.437500
vt 0.041667 0.156250
vt 0.104167 0.125000
vt 0.208333 0.437500
vt 0.000000 0.218750
vt 0.250000 0.156250
vt 0.208333 0.125000
vt 0.291667 0.437500
vt 0.315104 0.343750
vt 0.316406 0.312500
vt 0.315104 0.281250
vt 0.083333 0.125000
vt 0.270833 0.500000
vt 0.000000 0.437500
vt 0.041667 0.468750
vt 0.979167 0.312500
vt 1.000000 0.312500
vt 1.000000 0.281250
vt 0.979167 0.281250
vt 0.313151 0.375000
vt 0.979167 0.343750
vt 1.000000 0.343750
vt 0.313151 0.250000
vt 0.145833 0.406250
vt 0.125000 0.406250
vt 0.291667 0.187500
vt 0.166667 0.406250
vt 1.000000 0.250000
vt 0.979167 0.250000
vt 0.062500 0.125000
vt 0.270833 0.156250
vt 0.062500 0.437500
vt 0.250000 0.468750
vt 0.979167 0.375000
vt 1.000000 0.375000
vt 0.229167 0.125000
vt 0.020833 0.500000
vt 0.187500 0.406250
vt 0.229167 0.437500
vt 0.312500 0.406250
vt 0.312500 0.218750
vt 0.020833 0.187500
vt 0.000000 0.187500
vt 0.020833 0.156250
vt 1.000000 0.218750
vt 0.979167 0.218750
vt 0.291667 0.468750
vt 0.145833 0.093750
vt 0.125000 0.093750
vt 0.041667 0.125000
vt 0.166667 0.093750
vt 0.979167 0.406250
vt 1.000000 0.406250
vt 0.000000 0.468750
vt 0.104167 0.406250
vt 0.083333 0.406250
vt 0.187500 0.093750
vt 0.208333 0.406250
vt 0.344401 0.312500
vt 0.342448 0.283203
vt 0.291667 0.156250
vt 0.342448 0.341797
vt 0.208333 0.093750
vt 0.312500 0.437500
vt 0.312500 0.187500
vt 0.333333 0.375000
vt 0.083333 0.093750
vt 0.104167 0.093750
vt 0.333333 0.250000
vt 1.000000 0.187500
vt 0.979167 0.187500
vt 0.291667 0.500000
vt 0.250000 0.125000
vt 0.270833 0.125000
vt 0.958333 0.312500
vt 0.958333 0.281250
vt 0.000000 0.156250
vt 0.270833 0.468750
vt 0.250000 0.437500
vt 0.979167 0.437500
vt 1.000000 0.437500
vt 0.958333 0.250000
vt 0.062500 0.093750
vt 0.958333 0.343750
vt 0.145833 0.375000
vt 0.125000 0.375000
vt 0.062500 0.406250
vt 0.229167 0.093750
vt 0.020833 0.125000
vt 0.333333 0.218750
vt 0.166667 0.375000
vt 0.187500 0.375000
vt 0.104167 0.375000
vt 0.333333 0.406250
vt 0.229167 0.406250
vt 0.000000 0.500000
vt 0.958333 0.218750
vt 0.958333 0.375000
vt 0.312500 0.468750
vt 0.312500 0.156250
vt 0.041667 0.093750
vt 1.000000 0.156250
vt 0.979167 0.156250
vt 0.291667 0.125000
vt 0.145833 0.062500
vt 0.125000 0.062500
vt 0.166667 0.062500
vt 0.187500 0.062500
vt 0.104167 0.062500
vt 0.333333 0.187500
vt 0.270833 0.437500
vt 0.377604 0.335938
vt 0.378906 0.312500
vt 0.377604 0.289063
vt 0.208333 0.375000
vt 0.979167 0.468750
vt 1.000000 0.468750
vt 0.958333 0.187500
vt 0.041667 0.437500
vt 0.020833 0.468750
vt 0.020833 0.437500
vt 0.083333 0.375000
vt 0.958333 0.406250
vt 0.333333 0.437500
vt 0.000000 0.125000
vt 0.041667 0.406250
vt 0.375000 0.359375
vt 0.375000 0.265625
vt 0.208333 0.062500
vt 0.000000 0.468750
vt 0.250000 0.093750
vt 0.270833 0.093750
vt 0.250000 0.406250
vt 0.291667 0.468750
vt 0.083333 0.062500
vt 0.062500 0.062500
vt 0.937500 0.281250
vt 0.937500 0.312500
vt 0.020833 0.093750
vt 0.389515 0.266735
vt 0.378073 0.239114
vt 0.380096 0.237092
vt 0.396593 0.259657
vt 0.062500 0.375000
vt 0.145833 0.343750
vt 0.125000 0.343750
vt 0.354167 0.250000
vt 0.354167 0.218750
vt 0.166667 0.343750
vt 0.937500 0.250000
vt 0.417136 0.278177
vt 0.419158 0.276154
vt 0.937500 0.343750
vt 0.312500 0.125000
vt 0.312500 0.500000
vt 0.333333 0.156250
vt 1.000000 0.125000
vt 0.979167 0.125000
vt 0.187500 0.343750
vt 0.229167 0.375000
vt 0.958333 0.156250
vt 0.958333 0.437500
vt 0.104167 0.343750
vt 0.937500 0.218750
vt 0.333333 0.468750
vt 0.291667 0.093750
vt 0.041667 0.062500
vt 0.937500 0.375000
vt 0.979167 0.500000
vt 1.000000 0.500000
vt 0.417318 0.328125
vt 0.417643 0.312500
vt 0.354167 0.187500
vt 0.250000 0.062500
vt 0.229167 0.062500
vt 0.366632 0.211493
vt 0.367138 0.210987
vt 0.145833 0.031250
vt 0.125000 0.031250
vt 0.416667 0.343750
vt 0.166667 0.031250
vt 0.208333 0.343750
vt 0.398110 0.258140
vt 0.420170 0.275143
vt 0.270833 0.406250
vt 0.417318 0.296875
vt 0.104167 0.031250
vt 0.291667 0.437500
vt 0.000000 0.093750
vt 0.444757 0.289618
vt 0.445263 0.288397
vt 0.187500 0.031250
vt 0.381107 0.236080
vt 0.020833 0.406250
vt 0.083333 0.343750
vt 0.000000 0.437500
vt 0.937500 0.187500
vt 0.312500 0.468750
vt 0.416667 0.281250
vt 0.041667 0.375000
vt 0.083333 0.031250
vt 0.270833 0.062500
vt 0.445516 0.287787
vt 0.208333 0.031250
vt 0.020833 0.062500
vt 0.396593 0.259657
vt 0.419158 0.276154
vt 0.333333 0.125000
vt 0.958333 0.125000
vt 0.250000 0.375000
vt 0.958333 0.468750
vt 0.312500 0.093750
vt 0.445263 0.288397
vt 0.380096 0.237092
vt 1.000000 0.468750
vt 0.979167 0.468750
vt 0.937500 0.406250
vt 0.354167 0.156250
vt 0.062500 0.031250
vt 0.389515 0.266735
vt 0.417136 0.278177
vt 1.000000 0.093750
vt 0.979167 0.093750
vt 0.375000 0.250000
vt 0.375000 0.218750
vt 0.367391 0.210734
vt 0.145833 0.312500
vt 0.125000 0.312500
vt 0.062500 0.343750
vt 0.166667 0.312500
vt 0.229167 0.031250
vt 0.444757 0.289618
vt 0.355191 0.183871
vt 0.355191 0.183871
vt 0.507813 0.312500
vt 0.500000 0.312500
vt 0.500000 0.313820
vt 0.507813 0.313820
vt 0.333333 0.500000
vt 0.916667 0.250000
vt 0.916667 0.281250
vt 0.916667 0.312500
vt 0.187500 0.312500
vt 0.378073 0.239114
vt 0.229167 0.343750
vt 0.515625 0.312500
vt 0.515625 0.313820
vt 0.937500 0.156250
vt 0.291667 0.062500
vt 0.104167 0.312500
vt 0.492188 0.313820
vt 0.492188 0.312500
vt 0.500000 0.320524
vt 0.507813 0.320524
vt 0.916667 0.218750
vt 0.472379 0.301059
vt 0.472379 0.298199
vt 0.458333 0.320313
vt 0.458333 0.328125
vt 0.916667 0.343750
vt 0.041667 0.031250
vt 0.472379 0.296768
vt 0.515625 0.320524
vt 0.367138 0.210987
vt 0.458333 0.312500
vt 0.375000 0.187500
vt 0.472379 0.298199
vt 0.250000 0.031250
vt 0.145833 0.000000
vt 0.125000 0.000000
vt 0.166667 0.000000
vt 0.208333 0.312500
vt 0.000000 0.062500
vt 0.270833 0.375000
vt 0.472379 0.301059
vt 0.458333 0.304688
vt 0.291667 0.406250
vt 0.104167 0.000000
vt 0.492188 0.320524
vt 0.187500 0.000000
vt 0.523438 0.312500
vt 0.523438 0.313820
vt 0.366632 0.211493
vt 0.020833 0.375000
vt 0.937500 0.437500
vt 0.354167 0.125000
vt 0.333333 0.093750
vt 0.916667 0.187500
vt 0.312500 0.437500
vt 0.000000 0.406250
vt 0.083333 0.312500
vt 0.250000 0.343750
vt 0.355191 0.183871
vt 0.916667 0.375000
vt 0.958333 0.093750
vt 0.083333 0.000000
vt 0.041667 0.343750
vt 0.523438 0.320524
vt 0.958333 0.500000
vt 0.333333 0.468750
vt 0.270833 0.031250
vt 0.458333 0.296875
vt 0.484375 0.313820
vt 0.484375 0.312500
vt 0.500000 0.337996
vt 0.507813 0.337996
vt 0.208333 0.000000
vt 0.020833 0.031250
vt 0.515625 0.337996
vt 0.312500 0.062500
vt 0.375000 0.156250
vt 1.000000 0.062500
vt 0.979167 0.062500
vt 0.937500 0.125000
vt 0.343750 0.156250
vt 0.343750 0.156250
vt 0.145833 0.281250
vt 0.125000 0.281250
vt 0.166667 0.281250
vt 0.484375 0.319851
vt 0.492188 0.337996
vt 0.395833 0.250000
vt 0.395833 0.218750
vt 0.355191 0.183871
vt 0.229167 0.000000
vt 0.916667 0.156250
vt 0.229167 0.312500
vt 0.523438 0.337996
vt 0.916667 0.406250
vt 0.499811 0.300266
vt 0.500000 0.302489
vt 0.499243 0.302180
vt 0.500000 0.312500
vt 0.291667 0.031250
vt 0.531250 0.312500
vt 0.531250 0.313820
vt 0.500000 0.312500
vt 0.000000 0.031250
vt 0.355191 0.183871
vt 0.062500 0.000000
vt 0.041667 0.000000
vt 0.895833 0.281250
vt 0.895833 0.250000
vt 0.895833 0.218750
vt 0.145833 0.031250
vt 0.166667 0.031250
vt 0.500000 0.312500
vt 0.531250 0.320524
vt 0.354167 0.093750
vt 0.395833 0.187500
vt 0.187500 0.281250
vt 0.208333 0.281250
vt 0.250000 0.000000
vt 0.375000 0.125000
vt 0.476563 0.313820
vt 0.476563 0.312500
vt 0.895833 0.312500
vt 0.104167 0.031250
vt 0.125000 0.031250
vt 0.270833 0.343750
vt 0.500000 0.312500
vt 0.333333 0.062500
vt 0.291829 0.375000
vt 0.343750 0.156250
vt 0.895833 0.187500
vt 0.484375 0.335304
vt 0.958333 0.062500
vt 0.187500 0.031250
vt 0.208333 0.031250
vt 0.250000 0.312500
vt 0.355191 0.183871
vt 0.355191 0.183871
vt 0.500000 0.312500
vt 0.312500 0.406250
vt 0.062500 0.312500
vt 0.041667 0.312500
vt 0.083333 0.031250
vt 0.937500 0.093750
vt 0.333333 0.437500
vt 0.476563 0.317832
vt 0.500000 0.371620
vt 0.507813 0.371620
vt 0.916667 0.125000
vt 0.020833 0.000000
vt 0.895833 0.343750
vt 0.531250 0.337996
vt 0.145833 0.250000
vt 0.125000 0.250000
vt 0.395833 0.156250
vt 0.166667 0.250000
vt 1.000000 0.406250
vt 1.000000 0.437500
vt 0.979167 0.437500
vt 0.979167 0.406250
vt 0.229167 0.031250
vt 0.500000 0.312500
vt 0.270833 0.000000
vt 1.000000 0.031250
vt 0.979167 0.031250
vt 0.020833 0.343750
vt 0.083333 0.281250
vt 0.062500 0.281250
vt 0.895833 0.156250
vt 0.000000 0.375000
vt 0.343750 0.156250
vt 0.104167 0.281250
vt 0.104167 0.250000
vt 0.312500 0.031250
vt 0.229167 0.281250
vt 0.916667 0.437500
vt 0.416667 0.250000
vt 0.417424 0.218083
vt 0.145833 0.062500
vt 0.166667 0.062500
vt 0.125000 0.062500
vt 0.515625 0.371620
vt 0.523438 0.371620
vt 0.375000 0.093750
vt 0.187500 0.062500
vt 0.250000 0.031250
vt 0.187500 0.250000
vt 0.208333 0.250000
vt 0.539063 0.313820
vt 0.539063 0.312500
vt 0.354167 0.062500
vt 0.527621 0.301059
vt 0.527621 0.298199
vt 0.104167 0.062500
vt 0.000000 0.000000
vt 0.343750 0.156250
vt 0.895833 0.375000
vt 0.937500 0.062500
vt 0.526864 0.296459
vt 0.395833 0.125000
vt 0.355191 0.183871
vt 0.041667 0.031250
vt 0.062500 0.031250
vt 0.476563 0.327228
vt 0.083333 0.250000
vt 0.539063 0.320524
vt 0.291667 0.000000
vt 0.524593 0.296961
vt 0.416856 0.187333
vt 0.270833 0.312500
vt 0.895833 0.125000
vt 0.468750 0.313820
vt 0.468750 0.312500
vt 0.083333 0.062500
vt 0.875000 0.250000
vt 0.875000 0.218750
vt 0.250000 0.281250
vt 0.145833 0.218750
vt 0.125000 0.218750
vt 0.292318 0.343750
vt 0.166667 0.218750
vt 0.958333 0.031250
vt 0.517446 0.295296
vt 0.875000 0.281250
vt 0.041667 0.281250
vt 0.484375 0.367582
vt 0.492188 0.371620
vt 0.875000 0.187500
vt 0.187500 0.218750
vt 0.270833 0.031250
vt 0.208333 0.062500
vt 0.229167 0.062500
vt 0.502063 0.287056
vt 0.479167 0.296875
vt 0.333333 0.031250
vt 0.062500 0.250000
vt 0.366632 0.211493
vt 0.367138 0.210987
vt 0.313151 0.375000
vt 0.539063 0.337996
vt 0.145833 0.093750
vt 0.166667 0.093750
vt 0.468750 0.315140
vt 0.125000 0.093750
vt 0.062500 0.062500
vt 0.020833 0.312500
vt 0.958333 0.468750
vt 0.937500 0.500000
vt 0.937500 0.468750
vt 0.416667 0.156250
vt 0.482561 0.274553
vt 0.458333 0.281250
vt 0.531250 0.371620
vt 1.000000 0.375000
vt 0.979167 0.375000
vt 0.229167 0.250000
vt 0.020833 0.031250
vt 1.000000 0.000000
vt 0.979167 0.000000
vt 0.333333 0.406250
vt 0.187500 0.093750
vt 0.208333 0.218750
vt 0.104167 0.093750
vt 0.000000 0.343750
vt 0.875000 0.156250
vt 0.895833 0.406250
vt 0.355191 0.183871
vt 0.463059 0.260097
vt 0.437500 0.265625
vt 0.312500 0.000000
vt 0.208333 0.093750
vt 0.250000 0.062500
vt 0.145833 0.187500
vt 0.125000 0.187500
vt 0.375000 0.062500
vt 0.166667 0.187500
vt 0.083333 0.093750
vt 0.395833 0.093750
vt 0.083333 0.218750
vt 0.104167 0.218750
vt 0.916667 0.093750
vt 0.895833 0.093750
vt 0.447675 0.241376
vt 0.187500 0.187500
vt 0.291667 0.031250
vt 0.145833 0.125000
vt 0.166667 0.125000
vt 0.354167 0.031250
vt 0.041667 0.062500
vt 0.125000 0.125000
vt 0.104167 0.187500
vt 0.875000 0.343750
vt 0.875000 0.312500
vt 0.958333 0.437500
vt 0.958333 0.406250
vt 0.937500 0.031250
vt 0.250000 0.250000
vt 0.270833 0.281250
vt 0.229167 0.093750
vt 0.187500 0.125000
vt 0.440528 0.216082
vt 0.145833 0.156250
vt 0.125000 0.156250
vt 0.041667 0.250000
vt 0.166667 0.156250
vt 0.916667 0.062500
vt 0.355191 0.183871
vt 0.062500 0.218750
vt 0.875000 0.125000
vt 0.208333 0.187500
vt 0.000000 0.031250
vt 0.468750 0.316460
vt 0.187500 0.156250
vt 0.292643 0.312500
vt 0.062500 0.093750
vt 0.416667 0.125000
vt 0.476563 0.355468
vt 0.229167 0.218750
vt 0.104167 0.125000
vt 0.083333 0.125000
vt 0.104167 0.156250
vt 0.546875 0.313820
vt 0.546875 0.312500
vt 0.083333 0.187500
vt 0.367391 0.210734
vt 0.208333 0.125000
vt 0.438257 0.186833
vt 0.500000 0.426780
vt 0.507813 0.426780
vt 0.555243 0.289618
vt 0.554737 0.288397
vt 0.546875 0.320524
vt 0.476563 0.312500
vt 0.476563 0.313820
vt 0.515625 0.426780
vt 0.208333 0.156250
vt 0.895833 0.437500
vt 0.250000 0.093750
vt 0.020833 0.062500
vt 0.854167 0.250000
vt 0.854167 0.281250
vt 0.083333 0.156250
vt 0.854167 0.187500
vt 0.854167 0.218750
vt 0.312500 0.031250
vt 0.937500 0.437500
vt 0.315104 0.343750
vt 0.553349 0.287322
vt 0.229167 0.125000
vt 0.539063 0.371620
vt 0.000000 0.312500
vt 0.875000 0.375000
vt 1.000000 0.343750
vt 0.979167 0.343750
vt 0.916667 0.500000
vt 0.937500 0.468750
vt 0.916667 0.468750
vt 0.062500 0.187500
vt 0.395833 0.062500
vt 0.492188 0.426780
vt 0.229167 0.187500
vt 0.250000 0.218750
vt 0.895833 0.062500
vt 0.476563 0.317832
vt 0.062500 0.125000
vt 0.437500 0.156250
vt 0.375000 0.031250
vt 0.041667 0.218750
vt 0.378073 0.239114
vt 0.380096 0.237092
vt 0.550194 0.286540
vt 0.875000 0.093750
vt 0.916667 0.031250
vt 0.854167 0.312500
vt 0.854167 0.156250
vt 0.979167 0.031250
vt 1.000000 0.031250
vt 0.270833 0.250000
vt 0.229167 0.156250
vt 0.062500 0.156250
vt 0.333333 0.375000
vt 0.416667 0.093750
vt 0.250000 0.125000
vt 0.542245 0.284051
vt 0.958333 0.375000
vt 0.291667 0.062500
vt 0.270833 0.062500
vt 0.367138 0.210987
vt 0.958333 0.000000
vt 0.937500 0.000000
vt 0.546875 0.337996
vt 0.292318 0.281250
vt 0.000000 0.062500
vt 0.020833 0.250000
vt 0.020833 0.281250
vt 0.250000 0.187500
vt 0.526473 0.277856
vt 0.270833 0.093750
vt 0.041667 0.125000
vt 0.041667 0.093750
vt 0.041667 0.187500
vt 0.506788 0.268344
vt 0.487103 0.255902
vt 0.437500 0.125000
vt 0.020833 0.093750
vt 0.354167 0.000000
vt 0.333333 0.000000
vt 0.333333 0.031250
vt 0.471204 0.238660
vt 0.476563 0.327228
vt 0.854167 0.125000
vt 0.854167 0.343750
vt 0.250000 0.156250
vt 0.484375 0.424088
vt 0.462876 0.214748
vt 0.875000 0.406250
vt 0.895833 0.468750
vt 0.000000 0.281250
vt 0.041667 0.156250
vt 0.270833 0.218750
vt 0.312500 0.062500
vt 0.468750 0.317780
vt 0.316406 0.312500
vt 0.459469 0.186499
vt 1.000000 0.312500
vt 0.979167 0.312500
vt 0.958333 0.031250
vt 0.523438 0.426780
vt 0.531250 0.426780
vt 0.366632 0.211493
vt 0.875000 0.062500
vt 0.937500 0.406250
vt 0.020833 0.125000
vt 0.833333 0.218750
vt 0.833333 0.250000
vt 0.000000 0.093750
vt 0.833333 0.187500
vt 0.895833 0.031250
vt 0.270833 0.125000
vt 0.979167 0.062500
vt 1.000000 0.062500
vt 0.458333 0.156250
vt 0.381107 0.236080
vt 0.291829 0.250000
vt 0.416667 0.062500
vt 0.291667 0.093750
vt 0.833333 0.281250
vt 0.270833 0.187500
vt 0.916667 0.000000
vt 0.554688 0.313820
vt 0.554688 0.312500
vt 0.395833 0.031250
vt 0.833333 0.156250
vt 0.437500 0.093750
vt 0.546875 0.371620
vt 0.854167 0.375000
vt 0.020833 0.156250
vt 0.854167 0.093750
vt 0.554688 0.320524
vt 0.484375 0.312500
vt 0.484375 0.313820
vt 0.270833 0.156250
vt 0.020833 0.187500
vt 0.020833 0.218750
vt 0.958333 0.343750
vt 0.354167 0.031250
vt 0.375000 0.000000
vt 0.582864 0.278177
vt 0.580842 0.276154
vt 0.000000 0.250000
vt 0.333333 0.062500
vt 0.458333 0.125000
vt 0.833333 0.312500
vt 0.000000 0.125000
vt 0.833333 0.125000
vt 0.315104 0.281250
vt 0.476563 0.416012
vt 0.916667 0.468750
vt 0.916667 0.437500
vt 0.484375 0.319851
vt 1.000000 0.281250
vt 0.979167 0.281250
vt 0.937500 0.031250
vt 0.291667 0.218750
vt 0.291667 0.125000
vt 0.579073 0.274833
vt 0.895833 0.500000
vt 0.389515 0.266735
vt 0.396593 0.259657
vt 0.476563 0.355468
vt 0.342448 0.341797
vt 0.854167 0.062500
vt 0.958333 0.062500
vt 0.312500 0.093750
vt 0.000000 0.218750
vt 0.482195 0.216082
vt 0.490190 0.239946
vt 1.000000 0.093750
vt 0.979167 0.093750
vt 0.380096 0.237092
vt 0.554688 0.337996
vt 0.937500 0.375000
vt 0.479924 0.186833
vt 0.539063 0.426780
vt 0.508120 0.254376
vt 0.000000 0.156250
vt 0.291667 0.187500
vt 0.291667 0.156250
vt 0.437500 0.062500
vt 0.577813 0.274916
vt 0.416667 0.031250
vt 0.479167 0.156250
vt 0.000000 0.187500
vt 0.458333 0.093750
vt 0.531015 0.263112
vt 0.833333 0.343750
vt 0.812500 0.187500
vt 0.812500 0.156250
vt 0.833333 0.093750
vt 0.958333 0.312500
vt 0.395833 0.000000
vt 0.484375 0.335304
vt 0.313151 0.250000
vt 0.812500 0.250000
vt 0.812500 0.218750
vt 1.000000 0.250000
vt 0.979167 0.250000
vt 0.553911 0.269894
vt 0.344401 0.312500
vt 0.854167 0.406250
vt 0.571335 0.274053
vt 0.812500 0.125000
vt 0.312500 0.125000
vt 0.479167 0.125000
vt 0.916667 0.031250
vt 1.000000 0.125000
vt 0.979167 0.125000
vt 0.378073 0.239114
vt 0.354167 0.062500
vt 0.812500 0.281250
vt 0.333333 0.093750
vt 0.937500 0.062500
vt 0.916667 0.406250
vt 0.500000 0.492738
vt 0.507813 0.492738
vt 0.958333 0.093750
vt 0.312500 0.218750
vt 0.875000 0.031250
vt 0.854167 0.031250
vt 0.554688 0.371620
vt 1.000000 0.218750
vt 0.979167 0.218750
vt 0.398110 0.258140
vt 0.312500 0.156250
vt 0.895833 0.000000
vt 0.875000 0.000000
vt 0.468750 0.405244
vt 0.833333 0.375000
vt 0.458333 0.062500
vt 0.812500 0.093750
vt 0.437500 0.031250
vt 0.312500 0.187500
vt 0.958333 0.281250
vt 0.562500 0.313820
vt 0.562500 0.312500
vt 0.833333 0.062500
vt 0.375000 0.031250
vt 0.395833 0.031250
vt 0.492188 0.492738
vt 0.492188 0.312500
vt 0.492188 0.313820
vt 0.342448 0.283203
vt 0.500189 0.187333
vt 0.500757 0.218083
vt 0.479167 0.093750
vt 0.562500 0.320524
vt 1.000000 0.187500
vt 0.979167 0.187500
vt 1.000000 0.156250
vt 0.979167 0.156250
vt 0.500000 0.156250
vt 0.500000 0.250000
vt 0.937500 0.343750
vt 0.791667 0.187500
vt 0.791667 0.156250
vt 0.812500 0.312500
vt 0.791667 0.218750
vt 0.610485 0.266735
vt 0.603407 0.259657
vt 0.333333 0.125000
vt 0.546875 0.426780
vt 0.895833 0.031250
vt 0.527621 0.254184
vt 0.791667 0.125000
vt 0.958333 0.125000
vt 0.500000 0.125000
vt 0.492188 0.320524
vt 0.791667 0.250000
vt 0.484375 0.367582
vt 0.375000 0.062500
vt 0.895833 0.468750
vt 0.895833 0.437500
vt 0.354167 0.093750
vt 0.916667 0.062500
vt 0.333333 0.250000
vt 0.937500 0.093750
vt 0.958333 0.250000
vt 0.812500 0.062500
vt 0.833333 0.031250
vt 0.875000 0.500000
vt 0.875000 0.468750
vt 0.601700 0.258062
vt 0.396593 0.259657
vt 0.562500 0.337996
vt 0.484375 0.492734
vt 0.854167 0.000000
vt 0.555243 0.258368
vt 0.333333 0.156250
vt 0.479167 0.062500
vt 0.458333 0.031250
vt 0.375000 0.359375
vt 0.377604 0.335938
vt 0.833333 0.406250
vt 0.958333 0.156250
vt 0.416667 0.000000
vt 0.416667 0.031250
vt 0.791667 0.281250
vt 0.500000 0.093750
vt 0.333333 0.218750
vt 0.476563 0.416012
vt 0.812500 0.343750
vt 0.437500 0.000000
vt 0.417136 0.278177
vt 0.419158 0.276154
vt 0.523438 0.492738
vt 0.531250 0.492738
vt 0.916667 0.375000
vt 0.958333 0.218750
vt 0.333333 0.187500
vt 0.395833 0.062500
vt 0.520833 0.156250
vt 0.520833 0.187500
vt 0.492188 0.337996
vt 0.520833 0.218750
vt 0.937500 0.125000
vt 0.958333 0.187500
vt 0.770833 0.156250
vt 0.770833 0.187500
vt 0.770833 0.218750
vt 0.916667 0.093750
vt 0.602650 0.259347
vt 0.354167 0.125000
vt 0.875000 0.031250
vt 0.582864 0.262552
vt 0.378906 0.312500
vt 0.520833 0.250000
vt 0.520833 0.125000
vt 0.770833 0.125000
vt 0.875000 0.468750
vt 0.770833 0.250000
vt 0.389515 0.266735
vt 0.375000 0.093750
vt 0.895833 0.062500
vt 0.791667 0.093750
vt 0.791667 0.062500
vt 0.812500 0.031250
vt 0.895833 0.406250
vt 0.791667 0.312500
vt 0.562500 0.371620
vt 0.500000 0.062500
vt 0.479167 0.031250
vt 0.500000 0.281250
vt 0.520833 0.281250
vt 0.937500 0.156250
vt 0.377604 0.289063
vt 0.520833 0.093750
vt 0.610485 0.266735
vt 0.476563 0.492723
vt 0.437500 0.031250
vt 0.354167 0.156250
vt 0.770833 0.093750
vt 0.420170 0.275143
vt 0.916667 0.343750
vt 0.812500 0.375000
vt 0.770833 0.281250
vt 0.541667 0.156250
vt 0.541667 0.187500
vt 0.570313 0.313820
vt 0.570313 0.312500
vt 0.500000 0.312500
vt 0.500000 0.313820
vt 0.416667 0.062500
vt 0.750000 0.156250
vt 0.750000 0.187500
vt 0.570313 0.320524
vt 0.541667 0.218750
vt 0.554688 0.426780
vt 0.916667 0.125000
vt 0.375000 0.265625
vt 0.541667 0.125000
vt 0.750000 0.218750
vt 0.937500 0.250000
vt 0.937500 0.281250
vt 0.539063 0.492738
vt 0.937500 0.187500
vt 0.750000 0.125000
vt 0.354167 0.187500
vt 0.854167 0.031250
vt 0.375000 0.125000
vt 0.770833 0.062500
vt 0.621927 0.239114
vt 0.619904 0.237092
vt 0.354167 0.250000
vt 0.354167 0.218750
vt 0.833333 0.437500
vt 0.854167 0.437500
vt 0.791667 0.031250
vt 0.500000 0.312500
vt 0.520833 0.312500
vt 0.541667 0.250000
vt 0.937500 0.218750
vt 0.492188 0.371620
vt 0.500000 0.320524
vt 0.875000 0.062500
vt 0.395833 0.093750
vt 0.750000 0.250000
vt 0.520833 0.062500
vt 0.791667 0.343750
vt 0.833333 0.000000
vt 0.812500 0.000000
vt 0.500000 0.031250
vt 0.541667 0.093750
vt 0.895833 0.093750
vt 0.750000 0.093750
vt 0.895833 0.375000
vt 0.916667 0.312500
vt 0.937500 0.312500
vt 0.770833 0.312500
vt 0.570313 0.337996
vt 0.458333 0.000000
vt 0.458333 0.031250
vt 0.562500 0.156250
vt 0.562500 0.187500
vt 0.479167 0.000000
vt 0.484375 0.424088
vt 0.419158 0.276154
vt 0.618893 0.236080
vt 0.729167 0.187500
vt 0.729167 0.156250
vt 0.916667 0.156250
vt 0.562500 0.125000
vt 0.729167 0.125000
vt 0.562500 0.218750
vt 0.541667 0.281250
vt 0.375000 0.156250
vt 0.437500 0.062500
vt 0.812500 0.406250
vt 0.750000 0.281250
vt 0.833333 0.031250
vt 0.500000 0.337996
vt 0.770833 0.031250
vt 0.500000 0.343750
vt 0.520833 0.343750
vt 0.541667 0.062500
vt 0.468750 0.492709
vt 0.562500 0.093750
vt 0.750000 0.062500
vt 0.916667 0.281250
vt 0.562500 0.250000
vt 0.520833 0.031250
vt 0.916667 0.187500
vt 0.395833 0.125000
vt 0.791667 0.000000
vt 0.583333 0.156250
vt 0.583333 0.187500
vt 0.854167 0.062500
vt 0.500000 0.558752
vt 0.507813 0.558752
vt 0.375000 0.187500
vt 0.417318 0.328125
vt 0.416667 0.343750
vt 0.583333 0.125000
vt 0.708333 0.156250
vt 0.708333 0.125000
vt 0.854167 0.500000
vt 0.854167 0.468750
vt 0.895833 0.125000
vt 0.515625 0.492738
vt 0.515625 0.558752
vt 0.619904 0.237092
vt 0.708333 0.187500
vt 0.895833 0.343750
vt 0.833333 0.468750
vt 0.854167 0.468750
vt 0.417136 0.278177
vt 0.417643 0.312500
vt 0.875000 0.093750
vt 0.500000 0.000000
vt 0.729167 0.250000
vt 0.729167 0.218750
vt 0.791667 0.375000
vt 0.583333 0.218750
vt 0.875000 0.437500
vt 0.875000 0.406250
vt 0.770833 0.343750
vt 0.479167 0.031250
vt 0.916667 0.250000
vt 0.546875 0.492738
vt 0.570313 0.371620
vt 0.729167 0.093750
vt 0.708333 0.093750
vt 0.444757 0.289618
vt 0.445263 0.288397
vt 0.375000 0.218750
vt 0.417318 0.296875
vt 0.541667 0.312500
vt 0.916667 0.218750
vt 0.583333 0.093750
vt 0.708333 0.218750
vt 0.562500 0.062500
vt 0.416667 0.281250
vt 0.375000 0.250000
vt 0.750000 0.031250
vt 0.750000 0.312500
vt 0.604167 0.156250
vt 0.604167 0.187500
vt 0.604167 0.125000
vt 0.687500 0.156250
vt 0.687500 0.187500
vt 0.458333 0.062500
vt 0.687500 0.125000
vt 0.562500 0.281250
vt 0.812500 0.031250
vt 0.562500 0.426780
vt 0.541667 0.031250
vt 0.578125 0.313820
vt 0.578125 0.312500
vt 0.507813 0.312500
vt 0.507813 0.313820
vt 0.583333 0.250000
vt 0.395833 0.156250
vt 0.578125 0.319851
vt 0.416667 0.093750
vt 0.416667 0.125000
vt 0.770833 0.000000
vt 0.604167 0.218750
vt 0.687500 0.218750
vt 0.729167 0.062500
vt 0.708333 0.062500
vt 0.604167 0.093750
vt 0.895833 0.156250
vt 0.812500 0.437500
vt 0.687500 0.093750
vt 0.625000 0.125000
vt 0.625000 0.156250
vt 0.625000 0.187500
vt 0.895833 0.312500
vt 0.666667 0.125000
vt 0.666667 0.156250
vt 0.666667 0.187500
vt 0.621927 0.239114
vt 0.583333 0.062500
vt 0.445516 0.287787
vt 0.520833 0.000000
vt 0.833333 0.062500
vt 0.729167 0.281250
vt 0.708333 0.250000
vt 0.633368 0.211493
vt 0.632862 0.210987
vt 0.645833 0.156250
vt 0.645833 0.125000
vt 0.645833 0.187500
vt 0.729167 0.031250
vt 0.500000 0.031250
vt 0.625000 0.093750
vt 0.500000 0.371620
vt 0.666667 0.093750
vt 0.507813 0.320524
vt 0.484375 0.561430
vt 0.492188 0.558752
vt 0.500000 0.375000
vt 0.520833 0.375000
vt 0.625000 0.218750
vt 0.666667 0.218750
vt 0.854167 0.093750
vt 0.875000 0.125000
vt 0.562500 0.031250
vt 0.645833 0.093750
vt 0.875000 0.375000
vt 0.854167 0.437500
vt 0.687500 0.062500
vt 0.604167 0.250000
vt 0.541667 0.343750
vt 0.395833 0.187500
vt 0.604167 0.062500
vt 0.687500 0.250000
vt 0.770833 0.375000
vt 0.645833 0.218750
vt 0.492188 0.426780
vt 0.791667 0.406250
vt 0.895833 0.187500
vt 0.523438 0.558752
vt 0.531250 0.558752
vt 0.583333 0.281250
vt 0.791667 0.031250
vt 0.895833 0.281250
vt 0.578125 0.335304
vt 0.562500 0.312500
vt 0.750000 0.000000
vt 0.479167 0.062500
vt 0.632609 0.210734
vt 0.750000 0.343750
vt 0.625000 0.062500
vt 0.708333 0.031250
vt 0.666667 0.062500
vt 0.541667 0.000000
vt 0.445263 0.288397
vt 0.645833 0.062500
vt 0.583333 0.031250
vt 0.625000 0.250000
vt 0.708333 0.281250
vt 0.395833 0.218750
vt 0.666667 0.250000
vt 0.437500 0.093750
vt 0.458333 0.093750
vt 0.895833 0.250000
vt 0.833333 0.093750
vt 0.507813 0.337996
vt 0.437500 0.125000
vt 0.812500 0.062500
vt 0.520833 0.031250
vt 0.895833 0.218750
vt 0.729167 0.312500
vt 0.854167 0.125000
vt 0.645833 0.250000
vt 0.687500 0.031250
vt 0.395833 0.250000
vt 0.875000 0.156250
vt 0.875000 0.343750
vt 0.604167 0.281250
vt 0.729167 0.000000
vt 0.554688 0.492738
vt 0.812500 0.468750
vt 0.687500 0.281250
vt 0.833333 0.500000
vt 0.833333 0.468750
vt 0.632862 0.210987
vt 0.562500 0.000000
vt 0.458333 0.304688
vt 0.458333 0.296875
vt 0.500000 0.406250
vt 0.520833 0.406250
vt 0.476563 0.569463
vt 0.666667 0.031250
vt 0.854167 0.406250
vt 0.444757 0.289618
vt 0.625000 0.031250
vt 0.604167 0.031250
vt 0.458333 0.312500
vt 0.500000 0.062500
vt 0.583333 0.312500
vt 0.645833 0.031250
vt 0.541667 0.375000
vt 0.458333 0.320313
vt 0.625000 0.281250
vt 0.458333 0.328125
vt 0.562500 0.343750
vt 0.666667 0.281250
vt 0.708333 0.000000
vt 0.416856 0.187333
vt 0.416667 0.156250
vt 0.539063 0.558752
vt 0.583333 0.000000
vt 0.791667 0.062500
vt 0.585938 0.313820
vt 0.585938 0.312500
vt 0.875000 0.187500
vt 0.708333 0.312500
vt 0.479167 0.093750
vt 0.750000 0.375000
vt 0.515625 0.312500
vt 0.515625 0.313820
vt 0.645833 0.281250
vt 0.585938 0.317832
vt 0.437500 0.156250
vt 0.476563 0.492723
vt 0.484375 0.492734
vt 0.472379 0.301059
vt 0.472379 0.298199
vt 0.458333 0.125000
vt 0.687500 0.000000
vt 0.644809 0.183871
vt 0.644809 0.183871
vt 0.833333 0.125000
vt 0.633368 0.211493
vt 0.729167 0.343750
vt 0.604167 0.000000
vt 0.604167 0.312500
vt 0.812500 0.093750
vt 0.687500 0.312500
vt 0.520833 0.062500
vt 0.417424 0.218083
vt 0.875000 0.218750
vt 0.515625 0.320524
vt 0.875000 0.312500
vt 0.875000 0.281250
vt 0.585938 0.327228
vt 0.507813 0.371620
vt 0.854167 0.375000
vt 0.666667 0.000000
vt 0.625000 0.000000
vt 0.833333 0.437500
vt 0.812500 0.500000
vt 0.472379 0.296768
vt 0.645833 0.000000
vt 0.644809 0.183871
vt 0.875000 0.250000
vt 0.770833 0.062500
vt 0.770833 0.031250
vt 0.583333 0.343750
vt 0.625000 0.312500
vt 0.416667 0.250000
vt 0.666667 0.312500
vt 0.438257 0.186833
vt 0.500000 0.093750
vt 0.500000 0.614084
vt 0.507813 0.614084
vt 0.468750 0.580173
vt 0.854167 0.156250
vt 0.854167 0.187500
vt 0.562500 0.375000
vt 0.515625 0.614084
vt 0.541667 0.406250
vt 0.645833 0.312500
vt 0.541667 0.031250
vt 0.541667 0.062500
vt 0.515625 0.337996
vt 0.708333 0.343750
vt 0.472379 0.298199
vt 0.708333 0.031250
vt 0.729167 0.031250
vt 0.479167 0.125000
vt 0.458333 0.156250
vt 0.791667 0.468750
vt 0.791667 0.437500
vt 0.500000 0.312500
vt 0.500000 0.312500
vt 0.644809 0.183871
vt 0.791667 0.093750
vt 0.770833 0.406250
vt 0.750000 0.406250
vt 0.833333 0.156250
vt 0.492188 0.614084
vt 0.562500 0.492738
vt 0.500000 0.437500
vt 0.520833 0.437500
vt 0.750000 0.062500
vt 0.750000 0.031250
vt 0.854167 0.343750
vt 0.546875 0.558752
vt 0.687500 0.031250
vt 0.523438 0.614084
vt 0.604167 0.343750
vt 0.729167 0.375000
vt 0.500000 0.312500
vt 0.833333 0.406250
vt 0.440528 0.216082
vt 0.687500 0.343750
vt 0.770833 0.437500
vt 0.812500 0.125000
vt 0.472379 0.301059
vt 0.854167 0.218750
vt 0.604167 0.031250
vt 0.625000 0.031250
vt 0.500000 0.312500
vt 0.666667 0.031250
vt 0.520833 0.093750
vt 0.562500 0.031250
vt 0.562500 0.062500
vt 0.578125 0.367582
vt 0.585938 0.355468
vt 0.645833 0.031250
vt 0.593750 0.313820
vt 0.593750 0.312500
vt 0.593750 0.315140
vt 0.729167 0.062500
vt 0.523438 0.312500
vt 0.523438 0.313820
vt 0.644809 0.183871
vt 0.500000 0.312500
vt 0.625000 0.343750
vt 0.656250 0.156250
vt 0.656250 0.156250
vt 0.770833 0.093750
vt 0.854167 0.250000
vt 0.583333 0.375000
vt 0.666667 0.343750
vt 0.484375 0.618101
vt 0.492188 0.492738
vt 0.459469 0.186499
vt 0.500000 0.125000
vt 0.447675 0.241376
vt 0.833333 0.187500
vt 0.854167 0.281250
vt 0.479167 0.156250
vt 0.645833 0.343750
vt 0.523438 0.320524
vt 0.531250 0.614084
vt 0.499243 0.302180
vt 0.593750 0.316460
vt 0.656250 0.156250
vt 0.562500 0.406250
vt 0.708333 0.375000
vt 0.708333 0.062500
vt 0.791667 0.500000
vt 0.541667 0.093750
vt 0.750000 0.093750
vt 0.791667 0.125000
vt 0.541667 0.437500
vt 0.583333 0.062500
vt 0.583333 0.031250
vt 0.604167 0.062500
vt 0.833333 0.375000
vt 0.437500 0.265625
vt 0.463059 0.260097
vt 0.499811 0.300266
vt 0.812500 0.156250
vt 0.687500 0.062500
vt 0.604167 0.375000
vt 0.500000 0.426780
vt 0.507813 0.426780
vt 0.656250 0.156250
vt 0.729167 0.406250
vt 0.462876 0.214748
vt 0.687500 0.375000
vt 0.625000 0.062500
vt 0.833333 0.218750
vt 0.500000 0.468750
vt 0.520833 0.468750
vt 0.523438 0.337996
vt 0.520833 0.125000
vt 0.666667 0.062500
vt 0.750000 0.437500
vt 0.770833 0.125000
vt 0.645833 0.062500
vt 0.562500 0.093750
vt 0.458333 0.281250
vt 0.482561 0.274553
vt 0.500000 0.302489
vt 0.476563 0.630150
vt 0.554688 0.558752
vt 0.812500 0.468750
vt 0.791667 0.468750
vt 0.479924 0.186833
vt 0.833333 0.343750
vt 0.500000 0.156250
vt 0.729167 0.093750
vt 0.625000 0.375000
vt 0.666667 0.375000
vt 0.583333 0.406250
vt 0.500000 0.312500
vt 0.833333 0.250000
vt 0.479167 0.296875
vt 0.502063 0.287056
vt 0.585938 0.312500
vt 0.585938 0.313820
vt 0.656250 0.156250
vt 0.471204 0.238660
vt 0.585938 0.317832
vt 0.539063 0.614084
vt 0.583333 0.093750
vt 0.593750 0.317780
vt 0.833333 0.312500
vt 0.854167 0.312500
vt 0.645833 0.375000
vt 0.812500 0.187500
vt 0.644809 0.183871
vt 0.644809 0.183871
vt 0.531250 0.312500
vt 0.531250 0.313820
vt 0.791667 0.156250
vt 0.500000 0.647995
vt 0.507813 0.647995
vt 0.541667 0.125000
vt 0.562500 0.437500
vt 0.708333 0.406250
vt 0.515625 0.647995
vt 0.750000 0.125000
vt 0.517446 0.295296
vt 0.476563 0.569463
vt 0.484375 0.561430
vt 0.531250 0.320524
vt 0.644809 0.183871
vt 0.604167 0.093750
vt 0.541667 0.468750
vt 0.482195 0.216082
vt 0.487103 0.255902
vt 0.492188 0.647995
vt 0.770833 0.500000
vt 0.770833 0.468750
vt 0.687500 0.093750
vt 0.708333 0.093750
vt 0.500000 0.492738
vt 0.604167 0.406250
vt 0.520833 0.156250
vt 0.729167 0.437500
vt 0.812500 0.406250
vt 0.812500 0.375000
vt 0.524593 0.296961
vt 0.770833 0.156250
vt 0.812500 0.437500
vt 0.791667 0.437500
vt 0.523438 0.647995
vt 0.515625 0.371620
vt 0.523438 0.371620
vt 0.625000 0.093750
vt 0.500189 0.187333
vt 0.750000 0.468750
vt 0.500000 0.500000
vt 0.520833 0.500000
vt 0.585938 0.327228
vt 0.644809 0.183871
vt 0.812500 0.218750
vt 0.562500 0.125000
vt 0.645833 0.093750
vt 0.687500 0.406250
vt 0.666667 0.093750
vt 0.526864 0.296459
vt 0.531250 0.337996
vt 0.468750 0.667638
vt 0.506788 0.268344
vt 0.729167 0.125000
vt 0.625000 0.406250
vt 0.791667 0.187500
vt 0.527621 0.298199
vt 0.666667 0.406250
vt 0.583333 0.437500
vt 0.515625 0.426780
vt 0.490190 0.239946
vt 0.484375 0.650673
vt 0.812500 0.343750
vt 0.578125 0.312500
vt 0.578125 0.313820
vt 0.578125 0.319851
vt 0.812500 0.250000
vt 0.527621 0.301059
vt 0.632862 0.210987
vt 0.633368 0.211493
vt 0.583333 0.125000
vt 0.526473 0.277856
vt 0.541667 0.156250
vt 0.644809 0.183871
vt 0.546875 0.614084
vt 0.645833 0.406250
vt 0.539063 0.313820
vt 0.539063 0.312500
vt 0.531250 0.647995
vt 0.562500 0.558752
vt 0.562500 0.468750
vt 0.708333 0.437500
vt 0.708333 0.125000
vt 0.632609 0.210734
vt 0.812500 0.312500
vt 0.500757 0.218083
vt 0.833333 0.281250
vt 0.812500 0.281250
vt 0.520833 0.187500
vt 0.541667 0.500000
vt 0.542245 0.284051
vt 0.500000 0.665943
vt 0.507813 0.665943
vt 0.770833 0.187500
vt 0.539063 0.320524
vt 0.508120 0.254376
vt 0.604167 0.125000
vt 0.687500 0.125000
vt 0.515625 0.665943
vt 0.729167 0.468750
vt 0.632862 0.210987
vt 0.791667 0.218750
vt 0.750000 0.500000
vt 0.604167 0.437500
vt 0.550194 0.286540
vt 0.476563 0.630150
vt 0.625000 0.125000
vt 0.666667 0.125000
vt 0.492188 0.665943
vt 0.562500 0.156250
vt 0.578125 0.335304
vt 0.553349 0.287322
vt 0.585938 0.355468
vt 0.531250 0.371620
vt 0.687500 0.437500
vt 0.539063 0.337996
vt 0.492188 0.558752
vt 0.645833 0.125000
vt 0.531015 0.263112
vt 0.520833 0.468750
vt 0.500000 0.468750
vt 0.570313 0.312500
vt 0.570313 0.313820
vt 0.554737 0.288397
vt 0.523438 0.665943
vt 0.770833 0.468750
vt 0.770833 0.437500
vt 0.476563 0.658706
vt 0.791667 0.406250
vt 0.791667 0.375000
vt 0.585938 0.416012
vt 0.593750 0.405244
vt 0.570313 0.320524
vt 0.619904 0.237092
vt 0.621927 0.239114
vt 0.500000 0.250000
vt 0.729167 0.156250
vt 0.750000 0.156250
vt 0.555243 0.289618
vt 0.546875 0.313820
vt 0.546875 0.312500
vt 0.633368 0.211493
vt 0.583333 0.468750
vt 0.625000 0.437500
vt 0.618893 0.236080
vt 0.541667 0.187500
vt 0.500000 0.673385
vt 0.507813 0.673385
vt 0.791667 0.250000
vt 0.553911 0.269894
vt 0.750000 0.187500
vt 0.520833 0.218750
vt 0.539063 0.647995
vt 0.666667 0.437500
vt 0.583333 0.156250
vt 0.750000 0.468750
vt 0.770833 0.218750
vt 0.546875 0.320524
vt 0.562500 0.500000
vt 0.484375 0.666599
vt 0.791667 0.343750
vt 0.645833 0.437500
vt 0.619904 0.237092
vt 0.571335 0.274053
vt 0.570313 0.337996
vt 0.708333 0.468750
vt 0.492188 0.673385
vt 0.500000 0.675780
vt 0.507813 0.675780
vt 0.708333 0.156250
vt 0.523438 0.426780
vt 0.577813 0.274916
vt 0.515625 0.673385
vt 0.514755 0.675780
vt 0.514849 0.675710
vt 0.515625 0.675209
vt 0.562500 0.312500
vt 0.562500 0.313820
vt 0.579073 0.274833
vt 0.527621 0.254184
vt 0.791667 0.281250
vt 0.580842 0.276154
vt 0.603407 0.259657
vt 0.610485 0.266735
vt 0.500000 0.677310
vt 0.507813 0.677310
vt 0.582864 0.278177
vt 0.562500 0.320524
vt 0.554688 0.313820
vt 0.554688 0.312500
vt 0.518739 0.673385
vt 0.518796 0.673351
vt 0.523438 0.671380
vt 0.531250 0.665943
vt 0.791667 0.312500
vt 0.492188 0.675780
vt 0.554688 0.614084
vt 0.604167 0.156250
vt 0.601700 0.258062
vt 0.770833 0.406250
vt 0.687500 0.156250
vt 0.729167 0.500000
vt 0.541667 0.468750
vt 0.500000 0.000000
vt 0.500000 0.000000
vt 0.520944 0.000000
vt 0.548509 0.000000
vt 0.562500 0.187500
vt 0.554688 0.320524
vt 0.520833 0.437500
vt 0.500000 0.437500
vt 0.604167 0.468750
vt 0.621927 0.239114
vt 0.546875 0.337996
vt 0.602650 0.259347
vt 0.555243 0.258368
vt 0.578125 0.367582
vt 0.625000 0.156250
vt 0.520833 0.250000
vt 0.666667 0.156250
vt 0.484375 0.673334
vt 0.539063 0.371620
vt 0.770833 0.250000
vt 0.610485 0.266735
vt 0.541667 0.218750
vt 0.562500 0.337996
vt 0.687500 0.468750
vt 0.729167 0.187500
vt 0.645833 0.156250
vt 0.750000 0.218750
vt 0.468750 0.669417
vt 0.582864 0.262552
vt 0.484375 0.675703
vt 0.750000 0.437500
vt 0.583333 0.500000
vt 0.484375 0.618101
vt 0.476563 0.668569
vt 0.770833 0.375000
vt 0.554688 0.337996
vt 0.625000 0.468750
vt 0.583333 0.187500
vt 0.729167 0.468750
vt 0.666667 0.468750
vt 0.500000 0.406250
vt 0.520833 0.406250
vt 0.500000 0.281250
vt 0.520833 0.281250
vt 0.546875 0.647995
vt 0.708333 0.500000
vt 0.708333 0.187500
vt 0.645833 0.468750
vt 0.500000 0.558752
vt 0.539063 0.665943
vt 0.541667 0.437500
vt 0.562500 0.468750
vt 0.770833 0.343750
vt 0.562500 0.218750
vt 0.570313 0.371620
vt 0.770833 0.281250
vt 0.770833 0.312500
vt 0.604167 0.187500
vt 0.546875 0.371620
vt 0.585938 0.416012
vt 0.476563 0.673180
vt 0.541667 0.250000
vt 0.507813 0.492738
vt 0.515625 0.492738
vt 0.687500 0.187500
vt 0.531250 0.426780
vt 0.750000 0.250000
vt 0.500000 0.312500
vt 0.520833 0.312500
vt 0.500000 0.375000
vt 0.520833 0.375000
vt 0.750000 0.406250
vt 0.604167 0.500000
vt 0.476563 0.675472
vt 0.500000 0.343750
vt 0.520833 0.343750
vt 0.729167 0.218750
vt 0.476563 0.658706
vt 0.625000 0.187500
vt 0.666667 0.187500
vt 0.687500 0.500000
vt 0.500000 0.000000
vt 0.580960 0.000000
vt 0.578559 0.000000
vt 0.645833 0.187500
vt 0.562500 0.614084
vt 0.562500 0.371620
vt 0.554688 0.371620
vt 0.541667 0.406250
vt 0.583333 0.218750
vt 0.468750 0.671195
vt 0.541667 0.281250
vt 0.625000 0.500000
vt 0.583333 0.468750
vt 0.562500 0.437500
vt 0.562500 0.250000
vt 0.708333 0.218750
vt 0.666667 0.500000
vt 0.750000 0.375000
vt 0.578125 0.492734
vt 0.570313 0.492738
vt 0.570313 0.558752
vt 0.578125 0.561430
vt 0.645833 0.500000
vt 0.541667 0.375000
vt 0.541667 0.312500
vt 0.750000 0.281250
vt 0.750000 0.312500
vt 0.585938 0.492723
vt 0.593750 0.492709
vt 0.604167 0.218750
vt 0.687500 0.218750
vt 0.729167 0.250000
vt 0.750000 0.343750
vt 0.540925 0.665943
vt 0.542803 0.665487
vt 0.546875 0.664658
vt 0.468750 0.672974
vt 0.492188 0.614084
vt 0.539063 0.426780
vt 0.541667 0.343750
vt 0.729167 0.437500
vt 0.729167 0.406250
vt 0.708333 0.468750
vt 0.687500 0.468750
vt 0.554688 0.647995
vt 0.539063 0.666394
vt 0.531250 0.668619
vt 0.468750 0.674753
vt 0.625000 0.218750
vt 0.604167 0.468750
vt 0.666667 0.218750
vt 0.562500 0.406250
vt 0.562500 0.281250
vt 0.583333 0.250000
vt 0.645833 0.218750
vt 0.523438 0.492738
vt 0.583333 0.437500
vt 0.507813 0.558752
vt 0.729167 0.281250
vt 0.708333 0.250000
vt 0.476563 0.668569
vt 0.729167 0.375000
vt 0.625000 0.468750
vt 0.484375 0.650673
vt 0.562500 0.375000
vt 0.562500 0.312500
vt 0.656290 0.000000
vt 0.652470 0.000000
vt 0.604167 0.250000
vt 0.687500 0.250000
vt 0.570313 0.426780
vt 0.578125 0.424088
vt 0.666667 0.468750
vt 0.645833 0.468750
vt 0.546875 0.426780
vt 0.729167 0.312500
vt 0.729167 0.343750
vt 0.562500 0.343750
vt 0.708333 0.437500
vt 0.708333 0.406250
vt 0.583333 0.281250
vt 0.583333 0.406250
vt 0.604167 0.437500
vt 0.570313 0.614084
vt 0.625000 0.250000
vt 0.666667 0.250000
vt 0.708333 0.281250
vt 0.347530 0.000000
vt 0.421441 0.000000
vt 0.422960 0.000000
vt 0.351210 0.000000
vt 0.476563 0.673180
vt 0.645833 0.250000
vt 0.562500 0.426780
vt 0.554688 0.426780
vt 0.583333 0.312500
vt 0.604167 0.281250
vt 0.585938 0.569463
vt 0.625000 0.437500
vt 0.583333 0.375000
vt 0.476563 0.675472
vt 0.687500 0.281250
vt 0.500000 0.000000
vt 0.708333 0.312500
vt 0.687500 0.437500
vt 0.687500 0.406250
vt 0.583333 0.343750
vt 0.645833 0.437500
vt 0.562500 0.647995
vt 0.585938 0.492723
vt 0.500000 0.614084
vt 0.604167 0.406250
vt 0.708333 0.343750
vt 0.531250 0.492738
vt 0.625000 0.281250
vt 0.666667 0.281250
vt 0.604167 0.312500
vt 0.687500 0.312500
vt 0.484375 0.666599
vt 0.645833 0.281250
vt 0.666667 0.437500
vt 0.666667 0.406250
vt 0.708333 0.375000
vt 0.687500 0.375000
vt 0.515625 0.558752
vt 0.577040 0.000000
vt 0.604167 0.375000
vt 0.625000 0.406250
vt 0.554688 0.663570
vt 0.604167 0.343750
vt 0.645833 0.406250
vt 0.492188 0.647995
vt 0.687500 0.343750
vt 0.625000 0.312500
vt 0.666667 0.312500
vt 0.645833 0.312500
vt 0.625000 0.375000
vt 0.666667 0.375000
vt 0.625000 0.343750
vt 0.666667 0.343750
vt 0.484375 0.673334
vt 0.645833 0.375000
vt 0.724646 0.000000
vt 0.717086 0.000000
vt 0.578125 0.618101
vt 0.578125 0.492734
vt 0.539063 0.492738
vt 0.645833 0.343750
vt 0.484375 0.675703
vt 0.593750 0.580173
vt 0.570313 0.647995
vt 0.648790 0.000000
vt 0.507813 0.614084
vt 0.350252 0.000000
vt 0.325931 0.000000
vt 0.523438 0.558752
vt 0.570313 0.492738
vt 0.546875 0.492738
vt 0.492188 0.665943
vt 0.500000 0.647995
vt 0.562500 0.492738
vt 0.554688 0.492738
vt 0.492188 0.673385
vt 0.585938 0.630150
vt 0.492188 0.675780
vt 0.585938 0.569463
vt 0.531250 0.558752
vt 0.515625 0.614084
vt 0.578125 0.650673
vt 0.709961 0.000000
vt 0.500000 0.665943
vt 0.780486 0.000000
vt 0.789768 0.000000
vt 0.770020 0.000000
vt 0.507813 0.647995
vt 0.578125 0.561430
vt 0.539063 0.558752
vt 0.500000 0.673385
vt 0.500000 0.675780
vt 0.523438 0.614084
vt 0.578110 0.000000
vt 0.508047 0.000000
vt 0.500000 0.000000
vt 0.570313 0.558752
vt 0.546875 0.558752
vt 0.507813 0.665943
vt 0.562500 0.558752
vt 0.554688 0.558752
vt 0.515625 0.647995
vt 0.767660 0.000000
vt 0.753702 0.000000
vt 0.741703 0.000000
vt 0.722973 0.000000
vt 0.801966 0.000000
vt 0.791164 0.000000
vt 0.811043 0.000000
vt 0.585938 0.630150
vt 0.593750 0.667638
vt 0.531250 0.614084
vt 0.507813 0.673385
vt 0.507813 0.675780
vt 0.585938 0.658706
vt 0.578125 0.666599
vt 0.585938 0.668569
vt 0.771449 0.000000
vt 0.790522 0.000000
vt 0.710904 0.000000
vt 0.650619 0.000000
vt 0.515625 0.665943
vt 0.523438 0.647995
vt 0.578125 0.618101
vt 0.539063 0.614084
vt 0.585938 0.675472
vt 0.578125 0.675703
vt 0.578125 0.677247
vt 0.585938 0.677058
vt 0.515625 0.673385
vt 0.585938 0.673180
vt 0.578366 0.673329
vt 0.578125 0.673825
vt 0.515625 0.675780
vt 0.593750 0.669417
vt 0.593750 0.671195
vt 0.570313 0.614084
vt 0.546875 0.614084
vt 0.585938 0.658706
vt 0.531250 0.647995
vt 0.523438 0.665943
vt 0.562500 0.614084
vt 0.554688 0.614084
vt 0.593750 0.672974
vt 0.593750 0.674753
vt 0.523438 0.673385
vt 0.523438 0.675780
vt 0.578125 0.650673
vt 0.539063 0.647995
vt 0.585938 0.668569
vt 0.531250 0.665943
vt 0.585938 0.673180
vt 0.570313 0.647995
vt 0.546875 0.647995
vt 0.585938 0.675472
vt 0.593750 0.676619
vt 0.585938 0.677058
vt 0.531250 0.673385
vt 0.531250 0.675780
vt 0.578125 0.666599
vt 0.562500 0.647995
vt 0.554688 0.647995
vt 0.539063 0.665943
vt 0.578125 0.673334
vt 0.578125 0.675703
vt 0.539063 0.673385
vt 0.578125 0.677247
vt 0.570313 0.665943
vt 0.546875 0.665943
vt 0.539063 0.675780
vt 0.562500 0.665943
vt 0.554688 0.665943
vt 0.570313 0.673385
vt 0.546875 0.673385
vt 0.570313 0.675780
vt 0.570313 0.677310
vt 0.546875 0.675780
vt 0.554688 0.673385
vt 0.562500 0.673385
vt 0.562500 0.675780
vt 0.554688 0.675780
vt 0.562500 0.677310
vt 0.083333 0.468750
vt 0.875000 0.437500
vt 0.570313 0.426780
vt 0.578125 0.424088
vt 0.477868 0.000000
vt 0.479762 0.000000
vt 0.373256 0.000000
vt 0.419032 0.000000
vt 0.343238 0.000000
vt 0.527506 0.669807
vt 0.322977 0.000000
vt 0.294564 0.000000
vt 0.296348 0.000000
vt 0.298118 0.000000
vt 0.316378 0.000000
vt 0.295093 0.000000
vt 0.556507 0.663452
vt 0.560438 0.663354
vt 0.562500 0.663423
vt 0.484375 0.677247
vt 0.476563 0.677058
vt 0.422011 0.000000
vt 0.365823 0.000000
vt 0.567727 0.664145
vt 0.570313 0.664775
vt 0.456173 0.000000
vt 0.500000 0.677310
vt 0.492188 0.677310
vt 0.640385 0.000000
vt 0.578125 0.669991
vt 0.578379 0.670349
vt 0.578884 0.672391
vt 0.578742 0.672788
vt 0.554688 0.677310
vt 0.513736 0.676528
vt 0.513458 0.677310
vt 0.419860 0.000000
vt 0.464389 0.000000
vt 0.573304 0.666194
vt 0.576383 0.668185
vt 0.576043 0.675723
vt 0.577797 0.674414
vt 0.577672 0.674586
vt 0.572962 0.665968
vt 0.492188 0.677310
vt 0.484375 0.677247
vt 0.476563 0.677058
vt 0.468750 0.676619
vt 0.573075 0.677283
vt 0.575071 0.676412
vt 0.507813 0.677310
vt 0.515625 0.677310
vt 0.523438 0.677310
vt 0.531250 0.677310
vt 0.539063 0.677310
vt 0.546875 0.677310
vn 0.572872 -0.000008 -0.819645
vn 0.567881 0.075438 -0.819646
vn 0.718848 0.095498 -0.688577
vn 0.725153 0.000001 -0.688588
vn 0.700486 0.187692 -0.688543
vn 0.553371 0.148279 -0.819630
vn 0.398877 0.052984 -0.915472
vn 0.388682 0.104145 -0.915467
vn 0.402409 -0.000003 -0.915460
vn 0.838625 0.111410 -0.533194
vn 0.845980 0.000000 -0.533215
vn 0.529531 0.218607 -0.819639
vn 0.670306 0.276719 -0.688561
vn 0.718850 -0.095381 -0.688591
vn 0.567870 -0.075345 -0.819663
vn 0.817181 0.218962 -0.533171
vn 0.398857 -0.052928 -0.915485
vn 0.212613 0.028243 -0.976728
vn 0.207152 0.055497 -0.976733
vn 0.214526 -0.000000 -0.976718
vn 0.838639 -0.111288 -0.533198
vn 0.212549 -0.028224 -0.976743
vn 0.781979 0.322834 -0.533186
vn 0.922038 0.122484 -0.367212
vn 0.930128 -0.000002 -0.367237
vn 0.553298 -0.147959 -0.819737
vn 0.388527 -0.103905 -0.915560
vn 0.198233 0.081834 -0.976733
vn 0.371952 0.153557 -0.915463
vn 0.700472 -0.187351 -0.688650
vn 0.496121 0.286423 -0.819650
vn 0.628017 0.362582 -0.688570
vn 0.348507 0.201202 -0.915457
vn 0.817222 -0.218631 -0.533244
vn 0.922053 -0.122364 -0.367213
vn 0.732641 0.422995 -0.533209
vn 0.008325 0.001109 -0.999965
vn 0.008079 0.002163 -0.999965
vn 0.206936 -0.055380 -0.976786
vn 0.008490 -0.000002 -0.999964
vn 0.008272 -0.001129 -0.999965
vn 0.185783 0.107264 -0.976718
vn 0.007763 0.003199 -0.999965
vn 0.529261 -0.218054 -0.819960
vn 0.670202 -0.276211 -0.688866
vn 0.898512 -0.240397 -0.367267
vn 0.973174 0.129274 -0.190318
vn 0.981718 -0.000003 -0.190342
vn 0.371464 -0.153047 -0.915746
vn 0.454076 0.349270 -0.819650
vn 0.318934 0.245313 -0.915479
vn 0.898451 0.240742 -0.367190
vn 0.948275 0.254090 -0.190299
vn 0.574815 0.442147 -0.688545
vn 0.007900 -0.002185 -0.999967
vn 0.781968 -0.322378 -0.533478
vn 0.973188 -0.129150 -0.190330
vn 0.805513 0.465061 -0.367242
vn 0.859745 0.354949 -0.367218
vn 0.169980 0.130750 -0.976735
vn 0.007361 0.004260 -0.999964
vn 0.197619 -0.081502 -0.976885
vn 0.907435 0.374622 -0.190317
vn -0.197548 -0.026240 -0.979942
vn -0.192536 -0.051594 -0.979933
vn 0.670572 0.515801 -0.533181
vn -0.199137 -0.000005 -0.979972
vn -0.197555 0.026197 -0.979942
vn -0.184173 -0.076041 -0.979948
vn 0.859805 -0.354502 -0.367511
vn 0.948354 -0.253732 -0.190382
vn 0.006655 0.005128 -0.999965
vn 0.495440 -0.285691 -0.820317
vn 0.347427 -0.200339 -0.916056
vn -0.192628 0.051474 -0.979921
vn 0.007253 -0.003148 -0.999969
vn 0.627591 -0.362068 -0.689229
vn 0.405098 0.405097 -0.819630
vn 0.284521 0.284525 -0.915475
vn 0.737267 0.567088 -0.367216
vn 0.512808 0.512804 -0.688520
vn 0.965926 0.258818 -0.000000
vn 0.991292 0.131680 -0.000001
vn 0.184461 -0.106521 -0.977050
vn -0.172460 -0.099549 -0.979973
vn 0.151621 0.151615 -0.976742
vn 0.732320 -0.422651 -0.533923
vn 1.000000 -0.000001 -0.000005
vn 0.991309 -0.131554 -0.000010
vn 0.924326 0.381603 0.000001
vn 0.598216 0.598227 -0.533163
vn 0.907565 -0.374178 -0.190572
vn -0.385878 -0.051259 -0.921125
vn -0.376091 -0.100779 -0.921086
vn 0.006266 -0.003941 -0.999973
vn -0.389110 -0.000006 -0.921191
vn -0.157965 -0.121483 -0.979943
vn 0.005915 0.005898 -0.999965
vn -0.385877 0.051217 -0.921128
vn -0.184452 0.075865 -0.979909
vn 0.805309 -0.464813 -0.368004
vn 0.966021 -0.258464 -0.000009
vn -0.359824 -0.148562 -0.921117
vn 0.456206 -0.339831 -0.822430
vn 0.319173 -0.236965 -0.917593
vn -0.376108 0.100640 -0.921094
vn 0.657708 0.657706 -0.367210
vn 0.245324 0.318948 -0.915472
vn 0.349277 0.454090 -0.819639
vn 0.168962 -0.124211 -0.977764
vn 0.578809 -0.432533 -0.691300
vn 0.442145 0.574807 -0.688553
vn -0.336998 -0.194560 -0.921184
vn 0.973173 0.129272 0.190324
vn 0.948275 0.254087 0.190299
vn 0.981717 0.000002 0.190349
vn -0.173035 0.099450 -0.979882
vn -0.140943 -0.140964 -0.979931
vn 0.005197 -0.000791 -0.999986
vn 0.924510 -0.381158 -0.000018
vn 0.850174 -0.490661 -0.190932
vn 0.675762 -0.505544 -0.536442
vn 0.973188 -0.129143 0.190337
vn -0.308574 -0.237321 -0.921119
vn 0.515783 0.670567 -0.533205
vn -0.359918 0.148326 -0.921118
vn 0.005121 0.006652 -0.999965
vn 0.130747 0.169976 -0.976736
vn -0.557213 -0.074017 -0.827064
vn -0.543020 -0.145494 -0.827019
vn -0.561962 -0.000003 -0.827163
vn -0.557200 0.073993 -0.827075
vn 0.907432 0.374625 0.190325
vn 0.866023 0.500004 -0.000006
vn 0.850193 0.490858 0.190344
vn -0.158909 0.123504 -0.979538
vn 0.948355 -0.253731 0.190375
vn -0.337207 0.194328 -0.921156
vn 0.744155 -0.555862 -0.370473
vn -0.543011 0.145396 -0.827043
vn 0.415931 -0.365212 -0.832839
vn 0.288494 -0.249677 -0.924355
vn -0.275308 -0.275313 -0.921091
vn 0.151808 -0.125166 -0.980453
vn 0.567080 0.737254 -0.367255
vn 0.201208 0.348508 -0.915455
vn 0.286438 0.496129 -0.819640
vn -0.486663 -0.280992 -0.827165
vn -0.519564 -0.214515 -0.827065
vn 0.532650 -0.474838 -0.700580
vn -0.121496 -0.157972 -0.979941
vn 0.362587 0.628002 -0.688581
vn 0.866123 -0.499831 -0.000014
vn 0.922037 0.122478 0.367216
vn 0.898457 0.240733 0.367182
vn 0.930126 0.000002 0.367242
vn 0.003703 0.012565 -0.999914
vn -0.445551 -0.342693 -0.827071
vn 0.792633 0.609699 -0.000005
vn 0.778156 0.598542 0.190319
vn 0.859751 0.354945 0.367210
vn -0.519569 0.214346 -0.827106
vn 0.004256 0.007384 -0.999964
vn 0.107261 0.185787 -0.976718
vn 0.422990 0.732635 -0.533222
vn 0.922053 -0.122353 0.367217
vn 0.623808 -0.560729 -0.544469
vn 0.907563 -0.374180 0.190575
vn 0.707102 0.707111 0.000004
vn 0.778152 0.598545 -0.190321
vn 0.694186 0.694189 -0.190281
vn -0.309031 0.237959 -0.920802
vn 0.786660 -0.586755 -0.192055
vn -0.710820 -0.094432 -0.697006
vn -0.692688 -0.185595 -0.696949
vn -0.716948 -0.000004 -0.697127
vn -0.142927 0.150813 -0.978176
vn 0.598545 0.778161 -0.190286
vn -0.710828 0.094426 -0.696999
vn 0.805510 0.465066 0.367243
vn -0.397517 -0.397512 -0.827022
vn -0.662801 -0.273643 -0.697004
vn 0.898512 -0.240394 0.367269
vn -0.099570 -0.172465 -0.979970
vn -0.486713 0.280833 -0.827190
vn -0.692688 0.185562 -0.696957
vn 0.688971 -0.618758 -0.377435
vn 0.375043 -0.348276 -0.859096
vn 0.255784 -0.228940 -0.939234
vn 0.132582 -0.100144 -0.986100
vn -0.620905 -0.358488 -0.697110
vn 0.801684 -0.597749 0.000003
vn 0.465055 0.805509 -0.367259
vn 0.694189 0.694186 0.190282
vn 0.153570 0.371945 -0.915463
vn 0.081840 0.198227 -0.976734
vn 0.492961 -0.482290 -0.724145
vn 0.218623 0.529527 -0.819637
vn 0.000971 0.043180 -0.999067
vn 0.838630 0.111399 0.533189
vn 0.817179 0.218963 0.533174
vn -0.276519 0.279237 -0.919545
vn 0.845978 0.000000 0.533218
vn 0.003203 0.007768 -0.999965
vn -0.568387 -0.437180 -0.697000
vn -0.445733 0.342833 -0.826915
vn 0.737266 0.567093 0.367210
vn 0.850171 -0.490665 0.190939
vn 0.276723 0.670288 -0.688577
vn -0.662808 0.273580 -0.697022
vn 0.609686 0.792643 -0.000001
vn 0.838639 -0.111276 0.533201
vn 0.859797 -0.354499 0.367533
vn 0.582786 -0.589788 -0.559027
vn -0.125759 0.185533 -0.974557
vn -0.237344 -0.308573 -0.921114
vn -0.194571 -0.337008 -0.921177
vn -0.342712 -0.445541 -0.827068
vn -0.076046 -0.184198 -0.979943
vn 0.730310 -0.654783 -0.194694
vn -0.834076 -0.110807 -0.540407
vn -0.812775 -0.217774 -0.540343
vn -0.507089 -0.507075 -0.696948
vn -0.841320 -0.000011 -0.540537
vn 0.322829 0.781976 -0.533194
vn 0.490855 0.850200 -0.190320
vn 0.781961 0.322838 0.533210
vn 0.732626 0.422999 0.533227
vn -0.834076 0.110807 -0.540407
vn 0.817221 -0.218628 0.533246
vn 0.228703 -0.156765 -0.960791
vn 0.115278 -0.032738 -0.992794
vn -0.397993 0.398590 -0.826273
vn 0.343919 -0.270177 -0.899291
vn -0.812777 0.217776 -0.540340
vn 0.645108 -0.660734 -0.383753
vn -0.240091 0.320033 -0.916480
vn 0.475924 -0.421045 -0.772151
vn -0.728622 -0.420658 -0.540516
vn -0.777738 -0.321072 -0.540404
vn -0.000301 0.101348 -0.994851
vn -0.148550 -0.359828 -0.921117
vn 0.744564 -0.667552 0.000003
vn -0.620925 0.358475 -0.697099
vn -0.568465 0.437321 -0.696849
vn 0.104157 0.388697 -0.915460
vn 0.055507 0.207134 -0.976737
vn -0.280979 -0.486656 -0.827174
vn 0.786651 -0.586759 0.192079
vn 0.805297 -0.464815 0.368027
vn 0.354940 0.859750 -0.367216
vn 0.002169 0.008071 -0.999965
vn -0.666930 -0.512992 -0.540410
vn 0.148278 0.553377 -0.819626
vn 0.718853 0.095491 0.688572
vn 0.700471 0.187695 0.688557
vn 0.670572 0.515795 0.533187
vn -0.777757 0.321070 -0.540378
vn -0.437181 -0.568366 -0.697017
vn -0.105833 0.232970 -0.966708
vn 0.725147 0.000003 0.688594
vn 0.718842 -0.095372 0.688601
vn 0.670285 0.276728 0.688578
vn 0.567768 -0.596574 -0.567221
vn 0.781960 -0.322377 0.533490
vn 0.499999 0.866026 0.000003
vn -0.051586 -0.192553 -0.979930
vn 0.187695 0.700489 -0.688540
vn 0.682039 -0.704460 -0.196362
vn -0.343722 0.448615 -0.824985
vn -0.594985 -0.594980 -0.540362
vn -0.214486 -0.519557 -0.827077
vn -0.507229 0.507503 -0.696534
vn -0.919914 -0.122204 -0.372590
vn -0.896400 -0.240181 -0.372533
vn -0.927956 -0.000007 -0.372690
vn -0.919914 0.122210 -0.372591
vn -0.857771 -0.354118 -0.372597
vn -0.199049 0.362523 -0.910470
vn 0.744149 -0.555866 0.370480
vn 0.301637 -0.111761 -0.946850
vn 0.196191 -0.018453 -0.980392
vn 0.093100 0.082963 -0.992194
vn 0.700472 -0.187355 0.688649
vn 0.374629 0.907432 -0.190315
vn -0.100773 -0.376092 -0.921086
vn 0.657707 0.657712 0.367201
vn 0.598548 0.778158 0.190289
vn 0.567086 0.737254 0.367246
vn 0.628006 0.362581 0.688580
vn 0.218962 0.817177 -0.533177
vn 0.616338 -0.689954 -0.379593
vn -0.358470 -0.620889 -0.697134
vn 0.598219 0.598226 0.533160
vn 0.387430 -0.166890 -0.906667
vn -0.002592 0.186719 -0.982410
vn -0.896396 0.240188 -0.372538
vn 0.490866 0.850200 0.190294
vn -0.728639 0.420709 -0.540453
vn -0.666982 0.513153 -0.540194
vn 0.732319 -0.422658 0.533918
vn 0.730305 -0.654784 0.194708
vn -0.803633 -0.463969 -0.372702
vn -0.735564 -0.565788 -0.372598
vn 0.028239 0.212599 -0.976731
vn 0.052991 0.398908 -0.915459
vn -0.512981 -0.666916 -0.540438
vn 0.580980 -0.598171 -0.551955
vn 0.523899 -0.406060 -0.748762
vn 0.574808 0.442129 0.688562
vn 0.567907 0.075438 0.819628
vn 0.553396 0.148278 0.819614
vn -0.084275 0.291576 -0.952828
vn 0.572908 -0.000000 0.819620
vn 0.001104 0.008326 -0.999965
vn 0.441353 -0.156549 -0.883572
vn 0.075443 0.567882 -0.819645
vn -0.437423 0.569189 -0.696193
vn 0.694241 -0.719743 0.000000
vn -0.282661 0.493280 -0.822665
vn -0.273622 -0.662804 -0.697009
vn 0.567894 -0.075336 0.819647
vn 0.670199 -0.276218 0.688867
vn -0.145496 -0.542995 -0.827036
vn 0.240741 0.898450 -0.367194
vn 0.529558 0.218612 0.819620
vn -0.026237 -0.197546 -0.979942
vn 0.640339 -0.743687 -0.192079
vn -0.595078 0.595353 -0.539849
vn -0.656211 -0.656210 -0.372527
vn 0.095499 0.718844 -0.688581
vn 0.381612 0.924323 -0.000007
vn 0.219181 0.116316 -0.968726
vn 0.142260 0.160483 -0.976733
vn -0.154566 0.405403 -0.900976
vn -0.803632 0.464009 -0.372654
vn -0.857779 0.354117 -0.372581
vn 0.599795 -0.714829 -0.359535
vn -0.972587 -0.129202 -0.193344
vn -0.947706 -0.253932 -0.193319
vn 0.280408 0.102475 -0.954395
vn -0.981120 -0.000004 -0.193401
vn 0.553305 -0.147964 0.819732
vn 0.570399 -0.405173 -0.714479
vn 0.479663 -0.143381 -0.865659
vn 0.675772 -0.505545 0.536429
vn 0.063340 0.220396 -0.973352
vn -0.906885 -0.374405 -0.193339
vn 0.688978 -0.618756 0.377426
vn -0.420651 -0.728602 -0.540547
vn 0.319441 0.097165 -0.942612
vn -0.972588 0.129204 -0.193334
vn 0.603467 -0.606779 -0.517347
vn 0.515784 0.670568 0.533203
vn 0.496150 0.286447 0.819624
vn 0.465064 0.805506 0.367253
vn -0.051250 -0.385907 -0.921113
vn 0.682045 -0.704453 0.196369
vn -0.004842 0.280100 -0.959959
vn 0.512793 0.512793 0.688539
vn -0.849673 -0.490563 -0.193403
vn -0.735575 0.565876 -0.372442
vn 0.344364 0.086455 -0.934847
vn -0.947707 0.253934 -0.193309
vn -0.565792 -0.735562 -0.372596
vn 0.612629 -0.361589 -0.702808
vn 0.508385 -0.119469 -0.852802
vn -0.358829 0.622161 -0.695815
vn -0.185602 -0.692701 -0.696935
vn 0.627591 -0.362073 0.689226
vn 0.254092 0.948275 -0.190292
vn -0.513140 0.667552 -0.539502
vn 0.358888 0.073624 -0.930472
vn 0.647967 -0.570541 -0.504601
vn 0.374640 0.907431 0.190302
vn 0.111410 0.838624 -0.533195
vn -0.216731 0.531184 -0.819067
vn -0.777686 -0.598184 -0.193341
vn 0.653868 -0.269707 -0.706905
vn 0.525182 -0.086251 -0.846608
vn -0.321077 -0.777741 -0.540397
vn -0.060301 0.350047 -0.934789
vn 0.597382 -0.730202 -0.331571
vn 0.398886 0.052991 0.915468
vn 0.388682 0.104157 0.915466
vn 0.454095 0.349288 0.819632
vn 0.402418 -0.000000 0.915456
vn -0.906888 0.374397 -0.193341
vn 0.365469 0.053785 -0.929269
vn 0.602428 -0.777811 -0.179137
vn 0.700182 -0.039381 -0.712877
vn 0.545526 -0.012917 -0.837994
vn 0.647402 -0.762149 -0.000006
vn -0.000002 0.008506 -0.999964
vn 0.000008 0.214527 -0.976718
vn 0.000008 0.402437 -0.915448
vn 0.398844 -0.052923 0.915490
vn 0.725580 -0.448189 -0.522169
vn 0.529270 -0.218061 0.819953
vn 0.378194 0.007475 -0.925696
vn -0.074020 -0.557195 -0.827076
vn -0.656239 0.656373 -0.372189
vn 0.371945 0.153548 0.915467
vn 0.828290 -0.065817 -0.556421
vn 0.705233 -0.005710 -0.708953
vn 0.550090 -0.002123 -0.835102
vn -0.000008 -0.199123 -0.979975
vn 0.152817 0.274017 -0.949506
vn 0.172452 0.256170 -0.951124
vn 0.119207 0.289419 -0.949751
vn 0.000001 0.572864 -0.819651
vn -0.693764 -0.693771 -0.193319
vn 0.183103 0.227946 -0.956302
vn 0.381323 0.000788 -0.924442
vn 0.635321 -0.704281 -0.316790
vn 0.077389 0.310611 -0.947381
vn -0.106946 0.443240 -0.890001
vn 0.187999 0.190099 -0.963597
vn -0.849675 0.490565 -0.193389
vn -0.991291 -0.131688 0.000000
vn -0.965927 -0.258813 -0.000004
vn -1.000000 -0.000007 0.000000
vn 0.388505 -0.103894 0.915571
vn -0.463979 -0.803629 -0.372698
vn 0.578814 -0.432541 0.691291
vn 0.189840 0.139058 -0.971918
vn 0.034986 0.333363 -0.942149
vn 0.623816 -0.560726 0.544463
vn -0.924327 -0.381601 0.000001
vn 0.832823 -0.009046 -0.553466
vn -0.991292 0.131683 -0.000001
vn 0.197297 0.020241 -0.980135
vn 0.745619 -0.575120 -0.336585
vn 0.442125 0.574813 0.688560
vn 0.122491 0.922040 -0.367203
vn -0.274033 0.664544 -0.695189
vn -0.420855 0.729513 -0.539159
vn -0.000005 -0.389140 -0.921179
vn 0.645115 -0.660735 0.383739
vn 0.422989 0.732621 0.533242
vn 0.348499 0.201206 0.915459
vn 0.495439 -0.285693 0.820317
vn 0.580385 -0.798070 -0.161982
vn -0.000006 0.725134 -0.688607
vn -0.217769 -0.812781 -0.540337
vn -0.866020 -0.500010 -0.000002
vn 0.405111 0.405099 0.819622
vn 0.198665 0.002663 -0.980064
vn 0.258815 0.965927 -0.000027
vn 0.640340 -0.743686 0.192083
vn -0.777679 0.598210 -0.193290
vn -0.001806 0.355167 -0.934801
vn 0.919324 -0.085032 -0.384205
vn 0.706788 -0.000667 -0.707426
vn 0.551743 -0.000252 -0.834014
vn -0.965925 0.258824 0.000002
vn -0.598186 -0.777687 -0.193331
vn 0.382454 0.000087 -0.923974
vn -0.565841 0.735825 -0.372001
vn -0.147725 0.560078 -0.815162
vn -0.354127 -0.857767 -0.372598
vn -0.094443 -0.710814 -0.697011
vn 0.601534 -0.798847 -0.000008
vn 0.212534 0.028237 0.976746
vn 0.207077 0.055502 0.976749
vn 0.214481 -0.000005 0.976728
vn 0.923651 -0.011344 -0.383067
vn 0.833627 -0.001049 -0.552327
vn -0.030997 0.394833 -0.918230
vn 0.611526 -0.776408 -0.152401
vn -0.924324 0.381609 0.000002
vn -0.000003 -0.561957 -0.827166
vn 0.371439 -0.153041 0.915758
vn 0.199089 0.000306 -0.979981
vn -0.000007 0.845982 -0.533212
vn -0.000151 0.283255 -0.959045
vn -0.000694 0.237614 -0.971359
vn 0.000395 0.316140 -0.948713
vn -0.001190 0.174543 -0.984649
vn -0.693763 0.693800 -0.193221
vn -0.000243 0.025628 -0.999672
vn 0.000849 0.338548 -0.940949
vn -0.490560 -0.849680 -0.193379
vn 0.744652 -0.646744 -0.164973
vn -0.792640 -0.609690 -0.000000
vn -0.707109 -0.707104 -0.000001
vn -0.028243 0.212583 -0.976735
vn -0.001104 0.008312 -0.999965
vn 0.026238 -0.197532 -0.979945
vn -0.972585 -0.129199 0.193352
vn -0.981120 -0.000003 0.193402
vn 0.000652 0.354882 -0.934911
vn -0.000050 0.003461 -0.999994
vn -0.321271 0.778929 -0.538567
vn -0.054924 0.470240 -0.880828
vn 0.212506 -0.028214 0.976752
vn 0.206884 -0.055369 0.976798
vn -0.866027 0.499997 0.000006
vn -0.185939 0.694854 -0.694697
vn 0.975394 -0.095380 -0.198769
vn -0.052997 0.398887 -0.915467
vn -0.906886 -0.374397 0.193352
vn -0.947707 -0.253932 0.193313
vn 0.456209 -0.339834 0.822427
vn 0.000374 0.367858 -0.929882
vn -0.464037 0.804000 -0.371824
vn 0.532657 -0.474846 0.700569
vn 0.572365 -0.819999 -0.000002
vn 0.051261 -0.385900 -0.921116
vn 0.923853 -0.001312 -0.382745
vn -0.240173 -0.896384 -0.372577
vn -0.972584 0.129204 0.193354
vn -0.947704 0.253943 0.193313
vn 0.347415 -0.200342 0.916060
vn 0.602425 -0.777812 0.179144
vn 0.000161 0.377407 -0.926048
vn 0.582791 -0.589791 0.559018
vn 0.318927 0.245349 0.915472
vn 0.284532 0.284534 0.915468
vn -0.849673 -0.490563 0.193403
vn -0.110816 -0.834076 -0.540405
vn 0.616330 -0.689960 0.379597
vn 0.979940 -0.012532 -0.198899
vn 0.707099 0.000000 -0.707114
vn 0.552091 0.000000 -0.833784
vn 0.000003 -0.716933 -0.697142
vn -0.609692 -0.792638 0.000001
vn -0.075454 0.567880 -0.819646
vn -0.000017 0.000399 -1.000000
vn 0.008332 0.001107 0.999965
vn 0.008082 0.002165 0.999965
vn -0.075385 0.578638 -0.812093
vn 0.008518 0.000002 0.999964
vn 0.354952 0.859748 0.367208
vn 0.322841 0.781967 0.533200
vn -0.906883 0.374408 0.193346
vn 0.000043 0.384474 -0.923136
vn -0.792632 0.609701 -0.000004
vn -0.374402 -0.906883 -0.193354
vn 0.349287 0.454093 0.819633
vn 0.185740 0.107239 0.976730
vn 0.169946 0.130743 0.976742
vn 0.074022 -0.557191 -0.827079
vn 0.362584 0.628011 0.688575
vn 0.600975 -0.799268 -0.000000
vn 0.198180 0.081823 0.976744
vn 0.007767 0.003204 0.999965
vn -0.598190 0.777721 -0.193181
vn 0.197583 -0.081494 0.976893
vn -0.000008 0.930134 -0.367220
vn -0.000001 0.411937 -0.911212
vn -0.919915 -0.122201 0.372591
vn -0.927958 0.000000 0.372685
vn -0.896392 -0.240184 0.372550
vn 0.382695 0.000000 -0.923875
vn 0.199187 -0.000000 -0.979962
vn -0.217928 0.814235 -0.538079
vn -0.919909 0.122205 0.372603
vn -0.849675 0.490563 0.193393
vn 0.008300 -0.001114 0.999965
vn 0.007901 -0.002189 0.999966
vn -0.197741 0.023870 -0.979964
vn -0.191186 0.163444 -0.967850
vn -0.354164 0.858257 -0.371434
vn -0.188167 0.221470 -0.956841
vn -0.857767 -0.354123 0.372603
vn -0.499992 -0.866030 0.000003
vn 0.742662 -0.669667 -0.000003
vn -0.095505 0.718862 -0.688561
vn -0.122212 -0.919907 -0.372605
vn -0.182314 0.259923 -0.948262
vn -0.094613 0.713280 -0.694463
vn 0.580378 -0.798074 0.161987
vn -0.693779 -0.693758 0.193314
vn -0.777687 -0.598181 0.193347
vn 0.979974 -0.001447 -0.199122
vn 0.007374 0.004248 0.999964
vn -0.198776 0.003199 -0.980040
vn -0.707104 0.707110 -0.000023
vn -0.170817 0.283603 -0.943605
vn -0.000008 0.480194 -0.877163
vn 0.319169 -0.236954 0.917597
vn 0.094436 -0.710823 -0.697003
vn 0.995150 -0.098374 -0.000008
vn -0.803630 -0.463972 0.372705
vn -0.002182 0.008078 -0.999965
vn 0.051588 -0.192526 -0.979935
vn 0.184444 -0.106521 0.977054
vn -0.197508 -0.026235 0.979950
vn -0.192510 -0.051579 0.979939
vn 0.415926 -0.365224 0.832837
vn -0.199110 0.000003 0.979977
vn -0.253932 -0.947704 -0.193330
vn -0.150746 0.292919 -0.944179
vn -0.055521 0.207123 -0.976738
vn 0.151601 0.151619 0.976744
vn 0.923879 0.000000 -0.382684
vn 0.833780 0.000000 -0.552096
vn 0.100777 -0.376088 -0.921088
vn -0.197536 0.026212 0.979945
vn -0.777676 0.598209 0.193304
vn -0.896387 0.240194 0.372555
vn -0.857774 0.354132 0.372578
vn -0.117816 0.299346 -0.946843
vn -0.490559 0.849735 -0.193140
vn 0.006654 0.005114 0.999965
vn 0.599788 -0.714831 0.359542
vn 0.492970 -0.482284 0.724143
vn -0.199112 0.000368 -0.979977
vn -0.834069 -0.110793 0.540420
vn -0.841321 -0.000002 0.540535
vn 0.999917 -0.012871 -0.000005
vn -0.812771 -0.217775 0.540350
vn -0.735566 -0.565789 0.372593
vn 0.245330 0.318936 0.915474
vn 0.254088 0.948275 0.190299
vn 0.131680 0.991292 -0.000008
vn 0.129268 0.973174 0.190323
vn 0.000000 0.585096 -0.810964
vn -0.076723 0.314708 -0.946083
vn -0.000012 -0.000001 -1.000000
vn 0.276731 0.670283 0.688579
vn 0.007237 -0.003151 0.999969
vn -0.598192 -0.777675 0.193359
vn -0.381595 -0.924330 0.000003
vn 0.567764 -0.596583 0.567215
vn -0.834067 0.110798 0.540422
vn -0.192608 0.051464 0.979925
vn -0.777726 -0.321079 0.540418
vn 0.286439 0.496142 0.819631
vn 0.145499 -0.542994 -0.827036
vn -0.111410 0.838631 -0.533185
vn 0.611513 -0.776417 0.152407
vn -0.034752 0.334549 -0.941737
vn -0.609711 0.792624 -0.000015
vn -0.812763 0.217770 0.540364
vn -0.803638 0.464004 0.372649
vn -0.385906 -0.051269 0.921112
vn -0.376116 -0.100767 0.921077
vn -0.240216 0.896969 -0.371137
vn -0.389135 -0.000001 0.921181
vn -0.728600 -0.420657 0.540545
vn -0.110872 0.835722 -0.537844
vn -0.172411 -0.099552 0.979982
vn -0.184161 -0.076033 0.979951
vn 0.000003 -0.841320 -0.540537
vn 0.110811 -0.834072 -0.540412
vn 0.001875 0.355327 -0.934740
vn -0.385916 0.051234 0.921110
vn -0.693763 0.693798 0.193231
vn -0.710820 -0.094429 0.697007
vn -0.716942 -0.000009 0.697133
vn -0.374370 0.906974 -0.192991
vn -0.656218 -0.656206 0.372521
vn -0.692694 -0.185602 0.696942
vn -0.359831 -0.148554 0.921115
vn -0.148275 0.553378 -0.819627
vn -0.104149 0.388676 -0.915469
vn 0.240745 0.898446 0.367201
vn 0.218973 0.817186 0.533158
vn -0.129210 -0.972583 -0.193357
vn 0.006262 -0.003931 0.999973
vn 0.168959 -0.124207 0.977766
vn -0.777727 0.321078 0.540417
vn -0.710823 0.094416 0.697005
vn 0.031012 0.394744 -0.918268
vn -0.557218 -0.074027 0.827060
vn -0.543040 -0.145501 0.827005
vn 0.005899 0.005909 0.999965
vn -0.561963 -0.000008 0.827163
vn -0.000001 -0.927961 -0.372678
vn 0.744662 -0.646735 0.164960
vn -0.157923 -0.121476 0.979951
vn 0.185608 -0.692689 -0.696944
vn -0.376112 0.100641 0.921092
vn -0.490556 -0.849677 0.193399
vn 0.999999 -0.001486 -0.000002
vn -0.557229 0.074003 0.827055
vn 0.288474 -0.249684 0.924359
vn -0.666923 -0.513003 0.540408
vn 0.000010 0.719512 -0.694480
vn 0.979965 0.000000 -0.199170
vn -0.184433 0.075862 0.979913
vn -0.662802 -0.273637 0.697006
vn -0.620890 -0.358475 0.697131
vn -0.519583 -0.214506 0.827055
vn -0.378638 0.014675 -0.925429
vn -0.366088 0.103350 -0.924823
vn -0.336991 -0.194569 0.921184
vn 0.597376 -0.730203 0.331580
vn -0.692693 0.185572 0.696951
vn 0.054926 0.470158 -0.880871
vn 0.707104 -0.000000 -0.707110
vn 0.552102 0.000000 -0.833777
vn -0.358621 0.136901 -0.923390
vn -0.381460 0.001841 -0.924384
vn 0.975394 -0.095370 0.198777
vn 0.382682 0.000000 -0.923880
vn -0.543032 0.145424 0.827024
vn -0.122495 0.922037 -0.367210
vn -0.728622 0.420713 0.540473
vn -0.565796 -0.735561 0.372593
vn -0.003210 0.007776 -0.999965
vn -0.081833 0.198221 -0.976735
vn -0.486692 -0.280990 0.827149
vn 0.148551 -0.359822 -0.921119
vn 0.076028 -0.184173 -0.979949
vn -0.598195 0.777718 0.193180
vn 0.122477 0.922035 0.367222
vn 0.375040 -0.348262 0.859103
vn -0.343556 0.148714 -0.927283
vn -0.662807 0.273581 0.697022
vn -0.199186 -0.000001 -0.979962
vn 0.201192 0.348499 0.915462
vn -0.187698 0.700491 -0.688536
vn 0.218609 0.529529 0.819640
vn 0.000000 1.000000 0.000001
vn 0.129286 0.973175 -0.190305
vn -0.000003 0.981719 -0.190339
vn -0.308565 -0.237335 0.921119
vn -0.122221 0.920557 -0.370993
vn 0.833777 -0.000000 -0.552101
vn -0.359902 0.148327 0.921124
vn -0.173026 0.099461 0.979882
vn 0.122209 -0.919906 -0.372609
vn 0.979939 -0.012531 0.198903
vn -0.568377 -0.437191 0.697002
vn 0.075382 0.578593 -0.812126
vn -0.253914 0.947796 -0.192899
vn -0.140942 -0.140929 0.979936
vn 0.580966 -0.598195 0.551943
vn -0.318110 0.148514 -0.936349
vn 0.217772 -0.812779 -0.540339
vn -0.000001 -0.981111 -0.193446
vn -0.153546 0.371932 -0.915473
vn 0.214487 -0.519559 -0.827076
vn -0.374400 -0.906881 0.193371
vn 0.005212 -0.000788 0.999986
vn -0.519593 0.214352 0.827089
vn -0.445562 -0.342706 0.827059
vn 0.475909 -0.421050 0.772158
vn 0.000004 0.843027 -0.537872
vn -0.620920 0.358460 0.697111
vn -0.278706 0.136241 -0.950664
vn 0.187694 0.700473 0.688555
vn -0.656233 0.656365 0.372214
vn -0.735584 0.565864 0.372445
vn 0.635307 -0.704298 0.316781
vn -0.258816 -0.965927 -0.000008
vn -0.131696 -0.991290 -0.000012
vn -0.382477 0.000210 -0.923965
vn 0.151806 -0.125177 0.980452
vn -0.463976 -0.803638 0.372683
vn 0.005105 0.006647 0.999965
vn 0.130723 0.169955 0.976743
vn -0.337211 0.194322 0.921156
vn -0.217898 0.133135 -0.966848
vn -0.666979 0.513155 0.540195
vn -0.507091 -0.507069 0.696950
vn -0.594992 -0.594986 0.540348
vn -0.275323 -0.275305 0.921089
vn -0.141589 0.167131 -0.975715
vn -0.063143 0.222174 -0.972960
vn 0.094619 0.713277 -0.694467
vn -0.512995 -0.666914 0.540427
vn -0.381587 0.924333 -0.000033
vn -0.500009 0.866020 -0.000015
vn -0.490559 0.849743 0.193106
vn 0.004886 0.280274 -0.959908
vn 0.979973 -0.001447 0.199127
vn 0.273624 -0.662808 -0.697005
vn -0.218609 0.529532 -0.819638
vn -0.486733 0.280821 0.827182
vn 0.923879 0.000000 -0.382684
vn 0.060319 0.349889 -0.934847
vn -0.218961 0.817189 -0.533159
vn -0.129288 0.973175 -0.190306
vn 0.107250 0.185759 0.976725
vn -0.397526 -0.397509 0.827019
vn -0.158908 0.123526 0.979535
vn -0.565831 0.735827 0.372013
vn 1.000000 0.000000 0.000000
vn 0.255789 -0.228947 0.939231
vn 0.106955 0.443116 -0.890061
vn 0.153546 0.371947 0.915467
vn -0.253936 -0.947699 0.193346
vn 0.199180 0.000000 -0.979963
vn -0.000011 0.000000 -1.000000
vn 0.745629 -0.575113 0.336573
vn 0.240174 -0.896392 -0.372557
vn 0.111406 0.838626 0.533194
vn -0.437189 -0.568366 0.697012
vn 0.099544 -0.172440 -0.979977
vn -0.004257 0.007375 -0.999964
vn -0.420656 -0.728608 0.540535
vn 0.194566 -0.336995 -0.921183
vn 0.129208 -0.972583 -0.193359
vn -0.568454 0.437340 0.696845
vn -0.354127 -0.857771 0.372589
vn 0.147721 0.560051 -0.815182
vn 0.603474 -0.606773 0.517345
vn 0.003718 0.012562 0.999914
vn 0.000002 0.928631 -0.371005
vn -0.595080 0.595353 0.539847
vn -0.107255 0.185774 -0.976721
vn -0.309026 0.237985 0.920797
vn -0.000006 -1.000000 -0.000022
vn -0.546099 -0.001991 -0.837718
vn -0.529515 -0.010023 -0.848242
vn -0.129218 0.972683 -0.192849
vn 0.280985 -0.486670 -0.827164
vn 0.110871 0.835726 -0.537838
vn -0.382682 -0.000000 -0.923880
vn -0.276727 0.670286 -0.688578
vn -0.342708 -0.445555 0.827063
vn 0.321075 -0.777738 -0.540402
vn -0.550247 -0.000556 -0.835002
vn 0.919324 -0.085032 0.384205
vn -0.445707 0.342852 0.826921
vn -0.237340 -0.308562 0.921119
vn -0.121490 -0.157936 0.979947
vn 0.148277 0.553360 0.819638
vn -0.374402 0.906965 0.192971
vn -0.258804 0.965930 -0.000008
vn -0.515322 -0.024842 -0.856636
vn 0.004266 0.007359 0.999964
vn -0.464026 0.804003 0.371832
vn 0.185938 0.694854 -0.694698
vn -0.201208 0.348489 -0.915462
vn -0.358467 -0.620884 0.697140
vn 0.358473 -0.620905 -0.697118
vn 0.132582 -0.100170 0.986097
vn 0.979965 0.000000 -0.199170
vn -0.000003 0.981716 0.190351
vn -0.000004 0.930137 0.367214
vn 0.923647 -0.011342 0.383076
vn 0.081833 0.198218 0.976736
vn -0.129204 -0.972580 0.193376
vn -0.142945 0.150836 0.978169
vn -0.507225 0.507512 0.696531
vn -0.487365 -0.056814 -0.871348
vn -0.131690 0.991291 -0.000015
vn 0.523908 -0.406073 0.748749
vn 0.979964 -0.000000 0.199176
vn 0.343917 -0.270154 0.899298
vn 0.354122 -0.857769 -0.372599
vn -0.240187 -0.896388 0.372557
vn -0.513129 0.667537 0.539530
vn -0.099550 -0.172446 0.979976
vn 0.084288 0.291413 -0.952877
vn 0.002607 0.186861 -0.982383
vn -0.321076 -0.777734 0.540407
vn 0.647967 -0.570552 0.504588
vn -0.551777 -0.000070 -0.833992
vn 0.095491 0.718844 0.688582
vn 0.154558 0.405289 -0.901029
vn -0.199179 0.000000 -0.979963
vn -0.092977 0.084679 -0.992061
vn -0.280960 -0.486672 0.827171
vn -0.276531 0.279243 0.919540
vn -0.397981 0.398590 0.826279
vn 0.122216 0.920563 -0.370982
vn -0.446889 -0.093370 -0.889703
vn 0.000003 0.981222 -0.192882
vn 0.216717 0.531181 -0.819073
vn -0.194547 -0.336995 0.921187
vn 0.217927 0.814238 -0.538074
vn -0.195869 -0.012154 -0.980555
vn -0.286435 0.496128 -0.819642
vn 0.237335 -0.308558 -0.921121
vn 0.342716 -0.445554 -0.827060
vn 0.420654 -0.728600 -0.540548
vn 0.104161 0.388693 0.915461
vn -0.131708 0.991289 0.000008
vn 0.923851 -0.001311 0.382749
vn 0.000975 0.043170 0.999067
vn -0.005129 0.006663 -0.999965
vn 0.121485 -0.157943 -0.979947
vn 0.003210 0.007757 0.999965
vn -0.301256 -0.094028 -0.948896
vn 0.228715 -0.156754 0.960790
vn -0.322833 0.781974 -0.533193
vn -0.389185 -0.129183 -0.912056
vn 0.437200 -0.568387 -0.696988
vn -0.437434 0.569183 0.696192
vn 0.274036 0.664557 -0.695175
vn -0.000016 -0.981112 0.193439
vn -0.273634 -0.662798 0.697011
vn 0.725586 -0.448190 0.522160
vn -0.354176 0.858251 0.371435
vn -0.130756 0.169981 -0.976734
vn -0.420838 0.729497 0.539194
vn -0.122203 -0.919913 0.372595
vn -0.000007 0.845987 0.533204
vn 0.707107 0.000000 -0.707106
vn 0.552098 -0.000000 -0.833779
vn -0.217773 -0.812786 0.540328
vn -0.125795 0.185563 0.974547
vn 0.253929 -0.947705 -0.193327
vn 0.374410 -0.906878 -0.193365
vn -0.552096 0.000000 -0.833781
vn -0.076032 -0.184191 0.979945
vn 0.570405 -0.405162 0.714480
vn -0.343718 0.448597 0.824996
vn 0.131698 -0.991290 -0.000001
vn 0.258826 -0.965924 0.000018
vn 1.000000 -0.000000 -0.000000
vn -0.362580 0.628004 -0.688583
vn 0.240214 0.896975 -0.371125
vn 0.512999 -0.666920 -0.540417
vn 0.129205 0.972684 -0.192851
vn -0.240115 0.320028 0.916475
vn 0.055501 0.207113 0.976742
vn -0.700993 -0.024533 -0.712746
vn -0.671880 -0.170808 -0.720696
vn 0.463984 -0.803621 -0.372710
vn -0.253929 0.947794 0.192889
vn -0.129201 0.972684 0.192856
vn 0.833778 0.000000 -0.552099
vn 0.828294 -0.065821 0.556414
vn 0.115286 -0.032758 0.992792
vn 0.199059 0.362454 -0.910496
vn 0.105850 0.232864 -0.966732
vn 0.321280 0.778924 -0.538569
vn -0.705384 -0.003639 -0.708816
vn -0.148540 -0.359830 0.921118
vn -0.214490 -0.519569 0.827069
vn 0.282660 0.493255 -0.822680
vn 0.000307 0.101431 -0.994843
vn 0.075444 0.567883 0.819644
vn 0.275314 -0.275315 -0.921088
vn 0.397503 -0.397522 -0.827024
vn -0.245324 0.318933 -0.915477
vn 0.140956 -0.140946 -0.979932
vn -0.641331 -0.250184 -0.725329
vn -0.358814 0.622166 0.695817
vn -0.382672 0.000000 -0.923884
vn 0.129214 -0.972581 0.193366
vn -0.115198 -0.031564 -0.992841
vn 0.507083 -0.507096 -0.696936
vn -0.185592 -0.692677 0.696961
vn 0.358843 0.622165 -0.695804
vn 0.832829 -0.009046 0.553457
vn -0.005913 0.005923 -0.999965
vn 0.923879 -0.000000 0.382685
vn -0.240235 0.896975 0.371111
vn -0.129281 0.973175 0.190307
vn -0.122481 0.922035 0.367219
vn -0.321256 0.778921 0.538588
vn -0.000009 -0.927960 0.372680
vn -0.000282 0.101335 0.994852
vn -0.110799 -0.834076 0.540408
vn 0.002149 0.008073 0.999965
vn 0.565794 -0.735557 -0.372602
vn 0.490573 -0.849668 -0.193398
vn -0.258817 0.965927 -0.000022
vn -0.254083 0.948281 -0.190278
vn -0.598174 -0.315006 -0.736858
vn 0.612616 -0.361594 0.702816
vn -0.706805 -0.000426 -0.707408
vn 0.923879 0.000000 -0.382686
vn 0.381610 -0.924324 -0.000004
vn -0.228489 -0.152540 -0.961522
vn -0.282655 0.493289 0.822662
vn 0.354176 0.858249 -0.371441
vn 0.253912 0.947799 -0.192889
vn 0.387426 -0.166889 0.906669
vn 0.301625 -0.111765 0.946853
vn -0.422989 0.732630 -0.533230
vn -0.145508 -0.543029 0.827011
vn 0.000002 1.000000 0.000001
vn 0.000003 0.981225 0.192868
vn -0.151629 0.151630 -0.976738
vn 0.420859 0.729505 -0.539166
vn -0.105858 0.232998 0.966699
vn 0.979964 -0.000000 0.199177
vn -0.349277 0.454096 -0.819635
vn 0.131705 0.991289 0.000001
vn 0.441374 -0.156521 0.883567
vn 0.199176 0.000000 -0.979964
vn -0.000005 0.000000 -1.000000
vn -0.000010 0.725132 0.688610
vn -0.051584 -0.192512 0.979938
vn -0.199070 0.362530 0.910463
vn -0.122221 0.920565 0.370974
vn 0.343726 0.448583 -0.825000
vn 0.240108 0.319985 -0.916492
vn 0.833626 -0.001049 0.552328
vn 0.125772 0.185489 -0.974564
vn -0.094425 -0.710810 0.697017
vn -0.100770 -0.376104 0.921082
vn 0.445527 -0.342703 -0.827080
vn 0.308567 -0.237341 -0.921117
vn 0.157969 -0.121493 -0.979941
vn -0.000000 -0.841318 0.540541
vn -0.541657 -0.347004 -0.765634
vn -0.274011 0.664548 0.695193
vn 0.253953 -0.947698 0.193330
vn -0.344423 -0.258773 -0.902446
vn 0.196179 -0.018448 0.980395
vn -0.000979 0.043216 -0.999065
vn 0.437446 0.569194 -0.696175
vn 0.568369 -0.437193 -0.697007
vn -0.254093 0.948279 0.190272
vn -0.006657 0.005134 -0.999965
vn 0.653857 -0.269694 0.706920
vn -0.217946 0.814236 0.538070
vn 0.122209 -0.919920 0.372576
vn 0.594992 -0.594992 -0.540342
vn 0.656205 -0.656210 -0.372536
vn 0.598178 -0.777692 -0.193336
vn -0.111408 0.838619 0.533204
vn -0.284525 0.284513 -0.915477
vn -0.707095 0.000000 -0.707118
vn 0.464039 0.803995 -0.371834
vn 0.374388 0.906968 -0.192983
vn -0.132498 -0.099534 -0.986173
vn -0.074024 -0.557233 0.827050
vn 0.093121 0.082935 0.992195
vn 0.513145 0.667546 -0.539504
vn -0.482902 -0.394219 -0.781919
vn 0.979965 -0.000000 -0.199171
vn 0.129216 0.972684 0.192844
vn -0.216715 0.531202 0.819060
vn 0.666922 -0.512996 -0.540417
vn 0.479671 -0.143376 0.865656
vn -0.000001 0.572895 0.819629
vn -0.442136 0.574806 -0.688559
vn -0.169984 0.130764 -0.976732
vn 0.397974 0.398594 -0.826281
vn 0.276532 0.279222 -0.919546
vn -0.829475 -0.047369 -0.556531
vn -0.766240 -0.339843 -0.545328
vn 0.700191 -0.039387 0.712868
vn 0.000002 0.928631 0.371004
vn 0.486652 -0.280979 -0.827177
vn 0.336989 -0.194563 -0.921186
vn -0.832921 -0.006548 -0.553353
vn 0.142911 0.150791 -0.978181
vn -0.552091 0.000000 -0.833784
vn 0.000004 -0.716934 0.697141
vn -0.002577 0.186727 0.982409
vn 0.507228 0.507537 -0.696511
vn 0.172451 -0.099573 -0.979972
vn 0.001109 0.008312 0.999965
vn 0.028249 0.212545 0.976743
vn -0.199177 0.000000 -0.979964
vn -0.051267 -0.385904 0.921114
vn 0.620889 -0.358477 -0.697130
vn -0.154563 0.405409 0.900974
vn 0.374406 -0.906877 0.193375
vn -0.185938 0.694845 0.694707
vn 0.735562 -0.565788 -0.372603
vn -0.704157 -0.465977 -0.535751
vn -0.084288 0.291593 0.952821
vn -0.465061 0.805518 -0.367233
vn -0.354938 0.859759 -0.367197
vn 0.693756 -0.693782 -0.193312
vn -0.255562 -0.226645 -0.939851
vn -0.003731 0.012597 -0.999914
vn -0.026242 -0.197503 0.979951
vn 0.833779 -0.000000 0.552099
vn 0.705235 -0.005710 0.708951
vn 0.240194 -0.896390 0.372548
vn -0.110898 0.835724 0.537836
vn -0.007368 0.004246 -0.999964
vn 0.565835 0.735829 -0.372003
vn -0.405098 0.405096 -0.819630
vn 0.500002 -0.866025 0.000000
vn 0.609674 -0.792652 0.000004
vn 0.490563 0.849734 -0.193130
vn 0.595082 0.595361 -0.539836
vn 0.110799 -0.834072 0.540415
vn 0.728605 -0.420654 -0.540541
vn -0.095501 0.718848 0.688576
vn 0.000003 0.402432 0.915450
vn 0.053008 0.398891 0.915465
vn -0.318931 0.245319 -0.915479
vn -0.833635 -0.000760 -0.552315
vn 0.258803 0.965930 -0.000010
vn 0.253928 0.947799 0.192867
vn 0.445714 0.342846 -0.826919
vn 0.309042 0.237980 -0.920793
vn 0.381596 0.924329 -0.000023
vn 0.923879 0.000000 0.382686
vn 0.508403 -0.119473 0.852791
vn -0.651256 -0.530285 -0.542829
vn 0.359817 -0.148552 -0.921121
vn 0.519559 -0.214497 -0.827073
vn 0.000009 -0.561988 0.827145
vn 0.568450 0.437338 -0.696850
vn 0.662803 -0.273632 -0.697006
vn 0.158866 0.123483 -0.979548
vn -0.151768 -0.124893 -0.980494
vn -0.147714 0.560094 0.815154
vn 0.122235 0.920566 0.370966
vn -0.515789 0.670565 -0.533203
vn -0.185777 0.107264 -0.976720
vn 0.490558 -0.849678 0.193392
vn 0.706794 -0.000666 0.707419
vn 0.777687 -0.598184 -0.193337
vn -0.375392 -0.342544 -0.861246
vn 0.656231 0.656381 -0.372189
vn 1.000000 -0.000000 0.000000
vn 0.666988 0.513164 -0.540176
vn 0.803628 -0.463974 -0.372707
vn 0.000002 0.214476 0.976729
vn -0.005239 -0.000790 -0.999986
vn 0.598190 0.777723 -0.193172
vn 0.000001 -0.389132 0.921182
vn -0.094631 0.713289 0.694452
vn 0.707100 -0.707114 -0.000005
vn 0.486714 0.280815 -0.827195
vn 0.337231 0.194334 -0.921146
vn 0.354124 -0.857768 0.372599
vn 0.707101 0.000000 -0.707113
vn 0.552087 0.000000 -0.833787
vn -0.106940 0.443244 0.889999
vn 0.219185 0.116341 0.968722
vn 0.280426 0.102504 0.954387
vn 0.620922 0.358452 -0.697114
vn 0.543007 -0.145503 -0.827026
vn 0.692698 -0.185607 -0.696936
vn -0.381596 0.924329 -0.000014
vn -0.374628 0.907436 0.190298
vn 0.094422 -0.710813 0.697015
vn 0.382683 -0.000000 -0.923880
vn 0.382694 0.000000 -0.923875
vn -0.611564 -0.549895 -0.568862
vn 0.376088 -0.100775 -0.921088
vn -0.075450 0.567911 0.819625
vn -0.490859 0.850194 -0.190337
vn -0.374623 0.907436 -0.190309
vn 0.525221 -0.086305 0.846578
vn 0.142256 0.160481 0.976734
vn 0.217770 -0.812760 0.540367
vn 0.500012 0.866018 -0.000018
vn -0.007764 0.003192 -0.999965
vn 0.184177 -0.076041 -0.979947
vn -0.512798 0.512795 -0.688534
vn 0.173013 0.099427 -0.979888
vn -0.240738 0.898444 0.367211
vn -0.218957 0.817164 0.533199
vn -0.454076 0.349263 -0.819653
vn 0.374397 0.906971 0.192952
vn 0.000005 0.008494 0.999964
vn -0.382675 0.000000 -0.923883
vn -0.833772 0.000000 -0.552109
vn 0.777726 -0.321082 -0.540415
vn 0.812768 -0.217790 -0.540348
vn 0.319459 0.097185 0.942603
vn -0.060303 0.350056 0.934786
vn 0.063336 0.220360 0.973360
vn -0.288411 -0.248681 -0.924649
vn -0.000003 -0.199110 0.979977
vn 0.728642 0.420702 -0.540454
vn 0.192522 -0.051581 -0.979936
vn 0.735582 0.565880 -0.372423
vn -0.004845 0.280095 0.959960
vn 0.849674 -0.490560 -0.193403
vn -0.348492 0.201207 -0.915461
vn 0.519556 0.214344 -0.827114
vn 0.359913 0.148335 -0.921118
vn 0.662807 0.273574 -0.697025
vn 0.557193 -0.074017 -0.827078
vn 0.385895 -0.051258 -0.921118
vn 0.240236 0.896982 0.371094
vn 0.710830 -0.094427 -0.696997
vn -0.168947 -0.124123 -0.977778
vn 0.598176 -0.777691 0.193345
vn -0.707099 0.000000 -0.707114
vn 0.693767 0.693796 -0.193223
vn -0.920952 -0.063886 -0.384405
vn -0.807648 -0.467802 -0.358978
vn 0.545543 -0.012922 0.837983
vn -0.006280 -0.003970 -0.999972
vn -0.075387 0.578651 0.812084
vn -0.923709 -0.008542 -0.382999
vn -0.000000 0.843027 0.537871
vn 0.000002 0.719533 0.694458
vn 0.792640 -0.609689 -0.000004
vn 0.184451 0.075874 -0.979909
vn 0.197524 -0.026227 -0.979947
vn 0.857760 -0.354134 -0.372607
vn 0.896385 -0.240194 -0.372561
vn 0.777750 0.321069 -0.540389
vn 0.074021 -0.557235 0.827049
vn -0.567095 0.737265 -0.367209
vn 0.834080 -0.110800 -0.540401
vn 0.692694 0.185567 -0.696951
vn 0.543000 0.145411 -0.827047
vn 0.376080 0.100640 -0.921105
vn -0.053004 0.398888 0.915467
vn 0.716943 0.000003 -0.697132
vn 0.561960 0.000009 -0.827165
vn 0.389139 0.000009 -0.921179
vn -0.582424 -0.573211 -0.576379
vn 0.803640 0.464014 -0.372631
vn 0.344363 0.086511 0.934842
vn 0.609701 0.792632 0.000004
vn 0.463981 -0.803631 0.372690
vn -0.198213 0.081828 -0.976737
vn -0.008073 0.002166 -0.999965
vn -0.710677 -0.614487 -0.342555
vn 0.557212 0.073993 -0.827067
vn 0.710829 0.094416 -0.696999
vn 0.385885 0.051212 -0.921124
vn 0.906886 -0.374403 -0.193342
vn 0.490559 0.849743 0.193100
vn 0.812774 0.217771 -0.540347
vn 0.707109 -0.000000 0.707105
vn 0.841322 0.000003 -0.540535
vn 0.550103 -0.002123 0.835094
vn 0.923879 0.000000 -0.382684
vn 0.833780 0.000000 -0.552096
vn -0.495926 -0.473173 -0.728124
vn 0.192628 0.051474 -0.979921
vn 0.199131 0.000006 -0.979973
vn 0.321073 -0.777715 0.540436
vn 0.185592 -0.692686 0.696951
vn 0.777675 0.598211 -0.193300
vn 0.834074 0.110808 -0.540410
vn -0.187690 0.700473 0.688557
vn -0.354943 0.859748 0.367219
vn 0.919913 -0.122197 -0.372597
vn -0.007260 -0.003155 -0.999969
vn -0.416214 -0.363027 -0.833653
vn -0.054935 0.470231 0.880832
vn 0.857780 0.354124 -0.372573
vn -0.008349 0.001119 -0.999965
vn -0.574799 0.442124 -0.688572
vn 0.197555 0.026185 -0.979942
vn 0.833779 -0.000000 0.552099
vn -0.598221 0.598221 -0.533163
vn 0.051273 -0.385890 0.921119
vn 0.199176 0.000000 -0.979964
vn 0.000000 0.000000 -1.000000
vn -0.184460 -0.106524 -0.977050
vn 0.693776 -0.693759 0.193322
vn -0.028251 0.212554 0.976741
vn -0.923863 -0.000988 -0.382723
vn -0.319165 -0.236713 -0.917660
vn 0.866025 -0.500002 0.000004
vn 0.354175 0.858258 0.371419
vn -0.657230 -0.667361 -0.350253
vn -0.496111 0.286426 -0.819655
vn 0.896396 0.240189 -0.372536
vn 0.947702 -0.253942 -0.193323
vn 0.927962 0.000003 -0.372674
vn 0.707110 0.707104 0.000003
vn 0.358898 0.073618 0.930469
vn 0.919914 0.122214 -0.372588
vn 0.849671 0.490568 -0.193394
vn -0.007894 -0.002189 -0.999967
vn -0.207096 0.055492 -0.976746
vn -0.031007 0.394839 0.918227
vn -0.008538 0.000010 -0.999964
vn 0.110901 0.835720 0.537841
vn 0.217950 0.814228 0.538080
vn -0.001109 0.008313 0.999965
vn 0.420656 -0.728606 0.540538
vn 0.551757 -0.000251 0.834005
vn 0.094644 0.713300 0.694439
vn 0.565793 -0.735570 0.372579
vn 0.598177 0.777732 0.193176
vn 0.026252 -0.197522 0.979947
vn -0.371940 0.153560 -0.915467
vn 0.273637 -0.662797 0.697010
vn -0.008283 -0.001138 -0.999965
vn 0.972586 -0.129209 -0.193345
vn -0.001812 0.355136 0.934813
vn 0.145496 -0.543035 0.827009
vn -0.148284 0.553391 0.819616
vn -0.197603 -0.081514 -0.976887
vn 0.924330 -0.381594 -0.000002
vn -0.552091 -0.000000 -0.833784
vn -0.598547 0.778153 -0.190314
vn -0.212571 0.028236 -0.976738
vn -0.499996 0.866028 0.000008
vn -0.490853 0.850196 0.190340
vn -0.639004 -0.673895 -0.370863
vn 0.792639 0.609692 -0.000007
vn 0.034972 0.333330 0.942161
vn -0.589206 -0.579590 -0.562949
vn 0.979965 0.000000 -0.199169
vn 0.981121 -0.000000 -0.193396
vn -0.322829 0.781957 0.533221
vn 0.365503 0.053737 0.929258
vn 0.947703 0.253940 -0.193322
vn 0.906888 0.374396 -0.193342
vn 0.077398 0.310628 0.947375
vn 0.464027 0.804004 0.371830
vn -0.347424 -0.200322 -0.916061
vn 0.972586 0.129209 -0.193344
vn -0.533978 -0.471542 -0.701795
vn 0.119211 0.289447 0.949741
vn -0.206892 -0.055382 -0.976795
vn 0.152805 0.274011 0.949510
vn -0.456313 -0.339299 -0.822590
vn -0.214543 0.000008 -0.976715
vn 0.965926 -0.258817 0.000004
vn -0.000003 0.480189 0.877165
vn -0.000005 0.585121 0.810946
vn -0.199177 -0.000000 -0.979964
vn 0.866026 0.500000 -0.000005
vn 0.656224 -0.656198 0.372524
vn -0.977333 -0.072534 -0.198893
vn -0.821099 -0.542241 -0.178243
vn 0.100766 -0.376096 0.921085
vn -0.388677 0.104145 -0.915469
vn 0.321252 0.778916 0.538597
vn -0.627998 0.362573 -0.688593
vn 0.378203 0.007463 0.925692
vn -0.212547 -0.028216 -0.976743
vn -0.979981 -0.009545 -0.198865
vn 0.075395 0.578614 0.812110
vn 0.979964 -0.000000 0.199176
vn 0.923878 0.000000 0.382688
vn 0.172427 0.256201 0.951120
vn 0.185949 0.694866 0.694683
vn 0.991289 -0.131702 -0.000000
vn -0.697131 -0.697459 -0.166011
vn 0.358477 -0.620889 0.697130
vn -0.636862 -0.667738 -0.385399
vn -0.529514 0.218610 -0.819649
vn 0.924329 0.381597 0.000002
vn -0.371443 -0.153057 -0.915753
vn 0.513003 -0.666927 0.540404
vn -0.398879 0.052983 -0.915472
vn 0.565823 0.735838 0.372003
vn 0.000007 0.411936 0.911213
vn 0.051586 -0.192525 0.979935
vn 0.381332 0.000788 0.924438
vn -0.104150 0.388676 0.915469
vn -0.055505 0.207115 0.976741
vn -0.979975 -0.001103 -0.199116
vn 0.552094 -0.000000 0.833782
vn -0.276727 0.670288 0.688576
vn 1.000000 -0.000001 0.000000
vn 0.965925 0.258822 -0.000001
vn -0.465059 0.805512 0.367249
vn -0.609688 0.792642 0.000010
vn 0.183083 0.228046 0.956282
vn 0.991289 0.131703 -0.000000
vn -0.646355 -0.743631 -0.170991
vn -0.002172 0.008083 0.999965
vn 0.735572 -0.565780 0.372594
vn 0.777687 -0.598177 0.193357
vn -0.495453 -0.285679 -0.820313
vn -0.388517 -0.103911 -0.915564
vn 0.000048 0.384443 0.923149
vn -0.402408 0.000004 -0.915461
vn 0.054935 0.470151 0.880875
vn 0.420838 0.729497 0.539193
vn 0.707097 0.000000 -0.707117
vn 0.552087 0.000000 -0.833787
vn 1.000000 0.000000 -0.000000
vn 0.214502 -0.519575 0.827062
vn 0.148542 -0.359832 0.921117
vn -0.579155 -0.431700 -0.691530
vn 0.382690 0.000000 -0.923877
vn -0.626398 -0.556702 -0.545627
vn -0.398862 -0.052920 -0.915483
vn 0.693754 0.693806 0.193232
vn 0.656225 0.656382 0.372197
vn 0.382451 0.000087 0.923976
vn -0.553379 0.148273 -0.819626
vn 0.187992 0.190129 0.963592
vn 0.947706 -0.253935 0.193315
vn 0.906885 -0.374399 0.193352
vn 0.274012 0.664561 0.695180
vn 0.147723 0.560071 0.815168
vn -0.694186 0.694181 -0.190309
vn -0.657722 0.657714 -0.367172
vn 0.000169 0.377395 0.926052
vn -0.646131 -0.740714 -0.184005
vn 0.595010 -0.594976 0.540340
vn -0.670576 0.515797 -0.533180
vn -0.732640 0.422995 -0.533211
vn 0.280993 -0.486668 0.827162
vn 0.833779 -0.000000 -0.552099
vn -0.707103 -0.000000 -0.707111
vn -0.654213 -0.650317 -0.386126
vn 0.803628 -0.463991 0.372686
vn 0.849670 -0.490568 0.193401
vn -0.218618 0.529544 0.819627
vn -0.382690 -0.000000 -0.923877
vn 0.972584 -0.129212 0.193349
vn 0.199176 0.000000 -0.979964
vn -0.529267 -0.218060 -0.819955
vn -0.670296 0.276715 -0.688572
vn 0.000388 0.367893 0.929868
vn -0.422977 0.732627 0.533243
vn 0.031015 0.394735 0.918272
vn -0.567902 0.075440 -0.819632
vn -0.737278 0.567093 -0.367189
vn 0.437183 -0.568371 0.697012
vn 0.189820 0.139017 0.971927
vn 0.076026 -0.184192 0.979945
vn 0.906889 0.374395 0.193340
vn 0.947708 0.253930 0.193310
vn 0.000659 0.354894 0.934906
vn 0.981121 0.000003 0.193397
vn 0.513139 0.667540 0.539517
vn 0.777677 0.598205 0.193311
vn 0.735591 0.565869 0.372423
vn -0.923883 0.000000 -0.382676
vn -0.979965 0.000000 -0.199170
vn 0.972586 0.129215 0.193340
vn -0.997189 -0.074922 -0.000001
vn -0.824350 -0.566080 -0.000001
vn -0.999952 -0.009818 0.000001
vn 0.857768 -0.354127 0.372596
vn 0.197307 0.020233 0.980133
vn -0.663891 -0.722173 -0.194203
vn 0.000857 0.338504 0.940964
vn -0.553314 -0.147966 -0.819726
vn -0.689886 -0.723918 0.000000
vn 0.666929 -0.512992 0.540412
vn -0.003217 0.007772 0.999965
vn -0.627596 -0.362066 -0.689225
vn -0.572885 -0.000002 -0.819636
vn 0.923882 -0.000000 -0.382678
vn 0.833778 0.000000 0.552100
vn 0.106933 0.443104 0.890070
vn 0.358830 0.622164 0.695811
vn 0.001873 0.355306 0.934748
vn 0.194560 -0.336990 0.921186
vn -0.081822 0.198210 0.976739
vn 0.216714 0.531194 0.819065
vn -0.567884 -0.075346 -0.819653
vn 0.198656 0.002663 0.980066
vn -0.000004 0.000000 -1.000000
vn 0.000403 0.316156 0.948707
vn -0.999999 -0.001134 0.000000
vn -0.640308 -0.768119 0.000006
vn -0.676392 -0.504489 -0.536642
vn -0.700494 0.187685 -0.688536
vn 0.896391 -0.240186 0.372551
vn -0.707109 0.707105 -0.000007
vn 0.595081 0.595366 0.539832
vn 0.728598 -0.420673 0.540536
vn 0.507078 -0.507076 0.696954
vn -0.692570 -0.614287 -0.378151
vn 0.803647 0.464005 0.372626
vn 0.849675 0.490564 0.193388
vn 0.857772 0.354138 0.372577
vn -0.362583 0.628012 0.688575
vn -0.034750 0.334545 0.941739
vn -0.000151 0.283328 0.959023
vn 0.342722 -0.445555 0.827057
vn 0.919912 -0.122212 0.372594
vn -0.670196 -0.276211 -0.688872
vn 0.707104 -0.000000 0.707109
vn 0.552099 -0.000000 0.833779
vn -0.646743 -0.762708 0.000005
vn -0.781981 0.322830 -0.533184
vn 0.060308 0.349878 0.934852
vn -0.718859 0.095499 -0.688565
vn 0.896389 0.240183 0.372558
vn 0.099550 -0.172444 0.979976
vn -0.692666 -0.693805 -0.197102
vn 0.199075 0.000306 0.979984
vn 0.437464 0.569200 0.696159
vn 0.927954 0.000007 0.372695
vn -0.805513 0.465068 -0.367234
vn 0.568365 -0.437183 0.697017
vn 0.919910 0.122205 0.372602
vn 0.666984 0.513168 0.540177
vn -0.076725 0.314734 0.946074
vn -0.000708 0.237618 0.971359
vn 0.979965 0.000000 -0.199170
vn -0.552095 -0.000000 -0.833781
vn -0.598541 0.778154 0.190332
vn -0.694187 0.694181 0.190309
vn 0.154547 0.405285 0.901033
vn -0.286454 0.496148 0.819623
vn 0.282676 0.493266 0.822668
vn 0.777723 -0.321076 0.540424
vn -0.700467 -0.187350 -0.688656
vn -0.725149 0.000003 -0.688592
vn -0.732303 -0.422655 -0.533943
vn -0.001207 0.174551 0.984647
vn -0.004252 0.007367 0.999964
vn -0.117830 0.299362 0.946836
vn -0.821095 -0.542249 0.178236
vn -0.977330 -0.072531 0.198913
vn -0.671941 -0.740605 0.000003
vn 0.004906 0.280267 0.959910
vn -0.979980 -0.009543 0.198868
vn -0.199176 -0.000000 -0.979964
vn 0.728625 0.420719 0.540463
vn -1.000000 0.000000 -0.000003
vn -0.201201 0.348500 0.915459
vn -0.153543 0.371930 0.915474
vn -0.718837 -0.095385 -0.688604
vn 0.237343 -0.308551 0.921121
vn -0.697134 -0.697453 0.166024
vn -0.000236 0.025627 0.999672
vn 0.397515 -0.397528 0.827015
vn 0.707098 0.000000 -0.707115
vn 0.552086 0.000000 -0.833787
vn 0.507244 0.507537 0.696498
vn -0.744994 -0.554666 -0.370580
vn -0.817184 0.218957 -0.533168
vn 0.382680 0.000000 -0.923881
vn 0.620884 -0.358471 0.697138
vn -0.150756 0.292909 0.944181
vn 0.979964 0.000000 0.199177
vn 0.923878 -0.000000 0.382686
vn -0.000063 0.003459 0.999994
vn -0.646363 -0.743623 0.170995
vn 0.777720 0.321088 0.540420
vn -0.734454 -0.650066 -0.194913
vn 0.084290 0.291413 0.952876
vn -0.063131 0.222165 0.972963
vn 0.833777 0.000001 -0.552102
vn -0.792643 0.609686 -0.000015
vn -0.778155 0.598542 -0.190323
vn 0.834077 -0.110802 0.540405
vn 0.812766 -0.217779 0.540356
vn 0.707104 0.000000 0.707110
vn -0.781942 -0.322372 -0.533520
vn 0.343736 0.448591 0.824992
vn -0.859745 0.354942 -0.367226
vn -0.515778 0.670569 0.533208
vn -0.442124 0.574798 0.688574
vn -0.170817 0.283580 0.943613
vn 0.445542 -0.342710 0.827069
vn -0.567088 0.737271 0.367209
vn -0.657712 0.657717 0.367182
vn 0.199183 0.000000 -0.979962
vn 0.382689 -0.000000 0.923877
vn 0.199184 0.000000 0.979962
vn 0.812764 0.217766 0.540363
vn 0.199065 0.362442 0.910499
vn -0.850190 0.490866 -0.190333
vn -0.705294 -0.708915 -0.000004
vn -0.979975 -0.001103 0.199116
vn -0.646132 -0.740707 0.184027
vn 0.121478 -0.157939 0.979948
vn 0.568446 0.437355 0.696843
vn 0.834070 0.110792 0.540419
vn -0.838620 0.111414 -0.533201
vn 0.841321 0.000007 0.540535
vn -0.182317 0.259948 0.948255
vn -0.000017 0.000400 1.000000
vn 1.000000 0.000000 0.000000
vn -0.141600 0.167126 0.975714
vn 0.662800 -0.273636 0.697008
vn -0.817211 -0.218623 -0.533264
vn 0.275315 -0.275312 0.921089
vn -0.188159 0.221506 0.956834
vn -0.845972 0.000008 -0.533228
vn -0.805298 -0.464819 -0.368021
vn 0.382691 -0.000000 0.923876
vn 0.002632 0.186869 0.982381
vn 0.923881 0.000001 -0.382679
vn -0.349295 0.454107 0.819622
vn -0.807639 -0.467823 0.358971
vn -0.920954 -0.063881 0.384400
vn -0.923710 -0.008541 0.382996
vn -0.005117 0.006646 0.999965
vn -0.191185 0.163449 0.967850
vn -0.710673 -0.614496 0.342547
vn 0.620927 0.358471 0.697100
vn -0.217907 0.133122 0.966848
vn 0.397969 0.398589 0.826286
vn -0.663893 -0.722171 0.194203
vn -0.382686 -0.000000 -0.923878
vn -0.838631 -0.111289 -0.533210
vn -0.197738 0.023873 0.979964
vn -0.000010 0.000001 -1.000000
vn -0.707104 -0.000000 -0.707110
vn -0.787597 -0.585480 -0.192103
vn -0.898449 0.240739 -0.367199
vn 0.692697 -0.185613 0.696935
vn -0.657236 -0.667355 0.350254
vn -0.245333 0.318955 0.915467
vn 0.105855 0.232865 0.966731
vn -0.107235 0.185757 0.976727
vn -0.130725 0.169955 0.976743
vn 0.240119 0.319986 0.916489
vn -0.748840 -0.662751 -0.000002
vn -0.278702 0.136268 0.950661
vn 0.707096 0.000000 -0.707118
vn 0.552084 -0.000000 -0.833789
vn 0.308552 -0.237344 0.921121
vn -0.198759 0.003197 0.980043
vn -0.092985 0.084662 0.992062
vn 0.662819 0.273590 0.697008
vn 0.710841 -0.094429 0.696985
vn 0.383746 -0.000000 -0.923439
vn -0.907432 0.374630 -0.190316
vn -0.639005 -0.673900 0.370851
vn 0.140922 -0.140926 0.979939
vn -0.866020 0.500009 0.000000
vn -0.859798 -0.354496 -0.367532
vn -0.318108 0.148517 0.936349
vn 0.979963 0.000000 0.199180
vn 0.692708 0.185572 0.696936
vn 0.716955 0.000005 0.697119
vn 0.833775 -0.000000 -0.552105
vn 0.445707 0.342852 0.826921
vn -0.923860 -0.000988 0.382730
vn -0.343556 0.148724 0.927281
vn -0.979965 0.000000 0.199169
vn 0.000000 0.000000 1.000000
vn -0.922032 0.122487 -0.367224
vn -0.199097 0.000369 0.979980
vn 0.833780 -0.000000 0.552097
vn 0.710841 0.094410 0.696987
vn -0.195890 -0.012166 0.980550
vn -0.692676 -0.693795 0.197100
vn -0.766257 -0.339835 0.545310
vn -0.829491 -0.047374 0.556508
vn -0.358606 0.136944 0.923389
vn 0.205009 0.000001 -0.978760
vn -0.778160 0.598533 0.190330
vn -0.737268 0.567090 0.367213
vn 0.979964 0.000001 -0.199176
vn -0.598216 0.598219 0.533171
vn -0.512786 0.512789 0.688548
vn -0.979965 -0.000000 -0.199170
vn -1.000000 -0.000000 -0.000006
vn -0.832926 -0.006550 0.553346
vn -0.704154 -0.466012 0.535725
vn 0.000316 0.101445 0.994841
vn 0.519567 -0.214500 0.827067
vn 0.486670 -0.280973 0.827168
vn -0.366104 0.103337 0.924819
vn -0.378667 0.014676 0.925417
vn -0.636859 -0.667744 0.385395
vn -0.850174 -0.490665 -0.190924
vn -0.898512 -0.240390 -0.367271
vn -0.651261 -0.530303 0.542805
vn 0.276526 0.279234 0.919544
vn 0.707098 -0.000002 -0.707116
vn 0.552216 -0.000001 -0.833701
vn -0.005919 0.005905 0.999965
vn -0.301254 -0.094035 0.948896
vn 0.336998 -0.194557 0.921184
vn 0.125788 0.185485 0.974563
vn -0.198711 0.000001 -0.980058
vn -0.930131 -0.000000 -0.367229
vn 0.486743 0.280830 0.827173
vn -0.850193 0.490862 0.190331
vn 0.157933 -0.121481 0.979949
vn -0.381459 0.001841 0.924384
vn -0.802646 -0.596456 0.000009
vn 0.923880 0.000000 -0.382681
vn -0.405112 0.405111 0.819615
vn -0.922059 -0.122358 -0.367201
vn -0.611581 -0.549902 0.568838
vn -0.389174 -0.129174 0.912062
vn -0.833643 -0.000761 0.552303
vn -0.948276 0.254090 -0.190292
vn 0.833777 -0.000005 -0.552102
vn 0.707100 0.000003 -0.707114
vn 0.556071 0.000000 -0.831135
vn 0.543024 -0.145501 0.827015
vn 0.199182 -0.000000 0.979963
vn -0.446869 -0.093351 0.889715
vn 0.396131 -0.000000 -0.918194
vn 0.468653 -0.000000 -0.883382
vn 0.468659 -0.000003 -0.883379
vn 0.463546 -0.000003 -0.886073
vn -0.671878 -0.170807 0.720697
vn -0.700983 -0.024537 0.712755
vn -0.487358 -0.056829 0.871351
vn -0.115225 -0.031593 0.992837
vn -0.151606 0.151603 0.976746
vn -0.515323 -0.024802 0.856637
vn -0.641349 -0.250167 0.725319
vn 0.707098 0.000015 -0.707115
vn 0.562040 0.000004 -0.827110
vn -0.529507 -0.010054 0.848246
vn -0.705377 -0.003640 0.708823
vn -0.546113 -0.001993 0.837710
vn 0.293254 0.000002 -0.956035
vn 0.293253 0.000002 -0.956035
vn 0.265503 0.000003 -0.964110
vn 0.006050 0.000002 -0.999982
vn -0.284534 0.284535 0.915467
vn 0.833774 0.000006 -0.552106
vn -0.552095 0.000000 -0.833781
vn 0.519595 0.214357 0.827087
vn -0.598149 -0.315054 0.736858
vn -0.670566 0.515796 0.533194
vn 0.557235 -0.074018 0.827049
vn -0.924325 0.381607 0.000010
vn -0.734452 -0.650069 0.194913
vn -0.535102 -0.325755 -0.779455
vn -0.594926 -0.128234 -0.793486
vn -0.588014 -0.113308 -0.800875
vn -0.491672 -0.232431 -0.839187
vn 0.309040 0.237980 0.920793
vn -0.550269 -0.000555 0.834988
vn -0.654219 -0.650308 0.386131
vn -0.907567 -0.374182 -0.190549
vn -0.582431 -0.573220 0.576361
vn -0.382473 0.000210 0.923967
vn -0.541658 -0.346987 0.765642
vn -0.228512 -0.152543 0.961516
vn -0.923879 0.000000 0.382684
vn 0.543026 0.145415 0.827029
vn -0.000976 0.043220 0.999065
vn 0.561979 -0.000001 0.827152
vn 0.923879 -0.000006 -0.382684
vn -0.199182 0.000000 0.979963
vn -0.006654 0.005116 0.999965
vn -0.482910 -0.394206 0.781920
vn 0.142921 0.150805 0.978178
vn -0.706818 -0.000426 0.707395
vn -0.973176 0.129277 -0.190305
vn 0.359820 -0.148545 0.921121
vn 0.557223 0.073993 0.827060
vn 0.172433 -0.099548 0.979978
vn 1.000000 0.000001 0.000002
vn -0.344439 -0.258759 0.902444
vn 0.923880 -0.000000 -0.382683
vn -0.805514 0.465066 0.367235
vn -0.866121 -0.499835 0.000015
vn 0.923879 -0.000000 0.382685
vn 0.979964 0.000000 -0.199175
vn -0.574802 0.442133 0.688564
vn -0.551790 -0.000069 0.833983
vn -0.948357 -0.253729 -0.190372
vn 0.337228 0.194333 0.921147
vn -0.907432 0.374632 0.190308
vn -0.981720 -0.000007 -0.190333
vn -0.589210 -0.579588 0.562947
vn -0.132530 -0.099559 0.986166
vn -0.381520 0.000000 -0.924360
vn -0.965927 0.258813 0.000009
vn 0.376081 -0.100766 0.921091
vn -0.973190 -0.129146 -0.190323
vn 0.707110 -0.000000 0.707104
vn -0.193973 0.000002 -0.981007
vn -0.692569 -0.614285 0.378157
vn -0.787590 -0.585486 0.192116
vn -0.454104 0.349288 0.819627
vn 0.158890 0.123515 0.979540
vn -0.833781 0.000000 0.552095
vn -0.169955 0.130722 0.976743
vn -0.318944 0.245322 0.915474
vn 0.359910 0.148342 0.921119
vn -0.382689 0.000000 0.923877
vn -0.979966 0.000000 0.199166
vn 0.979965 -0.000007 -0.199168
vn -0.003747 0.012579 0.999914
vn 0.552102 -0.000000 0.833777
vn 0.382688 -0.000000 0.923878
vn 0.385885 -0.051252 0.921122
vn 0.000000 -0.000001 1.000000
vn -0.007354 0.004253 0.999964
vn -0.255577 -0.226648 0.939846
vn -0.495914 -0.473170 0.728135
vn -0.732635 0.422994 0.533219
vn -0.924509 -0.381161 0.000010
vn 0.979965 -0.000002 -0.199172
vn -0.375375 -0.342532 0.861258
vn 0.184167 -0.076028 0.979950
vn 0.979962 0.000000 0.199183
vn 0.376112 0.100642 0.921092
vn 0.389132 -0.000007 0.921182
vn -0.991292 0.131685 0.000002
vn -0.503702 -0.358627 -0.785920
vn -0.478817 -0.209158 -0.852636
vn -0.428672 -0.195474 -0.882060
vn 0.385903 0.051222 0.921116
vn -0.707105 0.000000 -0.707109
vn -0.707109 -0.000000 0.707105
vn -0.552099 0.000000 0.833779
vn -0.626405 -0.556706 0.545614
vn 0.173021 0.099454 0.979884
vn 1.000000 -0.000000 0.000006
vn -0.151793 -0.124920 0.980487
vn -0.966023 -0.258458 -0.000003
vn -0.850172 -0.490664 0.190933
vn -0.744986 -0.554675 0.370584
vn -0.005260 -0.000795 0.999986
vn 0.192490 -0.051578 0.979943
vn -1.000000 -0.000003 -0.000009
vn -0.628001 0.362579 0.688586
vn -0.923881 -0.000000 -0.382680
vn -0.833775 -0.000000 -0.552104
vn -0.833772 0.000000 -0.552110
vn -0.923881 0.000000 -0.382680
vn -0.991309 -0.131554 -0.000016
vn -0.533960 -0.471562 0.701795
vn -0.288404 -0.248683 0.924651
vn -0.185740 0.107241 0.976729
vn -0.348509 0.201201 0.915456
vn -0.979965 -0.000000 -0.199171
vn -1.000000 -0.000000 -0.000003
vn 0.184434 0.075877 0.979912
vn 0.197481 -0.026230 0.979956
vn -0.007751 0.003204 0.999965
vn -0.496151 0.286441 0.819625
vn -0.293240 0.000001 -0.956039
vn -0.293240 0.000001 -0.956039
vn -0.355222 0.000001 -0.934782
vn 1.000000 -0.000006 0.000001
vn 0.833781 -0.000000 0.552095
vn -0.199174 -0.000000 0.979964
vn -0.416171 -0.363033 0.833672
vn -0.859751 0.354947 0.367207
vn -0.781967 0.322839 0.533200
vn -0.948279 0.254085 0.190283
vn -0.973175 0.129278 0.190309
vn -0.551530 -0.000000 -0.834155
vn -0.105878 -0.000018 -0.994379
vn 0.076117 0.000004 -0.997099
vn 1.000000 0.000001 0.000004
vn 0.192597 0.051477 0.979927
vn -0.907566 -0.374179 0.190562
vn 0.199085 -0.000003 0.979982
vn -0.676400 -0.504499 0.536623
vn -0.168960 -0.124142 0.977774
vn -0.006307 -0.003964 0.999972
vn 0.197515 0.026205 0.979950
vn 0.199174 -0.000000 0.979964
vn -0.805300 -0.464820 0.368013
vn 0.552101 -0.000000 0.833777
vn -0.198180 0.081821 0.976745
vn -0.008088 0.002162 0.999965
vn 0.979963 0.000000 0.199182
vn -0.670287 0.276728 0.688576
vn -0.948354 -0.253728 0.190387
vn 0.923878 -0.000000 0.382687
vn -0.579148 -0.431717 0.691526
vn -0.319141 -0.236717 0.917668
vn -0.376233 -0.003483 -0.926519
vn -0.345923 -0.041532 -0.937343
vn -0.007267 -0.003158 0.999969
vn -0.008350 0.001105 0.999965
vn -0.833779 0.000000 0.552098
vn -0.923879 0.000000 0.382685
vn -0.981720 -0.000002 0.190332
vn -0.973188 -0.129147 0.190334
vn -0.382696 -0.000000 0.923874
vn -0.371946 0.153548 0.915467
vn -0.529547 0.218611 0.819628
vn -0.456288 -0.339309 0.822600
vn -0.898460 0.240735 0.367174
vn -0.817181 0.218955 0.533174
vn -0.184458 -0.106527 0.977050
vn -0.732315 -0.422656 0.533925
vn -0.859802 -0.354497 0.367522
vn -0.833772 -0.000000 -0.552109
vn -0.007912 -0.002174 0.999966
vn -0.008525 0.000003 0.999964
vn -0.207096 0.055490 0.976746
vn -0.562253 -0.611416 -0.556814
vn -0.547681 -0.512367 -0.661457
vn -0.496863 -0.511464 -0.701093
vn -0.527916 -0.611551 -0.589330
vn 0.979963 -0.000002 0.199178
vn -0.008298 -0.001112 0.999965
vn -0.707102 0.000000 0.707112
vn -0.552106 -0.000000 0.833774
vn -0.347399 -0.200326 0.916070
vn -0.197595 -0.081513 0.976889
vn -0.979964 0.000000 -0.199172
vn -0.898513 -0.240390 0.367271
vn -0.627599 -0.362071 0.689220
vn 0.979963 -0.000003 0.199179
vn -0.212551 0.028236 0.976742
vn -0.451890 -0.383601 -0.805386
vn -0.388689 0.104143 0.915465
vn -0.922041 0.122481 0.367205
vn -0.838629 0.111402 0.533190
vn -0.495441 -0.285694 0.820315
vn -0.922050 -0.122365 0.367219
vn -0.707540 -0.000000 -0.706674
vn -0.979966 -0.000000 0.199163
vn 0.707115 -0.000000 0.707099
vn -0.781965 -0.322375 0.533485
vn -0.553399 0.148274 0.819612
vn 0.000005 -0.000000 1.000000
vn -0.206891 -0.055370 0.976796
vn -0.214485 0.000004 0.976727
vn -0.371439 -0.153047 0.915756
vn -0.398886 0.052987 0.915468
vn 0.923878 0.000002 0.382688
vn -0.212506 -0.028203 0.976753
vn -0.930128 -0.000004 0.367235
vn -0.845981 -0.000002 0.533213
vn -0.700475 0.187690 0.688555
vn -0.718847 0.095496 0.688578
vn 0.382685 -0.000000 0.923879
vn -0.393141 -0.242093 -0.887035
vn -0.670201 -0.276220 0.688864
vn -0.817235 -0.218619 0.533228
vn -0.536652 0.000000 -0.843804
vn -0.529259 -0.218064 0.819959
vn -0.838648 -0.111286 0.533183
vn 0.833778 -0.000000 0.552099
vn -0.567910 0.075441 0.819626
vn -0.388519 -0.103904 0.915564
vn -0.402423 0.000004 0.915454
vn -0.398862 -0.052918 0.915483
vn -0.700482 -0.187349 0.688641
vn -0.725148 0.000004 0.688593
vn -0.553299 -0.147962 0.819736
vn -0.572888 0.000006 0.819634
vn 0.923879 0.000002 0.382684
vn -0.718852 -0.095376 0.688589
vn -0.254898 0.198420 -0.946391
vn -0.248265 0.141760 -0.958263
vn -0.923881 -0.000000 -0.382681
vn -0.923881 -0.000000 0.382681
vn -0.199162 0.000000 0.979967
vn -0.567875 -0.075337 0.819660
vn 0.923879 -0.000006 0.382686
vn -1.000000 0.000000 -0.000000
vn -0.834673 0.000000 -0.550746
vn -0.329000 -0.097226 -0.939312
vn 0.552106 0.000000 0.833774
vn -0.485081 -0.559779 -0.671821
vn -0.550685 -0.668369 -0.500030
vn 0.199172 0.000000 0.979964
vn -0.833777 0.000000 0.552101
vn -0.382702 0.000000 0.923872
vn 0.833777 0.000001 0.552101
vn 0.707115 -0.000000 0.707098
vn -0.707099 0.000000 0.707114
vn -0.552114 -0.000000 0.833768
vn 0.833774 0.000002 0.552106
vn -0.979964 0.000000 -0.199175
vn 0.833776 -0.000000 0.552103
vn -0.979966 0.000000 0.199165
vn 0.000006 0.000000 1.000000
vn 0.382691 0.000000 0.923876
vn -0.923963 0.000000 -0.382483
vn -0.258293 0.049111 -0.964818
vn 0.707111 -0.000001 0.707103
vn -0.177610 0.305792 -0.935385
vn -0.158424 0.339689 -0.927099
vn -0.188168 0.223414 -0.956389
vn 0.552110 -0.000000 0.833771
vn -0.923882 0.000000 0.382678
vn -0.199167 0.000000 0.979966
vn 0.707105 -0.000002 0.707109
vn 0.707104 0.000011 0.707109
vn 0.199176 0.000000 0.979964
vn -0.381066 -0.285107 -0.879490
vn -0.398415 -0.329081 -0.856137
vn -0.424691 -0.394529 -0.814852
vn -0.833776 -0.000000 0.552103
vn -0.382696 0.000000 0.923874
vn 0.552113 -0.000003 0.833769
vn -0.707106 0.000000 0.707107
vn -0.552112 0.000000 0.833770
vn 0.382692 -0.000000 0.923876
vn -0.217152 0.147154 -0.964982
vn -0.217191 0.147110 -0.964980
vn -0.217191 0.147110 -0.964980
vn -0.217189 0.145399 -0.965240
vn -0.079925 0.426859 -0.900779
vn -0.025809 0.577574 -0.815930
vn -0.011688 0.585490 -0.810595
vn -0.979965 -0.000000 0.199171
vn -1.000000 0.000000 -0.000000
vn -0.000002 -0.000001 1.000000
vn 0.552123 -0.000000 0.833763
vn 0.552118 0.000014 0.833766
vn -0.979964 0.000000 -0.199173
vn -0.929161 0.000001 -0.369676
vn -0.980053 0.000000 -0.198738
vn -0.097556 0.382436 -0.918818
vn -0.095939 0.386156 -0.917431
vn -0.286911 -0.064650 -0.955773
vn -0.336886 -0.178994 -0.924375
vn 0.382689 -0.000002 0.923877
vn 0.199173 -0.000001 0.979964
vn -0.923882 -0.000000 0.382679
vn -0.199179 -0.000001 0.979963
vn -0.979984 -0.000003 -0.199075
vn -0.945373 -0.000003 -0.325990
vn -0.937609 -0.000002 -0.347693
vn -0.979967 -0.000005 -0.199161
vn 0.382699 0.000003 0.923873
vn -0.980200 -0.000003 -0.198008
vn -0.956039 -0.000005 -0.293240
vn -0.955730 -0.000003 -0.294245
vn 0.382699 0.000012 0.923873
vn -1.000000 -0.000000 0.000002
vn -1.000000 0.000000 0.000006
vn -0.833776 -0.000000 0.552103
vn -0.382691 -0.000001 0.923876
vn -0.979964 -0.000000 0.199175
vn -0.000003 -0.000001 1.000000
vn 0.199160 -0.000001 0.979967
vn -0.707111 -0.000000 0.707103
vn -0.552110 -0.000001 0.833772
vn -1.000000 -0.000001 0.000004
vn -1.000000 0.000000 0.000001
vn 0.199162 0.000003 0.979967
vn 0.199163 0.000005 0.979966
vn -0.923882 -0.000000 0.382679
vn -0.199178 -0.000001 0.979963
vn -0.979964 0.000000 0.199176
vn 0.000000 0.000000 1.000000
vn -0.979963 0.000000 0.199178
vn -0.833778 0.000000 0.552100
vn -0.382696 -0.000001 0.923874
vn -0.979964 0.000003 0.199177
vn -1.000000 0.000000 -0.000003
vn -0.979962 0.000007 0.199185
vn -0.000000 0.000000 1.000000
vn 0.000002 -0.000001 1.000000
vn -0.923880 0.000000 0.382681
vn -0.707104 -0.000000 0.707110
vn -0.552108 -0.000001 0.833773
vn -0.199162 0.000001 0.979967
vn -0.923880 -0.000002 0.382683
vn -0.923877 -0.000000 0.382689
vn -0.199162 -0.000001 0.979967
vn -0.923877 0.000007 0.382689
vn -0.833783 -0.000000 0.552092
vn -0.382700 0.000002 0.923873
vn -0.199162 -0.000005 0.979967
vn -0.707098 0.000000 0.707116
vn -0.552104 0.000001 0.833776
vn -0.833784 -0.000004 0.552091
vn -0.382698 -0.000000 0.923874
vn -0.833780 -0.000006 0.552097
vn -0.833776 0.000007 0.552104
vn -0.382696 -0.000009 0.923874
vn -0.552102 0.000001 0.833776
vn -0.707102 -0.000002 0.707111
vn -0.707107 -0.000006 0.707106
vn -0.552104 -0.000007 0.833775
vn -0.707107 0.000014 0.707106
vn 0.850195 0.490855 -0.190344
vn -0.240735 0.898454 -0.367187
vn -0.833776 -0.000000 -0.552104
vn -0.923881 -0.000000 -0.382679
vn -0.569273 -0.447388 -0.689762
vn -0.692355 -0.423926 -0.583893
vn -0.605303 -0.598282 -0.525040
vn -0.577110 -0.473784 -0.665186
vn -0.606576 -0.607457 -0.512895
vn 0.103021 0.000007 -0.994679
vn -0.610849 -0.704663 -0.360989
vn -0.560745 -0.673979 -0.480954
vn -0.610849 -0.704663 -0.360989
vn -0.610849 -0.704663 -0.360989
vn -0.556481 -0.671124 -0.489818
vn -0.556481 -0.671124 -0.489818
vn -0.630512 -0.000001 -0.776179
vn -0.630512 -0.000001 -0.776179
vn -0.718376 0.000000 -0.695655
vn 0.923880 -0.000008 0.382682
vn 0.979962 0.000000 0.199183
vn -0.458262 -0.483926 -0.745528
vn -0.484189 -0.557280 -0.674537
vn -0.776184 0.000001 -0.630507
vn -0.857755 0.000001 -0.514058
vn -0.448181 -0.457482 -0.768014
vn 0.707100 0.000029 0.707113
vn 0.833772 0.000014 0.552110
vn -0.348614 -0.207312 -0.914051
vn -0.955212 -0.000005 -0.295923
vn -0.956039 -0.000005 -0.293240
vn -0.956039 -0.000005 -0.293240
vn -0.956039 -0.000005 -0.293240
vn -0.552119 0.000000 0.833766
vn 0.468635 0.000008 -0.883392
vn 0.468635 0.000008 -0.883392
vn -0.569161 -0.447403 -0.689846
vn -0.569161 -0.447403 -0.689846
vn -0.883370 0.000001 -0.468677
vn -0.883373 0.000005 -0.468670
vn -0.883356 0.000014 -0.468703
vn -0.883317 0.000000 -0.468777
vn -0.883317 0.000000 -0.468777
vn -0.883370 0.000001 -0.468677
vn 0.833773 0.000025 -0.552107
vn 0.923879 0.000015 -0.382686
vn 0.979964 0.000016 -0.199176
vn 1.000000 0.000018 -0.000002
vn -0.883362 0.000016 -0.468690
vn -0.883363 0.000016 -0.468691
vn 0.552115 0.000005 0.833768
vn 0.382693 -0.000016 0.923876
vn 0.199154 0.000001 0.979968
vn -0.000003 0.000017 1.000000
vn -0.199149 -0.000003 0.979969
vn -0.382697 -0.000019 0.923874
vn 0.000000 -1.000000 -0.000047
vn 0.000000 -1.000000 -0.000047
vn 0.000000 -1.000000 -0.000047
vn 0.000000 -1.000000 0.000000
vn 0.000000 -1.000000 0.000099
vn 0.000000 -1.000000 0.000000
vn 0.000000 -1.000000 0.000001
vn 0.000000 -1.000000 0.000003
vn 0.000000 -1.000000 0.000000
vn 0.000000 -1.000000 0.000000
vn 0.000000 -1.000000 0.000000
vn 0.000000 -1.000000 -0.000057
vn 0.000000 -1.000000 -0.000015
vn 0.000000 -1.000000 -0.000004
vn 0.000000 -1.000000 0.000000
vn 0.000000 -1.000000 0.000027
vn 0.000000 -1.000000 -0.000011
vn 0.000000 -1.000000 -0.000013
vn 0.000000 -1.000000 0.000000
vn 0.000000 -1.000000 0.000009
vn 0.000000 -1.000000 0.000006
vn 0.000000 -1.000000 -0.000003
vn 0.000000 -1.000000 0.000000
vn 0.000000 -1.000000 0.000000
vn 0.000000 -1.000000 0.000002
vn 0.000000 -1.000000 0.000004
vn 0.000000 -1.000000 -0.000000
vn 0.000000 -1.000000 -0.000000
vn 0.000000 -1.000000 0.000001
vn 0.000000 -1.000000 -0.000019
vn 0.000000 -1.000000 0.000000
vn 0.000000 -1.000000 0.000000
vn 0.000000 -1.000000 0.000048
vn 0.000000 -1.000000 0.000040
vn 0.000000 -1.000000 0.000016
vn 0.000000 -1.000000 -0.000008
vn 0.000000 -1.000000 0.000000
vn 0.000000 -1.000000 0.000000
s 1
f 1513/1630/1641 1514/1631/1642 1512/1632/1643 1518/1633/1644
f 1515/1634/1645 1512/1632/1643 1514/1631/1642 1516/1635/1646
f 1516/1635/1646 1514/1631/1642 1517/1636/1647 1520/1637/1648
f 1514/1631/1642 1513/1630/1641 1519/1638/1649 1517/1636/1647
f 1518/1633/1644 1512/1632/1643 1521/1639/1650 1526/1640/1651
f 1515/1634/1645 1516/1635/1646 1522/1641/1652 1528/1642/1653
f 1513/1630/1641 1518/1633/1644 1523/1643/1654 1525/1644/1655
f 1512/1632/1643 1515/1634/1645 1524/1645/1656 1521/1639/1650
f 1519/1638/1649 1513/1630/1641 1525/1644/1655 1530/1646/1657
f 1520/1637/1648 1517/1636/1647 1527/1647/1658 1533/1648/1659
f 1517/1636/1647 1519/1638/1649 1529/1649/1660 1527/1647/1658
f 1531/1650/1661 1523/1643/1654 1518/1633/1644 1526/1640/1651
f 1529/1649/1660 1519/1638/1649 1530/1646/1657 1541/1651/1662
f 1532/1652/1663 1524/1645/1656 1515/1634/1645 1528/1642/1653
f 1526/1640/1651 1521/1639/1650 1534/1653/1664 1542/1654/1665
f 1530/1646/1657 1525/1644/1655 1535/1655/1666 1544/1656/1667
f 1536/1657/1668 1537/1658/1669 1520/1637/1648 1533/1648/1659
f 1525/1644/1655 1523/1643/1654 1538/1659/1670 1535/1655/1666
f 1528/1642/1653 1522/1641/1652 1539/1660/1671 1543/1661/1672
f 1522/1641/1652 1537/1658/1669 1540/1662/1673 1539/1660/1671
f 1538/1659/1670 1523/1643/1654 1531/1650/1661 1548/1663/1674
f 1531/1650/1661 1526/1640/1651 1542/1654/1665 1549/1664/1675
f 1532/1652/1663 1528/1642/1653 1543/1661/1672 1552/1665/1676
f 1533/1648/1659 1527/1647/1658 1545/1666/1677 1550/1667/1678
f 1541/1651/1662 1530/1646/1657 1544/1656/1667 1553/1668/1679
f 1527/1647/1658 1529/1649/1660 1546/1669/1680 1545/1666/1677
f 1546/1669/1680 1529/1649/1660 1541/1651/1662 1561/1670/1681
f 1537/1658/1669 1536/1657/1668 1547/1671/1682 1540/1662/1673
f 1551/1672/1683 1536/1657/1668 1533/1648/1659 1550/1667/1678
f 1554/1673/1684 1535/1655/1666 1538/1659/1670 1562/1674/1685
f 1548/1663/1674 1531/1650/1661 1549/1664/1675 1572/1675/1686
f 1542/1654/1665 1534/1653/1664 1555/1676/1687 1563/1677/1688
f 1556/1678/1689 1544/1656/1667 1535/1655/1666 1554/1673/1684
f 1557/1679/1690 1539/1660/1671 1540/1662/1673 1566/1680/1691
f 1534/1653/1664 1559/1681/1692 1558/1682/1693 1555/1676/1687
f 1560/1683/1694 1543/1661/1672 1539/1660/1671 1557/1679/1690
f 1561/1670/1681 1541/1651/1662 1553/1668/1679 1574/1684/1695
f 1562/1674/1685 1538/1659/1670 1548/1663/1674 1575/1685/1696
f 1549/1664/1675 1542/1654/1665 1563/1677/1688 1576/1686/1697
f 1565/1687/1698 1564/1688/1699 1532/1652/1663 1552/1665/1676
f 1566/1680/1691 1540/1662/1673 1547/1671/1682 1577/1689/1700
f 1567/1690/1701 1547/1671/1682 1536/1657/1668 1551/1672/1683
f 1568/1691/1702 1553/1668/1679 1544/1656/1667 1556/1678/1689
f 1559/1681/1692 1564/1688/1699 1569/1692/1703 1558/1682/1693
f 1550/1667/1678 1545/1666/1677 1570/1693/1704 1579/1694/1705
f 1571/1695/1706 1552/1665/1676 1543/1661/1672 1560/1683/1694
f 1545/1666/1677 1546/1669/1680 1573/1696/1707 1570/1693/1704
f 1573/1696/1707 1546/1669/1680 1561/1670/1681 1581/1697/1708
f 1578/1698/1709 1551/1672/1683 1550/1667/1678 1579/1694/1705
f 1575/1685/1696 1548/1663/1674 1572/1675/1686 1593/1699/1710
f 1572/1675/1686 1549/1664/1675 1576/1686/1697 1594/1700/1711
f 1577/1689/1700 1547/1671/1682 1567/1690/1701 1592/1701/1712
f 1556/1678/1689 1554/1673/1684 1580/1702/1713 1588/1703/1714
f 1581/1697/1708 1561/1670/1681 1574/1684/1695 1597/1704/1715
f 1582/1705/1716 1574/1684/1695 1553/1668/1679 1568/1691/1702
f 1554/1673/1684 1562/1674/1685 1583/1706/1717 1580/1702/1713
f 1584/1707/1718 1557/1679/1690 1566/1680/1691 1590/1708/1719
f 1585/1709/1720 1565/1687/1698 1552/1665/1676 1571/1695/1706
f 1586/1710/1721 1560/1683/1694 1557/1679/1690 1584/1707/1718
f 1555/1676/1687 1558/1682/1693 1587/1711/1722 1595/1712/1723
f 1568/1691/1702 1556/1678/1689 1588/1703/1714 1599/1713/1724
f 1589/1714/1725 1567/1690/1701 1551/1672/1683 1578/1698/1709
f 1590/1708/1719 1566/1680/1691 1577/1689/1700 1602/1715/1726
f 1583/1706/1717 1562/1674/1685 1575/1685/1696 1603/1716/1727
f 1576/1686/1697 1563/1677/1688 1591/1717/1728 1605/1718/1729
f 1558/1682/1693 1569/1692/1703 1596/1719/1730 1587/1711/1722
f 1598/1720/1731 1571/1695/1706 1560/1683/1694 1586/1710/1721
f 1593/1699/1710 1572/1675/1686 1594/1700/1711 1617/1721/1732
f 1579/1694/1705 1570/1693/1704 1600/1722/1733 1607/1723/1734
f 1582/1705/1716 1568/1691/1702 1599/1713/1724 1610/1724/1735
f 1570/1693/1704 1573/1696/1707 1601/1725/1736 1600/1722/1733
f 1592/1701/1712 1567/1690/1701 1589/1714/1725 1613/1726/1737
f 1602/1715/1726 1577/1689/1700 1592/1701/1712 1615/1727/1738
f 1601/1725/1736 1573/1696/1707 1581/1697/1708 1609/1728/1739
f 1574/1684/1695 1582/1705/1716 1604/1729/1740 1597/1704/1715
f 1603/1716/1727 1575/1685/1696 1593/1699/1710 1623/1730/1741
f 1594/1700/1711 1576/1686/1697 1605/1718/1729 1622/1731/1742
f 1606/1732/1743 1578/1698/1709 1579/1694/1705 1607/1723/1734
f 1588/1703/1714 1580/1702/1713 1608/1733/1744 1614/1734/1745
f 1609/1728/1739 1581/1697/1708 1597/1704/1715 1625/1735/1746
f 1611/1736/1747 1585/1709/1720 1571/1695/1706 1598/1720/1731
f 1584/1707/1718 1590/1708/1719 1612/1737/1748 1618/1738/1749
f 1599/1713/1724 1588/1703/1714 1614/1734/1745 1624/1739/1750
f 1580/1702/1713 1583/1706/1717 1616/1740/1751 1608/1733/1744
f 1586/1710/1721 1584/1707/1718 1618/1738/1749 1629/1741/1752
f 1619/1742/1753 1589/1714/1725 1578/1698/1709 1606/1732/1743
f 1620/1743/1754 1595/1712/1723 1587/1711/1722 1630/1744/1755
f 1621/1745/1756 1591/1717/1728 1595/1712/1723 1620/1743/1754
f 1604/1729/1740 1582/1705/1716 1610/1724/1735 1635/1746/1757
f 1615/1727/1738 1592/1701/1712 1613/1726/1737 1636/1747/1758
f 1610/1724/1735 1599/1713/1724 1624/1739/1750 1640/1748/1759
f 1617/1721/1732 1594/1700/1711 1622/1731/1742 1643/1749/1760
f 1623/1730/1741 1593/1699/1710 1617/1721/1732 1646/1750/1761
f 1583/1706/1717 1603/1716/1727 1626/1751/1762 1616/1740/1751
f 1627/1752/1763 1605/1718/1729 1591/1717/1728 1621/1745/1756
f 1613/1726/1737 1589/1714/1725 1619/1742/1753 1641/1753/1764
f 1628/1754/1765 1598/1720/1731 1586/1710/1721 1629/1741/1752
f 1597/1704/1715 1604/1729/1740 1631/1755/1766 1625/1735/1746
f 1602/1715/1726 1615/1727/1738 1632/1756/1767 1637/1757/1768
f 1607/1723/1734 1600/1722/1733 1633/1758/1769 1648/1759/1770
f 1600/1722/1733 1601/1725/1736 1634/1760/1771 1633/1758/1769
f 1634/1760/1771 1601/1725/1736 1609/1728/1739 1645/1761/1772
f 1639/1762/1773 1596/1719/1730 1638/1763/1774 1659/1764/1775
f 1635/1746/1757 1610/1724/1735 1640/1748/1759 1661/1765/1776
f 1642/1766/1777 1622/1731/1742 1605/1718/1729 1627/1752/1763
f 1631/1755/1766 1604/1729/1740 1635/1746/1757 1665/1767/1778
f 1603/1716/1727 1623/1730/1741 1644/1768/1779 1626/1751/1762
f 1645/1761/1772 1609/1728/1739 1625/1735/1746 1664/1769/1780
f 1614/1734/1745 1608/1733/1744 1647/1770/1781 1649/1771/1782
f 1636/1747/1758 1613/1726/1737 1641/1753/1764 1666/1772/1783
f 1624/1739/1750 1614/1734/1745 1649/1771/1782 1658/1773/1784
f 1650/1774/1785 1611/1736/1747 1598/1720/1731 1628/1754/1765
f 1618/1738/1749 1612/1737/1748 1651/1775/1786 1655/1776/1787
f 1652/1777/1788 1619/1742/1753 1606/1732/1743 1660/1778/1789
f 1608/1733/1744 1616/1740/1751 1653/1779/1790 1647/1770/1781
f 1615/1727/1738 1636/1747/1758 1654/1780/1791 1632/1756/1767
f 1629/1741/1752 1618/1738/1749 1655/1776/1787 1669/1781/1792
f 1646/1750/1761 1617/1721/1732 1643/1749/1760 1682/1782/1793
f 1656/1783/1794 1620/1743/1754 1630/1744/1755 1663/1784/1795
f 1657/1785/1796 1621/1745/1756 1620/1743/1754 1656/1783/1794
f 1640/1748/1759 1624/1739/1750 1658/1773/1784 1680/1786/1797
f 1641/1753/1764 1619/1742/1753 1652/1777/1788 1684/1787/1798
f 1659/1764/1775 1638/1763/1774 1662/1788/1799 1688/1789/1800
f 1663/1784/1795 1630/1744/1755 1639/1762/1773 1683/1790/1801
f 1625/1735/1746 1631/1755/1766 1667/1791/1802 1664/1769/1780
f 1637/1757/1768 1632/1756/1767 1668/1792/1803 1677/1793/1804
f 1628/1754/1765 1629/1741/1752 1669/1781/1792 1691/1794/1805
f 1670/1795/1806 1627/1752/1763 1621/1745/1756 1657/1785/1796
f 1616/1740/1751 1626/1751/1762 1671/1796/1807 1653/1779/1790
f 1672/1797/1808 1643/1749/1760 1622/1731/1742 1642/1766/1777
f 1674/1798/1809 1662/1788/1799 1673/1799/1810 1675/1800/1811
f 1665/1767/1778 1635/1746/1757 1661/1765/1776 1695/1801/1812
f 1623/1730/1741 1646/1750/1761 1676/1802/1813 1644/1768/1779
f 1648/1759/1770 1633/1758/1769 1678/1803/1814 1696/1804/1815
f 1633/1758/1769 1634/1760/1771 1679/1805/1816 1678/1803/1814
f 1661/1765/1776 1640/1748/1759 1680/1786/1797 1699/1806/1817
f 1681/1807/1818 1675/1800/1811 1611/1736/1747 1650/1774/1785
f 1679/1805/1816 1634/1760/1771 1645/1761/1772 1690/1808/1819
f 1683/1790/1801 1639/1762/1773 1659/1764/1775 1705/1809/1820
f 1666/1772/1783 1641/1753/1764 1684/1787/1798 1707/1810/1821
f 1685/1811/1822 1660/1778/1789 1648/1759/1770 1696/1804/1815
f 1686/1812/1823 1642/1766/1777 1627/1752/1763 1670/1795/1806
f 1632/1756/1767 1654/1780/1791 1687/1813/1824 1668/1792/1803
f 1631/1755/1766 1665/1767/1778 1689/1814/1825 1667/1791/1802
f 1690/1808/1819 1645/1761/1772 1664/1769/1780 1711/1815/1826
f 1626/1751/1762 1644/1768/1779 1692/1816/1827 1671/1796/1807
f 1649/1771/1782 1647/1770/1781 1693/1817/1828 1694/1818/1829
f 1658/1773/1784 1649/1771/1782 1694/1818/1829 1703/1819/1830
f 1697/1820/1831 1652/1777/1788 1660/1778/1789 1685/1811/1822
f 1676/1802/1813 1646/1750/1761 1682/1782/1793 1726/1821/1832
f 1698/1822/1833 1650/1774/1785 1628/1754/1765 1691/1794/1805
f 1688/1789/1800 1662/1788/1799 1674/1798/1809 1729/1823/1834
f 1700/1824/1835 1651/1825/1786 1677/1826/1804 1708/1827/1836
f 1647/1770/1781 1653/1779/1790 1701/1828/1837 1693/1817/1828
f 1702/1829/1838 1655/1830/1787 1651/1825/1786 1700/1824/1835
f 1680/1786/1797 1658/1773/1784 1703/1819/1830 1717/1831/1839
f 1704/1832/1840 1656/1783/1794 1663/1784/1795 1723/1833/1841
f 1695/1801/1812 1661/1765/1776 1699/1806/1817 1727/1834/1842
f 1706/1835/1843 1657/1785/1796 1656/1783/1794 1704/1832/1840
f 1708/1827/1836 1677/1826/1804 1668/1836/1803 1721/1837/1844
f 1684/1787/1798 1652/1777/1788 1697/1820/1831 1725/1838/1845
f 1689/1814/1825 1665/1767/1778 1695/1801/1812 1733/1839/1846
f 1705/1809/1820 1659/1764/1775 1688/1789/1800 1734/1840/1847
f 1709/1841/1848 1682/1782/1793 1643/1749/1760 1672/1797/1808
f 1710/1842/1849 1669/1843/1792 1655/1830/1787 1702/1829/1838
f 1664/1769/1780 1667/1791/1802 1712/1844/1850 1711/1815/1826
f 1713/1845/1851 1674/1798/1809 1675/1800/1811 1681/1807/1818
f 1714/1846/1852 1670/1795/1806 1657/1785/1796 1706/1835/1843
f 1715/1847/1853 1672/1797/1808 1642/1766/1777 1686/1812/1823
f 1653/1779/1790 1671/1796/1807 1716/1848/1854 1701/1828/1837
f 1699/1806/1817 1680/1786/1797 1717/1831/1839 1737/1849/1855
f 1654/1780/1791 1718/1850/1856 1719/1851/1857 1687/1813/1824
f 1720/1852/1858 1718/1850/1856 1666/1772/1783 1707/1810/1821
f 1721/1837/1844 1668/1836/1803 1687/1853/1824 1741/1854/1859
f 1644/1768/1779 1676/1802/1813 1722/1855/1860 1692/1816/1827
f 1696/1804/1815 1678/1803/1814 1724/1856/1861 1743/1857/1862
f 1707/1810/1821 1684/1787/1798 1725/1838/1845 1746/1858/1863
f 1678/1803/1814 1679/1805/1816 1728/1859/1864 1724/1856/1861
f 1730/1860/1865 1691/1861/1805 1669/1843/1792 1710/1842/1849
f 1731/1862/1866 1681/1807/1818 1650/1774/1785 1698/1822/1833
f 1732/1863/1867 1683/1790/1801 1705/1809/1820 1753/1864/1868
f 1728/1859/1864 1679/1805/1816 1690/1808/1819 1739/1865/1869
f 1735/1866/1870 1686/1812/1823 1670/1795/1806 1714/1846/1852
f 1703/1819/1830 1694/1818/1829 1736/1867/1871 1744/1868/1872
f 1733/1839/1846 1695/1801/1812 1727/1834/1842 1761/1869/1873
f 1694/1818/1829 1693/1817/1828 1738/1870/1874 1736/1867/1871
f 1739/1865/1869 1690/1808/1819 1711/1815/1826 1759/1871/1875
f 1671/1796/1807 1692/1816/1827 1740/1872/1876 1716/1848/1854
f 1727/1834/1842 1699/1806/1817 1737/1849/1855 1767/1873/1877
f 1738/1870/1874 1693/1817/1828 1701/1828/1837 1766/1874/1878
f 1742/1875/1879 1697/1820/1831 1685/1811/1822 1756/1876/1880
f 1717/1831/1839 1703/1819/1830 1744/1868/1872 1760/1877/1881
f 1741/1854/1859 1687/1853/1824 1719/1878/1857 1771/1879/1882
f 1722/1855/1860 1676/1802/1813 1726/1821/1832 1775/1880/1883
f 1745/1881/1884 1689/1814/1825 1733/1839/1846 1772/1882/1885
f 1747/1883/1886 1700/1824/1835 1708/1827/1836 1752/1884/1887
f 1748/1885/1888 1719/1851/1857 1718/1850/1856 1720/1852/1858
f 1682/1782/1793 1709/1841/1848 1749/1886/1889 1726/1821/1832
f 1750/1887/1890 1709/1841/1848 1672/1797/1808 1715/1847/1853
f 1751/1888/1891 1698/1889/1833 1691/1861/1805 1730/1860/1865
f 1752/1884/1887 1708/1827/1836 1721/1837/1844 1769/1890/1892
f 1725/1838/1845 1697/1820/1831 1742/1875/1879 1774/1891/1893
f 1754/1892/1894 1702/1829/1838 1700/1824/1835 1747/1883/1886
f 1755/1893/1895 1704/1832/1840 1723/1833/1841 1763/1894/1896
f 1753/1864/1868 1705/1809/1820 1734/1840/1847 1780/1895/1897
f 1711/1815/1826 1712/1844/1850 1757/1896/1898 1759/1871/1875
f 1758/1897/1899 1720/1852/1858 1707/1810/1821 1746/1858/1863
f 1737/1849/1855 1717/1831/1839 1760/1877/1881 1779/1898/1900
f 1714/1846/1852 1706/1835/1843 1762/1899/1901 1781/1900/1902
f 1763/1894/1896 1723/1833/1841 1732/1863/1867 1784/1901/1903
f 1701/1828/1837 1716/1848/1854 1764/1902/1904 1766/1874/1878
f 1765/1903/1905 1715/1847/1853 1686/1812/1823 1735/1866/1870
f 1768/1904/1906 1713/1845/1851 1681/1807/1818 1731/1862/1866
f 1769/1890/1892 1721/1837/1844 1741/1854/1859 1787/1905/1907
f 1770/1906/1908 1710/1842/1849 1702/1829/1838 1754/1892/1894
f 1692/1816/1827 1722/1855/1860 1773/1907/1909 1740/1872/1876
f 1761/1869/1873 1727/1834/1842 1767/1873/1877 1799/1908/1910
f 1746/1858/1863 1725/1838/1845 1774/1891/1893 1798/1909/1911
f 1771/1879/1882 1719/1878/1857 1748/1910/1888 1800/1911/1912
f 1772/1882/1885 1733/1839/1846 1761/1869/1873 1804/1912/1913
f 1743/1857/1862 1724/1856/1861 1776/1913/1914 1778/1914/1915
f 1724/1856/1861 1728/1859/1864 1777/1915/1916 1776/1913/1914
f 1777/1915/1916 1728/1859/1864 1739/1865/1869 1801/1916/1917
f 1756/1876/1880 1743/1857/1862 1778/1914/1915 1803/1917/1918
f 1767/1873/1877 1737/1849/1855 1779/1898/1900 1810/1918/1919
f 1749/1886/1889 1709/1841/1848 1750/1887/1890 1820/1919/1920
f 1736/1867/1871 1738/1870/1874 1782/1920/1921 1783/1921/1922
f 1744/1868/1872 1736/1867/1871 1783/1921/1922 1795/1922/1923
f 1785/1923/1924 1735/1866/1870 1714/1846/1852 1781/1900/1902
f 1786/1924/1925 1731/1925/1866 1698/1889/1833 1751/1888/1891
f 1787/1905/1907 1741/1854/1859 1771/1879/1882 1817/1926/1926
f 1789/1927/1927 1729/1823/1834 1788/1928/1928 1825/1929/1929
f 1732/1863/1867 1753/1864/1868 1790/1930/1930 1784/1901/1903
f 1791/1931/1931 1730/1860/1865 1710/1842/1849 1770/1906/1908
f 1716/1848/1854 1740/1872/1876 1792/1932/1932 1764/1902/1904
f 1793/1933/1933 1748/1885/1888 1720/1852/1858 1758/1897/1899
f 1780/1895/1897 1734/1840/1847 1789/1927/1927 1827/1934/1934
f 1738/1870/1874 1766/1874/1878 1794/1935/1935 1782/1920/1921
f 1760/1877/1881 1744/1868/1872 1795/1922/1923 1812/1936/1936
f 1739/1865/1869 1759/1871/1875 1796/1937/1937 1801/1916/1917
f 1788/1928/1928 1713/1845/1851 1768/1904/1906 1836/1938/1938
f 1797/1939/1939 1745/1881/1884 1772/1882/1885 1822/1940/1940
f 1802/1941/1941 1750/1887/1890 1715/1847/1853 1765/1903/1905
f 1726/1821/1832 1749/1886/1889 1805/1942/1942 1775/1880/1883
f 1774/1891/1893 1742/1875/1879 1806/1943/1943 1828/1944/1944
f 1747/1883/1886 1752/1884/1887 1807/1945/1945 1816/1946/1946
f 1808/1947/1947 1758/1897/1899 1746/1858/1863 1798/1909/1911
f 1766/1948/1878 1764/1949/1904 1809/1950/1948 1815/1951/1949
f 1790/1930/1930 1753/1864/1868 1780/1895/1897 1845/1952/1950
f 1811/1953/1951 1755/1893/1895 1763/1894/1896 1831/1954/1952
f 1779/1898/1900 1760/1877/1881 1812/1955/1936 1834/1956/1953
f 1813/1957/1954 1762/1899/1901 1755/1893/1895 1811/1953/1951
f 1752/1884/1887 1769/1890/1892 1814/1958/1955 1807/1945/1945
f 1794/1959/1935 1766/1948/1878 1815/1951/1949 1829/1960/1956
f 1754/1892/1894 1747/1883/1886 1816/1946/1946 1830/1961/1957
f 1804/1912/1913 1761/1869/1873 1799/1908/1910 1849/1962/1958
f 1722/1855/1860 1775/1880/1883 1818/1963/1959 1773/1907/1909
f 1799/1908/1910 1767/1873/1877 1810/1918/1919 1850/1964/1960
f 1800/1911/1912 1748/1910/1888 1793/1965/1933 1853/1966/1961
f 1781/1900/1902 1762/1899/1901 1813/1957/1954 1840/1967/1962
f 1819/1968/1963 1765/1903/1905 1735/1866/1870 1785/1923/1924
f 1817/1926/1926 1771/1879/1882 1800/1911/1912 1856/1969/1964
f 1821/1970/1965 1751/1888/1891 1730/1860/1865 1791/1931/1931
f 1763/1894/1896 1784/1901/1903 1823/1971/1966 1831/1954/1952
f 1769/1890/1892 1787/1905/1907 1824/1972/1967 1814/1958/1955
f 1740/1872/1876 1773/1907/1909 1826/1973/1968 1792/1932/1932
f 1822/1940/1940 1772/1882/1885 1804/1912/1913 1863/1974/1969
f 1798/1909/1911 1774/1891/1893 1828/1944/1944 1861/1975/1970
f 1770/1906/1908 1754/1892/1894 1830/1961/1957 1867/1976/1971
f 1832/1977/1972 1768/1978/1906 1731/1925/1866 1786/1924/1925
f 1783/1921/1922 1782/1920/1921 1833/1979/1973 1842/1980/1974
f 1810/1918/1919 1779/1898/1900 1834/1956/1953 1865/1981/1975
f 1757/1896/1898 1797/1939/1939 1835/1982/1976 1851/1983/1977
f 1764/1949/1904 1792/1984/1932 1837/1985/1978 1809/1950/1948
f 1778/1914/1915 1776/1913/1914 1838/1986/1979 1843/1987/1980
f 1833/1979/1973 1782/1920/1921 1794/1935/1935 1846/1988/1981
f 1776/1913/1914 1777/1915/1916 1839/1989/1982 1838/1986/1979
f 1785/1923/1924 1781/1900/1902 1840/1967/1962 1871/1990/1983
f 1829/1960/1956 1815/1951/1949 1841/1991/1984 1852/1992/1985
f 1820/1919/1920 1750/1887/1890 1802/1941/1941 1889/1993/1986
f 1795/1922/1923 1783/1921/1922 1842/1980/1974 1857/1994/1987
f 1803/1917/1918 1778/1914/1915 1843/1987/1980 1858/1995/1988
f 1805/1942/1942 1749/1886/1889 1820/1919/1920 1894/1996/1989
f 1844/1997/1990 1793/1933/1933 1758/1897/1899 1808/1947/1947
f 1846/1998/1981 1794/1959/1935 1829/1960/1956 1859/1999/1991
f 1777/1915/1916 1801/1916/1917 1847/2000/1992 1839/1989/1982
f 1815/1951/1949 1809/1950/1948 1848/2001/1993 1841/1991/1984
f 1827/1934/1934 1789/1927/1927 1825/1929/1929 1895/2002/1994
f 1784/1901/1903 1790/1930/1930 1854/2003/1995 1823/1971/1966
f 1825/1929/1929 1788/1928/1928 1836/1938/1938 1914/2004/1996
f 1787/1905/1907 1817/1926/1926 1855/2005/1997 1824/1972/1967
f 1818/1963/1959 1775/1880/1883 1805/1942/1942 1911/2006/1998
f 1812/1936/1936 1795/1922/1923 1857/1994/1987 1875/2007/1999
f 1845/1952/1950 1780/1895/1897 1827/1934/1934 1903/2008/2000
f 1806/1943/1943 1803/1917/1918 1858/1995/1988 1873/2009/2001
f 1835/1982/1976 1797/1939/1939 1822/1940/1940 1893/2010/2002
f 1859/1999/1991 1829/1960/1956 1852/1992/1985 1869/2011/2003
f 1801/1916/1917 1796/1937/1937 1860/2012/2004 1847/2000/1992
f 1808/1947/1947 1798/1909/1911 1861/1975/1970 1897/2013/2005
f 1852/1992/1985 1841/1991/1984 1862/2014/2006 1864/2015/2007
f 1849/1962/1958 1799/1908/1910 1850/1964/1960 1906/2016/2008
f 1856/1969/1964 1800/1911/1912 1853/1966/1961 1915/2017/2009
f 1866/2018/2010 1802/1941/1941 1765/1903/1905 1819/1968/1963
f 1868/2019/2011 1786/1924/1925 1751/1888/1891 1821/1970/1965
f 1863/1974/1969 1804/1912/1913 1849/1962/1958 1919/2020/2012
f 1869/2011/2003 1852/1992/1985 1864/2015/2007 1881/2021/2013
f 1870/2022/2014 1862/2014/2006 1841/1991/1984 1848/2001/1993
f 1836/2023/1938 1768/1978/1906 1832/1977/1972 1939/2024/2015
f 1872/2025/2016 1791/1931/1931 1770/1906/1908 1867/1976/1971
f 1850/1964/1960 1810/1918/1919 1865/1981/1975 1920/2026/2017
f 1828/1944/1944 1806/1943/1943 1873/2009/2001 1907/2027/2018
f 1864/2015/2007 1862/2014/2006 1874/2028/2019 1878/2029/2020
f 1853/1966/1961 1793/1965/1933 1844/2030/1990 1925/2031/2021
f 1834/1956/1953 1812/1955/1936 1875/2032/1999 1913/2033/2022
f 1876/2034/2023 1848/2001/1993 1809/1950/1948 1837/1985/1978
f 1877/2035/2024 1811/1953/1951 1831/1954/1952 1912/2036/2025
f 1854/2003/1995 1790/1930/1930 1845/1952/1950 1931/2037/2026
f 1879/2038/2027 1813/1957/1954 1811/1953/1951 1877/2035/2024
f 1796/1937/1937 1851/1983/1977 1880/2039/2028 1860/2012/2004
f 1881/2021/2013 1864/2015/2007 1878/2029/2020 1891/2040/2029
f 1882/2041/2030 1837/1985/1978 1792/1984/1932 1826/2042/1968
f 1878/2043/2020 1874/2044/2019 1883/2045/2031 1887/2046/2032
f 1773/1907/1909 1818/1963/1959 1884/2047/2033 1826/1973/1968
f 1807/1945/1945 1814/1958/1955 1885/2048/2034 1886/2049/2035
f 1816/1946/1946 1807/1945/1945 1886/2049/2035 1905/2050/2036
f 1840/1967/1962 1813/1957/1954 1879/2038/2027 1922/2051/2037
f 1888/2052/2038 1874/2028/2019 1862/2014/2006 1870/2022/2014
f 1890/2053/2039 1819/1968/1963 1785/1923/1924 1871/1990/1983
f 1891/2054/2029 1878/2043/2020 1887/2046/2032 1902/2055/2040
f 1817/1926/1926 1856/1969/1964 1892/2056/2041 1855/2005/1997
f 1893/2010/2002 1822/1940/1940 1863/1974/1969 1948/2057/2042
f 1831/1954/1952 1823/1971/1966 1896/2058/2043 1912/2036/2025
f 1898/2059/2044 1883/2045/2031 1874/2044/2019 1888/2060/2038
f 1887/2046/2032 1883/2045/2031 1899/2061/2045 1909/2062/2046
f 1814/1958/1955 1824/1972/1967 1900/2063/2047 1885/2048/2034
f 1901/2064/2048 1846/1998/1981 1859/1999/1991 1908/2065/2049
f 1904/2066/2050 1833/1979/1973 1846/1988/1981 1901/2067/2048
f 1830/1961/1957 1816/1946/1946 1905/2050/2036 1938/2068/2051
f 1861/1975/1970 1828/1944/1944 1907/2027/2018 1947/2069/2052
f 1908/2065/2049 1859/1999/1991 1869/2011/2003 1916/2070/2053
f 1902/2055/2040 1887/2046/2032 1909/2062/2046 1929/2071/2054
f 1910/2072/2055 1870/2022/2014 1848/2001/1993 1876/2034/2023
f 1842/1980/1974 1833/1979/1973 1904/2066/2050 1926/2073/2056
f 1865/1981/1975 1834/1956/1953 1913/2033/2022 1950/2074/2057
f 1916/2070/2053 1869/2011/2003 1881/2021/2013 1924/2075/2058
f 1851/1983/1977 1835/1982/1976 1917/2076/2059 1880/2039/2028
f 1843/1987/1980 1838/1986/1979 1918/2077/2060 1927/2078/2061
f 1838/1986/1979 1839/1989/1982 1921/2079/2062 1918/2077/2060
f 1871/1990/1983 1840/1967/1962 1922/2051/2037 1952/2080/2063
f 1923/2081/2064 1844/1997/1990 1808/1947/1947 1897/2013/2005
f 1889/1993/1986 1802/1941/1941 1866/2018/2010 1968/2082/2065
f 1924/2075/2058 1881/2021/2013 1891/2040/2029 1932/2083/2066
f 1857/1994/1987 1842/1980/1974 1926/2073/2056 1943/2084/2067
f 1894/1996/1989 1820/1919/1920 1889/1993/1986 1974/2085/2068
f 1858/1995/1988 1843/1987/1980 1927/2078/2061 1940/2086/2069
f 1928/2087/2070 1899/2061/2045 1883/2045/2031 1898/2059/2044
f 1839/1989/1982 1847/2000/1992 1930/2088/2071 1921/2079/2062
f 1932/2089/2066 1891/2054/2029 1902/2055/2040 1941/2090/2072
f 1933/2091/2073 1888/2052/2038 1870/2022/2014 1910/2072/2055
f 1903/2008/2000 1827/1934/1934 1895/2002/1994 1977/2092/2074
f 1934/2093/2075 1821/1970/1965 1791/1931/1931 1872/2025/2016
f 1906/2016/2008 1850/1964/1960 1920/2026/2017 1964/2094/2076
f 1919/2020/2012 1849/1962/1958 1906/2016/2008 1967/2095/2077
f 1824/1972/1967 1855/2005/1997 1935/2096/2078 1900/2063/2047
f 1911/2006/1998 1805/1942/1942 1894/1996/1989 1988/2097/2079
f 1895/2002/1994 1825/1929/1929 1914/2004/1996 1989/2098/2080
f 1823/1971/1966 1854/2003/1995 1936/2099/2081 1896/2058/2043
f 1866/2018/2010 1819/1968/1963 1890/2053/2039 1973/2100/2082
f 1937/2101/2083 1876/2034/2023 1837/1985/1978 1882/2041/2030
f 1867/1976/1971 1830/1961/1957 1938/2068/2051 1969/2102/2084
f 1915/2017/2009 1853/1966/1961 1925/2031/2021 1970/2103/2085
f 1873/2009/2001 1858/1995/1988 1940/2086/2069 1962/2104/2086
f 1931/2037/2026 1845/1952/1950 1903/2008/2000 1983/2105/2087
f 1941/2090/2072 1902/2055/2040 1929/2071/2054 1957/2106/2088
f 1942/2107/2089 1832/1977/1972 1786/1924/1925 1868/2019/2011
f 1884/2047/2033 1818/1963/1959 1911/2006/1998 1993/2108/2090
f 1917/2076/2059 1835/1982/1976 1893/2010/2002 1971/2109/2091
f 1875/2007/1999 1857/1994/1987 1943/2084/2067 1959/2110/2092
f 1944/2111/2093 1898/2059/2044 1888/2060/2038 1933/2112/2073
f 1909/2062/2046 1899/2061/2045 1945/2113/2094 1949/2114/2095
f 1847/2000/1992 1860/2012/2004 1946/2115/2096 1930/2088/2071
f 1897/2013/2005 1861/1975/1970 1947/2069/2052 1979/2116/2097
f 1929/2071/2054 1909/2062/2046 1949/2114/2095 1965/2117/2098
f 1948/2057/2042 1863/1974/1969 1919/2020/2012 1995/2118/2099
f 1920/2026/2017 1865/1981/1975 1950/2074/2057 1990/2119/2100
f 1925/2031/2021 1844/2030/1990 1923/2120/2064 1998/2121/2101
f 1856/1969/1964 1915/2017/2009 1951/2122/2102 1892/2056/2041
f 1953/2123/2103 1882/2041/2030 1826/2042/1968 1884/2124/2033
f 1954/2125/2104 1877/2035/2024 1912/2036/2025 1981/2126/2105
f 1955/2127/2106 1879/2038/2027 1877/2035/2024 1954/2125/2104
f 1956/2128/2107 1928/2087/2070 1898/2059/2044 1944/2111/2093
f 1899/2061/2045 1928/2087/2070 1958/2129/2108 1945/2113/2094
f 1913/2033/2022 1875/2032/1999 1959/2130/2092 1994/2131/2109
f 1960/2132/2110 1910/2072/2055 1876/2034/2023 1937/2101/2083
f 1860/2012/2004 1880/2039/2028 1961/2133/2111 1946/2115/2096
f 1855/2005/1997 1892/2056/2041 1963/2134/2112 1935/2096/2078
f 1966/2135/2113 1890/2053/2039 1871/1990/1983 1952/2080/2063
f 1957/2106/2088 1929/2071/2054 1965/2117/2098 2007/2136/2114
f 1872/2025/2016 1867/1976/1971 1969/2102/2084 2028/2137/2115
f 1972/2138/2116 1916/2070/2053 1924/2075/2058 1976/2139/2117
f 1975/2140/2118 1908/2065/2049 1916/2070/2053 1972/2138/2116
f 1976/2139/2117 1924/2075/2058 1932/2083/2066 1978/2141/2119
f 1971/2109/2091 1893/2010/2002 1948/2057/2042 2018/2142/2120
f 1978/2143/2119 1932/2089/2066 1941/2090/2072 1992/2144/2121
f 1980/2145/2122 1901/2064/2048 1908/2065/2049 1975/2140/2118
f 1923/2081/2064 1897/2013/2005 1979/2116/2097 2021/2146/2123
f 1982/2147/2124 1933/2091/2073 1910/2072/2055 1960/2132/2110
f 1947/2069/2052 1907/2027/2018 1984/2148/2125 2017/2149/2126
f 1985/2150/2127 1886/2049/2035 1885/2048/2034 1986/2151/2128
f 1986/2151/2128 1885/2048/2034 1900/2063/2047 2004/2152/2129
f 1987/2153/2130 1918/2077/2060 1921/2079/2062 2008/2154/2131
f 1991/2155/2132 1904/2066/2050 1901/2067/2048 1980/2145/2122
f 1992/2144/2121 1941/2090/2072 1957/2106/2088 2015/2156/2133
f 1967/2095/2077 1906/2016/2008 1964/2094/2076 2033/2157/2134
f 1950/2074/2057 1913/2033/2022 1994/2131/2109 2022/2158/2135
f 1952/2080/2063 1922/2051/2037 1996/2159/2136 2023/2160/2137
f 1880/2039/2028 1917/2076/2059 1997/2161/2138 1961/2133/2111
f 1964/2094/2076 1920/2026/2017 1990/2119/2100 2036/2162/2139
f 1999/2163/2140 1944/2111/2093 1933/2112/2073 1982/2164/2124
f 2000/2165/2141 1905/2050/2036 1886/2049/2035 1985/2150/2127
f 2001/2166/2142 1940/2086/2069 1927/2078/2061 2012/2167/2143
f 1968/2082/2065 1866/2018/2010 1973/2100/2082 2047/2168/2144
f 2002/2169/2145 1926/2073/2056 1904/2066/2050 1991/2155/2132
f 1995/2118/2099 1919/2020/2012 1967/2095/2077 2041/2170/2146
f 1974/2085/2068 1889/1993/1986 1968/2082/2065 2059/2171/2147
f 2003/2172/2148 1937/2101/2083 1882/2041/2030 1953/2123/2103
f 2004/2152/2129 1900/2063/2047 1935/2096/2078 2032/2173/2149
f 1928/2087/2070 1956/2128/2107 2005/2174/2150 1958/2129/2108
f 1970/2103/2085 1925/2031/2021 1998/2121/2101 2046/2175/2151
f 2006/2176/2152 1930/2088/2071 1946/2115/2096 2026/2177/2153
f 1973/2100/2082 1890/2053/2039 1966/2135/2113 2050/2178/2154
f 1953/2123/2103 1884/2124/2033 1993/2179/2090 2058/2180/2155
f 1943/2084/2067 1926/2073/2056 2002/2169/2145 2027/2181/2156
f 1988/2097/2079 1894/1996/1989 1974/2085/2068 2077/2182/2157
f 2009/2183/2158 1931/2037/2026 1983/2105/2087 2057/2184/2159
f 2010/2185/2160 1962/2104/2086 1940/2086/2069 2001/2166/2142
f 2011/2186/2161 1951/2122/2102 1915/2017/2009 1970/2103/2085
f 1993/2108/2090 1911/2006/1998 1988/2097/2079 2078/2187/2162
f 2013/2188/2163 1956/2128/2107 1944/2111/2093 1999/2163/2140
f 1949/2114/2095 1945/2113/2094 2014/2189/2164 2054/2190/2165
f 1892/2056/2041 1951/2122/2102 2016/2191/2166 1963/2134/2112
f 1979/2116/2097 1947/2069/2052 2017/2149/2126 2056/2192/2167
f 2019/2193/2168 1938/2068/2051 1905/2050/2036 2000/2165/2141
f 2015/2156/2133 1957/2106/2088 2007/2136/2114 2066/2194/2169
f 2020/2195/2170 1954/2125/2104 1981/2126/2105 2043/2196/2171
f 1990/2119/2100 1950/2074/2057 2022/2158/2135 2064/2197/2172
f 2024/2198/2173 1955/2127/2106 1954/2125/2104 2020/2195/2170
f 1989/2199/2080 1914/2200/1996 2025/2201/2174 2091/2202/2175
f 2026/2177/2153 1946/2115/2096 1961/2133/2111 2052/2203/2176
f 1959/2110/2092 1943/2084/2067 2027/2181/2156 2044/2204/2177
f 1917/2076/2059 1971/2109/2091 2029/2205/2178 1997/2161/2138
f 1998/2121/2101 1923/2120/2064 2021/2206/2123 2074/2207/2179
f 2030/2208/2180 1983/2105/2087 1903/2008/2000 1977/2092/2074
f 2031/2209/2181 1936/2099/2081 2009/2183/2158 2070/2210/2182
f 2032/2173/2149 1935/2096/2078 1963/2134/2112 2071/2211/2183
f 2034/2212/2184 1977/2092/2074 1895/2002/1994 1989/2098/2080
f 2035/2213/2185 1960/2132/2110 1937/2101/2083 2003/2172/2148
f 1981/2126/2105 2037/2214/2186 2038/2215/2187 2043/2196/2171
f 1948/2057/2042 1995/2118/2099 2039/2216/2188 2018/2142/2120
f 2040/2217/2189 1966/2135/2113 1952/2080/2063 2023/2160/2137
f 2042/2218/2190 1934/2093/2075 1872/2025/2016 2028/2137/2115
f 1994/2131/2109 1959/2130/2092 2044/2219/2177 2076/2220/2191
f 2045/2221/2192 1987/2153/2130 2008/2154/2131 2051/2222/2193
f 2048/2223/2194 2012/2167/2143 1987/2153/2130 2045/2221/2192
f 2007/2136/2114 1965/2117/2098 2049/2224/2195 2109/2225/2196
f 2033/2157/2134 1964/2094/2076 2036/2162/2139 2097/2226/2197
f 2051/2222/2193 2008/2154/2131 2006/2176/2152 2080/2227/2198
f 2052/2203/2176 1961/2133/2111 1997/2161/2138 2092/2228/2199
f 2023/2160/2137 1996/2159/2136 2053/2229/2200 2088/2230/2201
f 1978/2143/2119 1992/2144/2121 2055/2231/2202 2060/2232/2203
f 2041/2170/2146 1967/2095/2077 2033/2157/2134 2106/2233/2204
f 1976/2139/2117 1978/2141/2119 2060/2234/2203 2065/2235/2205
f 2061/2236/2206 2001/2166/2142 2012/2167/2143 2048/2223/2194
f 2021/2146/2123 1979/2116/2097 2056/2192/2167 2101/2237/2207
f 2062/2238/2208 1982/2147/2124 1960/2132/2110 2035/2213/2185
f 2063/2239/2209 1969/2102/2084 1938/2068/2051 2019/2193/2168
f 2011/2186/2161 1970/2103/2085 2046/2175/2151 2112/2240/2210
f 1972/2138/2116 1976/2139/2117 2065/2235/2205 2075/2241/2211
f 2036/2162/2139 1990/2119/2100 2064/2197/2172 2113/2242/2212
f 2003/2172/2148 1953/2123/2103 2058/2180/2155 2122/2243/2213
f 2067/2244/2214 2017/2149/2126 1984/2148/2125 2085/2245/2215
f 2068/2246/2216 2005/2174/2150 1956/2128/2107 2013/2188/2163
f 2037/2214/2186 2031/2209/2181 2069/2247/2217 2038/2215/2187
f 1992/2144/2121 2015/2156/2133 2072/2248/2218 2055/2231/2202
f 1971/2109/2091 2018/2142/2120 2073/2249/2219 2029/2205/2178
f 1975/2140/2118 1972/2138/2116 2075/2241/2211 2086/2250/2220
f 2022/2158/2135 1994/2131/2109 2076/2220/2191 2107/2251/2221
f 2047/2168/2144 1973/2100/2082 2050/2178/2154 2130/2252/2222
f 2071/2211/2183 1963/2134/2112 2016/2191/2166 2123/2253/2223
f 2079/2254/2224 1999/2163/2140 1982/2164/2124 2062/2255/2208
f 2081/2256/2225 2010/2185/2160 2001/2166/2142 2061/2236/2206
f 2082/2257/2226 1986/2151/2128 2004/2152/2129 2090/2258/2227
f 2050/2178/2154 1966/2135/2113 2040/2217/2189 2127/2259/2228
f 2083/2260/2229 2020/2195/2170 2043/2196/2171 2096/2261/2230
f 2059/2171/2147 1968/2082/2065 2047/2168/2144 2147/2262/2231
f 2084/2263/2232 2024/2198/2173 2020/2195/2170 2083/2260/2229
f 2046/2175/2151 1998/2121/2101 2074/2207/2179 2133/2264/2233
f 1980/2145/2122 1975/2140/2118 2086/2250/2220 2134/2265/2234
f 2087/2266/2235 1985/2150/2127 1986/2151/2128 2082/2257/2226
f 2070/2210/2182 2009/2183/2158 2057/2184/2159 2132/2267/2236
f 1958/2129/2108 2005/2174/2150 2089/2268/2237 2114/2269/2238
f 2090/2258/2227 2004/2152/2129 2032/2173/2149 2119/2270/2239
f 2053/2229/2200 2024/2198/2173 2084/2263/2232 2116/2271/2240
f 2092/2228/2199 1997/2161/2138 2029/2205/2178 2135/2272/2241
f 2093/2273/2242 2026/2177/2153 2052/2203/2176 2125/2274/2243
f 2094/2275/2244 1991/2276/2132 1980/2145/2122 2134/2265/2234
f 1995/2118/2099 2041/2170/2146 2095/2277/2245 2039/2216/2188
f 2069/2247/2217 2031/2209/2181 2070/2210/2182 2139/2278/2246
f 2058/2180/2155 1993/2179/2090 2078/2279/2162 2166/2280/2247
f 2077/2182/2157 1974/2085/2068 2059/2171/2147 2178/2281/2248
f 2072/2248/2218 2015/2156/2133 2066/2194/2169 2161/2282/2249
f 2098/2283/2250 2045/2221/2192 2051/2222/2193 2121/2284/2251
f 2099/2285/2252 2013/2188/2163 1999/2163/2140 2079/2254/2224
f 2100/2286/2253 2048/2223/2194 2045/2221/2192 2098/2283/2250
f 2102/2287/2254 2085/2245/2215 2010/2185/2160 2081/2256/2225
f 2103/2288/2255 2057/2184/2159 1983/2105/2087 2030/2208/2180
f 2105/2289/2256 1942/2107/2089 2104/2290/2257 2193/2291/2258
f 2064/2197/2172 2022/2158/2135 2107/2251/2221 2150/2292/2259
f 2108/2293/2260 2002/2294/2145 1991/2276/2132 2094/2275/2244
f 2066/2194/2169 2007/2136/2114 2109/2225/2196 2188/2295/2261
f 2034/2296/2184 1989/2199/2080 2091/2202/2175 2184/2297/2262
f 2110/2298/2263 2040/2217/2189 2023/2160/2137 2088/2230/2201
f 2111/2299/2264 2056/2192/2167 2017/2149/2126 2067/2244/2214
f 2074/2207/2179 2021/2206/2123 2101/2300/2207 2162/2301/2265
f 2078/2187/2162 1988/2097/2079 2077/2182/2157 2196/2302/2266
f 2051/2222/2193 2080/2227/2198 2115/2303/2267 2121/2284/2251
f 2088/2230/2201 2053/2229/2200 2116/2271/2240 2143/2304/2268
f 2117/2305/2269 2061/2236/2206 2048/2223/2194 2100/2286/2253
f 2118/2306/2270 2030/2208/2180 1977/2092/2074 2034/2212/2184
f 2119/2270/2239 2032/2173/2149 2071/2211/2183 2160/2307/2271
f 2120/2308/2272 2028/2137/2115 1969/2102/2084 2063/2239/2209
f 2035/2213/2185 2003/2172/2148 2122/2243/2213 2159/2309/2273
f 2124/2310/2274 2027/2311/2156 2002/2294/2145 2108/2293/2260
f 2018/2142/2120 2039/2216/2188 2126/2312/2275 2073/2249/2219
f 2115/2303/2267 2080/2227/2198 2093/2273/2242 2149/2313/2276
f 2125/2274/2243 2052/2203/2176 2092/2228/2199 2164/2314/2277
f 2128/2315/2278 2083/2260/2229 2096/2261/2230 2140/2316/2279
f 2106/2233/2204 2033/2157/2134 2097/2226/2197 2182/2317/2280
f 2129/2318/2281 2084/2263/2232 2083/2260/2229 2128/2315/2278
f 2081/2256/2225 2061/2236/2206 2117/2305/2269 2152/2319/2282
f 2097/2226/2197 2036/2162/2139 2113/2242/2212 2180/2320/2283
f 2038/2215/2187 2069/2247/2217 2131/2321/2284 2136/2322/2285
f 2123/2253/2223 2016/2191/2166 2137/2323/2286 2192/2324/2287
f 2138/2325/2288 2044/2219/2177 2027/2311/2156 2124/2310/2274
f 2116/2271/2240 2084/2263/2232 2129/2318/2281 2153/2326/2289
f 2135/2272/2241 2029/2205/2178 2073/2249/2219 2191/2327/2290
f 2141/2328/2291 2098/2283/2250 2121/2284/2251 2151/2329/2292
f 2095/2277/2245 2041/2170/2146 2106/2233/2204 2205/2330/2293
f 2142/2331/2294 2067/2244/2214 2085/2245/2215 2102/2287/2254
f 2144/2332/2295 2100/2286/2253 2098/2283/2250 2141/2328/2291
f 2096/2261/2230 2136/2322/2285 2145/2333/2296 2140/2316/2279
f 2146/2334/2297 2019/2193/2168 2000/2165/2141 2177/2335/2298
f 2091/2202/2175 2025/2201/2174 2148/2336/2299 2227/2337/2300
f 2112/2240/2210 2046/2175/2151 2133/2264/2233 2212/2338/2301
f 2127/2259/2228 2040/2217/2189 2110/2298/2263 2200/2339/2302
f 2130/2252/2222 2050/2178/2154 2127/2259/2228 2213/2340/2303
f 2149/2313/2276 2093/2273/2242 2125/2274/2243 2186/2341/2304
f 2121/2284/2251 2115/2303/2267 2154/2342/2305 2151/2329/2292
f 2155/2343/2306 2076/2220/2191 2044/2219/2177 2138/2325/2288
f 2156/2344/2307 2128/2315/2278 2140/2316/2279 2165/2345/2308
f 2139/2278/2246 2070/2210/2182 2132/2267/2236 2211/2346/2309
f 2157/2347/2310 2129/2318/2281 2128/2315/2278 2156/2344/2307
f 2158/2348/2311 2137/2323/2286 2011/2186/2161 2112/2240/2210
f 2062/2238/2208 2035/2213/2185 2159/2309/2273 2190/2349/2312
f 2131/2321/2284 2069/2247/2217 2139/2278/2246 2199/2350/2313
f 2160/2307/2271 2071/2211/2183 2123/2253/2223 2214/2351/2314
f 2143/2304/2268 2116/2271/2240 2153/2326/2289 2187/2352/2315
f 2156/2344/2307 2141/2328/2291 2151/2329/2292 2157/2347/2310
f 2163/2353/2316 2101/2237/2207 2056/2192/2167 2111/2299/2264
f 2141/2328/2291 2156/2344/2307 2165/2345/2308 2144/2332/2295
f 2167/2354/2317 2068/2246/2216 2013/2188/2163 2099/2285/2252
f 2153/2326/2289 2129/2318/2281 2157/2347/2310 2175/2355/2318
f 2147/2262/2231 2047/2168/2144 2130/2252/2222 2231/2356/2319
f 2168/2357/2320 2102/2287/2254 2081/2256/2225 2152/2319/2282
f 2169/2358/2321 2113/2242/2212 2064/2197/2172 2150/2292/2259
f 2005/2174/2150 2068/2246/2216 2170/2359/2322 2089/2268/2237
f 2171/2360/2323 2110/2298/2263 2088/2230/2201 2143/2304/2268
f 2152/2319/2282 2117/2305/2269 2172/2361/2324 2197/2362/2325
f 2173/2363/2326 2165/2345/2308 2140/2316/2279 2145/2333/2296
f 2060/2232/2203 2055/2231/2202 2174/2364/2327 2185/2365/2328
f 2172/2361/2324 2144/2332/2295 2165/2345/2308 2173/2363/2326
f 2175/2355/2318 2157/2347/2310 2151/2329/2292 2154/2342/2305
f 2176/2366/2329 2145/2333/2296 2136/2322/2285 2131/2321/2284
f 2122/2243/2213 2058/2180/2155 2166/2280/2247 2236/2367/2330
f 2115/2303/2267 2149/2313/2276 2179/2368/2331 2154/2342/2305
f 2181/2369/2332 2107/2251/2221 2076/2220/2191 2155/2343/2306
f 2054/2190/2165 2014/2189/2164 2183/2370/2333 2194/2371/2334
f 2065/2235/2205 2060/2234/2203 2185/2372/2328 2206/2373/2335
f 2055/2231/2202 2072/2248/2218 2189/2374/2336 2174/2364/2327
f 2079/2254/2224 2062/2255/2208 2190/2375/2312 2217/2376/2337
f 2049/2224/2195 2054/2190/2165 2194/2371/2334 2277/2377/2338
f 2187/2352/2315 2153/2326/2289 2175/2355/2318 2203/2378/2339
f 2195/2379/2340 2042/2218/2190 2028/2137/2115 2120/2308/2272
f 2186/2341/2304 2125/2274/2243 2164/2314/2277 2225/2380/2341
f 2198/2381/2342 2111/2299/2264 2067/2244/2214 2142/2331/2294
f 2087/2266/2235 2082/2257/2226 2201/2382/2343 2221/2383/2344
f 2202/2384/2345 2173/2363/2326 2145/2333/2296 2176/2366/2329
f 2203/2378/2339 2175/2355/2318 2154/2342/2305 2179/2368/2331
f 2090/2258/2227 2119/2270/2239 2204/2385/2346 2228/2386/2347
f 2191/2327/2290 2073/2249/2219 2126/2312/2275 2241/2387/2348
f 2148/2336/2299 2105/2289/2256 2193/2291/2258 2279/2388/2349
f 2178/2281/2248 2059/2171/2147 2147/2262/2231 2270/2389/2350
f 2075/2241/2211 2065/2235/2205 2206/2373/2335 2220/2390/2351
f 2179/2368/2331 2149/2313/2276 2186/2341/2304 2223/2391/2352
f 2161/2282/2249 2066/2194/2169 2188/2295/2261 2282/2392/2353
f 2207/2393/2354 2103/2288/2255 2030/2208/2180 2118/2306/2270
f 2208/2394/2355 2063/2239/2209 2019/2193/2168 2146/2334/2297
f 2118/2395/2270 2034/2296/2184 2184/2297/2262 2266/2396/2356
f 2210/2397/2357 2104/2290/2257 2209/2398/2358 2226/2399/2359
f 2176/2366/2329 2131/2321/2284 2199/2350/2313 2230/2400/2360
f 2182/2317/2280 2097/2226/2197 2180/2320/2283 2255/2401/2361
f 2014/2189/2164 2114/2269/2238 2215/2402/2362 2183/2370/2333
f 2143/2304/2268 2187/2352/2315 2216/2403/2363 2171/2360/2323
f 2200/2339/2302 2110/2298/2263 2171/2360/2323 2240/2404/2364
f 2192/2324/2287 2137/2323/2286 2158/2348/2311 2261/2405/2365
f 2099/2285/2252 2079/2254/2224 2217/2376/2337 2258/2406/2366
f 2152/2319/2282 2197/2362/2325 2218/2407/2367 2168/2357/2320
f 2219/2408/2368 2150/2292/2259 2107/2251/2221 2181/2369/2332
f 2205/2330/2293 2106/2233/2204 2182/2317/2280 2269/2409/2369
f 2199/2350/2313 2139/2278/2246 2211/2346/2309 2244/2410/2370
f 2166/2280/2247 2078/2279/2162 2196/2411/2266 2286/2412/2371
f 2086/2250/2220 2075/2241/2211 2220/2390/2351 2234/2413/2372
f 2214/2351/2314 2123/2253/2223 2192/2324/2287 2267/2414/2373
f 2158/2348/2311 2112/2240/2210 2212/2338/2301 2276/2415/2374
f 2177/2335/2298 2087/2266/2235 2221/2383/2344 2260/2416/2375
f 2119/2270/2239 2160/2307/2271 2222/2417/2376 2204/2385/2346
f 2224/2418/2377 2162/2301/2265 2101/2300/2207 2163/2419/2316
f 2213/2340/2303 2127/2259/2228 2200/2339/2302 2268/2420/2378
f 2187/2352/2315 2203/2378/2339 2229/2421/2379 2216/2403/2363
f 2202/2384/2345 2176/2366/2329 2230/2400/2360 2232/2422/2380
f 2196/2302/2266 2077/2182/2157 2178/2281/2248 2311/2423/2381
f 2197/2362/2325 2202/2384/2345 2232/2422/2380 2218/2407/2367
f 2233/2424/2382 2180/2320/2283 2113/2242/2212 2169/2358/2321
f 2223/2391/2352 2186/2341/2304 2225/2380/2341 2262/2425/2383
f 2134/2265/2234 2086/2250/2220 2234/2413/2372 2245/2426/2384
f 2184/2297/2262 2091/2202/2175 2227/2337/2300 2303/2427/2385
f 2135/2272/2241 2191/2327/2290 2235/2428/2386 2242/2429/2387
f 2159/2309/2273 2122/2243/2213 2236/2367/2330 2285/2430/2388
f 2212/2338/2301 2133/2264/2233 2237/2431/2389 2288/2432/2390
f 2072/2248/2218 2161/2282/2249 2238/2433/2391 2189/2374/2336
f 2231/2356/2319 2130/2252/2222 2213/2340/2303 2291/2434/2392
f 2239/2435/2393 2163/2353/2316 2111/2299/2264 2198/2381/2342
f 2243/2436/2394 2211/2346/2309 2132/2267/2236 2249/2437/2395
f 2240/2404/2364 2171/2360/2323 2216/2403/2363 2278/2438/2396
f 2094/2275/2244 2134/2265/2234 2245/2426/2384 2294/2439/2397
f 2164/2314/2277 2242/2429/2387 2246/2440/2398 2225/2380/2341
f 2168/2357/2320 2218/2407/2367 2247/2441/2399 2252/2442/2400
f 2230/2400/2360 2199/2350/2313 2244/2410/2370 2275/2443/2401
f 2248/2444/2402 2108/2293/2260 2094/2275/2244 2294/2439/2397
f 2250/2445/2403 2124/2310/2274 2108/2293/2260 2248/2444/2402
f 2251/2446/2404 2169/2358/2321 2150/2292/2259 2219/2408/2368
f 2253/2447/2405 2198/2381/2342 2142/2331/2294 2252/2442/2400
f 2095/2277/2245 2205/2330/2293 2254/2448/2406 2256/2449/2407
f 2241/2387/2348 2126/2312/2275 2256/2449/2407 2297/2450/2408
f 2257/2451/2409 2138/2325/2288 2124/2310/2274 2250/2445/2403
f 2167/2354/2317 2099/2285/2252 2258/2406/2366 2320/2452/2410
f 2160/2307/2271 2214/2351/2314 2259/2453/2411 2222/2417/2376
f 2146/2334/2297 2177/2335/2298 2260/2416/2375 2305/2454/2412
f 2229/2421/2379 2223/2391/2352 2262/2425/2383 2271/2455/2413
f 2114/2269/2238 2089/2268/2237 2263/2456/2414 2215/2402/2362
f 2264/2457/2415 2155/2343/2306 2138/2325/2288 2257/2451/2409
f 2265/2458/2416 2120/2308/2272 2063/2239/2209 2208/2394/2355
f 2216/2403/2363 2229/2421/2379 2271/2455/2413 2278/2438/2396
f 2272/2459/2417 2226/2399/2359 2042/2218/2190 2195/2379/2340
f 2273/2460/2418 2249/2437/2395 2103/2288/2255 2207/2393/2354
f 2218/2407/2367 2232/2422/2380 2274/2461/2419 2247/2441/2399
f 2232/2422/2380 2230/2400/2360 2275/2443/2401 2274/2461/2419
f 2268/2420/2378 2200/2339/2302 2240/2404/2364 2299/2462/2420
f 2235/2428/2386 2191/2327/2290 2241/2387/2348 2313/2463/2421
f 2068/2246/2216 2167/2354/2317 2280/2464/2422 2170/2359/2322
f 2270/2389/2350 2147/2262/2231 2231/2356/2319 2326/2465/2423
f 2281/2466/2424 2181/2369/2332 2155/2343/2306 2264/2457/2415
f 2207/2467/2354 2118/2395/2270 2266/2396/2356 2325/2468/2425
f 2283/2469/2426 2237/2431/2389 2162/2301/2265 2224/2418/2377
f 2188/2295/2261 2109/2225/2196 2284/2470/2427 2349/2471/2428
f 2190/2349/2312 2159/2309/2273 2285/2430/2388 2309/2472/2429
f 2267/2414/2373 2192/2324/2287 2261/2405/2365 2322/2473/2430
f 2227/2337/2300 2148/2336/2299 2279/2388/2349 2339/2474/2431
f 2253/2447/2405 2252/2442/2400 2247/2441/2399 2306/2475/2432
f 2201/2382/2343 2228/2386/2347 2287/2476/2433 2298/2477/2434
f 2239/2435/2393 2198/2381/2342 2253/2447/2405 2319/2478/2435
f 2228/2386/2347 2204/2385/2346 2289/2479/2436 2287/2476/2433
f 2261/2405/2365 2158/2348/2311 2276/2415/2374 2328/2480/2437
f 2290/2481/2438 2262/2425/2383 2225/2380/2341 2246/2440/2398
f 2292/2482/2439 2224/2418/2377 2163/2419/2316 2239/2483/2393
f 2293/2484/2440 2219/2408/2368 2181/2369/2332 2281/2466/2424
f 2236/2367/2330 2166/2280/2247 2286/2412/2371 2345/2485/2441
f 2291/2434/2392 2213/2340/2303 2268/2420/2378 2333/2486/2442
f 2295/2487/2443 2255/2401/2361 2180/2320/2283 2233/2424/2382
f 2242/2429/2387 2235/2428/2386 2296/2488/2444 2246/2440/2398
f 2221/2383/2344 2201/2382/2343 2298/2477/2434 2324/2489/2445
f 2299/2462/2420 2240/2404/2364 2278/2438/2396 2314/2490/2446
f 2276/2415/2374 2212/2338/2301 2288/2432/2390 2337/2491/2447
f 2185/2365/2328 2174/2364/2327 2300/2492/2448 2316/2493/2449
f 2182/2317/2280 2255/2401/2361 2301/2494/2450 2269/2409/2369
f 2204/2385/2346 2222/2417/2376 2302/2495/2451 2289/2479/2436
f 2304/2496/2452 2233/2424/2382 2169/2358/2321 2251/2446/2404
f 2238/2433/2391 2161/2282/2249 2282/2392/2353 2373/2497/2453
f 2208/2394/2355 2146/2334/2297 2305/2454/2412 2358/2498/2454
f 2306/2475/2432 2247/2441/2399 2274/2461/2419 2318/2499/2455
f 2214/2351/2314 2267/2414/2373 2307/2500/2456 2259/2453/2411
f 2174/2364/2327 2189/2374/2336 2308/2501/2457 2300/2492/2448
f 2217/2376/2337 2190/2375/2312 2309/2502/2429 2331/2503/2458
f 2310/2504/2459 2271/2455/2413 2262/2425/2383 2290/2481/2438
f 2312/2505/2460 2275/2443/2401 2244/2410/2370 2321/2506/2461
f 2266/2396/2356 2184/2297/2262 2303/2427/2385 2363/2507/2462
f 2297/2450/2408 2256/2449/2407 2254/2448/2406 2347/2508/2463
f 2314/2490/2446 2278/2438/2396 2271/2455/2413 2310/2504/2459
f 2205/2330/2293 2269/2409/2369 2315/2509/2464 2254/2448/2406
f 2206/2373/2335 2185/2372/2328 2316/2510/2449 2335/2511/2465
f 2317/2512/2466 2243/2436/2394 2249/2437/2395 2273/2460/2418
f 2318/2499/2455 2274/2461/2419 2275/2443/2401 2312/2505/2460
f 2313/2463/2421 2241/2387/2348 2297/2450/2408 2357/2513/2467
f 2323/2514/2468 2251/2446/2404 2219/2408/2368 2293/2484/2440
f 2260/2416/2375 2221/2383/2344 2324/2489/2445 2365/2515/2469
f 2319/2478/2435 2253/2447/2405 2306/2475/2432 2351/2516/2470
f 2222/2417/2376 2259/2453/2411 2327/2517/2471 2302/2495/2451
f 2326/2465/2423 2231/2356/2319 2291/2434/2392 2371/2518/2472
f 2089/2268/2237 2170/2359/2322 2329/2519/2473 2263/2456/2414
f 2279/2388/2349 2193/2291/2258 2330/2520/2474 2386/2521/2475
f 2258/2406/2366 2217/2376/2337 2331/2503/2458 2370/2522/2476
f 2273/2523/2418 2207/2467/2354 2325/2468/2425 2374/2524/2477
f 2332/2525/2478 2288/2432/2390 2237/2431/2389 2283/2469/2426
f 2333/2486/2442 2268/2420/2378 2299/2462/2420 2352/2526/2479
f 2334/2527/2480 2290/2481/2438 2246/2440/2398 2296/2488/2444
f 2220/2390/2351 2206/2373/2335 2335/2511/2465 2355/2528/2481
f 2336/2529/2482 2210/2397/2357 2226/2399/2359 2272/2459/2417
f 2286/2412/2371 2196/2411/2266 2311/2530/2381 2396/2531/2483
f 2280/2464/2422 2167/2354/2317 2320/2452/2410 2402/2532/2484
f 2178/2281/2248 2270/2389/2350 2338/2533/2485 2311/2423/2381
f 2307/2500/2456 2267/2414/2373 2322/2473/2430 2377/2534/2486
f 2340/2535/2487 2283/2469/2426 2224/2418/2377 2292/2482/2439
f 2341/2536/2488 2296/2488/2444 2235/2428/2386 2313/2463/2421
f 2342/2537/2489 2321/2506/2461 2243/2436/2394 2317/2512/2466
f 2343/2538/2490 2264/2457/2415 2257/2451/2409 2350/2539/2491
f 2239/2483/2393 2319/2540/2435 2344/2541/2492 2292/2482/2439
f 2285/2430/2388 2236/2367/2330 2345/2485/2441 2384/2542/2493
f 2189/2374/2336 2238/2433/2391 2346/2543/2494 2308/2501/2457
f 2303/2427/2385 2227/2337/2300 2339/2474/2431 2398/2544/2495
f 2348/2545/2496 2281/2466/2424 2264/2457/2415 2343/2538/2490
f 2282/2392/2353 2188/2295/2261 2349/2471/2428 2431/2546/2497
f 2350/2539/2491 2257/2451/2409 2250/2445/2403 2364/2547/2498
f 2351/2516/2470 2306/2475/2432 2318/2499/2455 2367/2548/2499
f 2352/2526/2479 2299/2462/2420 2314/2490/2446 2359/2549/2500
f 2353/2550/2501 2310/2504/2459 2290/2481/2438 2334/2527/2480
f 2354/2551/2502 2295/2487/2443 2233/2424/2382 2304/2496/2452
f 2234/2413/2372 2220/2390/2351 2355/2528/2481 2378/2552/2503
f 2255/2401/2361 2295/2487/2443 2356/2553/2504 2301/2494/2450
f 2359/2549/2500 2314/2490/2446 2310/2504/2459 2353/2550/2501
f 2360/2554/2505 2293/2484/2440 2281/2466/2424 2348/2545/2496
f 2361/2555/2506 2312/2505/2460 2321/2506/2461 2342/2537/2489
f 2362/2556/2507 2304/2496/2452 2251/2446/2404 2323/2514/2468
f 2364/2547/2498 2250/2445/2403 2248/2444/2402 2375/2557/2508
f 2305/2454/2412 2260/2416/2375 2365/2515/2469 2404/2558/2509
f 2366/2559/2510 2289/2479/2436 2302/2495/2451 2379/2560/2511
f 2367/2548/2499 2318/2499/2455 2312/2505/2460 2361/2555/2506
f 2259/2453/2411 2307/2500/2456 2368/2561/2512 2327/2517/2471
f 2325/2468/2425 2266/2396/2356 2363/2507/2462 2407/2562/2513
f 2269/2409/2369 2301/2494/2450 2369/2563/2514 2315/2509/2464
f 2320/2452/2410 2258/2406/2366 2370/2522/2476 2424/2564/2515
f 2371/2518/2472 2291/2434/2392 2333/2486/2442 2394/2565/2516
f 2372/2566/2517 2298/2477/2434 2287/2476/2433 2385/2567/2518
f 2317/2568/2466 2273/2523/2418 2374/2524/2477 2397/2569/2519
f 2375/2557/2508 2248/2444/2402 2294/2439/2397 2420/2570/2520
f 2338/2533/2485 2270/2389/2350 2326/2465/2423 2415/2571/2521
f 2376/2572/2522 2265/2458/2416 2208/2394/2355 2358/2498/2454
f 2245/2426/2384 2234/2413/2372 2378/2552/2503 2387/2573/2523
f 2379/2560/2511 2302/2495/2451 2327/2517/2471 2401/2574/2524
f 2380/2575/2525 2334/2527/2480 2296/2488/2444 2341/2536/2488
f 2381/2576/2526 2323/2514/2468 2293/2484/2440 2360/2554/2505
f 2382/2577/2527 2337/2491/2447 2288/2432/2390 2332/2525/2478
f 2319/2540/2435 2351/2578/2470 2383/2579/2528 2344/2541/2492
f 2309/2472/2429 2285/2430/2388 2384/2542/2493 2414/2580/2529
f 2294/2439/2397 2245/2426/2384 2387/2573/2523 2420/2570/2520
f 2297/2450/2408 2347/2508/2463 2388/2581/2530 2357/2513/2467
f 2389/2582/2531 2324/2489/2445 2298/2477/2434 2372/2566/2517
f 2390/2583/2532 2341/2536/2488 2313/2463/2421 2357/2513/2467
f 2391/2584/2533 2332/2525/2478 2283/2469/2426 2340/2535/2487
f 2339/2474/2431 2279/2388/2349 2386/2521/2475 2451/2585/2534
f 2194/2371/2334 2183/2370/2333 2392/2586/2535 2464/2587/2536
f 2292/2482/2439 2344/2541/2492 2393/2588/2537 2340/2535/2487
f 2394/2565/2516 2333/2486/2442 2352/2526/2479 2408/2589/2538
f 2377/2534/2486 2322/2473/2430 2395/2590/2539 2432/2591/2540
f 2346/2543/2494 2238/2433/2391 2373/2497/2453 2474/2592/2541
f 2342/2593/2489 2317/2568/2466 2397/2569/2519 2419/2594/2542
f 2345/2485/2441 2286/2412/2371 2396/2531/2483 2454/2595/2543
f 2399/2596/2544 2353/2550/2501 2334/2527/2480 2380/2575/2525
f 2395/2590/2539 2328/2480/2437 2400/2597/2545 2445/2598/2546
f 2170/2359/2322 2280/2464/2422 2403/2599/2547 2329/2519/2473
f 2358/2498/2454 2305/2454/2412 2404/2558/2509 2457/2600/2548
f 2405/2601/2549 2354/2551/2502 2304/2496/2452 2362/2556/2507
f 2401/2574/2524 2327/2517/2471 2368/2561/2512 2440/2602/2550
f 2295/2487/2443 2354/2551/2502 2406/2603/2551 2356/2553/2504
f 2408/2589/2538 2352/2526/2479 2359/2549/2500 2413/2604/2552
f 2374/2524/2477 2325/2468/2425 2407/2562/2513 2449/2605/2553
f 2316/2493/2449 2300/2492/2448 2409/2606/2554 2429/2607/2555
f 2307/2500/2456 2377/2534/2486 2410/2608/2556 2368/2561/2512
f 2411/2609/2557 2315/2509/2464 2369/2563/2514 2452/2610/2558
f 2183/2370/2333 2215/2402/2362 2412/2611/2559 2392/2586/2535
f 2413/2604/2552 2359/2549/2500 2353/2550/2501 2399/2596/2544
f 2331/2503/2458 2309/2502/2429 2414/2612/2529 2439/2613/2560
f 2415/2571/2521 2326/2465/2423 2371/2518/2472 2447/2614/2561
f 2416/2615/2562 2348/2545/2496 2343/2538/2490 2423/2616/2563
f 2417/2617/2564 2362/2556/2507 2323/2514/2468 2381/2576/2526
f 2300/2492/2448 2308/2501/2457 2418/2618/2565 2409/2606/2554
f 2361/2619/2506 2342/2593/2489 2419/2594/2542 2421/2620/2566
f 2367/2621/2499 2361/2619/2506 2421/2620/2566 2437/2622/2567
f 2422/2623/2568 2360/2554/2505 2348/2545/2496 2416/2615/2562
f 2423/2616/2563 2343/2538/2490 2350/2539/2491 2434/2624/2569
f 2425/2625/2570 2363/2507/2462 2303/2427/2385 2398/2544/2495
f 2426/2626/2571 2366/2559/2510 2379/2560/2511 2435/2627/2572
f 2427/2628/2573 2365/2515/2469 2324/2489/2445 2389/2582/2531
f 2428/2629/2574 2385/2567/2518 2366/2559/2510 2426/2626/2571
f 2335/2511/2465 2316/2510/2449 2429/2630/2555 2453/2631/2575
f 2430/2632/2576 2380/2575/2525 2341/2536/2488 2390/2583/2532
f 2373/2497/2453 2282/2392/2353 2431/2546/2497 2522/2633/2577
f 2433/2634/2578 2400/2597/2545 2337/2491/2447 2382/2577/2527
f 2434/2624/2569 2350/2539/2491 2364/2547/2498 2458/2635/2579
f 2435/2627/2572 2379/2560/2511 2401/2574/2524 2460/2636/2580
f 2344/2541/2492 2383/2579/2528 2436/2637/2581 2393/2588/2537
f 2438/2638/2582 2381/2576/2526 2360/2554/2505 2422/2623/2568
f 2370/2522/2476 2331/2503/2458 2439/2613/2560 2479/2639/2583
f 2441/2640/2584 2372/2566/2517 2385/2567/2518 2428/2629/2574
f 2402/2532/2484 2320/2452/2410 2424/2564/2515 2508/2641/2585
f 2347/2508/2463 2411/2609/2557 2442/2642/2586 2388/2581/2530
f 2386/2521/2475 2330/2520/2474 2443/2643/2587 2502/2644/2588
f 2444/2645/2589 2390/2583/2532 2357/2513/2467 2388/2581/2530
f 2446/2646/2590 2382/2577/2527 2332/2525/2478 2391/2584/2533
f 2447/2614/2561 2371/2518/2472 2394/2565/2516 2470/2647/2591
f 2340/2535/2487 2393/2588/2537 2448/2648/2592 2391/2584/2533
f 2397/2569/2519 2374/2524/2477 2449/2605/2553 2476/2649/2593
f 2440/2602/2550 2368/2561/2512 2410/2608/2556 2485/2650/2594
f 2410/2608/2556 2377/2534/2486 2432/2591/2540 2488/2651/2595
f 2450/2652/2596 2336/2529/2482 2272/2459/2417 2467/2653/2597
f 2355/2528/2481 2335/2511/2465 2453/2631/2575 2487/2654/2598
f 2384/2542/2493 2345/2485/2441 2454/2595/2543 2498/2655/2599
f 2308/2501/2457 2346/2543/2494 2455/2656/2600 2418/2618/2565
f 2215/2402/2362 2263/2456/2414 2456/2657/2601 2412/2611/2559
f 2432/2591/2540 2395/2590/2539 2445/2598/2546 2496/2658/2602
f 2458/2635/2579 2364/2547/2498 2375/2557/2508 2491/2659/2603
f 2459/2660/2604 2399/2596/2544 2380/2575/2525 2430/2632/2576
f 2461/2661/2605 2405/2601/2549 2362/2556/2507 2417/2617/2564
f 2354/2551/2502 2405/2601/2549 2462/2662/2606 2406/2603/2551
f 2463/2663/2607 2311/2423/2381 2338/2533/2485 2492/2664/2608
f 2376/2572/2522 2358/2498/2454 2457/2600/2548 2516/2665/2609
f 2383/2579/2528 2437/2622/2567 2465/2666/2610 2436/2637/2581
f 2452/2610/2558 2369/2563/2514 2466/2667/2611 2503/2668/2612
f 2468/2669/2613 2389/2582/2531 2372/2566/2517 2441/2640/2584
f 2469/2670/2614 2417/2617/2564 2381/2576/2526 2438/2638/2582
f 2470/2647/2591 2394/2565/2516 2408/2589/2538 2481/2671/2615
f 2403/2599/2547 2280/2464/2422 2402/2532/2484 2567/2672/2616
f 2471/2673/2617 2404/2558/2509 2365/2515/2469 2427/2628/2573
f 2356/2553/2504 2406/2603/2551 2472/2674/2618 2466/2667/2611
f 2396/2531/2483 2311/2530/2381 2463/2675/2607 2520/2676/2619
f 2349/2471/2428 2284/2470/2427 2473/2677/2620 2538/2678/2621
f 2475/2679/2622 2398/2544/2495 2339/2474/2431 2451/2585/2534
f 2419/2594/2542 2397/2569/2519 2476/2649/2593 2486/2680/2623
f 2477/2681/2624 2413/2604/2552 2399/2596/2544 2459/2660/2604
f 2442/2642/2586 2411/2609/2557 2452/2610/2558 2511/2682/2625
f 2478/2683/2626 2422/2623/2568 2416/2615/2562 2480/2684/2627
f 2424/2564/2515 2370/2522/2476 2479/2639/2583 2532/2685/2628
f 2480/2684/2627 2416/2615/2562 2423/2616/2563 2493/2686/2629
f 2481/2671/2615 2408/2589/2538 2413/2604/2552 2477/2681/2624
f 2448/2648/2592 2393/2588/2537 2436/2637/2581 2506/2687/2630
f 2437/2622/2567 2421/2620/2566 2482/2688/2631 2465/2666/2610
f 2426/2626/2571 2435/2627/2572 2483/2689/2632 2484/2690/2633
f 2428/2629/2574 2426/2626/2571 2484/2690/2633 2497/2691/2634
f 2421/2620/2566 2419/2594/2542 2486/2680/2623 2482/2688/2631
f 2446/2646/2590 2391/2584/2533 2448/2648/2592 2519/2692/2635
f 2378/2552/2503 2355/2528/2481 2487/2654/2598 2514/2693/2636
f 2489/2694/2637 2430/2632/2576 2390/2583/2532 2444/2645/2589
f 2490/2695/2638 2445/2598/2546 2400/2597/2545 2433/2634/2578
f 2491/2659/2603 2375/2557/2508 2420/2570/2520 2513/2696/2639
f 2492/2664/2608 2338/2533/2485 2415/2571/2521 2510/2697/2640
f 2493/2686/2629 2423/2616/2563 2434/2624/2569 2509/2698/2641
f 2494/2699/2642 2438/2638/2582 2422/2623/2568 2478/2683/2626
f 2435/2627/2572 2460/2636/2580 2495/2700/2643 2483/2689/2632
f 2443/2643/2587 2336/2529/2482 2450/2652/2596 2555/2701/2644
f 2441/2640/2584 2428/2629/2574 2497/2691/2634 2524/2702/2645
f 2414/2580/2529 2384/2542/2493 2498/2655/2599 2527/2703/2646
f 2499/2704/2647 2444/2645/2589 2388/2581/2530 2442/2642/2586
f 2500/2705/2648 2433/2634/2578 2382/2577/2527 2446/2646/2590
f 2501/2706/2649 2440/2602/2550 2485/2650/2594 2528/2707/2650
f 2485/2650/2594 2410/2608/2556 2488/2651/2595 2534/2708/2651
f 2451/2585/2534 2386/2521/2475 2502/2644/2588 2568/2709/2652
f 2504/2710/2653 2427/2628/2573 2389/2582/2531 2468/2669/2613
f 2455/2656/2600 2346/2543/2494 2474/2592/2541 2589/2711/2654
f 2505/2712/2655 2461/2661/2605 2417/2617/2564 2469/2670/2614
f 2405/2601/2549 2461/2661/2605 2507/2713/2656 2462/2662/2606
f 2509/2698/2641 2434/2624/2569 2458/2714/2579 2549/2715/2657
f 2506/2687/2630 2436/2637/2581 2465/2666/2610 2539/2716/2658
f 2510/2697/2640 2415/2571/2521 2447/2614/2561 2533/2717/2659
f 2512/2718/2660 2469/2670/2614 2438/2638/2582 2494/2699/2642
f 2513/2696/2639 2420/2570/2520 2387/2573/2523 2584/2719/2661
f 2387/2573/2523 2378/2552/2503 2514/2693/2636 2584/2719/2661
f 2263/2456/2414 2329/2519/2473 2515/2720/2662 2456/2657/2601
f 2503/2668/2612 2466/2667/2611 2472/2674/2618 2560/2721/2663
f 2517/2722/2664 2459/2660/2604 2430/2632/2576 2489/2694/2637
f 2460/2636/2580 2501/2706/2649 2518/2723/2665 2495/2700/2643
f 2454/2595/2543 2396/2531/2483 2520/2676/2619 2578/2724/2666
f 2521/2725/2667 2425/2625/2570 2398/2544/2495 2475/2679/2622
f 2523/2726/2668 2457/2600/2548 2404/2558/2509 2471/2673/2617
f 2468/2669/2613 2441/2640/2584 2524/2702/2645 2566/2727/2669
f 2525/2728/2670 2478/2683/2626 2480/2684/2627 2531/2729/2671
f 2429/2607/2555 2409/2606/2554 2526/2730/2672 2544/2731/2673
f 2439/2613/2560 2414/2612/2529 2527/2732/2646 2553/2733/2674
f 2511/2682/2625 2452/2610/2558 2503/2668/2612 2572/2734/2675
f 2484/2690/2633 2483/2689/2632 2529/2735/2676 2536/2736/2677
f 2409/2606/2554 2418/2618/2565 2530/2737/2678 2526/2730/2672
f 2531/2729/2671 2480/2684/2627 2493/2686/2629 2550/2738/2679
f 2474/2592/2541 2373/2497/2453 2522/2633/2577 2644/2739/2680
f 2519/2692/2635 2448/2648/2592 2506/2687/2630 2574/2740/2681
f 2533/2717/2659 2447/2614/2561 2470/2647/2591 2545/2741/2682
f 2535/2742/2683 2494/2699/2642 2478/2683/2626 2525/2728/2670
f 2497/2691/2634 2484/2690/2633 2536/2736/2677 2557/2743/2684
f 2537/2744/2685 2476/2649/2593 2449/2605/2553 2559/2745/2686
f 2431/2546/2497 2349/2471/2428 2538/2678/2621 2636/2746/2687
f 2539/2716/2658 2465/2666/2610 2482/2688/2631 2552/2747/2688
f 2483/2689/2632 2495/2700/2643 2540/2748/2689 2529/2735/2676
f 2541/2749/2690 2477/2681/2624 2459/2660/2604 2517/2722/2664
f 2542/2750/2691 2496/2658/2602 2445/2598/2546 2490/2695/2638
f 2543/2751/2692 2489/2694/2637 2444/2645/2589 2499/2704/2647
f 2518/2723/2665 2501/2706/2649 2528/2707/2650 2579/2752/2693
f 2453/2631/2575 2429/2630/2555 2544/2753/2673 2580/2754/2694
f 2545/2755/2682 2470/2647/2591 2481/2671/2615 2548/2756/2695
f 2547/2757/2696 2546/2758/2697 2376/2572/2522 2516/2665/2609
f 2528/2707/2650 2485/2650/2594 2534/2708/2651 2587/2759/2698
f 2548/2756/2695 2481/2671/2615 2477/2681/2624 2541/2749/2690
f 2549/2715/2657 2458/2714/2579 2491/2760/2603 2592/2761/2699
f 2550/2738/2679 2493/2686/2629 2509/2698/2641 2585/2762/2700
f 2551/2763/2701 2486/2680/2623 2476/2649/2593 2537/2744/2685
f 2552/2747/2688 2482/2688/2631 2486/2680/2623 2551/2763/2701
f 2508/2641/2585 2424/2564/2515 2532/2685/2628 2643/2764/2702
f 2479/2639/2583 2439/2613/2560 2553/2733/2674 2595/2765/2703
f 2554/2766/2704 2490/2695/2638 2433/2634/2578 2500/2705/2648
f 2556/2767/2705 2499/2704/2647 2442/2642/2586 2511/2682/2625
f 2524/2702/2645 2497/2691/2634 2557/2743/2684 2590/2768/2706
f 2469/2670/2614 2512/2718/2660 2558/2769/2707 2505/2712/2655
f 2561/2770/2708 2471/2673/2617 2427/2628/2573 2504/2710/2653
f 2534/2708/2651 2488/2651/2595 2562/2771/2709 2597/2772/2710
f 2461/2661/2605 2505/2712/2655 2563/2773/2711 2507/2713/2656
f 2564/2774/2712 2512/2718/2660 2494/2699/2642 2535/2742/2683
f 2446/2646/2590 2519/2692/2635 2565/2775/2713 2500/2705/2648
f 2495/2700/2643 2518/2723/2665 2569/2776/2714 2540/2748/2689
f 2475/2679/2622 2451/2585/2534 2568/2709/2652 2621/2777/2715
f 2570/2778/2716 2571/2779/2717 2425/2625/2570 2521/2725/2667
f 2504/2710/2653 2468/2669/2613 2566/2727/2669 2609/2780/2718
f 2418/2618/2565 2455/2656/2600 2573/2781/2719 2530/2737/2678
f 2560/2721/2663 2472/2674/2618 2575/2782/2720 2611/2783/2721
f 2576/2784/2722 2525/2728/2670 2531/2729/2671 2586/2785/2723
f 2462/2662/2606 2507/2713/2656 2577/2786/2724 2575/2782/2720
f 2567/2672/2616 2402/2532/2484 2508/2641/2585 2700/2787/2725
f 2498/2655/2599 2454/2595/2543 2578/2724/2666 2624/2788/2726
f 2487/2654/2598 2453/2631/2575 2580/2754/2694 2619/2789/2727
f 2581/2790/2728 2536/2736/2677 2529/2735/2676 2583/2791/2729
f 2574/2740/2681 2506/2687/2630 2539/2716/2658 2604/2792/2730
f 2582/2793/2731 2535/2742/2683 2525/2728/2670 2576/2784/2722
f 2583/2791/2729 2529/2735/2676 2540/2748/2689 2594/2794/2732
f 2586/2785/2723 2531/2729/2671 2550/2738/2679 2602/2795/2733
f 2585/2762/2700 2509/2698/2641 2549/2715/2657 2625/2796/2734
f 2588/2797/2735 2517/2722/2664 2489/2694/2637 2543/2751/2692
f 2572/2734/2675 2503/2668/2612 2560/2721/2663 2641/2798/2736
f 2591/2799/2737 2516/2665/2609 2457/2600/2548 2523/2726/2668
f 2566/2727/2669 2524/2702/2645 2590/2768/2706 2635/2800/2738
f 2593/2801/2739 2562/2771/2709 2496/2658/2602 2542/2750/2691
f 2532/2685/2628 2479/2639/2583 2595/2765/2703 2670/2802/2740
f 2579/2752/2693 2528/2707/2650 2587/2759/2698 2639/2803/2741
f 2592/2761/2699 2491/2760/2603 2513/2804/2639 2661/2805/2742
f 2512/2718/2660 2564/2774/2712 2596/2806/2743 2558/2769/2707
f 2329/2519/2473 2403/2599/2547 2598/2807/2744 2515/2720/2662
f 2599/2808/2745 2564/2774/2712 2535/2742/2683 2582/2793/2731
f 2600/2809/2746 2569/2776/2714 2518/2723/2665 2579/2752/2693
f 2601/2810/2747 2559/2745/2686 2571/2779/2717 2570/2778/2716
f 2602/2795/2733 2550/2738/2679 2585/2762/2700 2646/2811/2748
f 2505/2712/2655 2558/2769/2707 2603/2812/2749 2563/2773/2711
f 2604/2792/2730 2539/2716/2658 2552/2747/2688 2653/2813/2750
f 2605/2814/2751 2543/2751/2692 2499/2704/2647 2556/2767/2705
f 2587/2759/2698 2534/2708/2651 2597/2772/2710 2662/2815/2752
f 2606/2816/2753 2576/2784/2722 2586/2785/2723 2630/2817/2754
f 2607/2818/2755 2542/2750/2691 2490/2695/2638 2554/2766/2704
f 2464/2587/2536 2392/2586/2535 2608/2819/2756 2617/2820/2757
f 2610/2821/2758 2541/2749/2690 2517/2722/2664 2588/2797/2735
f 2463/2663/2607 2492/2664/2608 2612/2822/2759 2638/2823/2760
f 2613/2824/2761 2582/2793/2731 2576/2784/2722 2606/2816/2753
f 2614/2825/2762 2583/2791/2729 2594/2794/2732 2634/2826/2763
f 2555/2701/2644 2450/2652/2596 2615/2827/2764 2707/2828/2765
f 2519/2692/2635 2574/2740/2681 2616/2829/2766 2565/2775/2713
f 2618/2830/2767 2464/2587/2536 2617/2820/2757 2731/2831/2768
f 2514/2693/2636 2487/2654/2598 2619/2789/2727 2681/2832/2769
f 2620/2833/2770 2581/2790/2728 2583/2791/2729 2614/2825/2762
f 2521/2725/2667 2475/2679/2622 2621/2777/2715 2678/2834/2771
f 2623/2835/2772 2622/2836/2773 2546/2758/2697 2547/2757/2696
f 2527/2703/2646 2498/2655/2599 2624/2788/2726 2664/2837/2774
f 2612/2822/2759 2492/2664/2608 2510/2697/2640 2642/2838/2775
f 2626/2839/2776 2554/2766/2704 2500/2705/2648 2565/2775/2713
f 2507/2713/2656 2563/2773/2711 2627/2840/2777 2577/2786/2724
f 2628/2841/2778 2590/2768/2706 2557/2743/2684 2633/2842/2779
f 2629/2843/2780 2523/2726/2668 2471/2673/2617 2561/2770/2708
f 2630/2817/2754 2586/2785/2723 2602/2795/2733 2656/2844/2781
f 2568/2709/2652 2502/2644/2588 2631/2845/2782 2714/2846/2783
f 2561/2770/2708 2504/2710/2653 2609/2780/2718 2696/2847/2784
f 2611/2783/2721 2575/2782/2720 2577/2786/2724 2684/2848/2785
f 2632/2849/2786 2537/2744/2685 2559/2745/2686 2601/2810/2747
f 2522/2633/2577 2431/2546/2497 2636/2746/2687 2762/2850/2787
f 2573/2781/2719 2455/2656/2600 2589/2711/2654 2738/2851/2788
f 2634/2826/2763 2594/2794/2732 2637/2852/2789 2659/2853/2790
f 2520/2676/2619 2463/2675/2607 2638/2854/2760 2683/2855/2791
f 2640/2856/2792 2548/2756/2695 2541/2749/2690 2610/2821/2758
f 2642/2838/2775 2510/2697/2640 2533/2717/2659 2650/2857/2793
f 2625/2796/2734 2549/2715/2657 2592/2761/2699 2694/2858/2794
f 2645/2859/2795 2551/2763/2701 2537/2744/2685 2632/2849/2786
f 2647/2860/2796 2599/2808/2745 2582/2793/2731 2613/2824/2761
f 2648/2861/2797 2633/2842/2779 2581/2790/2728 2620/2833/2770
f 2564/2774/2712 2599/2808/2745 2649/2862/2798 2596/2806/2743
f 2650/2857/2793 2533/2717/2659 2545/2741/2682 2651/2863/2799
f 2651/2864/2799 2545/2755/2682 2548/2756/2695 2640/2856/2792
f 2600/2809/2746 2579/2752/2693 2639/2803/2741 2690/2865/2800
f 2609/2780/2718 2566/2727/2669 2635/2800/2738 2713/2866/2801
f 2652/2867/2802 2606/2816/2753 2630/2817/2754 2665/2868/2803
f 2654/2869/2804 2613/2824/2761 2606/2816/2753 2652/2867/2802
f 2620/2833/2770 2614/2825/2762 2655/2870/2805 2668/2871/2806
f 2641/2798/2736 2560/2721/2663 2611/2783/2721 2716/2872/2807
f 2614/2825/2762 2634/2826/2763 2657/2873/2808 2655/2870/2805
f 2646/2811/2748 2585/2762/2700 2625/2796/2734 2708/2874/2809
f 2658/2875/2810 2597/2772/2710 2562/2771/2709 2593/2801/2739
f 2589/2711/2654 2474/2592/2541 2644/2739/2680 2781/2876/2811
f 2558/2769/2707 2596/2806/2743 2660/2877/2812 2603/2812/2749
f 2544/2731/2673 2526/2730/2672 2663/2878/2813 2689/2879/2814
f 2553/2733/2674 2527/2732/2646 2664/2880/2774 2703/2881/2815
f 2656/2844/2781 2602/2795/2733 2646/2811/2748 2704/2882/2816
f 2666/2883/2817 2588/2797/2735 2543/2751/2692 2605/2814/2751
f 2526/2730/2672 2530/2737/2678 2667/2884/2818 2663/2878/2813
f 2605/2814/2751 2556/2767/2705 2669/2885/2819 2729/2886/2820
f 2639/2803/2741 2587/2759/2698 2662/2815/2752 2720/2887/2821
f 2665/2868/2803 2630/2817/2754 2656/2844/2781 2697/2888/2822
f 2648/2861/2797 2620/2833/2770 2668/2871/2806 2699/2889/2823
f 2659/2853/2790 2637/2852/2789 2671/2890/2824 2711/2891/2825
f 2613/2824/2761 2654/2869/2804 2672/2892/2826 2647/2860/2796
f 2574/2740/2681 2604/2792/2730 2673/2893/2827 2616/2829/2766
f 2674/2894/2828 2547/2757/2696 2516/2665/2609 2591/2799/2737
f 2675/2895/2829 2657/2873/2808 2634/2826/2763 2659/2853/2790
f 2676/2896/2830 2654/2869/2804 2652/2867/2802 2677/2897/2831
f 2677/2897/2831 2652/2867/2802 2665/2868/2803 2691/2898/2832
f 2570/2778/2716 2521/2725/2667 2678/2834/2771 2727/2899/2833
f 2655/2870/2805 2657/2873/2808 2679/2900/2834 2680/2901/2835
f 2668/2871/2806 2655/2870/2805 2680/2901/2835 2693/2902/2836
f 2584/2719/2661 2514/2693/2636 2681/2832/2769 2754/2903/2837
f 2599/2808/2745 2647/2860/2796 2682/2904/2838 2649/2862/2798
f 2578/2724/2666 2520/2676/2619 2683/2855/2791 2737/2905/2839
f 2563/2773/2711 2603/2812/2749 2685/2906/2840 2627/2840/2777
f 2686/2907/2841 2593/2801/2739 2542/2750/2691 2607/2818/2755
f 2687/2908/2842 2635/2800/2738 2590/2768/2706 2628/2841/2778
f 2633/2842/2779 2648/2861/2797 2688/2909/2843 2628/2841/2778
f 2580/2754/2694 2544/2753/2673 2689/2910/2814 2730/2911/2844
f 2692/2912/2845 2680/2901/2835 2679/2900/2834 2695/2913/2846
f 2695/2913/2846 2676/2896/2830 2677/2897/2831 2692/2912/2845
f 2692/2912/2845 2677/2897/2831 2691/2898/2832 2701/2914/2847
f 2671/2890/2824 2600/2809/2746 2690/2865/2800 2732/2915/2848
f 2684/2848/2785 2577/2786/2724 2627/2840/2777 2746/2916/2849
f 2654/2869/2804 2676/2896/2830 2698/2917/2850 2672/2892/2826
f 2643/2764/2702 2532/2685/2628 2670/2802/2740 2785/2918/2851
f 2680/2901/2835 2692/2912/2845 2701/2914/2847 2693/2902/2836
f 2702/2919/2852 2679/2900/2834 2657/2873/2808 2675/2895/2829
f 2595/2765/2703 2553/2733/2674 2703/2881/2815 2748/2920/2853
f 2412/2611/2559 2456/2657/2601 2705/2921/2854 2765/2922/2855
f 2513/2804/2639 2584/2923/2661 2706/2924/2856 2661/2805/2742
f 2691/2898/2832 2665/2868/2803 2697/2888/2822 2719/2925/2857
f 2699/2889/2823 2668/2871/2806 2693/2902/2836 2726/2926/2858
f 2709/2927/2859 2607/2818/2755 2554/2766/2704 2626/2839/2776
f 2565/2775/2713 2616/2829/2766 2710/2928/2860 2626/2839/2776
f 2596/2806/2743 2649/2862/2798 2712/2929/2861 2660/2877/2812
f 2695/2913/2846 2679/2900/2834 2702/2919/2852 2715/2930/2862
f 2621/2777/2715 2568/2709/2652 2714/2846/2783 2760/2931/2863
f 2631/2845/2782 2555/2701/2644 2707/2828/2765 2775/2932/2864
f 2676/2896/2830 2695/2913/2846 2715/2930/2862 2698/2917/2850
f 2675/2895/2829 2659/2853/2790 2711/2891/2825 2733/2933/2865
f 2697/2888/2822 2656/2844/2781 2704/2882/2816 2739/2934/2866
f 2694/2858/2794 2592/2761/2699 2661/2805/2742 2764/2935/2867
f 2717/2936/2868 2610/2821/2758 2588/2797/2735 2666/2883/2817
f 2647/2860/2796 2672/2892/2826 2718/2937/2869 2682/2904/2838
f 2688/2909/2843 2648/2861/2797 2699/2889/2823 2744/2938/2870
f 2629/2843/2780 2561/2770/2708 2696/2847/2784 2772/2939/2871
f 2701/2914/2847 2691/2898/2832 2719/2925/2857 2723/2940/2872
f 2700/2787/2725 2508/2641/2585 2643/2764/2702 2822/2941/2873
f 2721/2942/2874 2591/2799/2737 2523/2726/2668 2629/2843/2780
f 2604/2792/2730 2653/2813/2750 2722/2943/2875 2673/2893/2827
f 2693/2902/2836 2701/2914/2847 2723/2940/2872 2726/2926/2858
f 2538/2678/2621 2473/2677/2620 2724/2944/2876 2795/2945/2877
f 2704/2882/2816 2646/2811/2748 2708/2874/2809 2753/2946/2878
f 2725/2947/2879 2662/2815/2752 2597/2772/2710 2658/2875/2810
f 2601/2810/2747 2570/2778/2716 2727/2899/2833 2747/2948/2880
f 2530/2737/2678 2573/2781/2719 2728/2949/2881 2667/2884/2818
f 2708/2874/2809 2625/2796/2734 2694/2858/2794 2767/2950/2882
f 2690/2865/2800 2639/2803/2741 2720/2887/2821 2759/2951/2883
f 2716/2872/2807 2611/2783/2721 2684/2848/2785 2769/2952/2884
f 2619/2789/2727 2580/2754/2694 2730/2911/2844 2768/2953/2885
f 2696/2847/2784 2609/2780/2718 2713/2866/2801 2778/2954/2886
f 2672/2892/2826 2698/2917/2850 2734/2955/2887 2718/2937/2869
f 2711/2891/2825 2671/2890/2824 2732/2915/2848 2755/2956/2888
f 2735/2957/2889 2702/2919/2852 2675/2895/2829 2733/2933/2865
f 2603/2812/2749 2660/2877/2812 2736/2958/2890 2685/2906/2840
f 2624/2788/2726 2578/2724/2666 2737/2905/2839 2776/2959/2891
f 2715/2930/2862 2702/2919/2852 2735/2957/2889 2740/2960/2892
f 2698/2917/2850 2715/2930/2862 2740/2960/2892 2734/2955/2887
f 2649/2862/2798 2682/2904/2838 2741/2961/2893 2712/2929/2861
f 2719/2925/2857 2697/2888/2822 2739/2934/2866 2752/2962/2894
f 2628/2841/2778 2688/2909/2843 2742/2963/2895 2687/2908/2842
f 2743/2964/2896 2640/2856/2792 2610/2821/2758 2717/2936/2868
f 2744/2938/2870 2699/2889/2823 2726/2926/2858 2761/2965/2897
f 2745/2966/2898 2641/2798/2736 2716/2872/2807 2786/2967/2899
f 2632/2849/2786 2601/2810/2747 2747/2948/2880 2750/2968/2900
f 2686/2907/2841 2607/2818/2755 2709/2927/2859 2792/2969/2901
f 2670/2802/2740 2595/2765/2703 2748/2920/2853 2809/2970/2902
f 2729/2886/2820 2669/2885/2819 2745/2966/2898 2790/2971/2903
f 2749/2972/2904 2658/2875/2810 2593/2801/2739 2686/2907/2841
f 2746/2916/2849 2627/2840/2777 2685/2906/2840 2788/2973/2905
f 2645/2859/2795 2632/2849/2786 2750/2968/2900 2780/2974/2906
f 2635/2800/2738 2687/2908/2842 2751/2975/2907 2713/2866/2801
f 2709/2927/2859 2626/2839/2776 2710/2928/2860 2796/2976/2908
f 2723/2940/2872 2719/2925/2857 2752/2962/2894 2756/2977/2909
f 2733/2933/2865 2711/2891/2825 2755/2956/2888 2774/2978/2910
f 2726/2926/2858 2723/2940/2872 2756/2977/2909 2761/2965/2897
f 2757/2979/2911 2651/2864/2799 2640/2856/2792 2743/2964/2896
f 2616/2829/2766 2673/2893/2827 2758/2980/2912 2710/2928/2860
f 2678/2834/2771 2621/2777/2715 2760/2931/2863 2810/2981/2913
f 2739/2934/2866 2704/2882/2816 2753/2946/2878 2787/2982/2914
f 2732/2915/2848 2690/2865/2800 2759/2951/2883 2793/2983/2915
f 2644/2739/2680 2522/2633/2577 2762/2850/2787 2867/2984/2916
f 2763/2985/2917 2623/2835/2772 2547/2757/2696 2674/2894/2828
f 2742/2963/2895 2688/2909/2843 2744/2938/2870 2791/2986/2918
f 2707/2828/2765 2615/2827/2764 2766/2987/2919 2825/2988/2920
f 2681/2832/2769 2619/2789/2727 2768/2953/2885 2814/2989/2921
f 2660/2877/2812 2712/2929/2861 2770/2990/2922 2736/2958/2890
f 2771/2991/2923 2650/2857/2793 2651/2863/2799 2757/2992/2911
f 2706/2924/2856 2584/2923/2661 2754/2993/2837 2838/2994/2924
f 2456/2657/2601 2515/2720/2662 2773/2995/2925 2705/2921/2854
f 2735/2957/2889 2733/2933/2865 2774/2978/2910 2782/2996/2926
f 2714/2846/2783 2631/2845/2782 2775/2932/2864 2826/2997/2927
f 2664/2837/2774 2624/2788/2726 2776/2959/2891 2802/2998/2928
f 2718/2937/2869 2734/2955/2887 2777/2999/2929 2789/3000/2930
f 2779/3001/2931 2642/2838/2775 2650/2857/2793 2771/2991/2923
f 2769/2952/2884 2684/2848/2785 2746/2916/2849 2818/3002/2932
f 2753/2946/2878 2708/2874/2809 2767/2950/2882 2815/3003/2933
f 2740/2960/2892 2735/2957/2889 2782/2996/2926 2783/3004/2934
f 2734/2955/2887 2740/2960/2892 2783/3004/2934 2777/2999/2929
f 2764/2935/2867 2661/2805/2742 2706/2924/2856 2832/3005/2935
f 2784/3006/2936 2612/2822/2759 2642/2838/2775 2779/3001/2931
f 2752/2962/2894 2739/2934/2866 2787/2982/2914 2803/3007/2937
f 2638/2823/2760 2612/2822/2759 2784/3006/2936 2808/3008/2938
f 2767/2950/2882 2694/2858/2794 2764/2935/2867 2829/3009/2939
f 2791/2986/2918 2744/2938/2870 2761/2965/2897 2813/3010/2940
f 2755/2956/2888 2732/2915/2848 2793/2983/2915 2811/3011/2941
f 2794/3012/2942 2717/2936/2868 2666/2883/2817 2805/3013/2943
f 2636/2746/2687 2538/2678/2621 2795/2945/2877 2877/3014/2944
f 2712/2929/2861 2741/2961/2893 2797/3015/2945 2770/2990/2922
f 2798/3016/2946 2725/2947/2879 2658/2875/2810 2749/2972/2904
f 2689/2879/2814 2663/2878/2813 2799/3017/2947 2812/3018/2948
f 2673/2893/2827 2722/2943/2875 2800/3019/2949 2758/2980/2912
f 2687/2908/2842 2742/2963/2895 2801/3020/2950 2751/2975/2907
f 2786/2967/2899 2716/2872/2807 2769/2952/2884 2839/3021/2951
f 2772/2939/2871 2696/2847/2784 2778/2954/2886 2844/3022/2952
f 2703/2881/2815 2664/2880/2774 2802/3023/2928 2823/3024/2953
f 2756/2977/2909 2752/2962/2894 2803/3007/2937 2807/3025/2954
f 2663/2878/2813 2667/2884/2818 2804/3026/2955 2799/3017/2947
f 2805/3013/2943 2729/2886/2820 2790/2971/2903 2842/3027/2956
f 2806/3028/2957 2567/2672/2616 2700/2787/2725 2909/3029/2958
f 2761/2965/2897 2756/2977/2909 2807/3025/2954 2813/3010/2940
f 2683/2855/2791 2638/2854/2760 2808/3030/2938 2831/3031/2959
f 2790/2971/2903 2745/2966/2898 2786/2967/2899 2847/3032/2960
f 2774/2978/2910 2755/2956/2888 2811/3011/2941 2827/3033/2961
f 2730/2911/2844 2689/2910/2814 2812/3034/2948 2835/3035/2962
f 2792/2969/2901 2709/2927/2859 2796/2976/2908 2850/3036/2963
f 2754/2903/2837 2681/2832/2769 2814/2989/2921 2861/3037/2964
f 2713/2866/2801 2751/2975/2907 2816/3038/2965 2778/2954/2886
f 2741/2961/2893 2789/3000/2930 2817/3039/2966 2797/3015/2945
f 2787/2982/2914 2753/2946/2878 2815/3003/2933 2843/3040/2967
f 2819/3041/2968 2749/2972/2904 2686/2907/2841 2792/2969/2901
f 2801/3020/2950 2742/2963/2895 2791/2986/2918 2846/3042/2969
f 2818/3002/2932 2746/2916/2849 2788/2973/2905 2854/3043/2970
f 2820/3044/2971 2743/2964/2896 2717/2936/2868 2794/3012/2942
f 2722/2943/2875 2780/2974/2906 2821/3045/2972 2800/3019/2949
f 2748/2920/2853 2703/2881/2815 2823/3024/2953 2856/3046/2973
f 2747/2948/2880 2727/2899/2833 2824/3047/2974 2837/3048/2975
f 2804/3026/2955 2667/2884/2818 2728/2949/2881 2875/3049/2976
f 2785/2918/2851 2670/2802/2740 2809/2970/2902 2897/3050/2977
f 2760/2931/2863 2714/2846/2783 2826/2997/2927 2873/3051/2978
f 2782/2996/2926 2774/2978/2910 2827/3033/2961 2833/3052/2979
f 2789/3000/2930 2777/2999/2929 2828/3053/2980 2817/3039/2966
f 2775/2932/2864 2707/2828/2765 2825/2988/2920 2884/3054/2981
f 2830/3055/2982 2766/2987/2919 2623/2835/2772 2763/2985/2917
f 2737/2905/2839 2683/2855/2791 2831/3031/2959 2858/3056/2983
f 2783/3004/2934 2782/2996/2926 2833/3052/2979 2834/3057/2984
f 2777/2999/2929 2783/3004/2934 2834/3057/2984 2828/3053/2980
f 2768/2953/2885 2730/2911/2844 2835/3035/2962 2864/3058/2985
f 2780/2974/2906 2750/2968/2900 2836/3059/2986 2821/3045/2972
f 2750/2968/2900 2747/2948/2880 2837/3048/2975 2836/3059/2986
f 2840/3060/2987 2841/3061/2988 2725/2947/2879 2798/3016/2946
f 2815/3003/2933 2767/2950/2882 2829/3009/2939 2878/3062/2989
f 2803/3007/2937 2787/2982/2914 2843/3040/2967 2853/3063/2990
f 2845/3064/2991 2757/2979/2911 2743/2964/2896 2820/3044/2971
f 2846/3042/2969 2791/2986/2918 2813/3010/2940 2870/3065/2992
f 2794/3012/2942 2805/3013/2943 2842/3027/2956 2883/3066/2993
f 2839/3021/2951 2769/2952/2884 2818/3002/2932 2886/3067/2994
f 2617/2820/2757 2608/2819/2756 2848/3068/2995 2852/3069/2996
f 2515/2720/2662 2598/2807/2744 2849/3070/2997 2773/2995/2925
f 2851/3071/2998 2758/2980/2912 2800/3019/2949 2889/3072/2999
f 2829/3009/2939 2764/2935/2867 2832/3005/2935 2899/3073/3000
f 2731/2831/2768 2617/2820/2757 2852/3069/2996 2880/3074/3001
f 2832/3005/2935 2706/2924/2856 2838/2994/2924 2908/3075/3002
f 2807/3025/2954 2803/3007/2937 2853/3063/2990 2860/3076/3003
f 2854/3043/2970 2788/2973/2905 2855/3077/3004 2893/3078/3005
f 2809/2970/2902 2748/2920/2853 2856/3046/2973 2916/3079/3006
f 2751/2975/2907 2801/3020/2950 2857/3080/3007 2816/3038/2965
f 2776/2959/2891 2737/2905/2839 2858/3056/2983 2888/3081/3008
f 2859/3082/3009 2811/3011/2941 2793/2983/2915 2874/3083/3010
f 2813/3010/2940 2807/3025/2954 2860/3076/3003 2870/3065/2992
f 2847/3032/2960 2786/2967/2899 2839/3021/2951 2901/3084/3011
f 2842/3027/2956 2790/2971/2903 2847/3032/2960 2900/3085/3012
f 2862/3086/3013 2763/2985/2917 2674/2894/2828 2869/3087/3014
f 2863/3088/3015 2771/2991/2923 2757/2992/2911 2845/3089/2991
f 2814/2989/2921 2768/2953/2885 2864/3058/2985 2906/3090/3016
f 2865/3091/3017 2798/3016/2946 2749/2972/2904 2819/3041/2968
f 2866/3092/3018 2772/2939/2871 2844/3022/2952 2917/3093/3019
f 2850/3036/2963 2796/2976/2908 2851/3071/2998 2905/3094/3020
f 2608/2819/2756 2765/2922/2855 2868/3095/3021 2848/3068/2995
f 2781/2876/2811 2644/2739/2680 2867/2984/2916 2969/3096/3022
f 2838/2994/2924 2754/2993/2837 2861/3097/2964 2920/3098/3023
f 2871/3099/3024 2872/3100/3025 2841/3061/2988 2840/3060/2987
f 2876/3101/3026 2810/2981/2913 2760/2931/2863 2873/3051/2978
f 2762/2850/2787 2636/2746/2687 2877/3014/2944 2965/3102/3027
f 2879/3103/3028 2827/3033/2961 2811/3011/2941 2859/3082/3009
f 2724/2944/2876 2731/2831/2768 2880/3074/3001 2923/3104/3029
f 2843/3040/2967 2815/3003/2933 2878/3062/2989 2910/3105/3030
f 2778/2954/2886 2816/3038/2965 2881/3106/3031 2844/3022/2952
f 2882/3107/3032 2779/3001/2931 2771/2991/2923 2863/3088/3015
f 2826/2997/2927 2775/2932/2864 2884/3054/2981 2932/3108/3033
f 2820/3044/2971 2794/3012/2942 2883/3066/2993 2918/3109/3034
f 2857/3080/3007 2801/3020/2950 2846/3042/2969 2914/3110/3035
f 2885/3111/3036 2869/3087/3014 2721/2942/2874 2866/3092/3018
f 2887/3112/3037 2819/3041/2968 2792/2969/2901 2850/3036/2963
f 2802/2998/2928 2776/2959/2891 2888/3081/3008 2904/3113/3038
f 2889/3072/2999 2800/3019/2949 2821/3045/2972 2913/3114/3039
f 2890/3115/3040 2817/3039/2966 2828/3053/2980 2895/3116/3041
f 2784/3006/2936 2779/3001/2931 2882/3107/3032 2907/3117/3042
f 2891/3118/3043 2833/3052/2979 2827/3033/2961 2879/3103/3028
f 2886/3067/2994 2818/3002/2932 2854/3043/2970 2928/3119/3044
f 2893/3078/3005 2855/3077/3004 2892/3120/3045 2927/3121/3046
f 2875/3049/2976 2728/2949/2881 2894/3122/3047 2955/3123/3048
f 2895/3116/3041 2828/3053/2980 2834/3057/2984 2896/3124/3049
f 2896/3124/3049 2834/3057/2984 2833/3052/2979 2891/3118/3043
f 2812/3018/2948 2799/3017/2947 2898/3125/3050 2911/3126/3051
f 2799/3017/2947 2804/3026/2955 2902/3127/3052 2898/3125/3050
f 2903/3128/3053 2874/3083/3010 2872/3100/3025 2871/3099/3024
f 2823/3024/2953 2802/3023/2928 2904/3129/3038 2922/3130/3054
f 2861/3037/2964 2814/2989/2921 2906/3090/3016 2945/3131/3055
f 2808/3008/2938 2784/3006/2936 2907/3117/3042 2924/3132/3056
f 2853/3063/2990 2843/3040/2967 2910/3105/3030 2921/3133/3057
f 2835/3035/2962 2812/3034/2948 2911/3134/3051 2925/3135/3058
f 2912/3136/3059 2840/3060/2987 2798/3016/2946 2865/3091/3017
f 2913/3114/3039 2821/3045/2972 2836/3059/2986 2919/3137/3060
f 2878/3062/2989 2829/3009/2939 2899/3073/3000 2944/3138/3061
f 2914/3110/3035 2846/3042/2969 2870/3065/2992 2934/3139/3062
f 2765/2922/2855 2705/2921/2854 2915/3140/3063 2868/3095/3021
f 2909/3029/2958 2700/2787/2725 2822/2941/2873 3007/3141/3064
f 2883/3066/2993 2842/3027/2956 2900/3085/3012 2941/3142/3065
f 2901/3084/3011 2839/3021/2951 2886/3067/2994 2946/3143/3066
f 2845/3064/2991 2820/3044/2971 2918/3109/3034 2938/3144/3067
f 2905/3094/3020 2851/3071/2998 2889/3072/2999 2950/3145/3068
f 2919/3137/3060 2836/3059/2986 2837/3048/2975 2942/3146/3069
f 2900/3085/3012 2847/3032/2960 2901/3084/3011 2952/3147/3070
f 2860/3076/3003 2853/3063/2990 2921/3133/3057 2926/3148/3071
f 2856/3046/2973 2823/3024/2953 2922/3130/3054 2953/3149/3072
f 2795/2945/2877 2724/2944/2876 2923/3104/3029 2981/3150/3073
f 2831/3031/2959 2808/3030/2938 2924/3132/3056 2939/3151/3074
f 2902/3127/3052 2804/3026/2955 2875/3049/2976 2968/3152/3075
f 2864/3058/2985 2835/3035/2962 2925/3135/3058 2948/3153/3076
f 2870/3065/2992 2860/3076/3003 2926/3148/3071 2934/3139/3062
f 2899/3073/3000 2832/3005/2935 2908/3075/3002 2964/3154/3077
f 2816/3038/2965 2857/3080/3007 2929/3155/3078 2881/3106/3031
f 2930/3156/3079 2859/3082/3009 2874/3083/3010 2903/3128/3053
f 2931/3157/3080 2830/3055/2982 2763/2985/2917 2862/3086/3013
f 2928/3119/3044 2854/3043/2970 2893/3078/3005 2958/3158/3081
f 2871/3099/3024 2840/3060/2987 2912/3136/3059 2963/3159/3082
f 2933/3160/3083 2865/3091/3017 2819/3041/2968 2887/3112/3037
f 2908/3075/3002 2838/2994/2924 2920/3098/3023 2975/3161/3084
f 2935/3162/3085 2936/3163/3086 2890/3115/3040 2951/3164/3087
f 2937/3165/3088 2873/3051/2978 2826/2997/2927 2932/3108/3033
f 2863/3166/3015 2845/3064/2991 2938/3144/3067 2960/3167/3089
f 2858/3056/2983 2831/3031/2959 2939/3151/3074 2961/3168/3090
f 2940/3169/3091 2887/3112/3037 2850/3036/2963 2905/3094/3020
f 2943/3170/3092 2879/3103/3028 2859/3082/3009 2930/3156/3079
f 2910/3105/3030 2878/3062/2989 2944/3138/3061 2971/3171/3093
f 2947/3172/3094 2785/2918/2851 2897/3050/2977 3036/3173/3095
f 2906/3090/3016 2864/3058/2985 2948/3153/3076 2978/3174/3096
f 2844/3022/2952 2881/3106/3031 2949/3175/3097 2917/3093/3019
f 2918/3109/3034 2883/3066/2993 2941/3142/3065 2979/3176/3098
f 2929/3155/3078 2857/3080/3007 2914/3110/3035 2972/3177/3099
f 2951/3164/3087 2890/3115/3040 2895/3116/3041 2957/3178/3100
f 2950/3145/3068 2889/3072/2999 2913/3114/3039 2974/3179/3101
f 2920/3098/3023 2861/3097/2964 2945/3180/3055 2995/3181/3102
f 2916/3079/3006 2856/3046/2973 2953/3149/3072 2998/3182/3103
f 2946/3143/3066 2886/3067/2994 2928/3119/3044 2988/3183/3104
f 2954/3184/3105 2891/3118/3043 2879/3103/3028 2943/3170/3092
f 2866/3092/3018 2917/3093/3019 2956/3185/3106 2885/3111/3036
f 2912/3136/3059 2865/3091/3017 2933/3160/3083 2992/3186/3107
f 2957/3178/3100 2895/3116/3041 2896/3124/3049 2959/3187/3108
f 2958/3158/3081 2893/3078/3005 2927/3121/3046 2982/3188/3109
f 2959/3187/3108 2896/3124/3049 2891/3118/3043 2954/3184/3105
f 2882/3189/3032 2863/3166/3015 2960/3167/3089 2976/3190/3110
f 2888/3081/3008 2858/3056/2983 2961/3168/3090 2973/3191/3111
f 2705/2921/2854 2773/2995/2925 2962/3192/3112 2915/3140/3063
f 2867/2984/2916 2762/2850/2787 2965/3102/3027 3064/3193/3113
f 2966/3194/3114 2830/3055/2982 2931/3157/3080 3013/3195/3115
f 2941/3142/3065 2900/3085/3012 2952/3147/3070 3000/3196/3116
f 2967/3197/3117 2876/3101/3026 2873/3051/2978 2937/3165/3088
f 2952/3147/3070 2901/3084/3011 2946/3143/3066 3004/3198/3118
f 2970/3199/3119 2903/3128/3053 2871/3099/3024 2963/3159/3082
f 2921/3133/3057 2910/3105/3030 2971/3171/3093 2985/3200/3120
f 2972/3177/3099 2914/3110/3035 2934/3139/3062 3003/3201/3121
f 2944/3138/3061 2899/3073/3000 2964/3154/3077 3014/3202/3122
f 2904/3113/3038 2888/3081/3008 2973/3191/3111 2989/3203/3123
f 2974/3179/3101 2913/3114/3039 2919/3137/3060 3006/3204/3124
f 2907/3205/3042 2882/3189/3032 2976/3190/3110 2997/3206/3125
f 2977/3207/3126 2911/3126/3051 2898/3125/3050 2980/3208/3127
f 2945/3131/3055 2906/3090/3016 2978/3174/3096 3016/3209/3128
f 2938/3144/3067 2918/3109/3034 2979/3176/3098 3008/3210/3129
f 2980/3208/3127 2898/3125/3050 2902/3127/3052 3011/3211/3130
f 2877/3014/2944 2795/2945/2877 2981/3150/3073 3062/3212/3131
f 2982/3188/3109 2927/3121/3046 2935/3162/3085 3005/3213/3132
f 2968/3152/3075 2875/3049/2976 2955/3123/3048 3048/3214/3133
f 2983/3215/3134 2984/3216/3135 2876/3101/3026 2967/3197/3117
f 2926/3148/3071 2921/3133/3057 2985/3200/3120 2990/3217/3136
f 2905/3094/3020 2950/3145/3068 2986/3218/3137 2940/3169/3091
f 2987/3219/3138 2925/3135/3058 2911/3134/3051 2977/3220/3126
f 2922/3130/3054 2904/3129/3038 2989/3221/3123 3001/3222/3139
f 2934/3139/3062 2926/3148/3071 2990/3217/3136 3003/3201/3121
f 2991/3223/3140 2933/3160/3083 2887/3112/3037 2940/3169/3091
f 2852/3069/2996 2848/3068/2995 2993/3224/3141 2996/3225/3142
f 2988/3183/3104 2928/3119/3044 2958/3158/3081 3028/3226/3143
f 2964/3154/3077 2908/3075/3002 2975/3161/3084 3040/3227/3144
f 2881/3106/3031 2929/3155/3078 2994/3228/3145 2949/3175/3097
f 2880/3074/3001 2852/3069/2996 2996/3225/3142 3021/3229/3146
f 2963/3159/3082 2912/3136/3059 2992/3186/3107 3033/3230/3147
f 2924/3132/3056 2907/3205/3042 2997/3206/3125 3031/3231/3148
f 2999/3232/3149 2806/3028/2957 2909/3029/2958 3101/3233/3150
f 2953/3149/3072 2922/3130/3054 3001/3222/3139 3037/3234/3151
f 3002/3235/3152 2948/3153/3076 2925/3135/3058 2987/3219/3138
f 3005/3213/3132 2935/3162/3085 2951/3164/3087 3023/3236/3153
f 2975/3161/3084 2920/3098/3023 2995/3181/3102 3050/3237/3154
f 2979/3176/3098 2941/3142/3065 3000/3196/3116 3042/3238/3155
f 2960/3167/3089 2938/3144/3067 3008/3210/3129 3039/3239/3156
f 2848/3068/2995 2868/3095/3021 3009/3240/3157 2993/3224/3141
f 3010/3241/3158 2931/3157/3080 2862/3086/3013 3017/3242/3159
f 3012/3243/3160 2943/3170/3092 2930/3156/3079 3034/3244/3161
f 3007/3141/3064 2822/2941/2873 2947/3172/3094 3122/3245/3162
f 2971/3171/3093 2944/3138/3061 3014/3202/3122 3043/3246/3163
f 3004/3198/3118 2946/3143/3066 2988/3183/3104 3051/3247/3164
f 2917/3093/3019 2949/3175/3097 3015/3248/3165 2956/3185/3106
f 2937/3165/3088 2932/3108/3033 3018/3249/3166 3047/3250/3167
f 3019/3251/3168 2939/3151/3074 2924/3132/3056 3031/3231/3148
f 2992/3186/3107 2933/3160/3083 2991/3223/3140 3056/3252/3169
f 3020/3253/3170 2966/3194/3114 3013/3195/3115 3070/3254/3171
f 2923/3104/3029 2880/3074/3001 3021/3229/3146 3068/3255/3172
f 3022/3256/3173 2916/3079/3006 2998/3182/3103 3086/3257/3174
f 3023/3236/3153 2951/3164/3087 2957/3178/3100 3029/3258/3175
f 3000/3196/3116 2952/3147/3070 3004/3198/3118 3060/3259/3176
f 3024/3260/3177 3017/3242/3159 2885/3111/3036 2956/3185/3106
f 2995/3181/3102 2945/3180/3055 3016/3261/3128 3067/3262/3178
f 2902/3127/3052 2968/3152/3075 3025/3263/3179 3011/3211/3130
f 3026/3264/3180 2978/3174/3096 2948/3153/3076 3002/3235/3152
f 2950/3145/3068 2974/3179/3101 3027/3265/3181 2986/3218/3137
f 3028/3226/3143 2958/3158/3081 2982/3188/3109 3058/3266/3182
f 3029/3258/3175 2957/3178/3100 2959/3187/3108 3032/3267/3183
f 2929/3155/3078 2972/3177/3099 3030/3268/3184 2994/3228/3145
f 3032/3267/3183 2959/3187/3108 2954/3184/3105 3053/3269/3185
f 3035/3270/3186 2961/3168/3090 2939/3151/3074 3019/3251/3168
f 2998/3182/3103 2953/3149/3072 3037/3234/3151 3077/3271/3187
f 2773/2995/2925 2849/3070/2997 3038/3272/3188 2962/3192/3112
f 2976/3190/3110 2960/3167/3089 3039/3239/3156 3059/3273/3189
f 3041/3274/3190 2970/3199/3119 2963/3159/3082 3033/3230/3147
f 2985/3200/3120 2971/3171/3093 3043/3246/3163 3063/3275/3191
f 2940/3169/3091 2986/3218/3137 3044/3276/3192 2991/3223/3140
f 3045/3277/3193 2973/3191/3111 2961/3168/3090 3035/3270/3186
f 3030/3268/3184 2972/3177/3099 3003/3201/3121 3078/3278/3194
f 3014/3202/3122 2964/3154/3077 3040/3227/3144 3088/3279/3195
f 3036/3173/3095 2897/3050/2977 3022/3256/3173 3139/3280/3196
f 3008/3210/3129 2979/3176/3098 3042/3238/3155 3083/3281/3197
f 2868/3095/3021 2915/3140/3063 3046/3282/3198 3009/3240/3157
f 2967/3197/3117 2937/3165/3088 3047/3250/3167 3073/3283/3199
f 3049/3284/3200 2977/3207/3126 2980/3208/3127 3052/3285/3201
f 3052/3285/3201 2980/3208/3127 3011/3211/3130 3082/3286/3202
f 2974/3179/3101 3006/3204/3124 3054/3287/3203 3027/3265/3181
f 3055/3288/3204 2989/3203/3123 2973/3191/3111 3045/3277/3193
f 3057/3289/3205 2987/3219/3138 2977/3220/3126 3049/3290/3200
f 3058/3266/3182 2982/3188/3109 3005/3213/3132 3084/3291/3206
f 2997/3206/3125 2976/3190/3110 3059/3273/3189 3087/3292/3207
f 3051/3247/3164 2988/3183/3104 3028/3226/3143 3094/3293/3208
f 3061/3294/3209 3016/3209/3128 2978/3174/3096 3026/3264/3180
f 2965/3102/3027 2877/3014/2944 3062/3212/3131 3158/3295/3210
f 2990/3217/3136 2985/3200/3120 3063/3275/3191 3066/3296/3211
f 3065/3297/3212 3001/3222/3139 2989/3221/3123 3055/3298/3204
f 3003/3201/3121 2990/3217/3136 3066/3296/3211 3078/3278/3194
f 2981/3150/3073 2923/3104/3029 3068/3255/3172 3124/3299/3213
f 2969/3096/3022 2867/2984/2916 3064/3193/3113 3186/3300/3214
f 3040/3227/3144 2975/3161/3084 3050/3237/3154 3113/3301/3215
f 2949/3175/3097 2994/3228/3145 3069/3302/3216 3015/3248/3165
f 3071/3303/3217 3034/3244/3161 2970/3199/3119 3041/3274/3190
f 3072/3304/3218 3002/3235/3152 2987/3219/3138 3057/3289/3205
f 2983/3215/3134 2967/3197/3117 3073/3283/3199 3076/3305/3219
f 3042/3238/3155 3000/3196/3116 3060/3259/3176 3104/3306/3220
f 3006/3204/3124 3074/3307/3221 3075/3308/3222 3054/3287/3203
f 3060/3259/3176 3004/3198/3118 3051/3247/3164 3116/3309/3223
f 3074/3307/3221 2983/3215/3134 3076/3305/3219 3075/3308/3222
f 3050/3237/3154 2995/3181/3102 3067/3262/3178 3125/3310/3224
f 3079/3311/3225 3031/3231/3148 2997/3206/3125 3087/3292/3207
f 2996/3225/3142 2993/3224/3141 3080/3312/3226 3085/3313/3227
f 3056/3252/3169 2991/3223/3140 3044/3276/3192 3121/3314/3228
f 3081/3315/3229 3037/3234/3151 3001/3222/3139 3065/3297/3212
f 3039/3239/3156 3008/3210/3129 3083/3281/3197 3105/3316/3230
f 3084/3291/3206 3005/3213/3132 3023/3236/3153 3095/3317/3231
f 3012/3243/3160 3034/3244/3161 3071/3303/3217 3096/3318/3232
f 3021/3229/3146 2996/3225/3142 3085/3313/3227 3107/3319/3233
f 2956/3185/3106 3015/3248/3165 3089/3320/3234 3024/3260/3177
f 3090/3321/3235 3026/3264/3180 3002/3235/3152 3072/3304/3218
f 2986/3218/3137 3027/3265/3181 3091/3322/3236 3044/3276/3192
f 3092/3323/3237 3010/3241/3158 3017/3242/3159 3024/3260/3177
f 3043/3246/3163 3014/3202/3122 3088/3279/3195 3127/3324/3238
f 3093/3325/3239 3019/3251/3168 3031/3231/3148 3079/3311/3225
f 3038/3272/3188 2849/3070/2997 2999/3232/3149 3200/3326/3240
f 3095/3317/3231 3023/3236/3153 3029/3258/3175 3103/3327/3241
f 3053/3269/3185 3012/3243/3160 3096/3318/3232 3133/3328/3242
f 2993/3224/3141 3009/3240/3157 3097/3329/3243 3080/3312/3226
f 3094/3293/3208 3028/3226/3143 3058/3266/3182 3135/3330/3244
f 3011/3211/3130 3025/3263/3179 3098/3331/3245 3082/3286/3202
f 3099/3332/3246 3035/3270/3186 3019/3251/3168 3093/3325/3239
f 3100/3333/3247 3025/3263/3179 2968/3152/3075 3048/3214/3133
f 3086/3257/3174 2998/3182/3103 3077/3271/3187 3180/3334/3248
f 2994/3228/3145 3030/3268/3184 3102/3335/3249 3069/3302/3216
f 3077/3271/3187 3037/3234/3151 3081/3315/3229 3151/3336/3250
f 3101/3233/3150 2909/3029/2958 3007/3141/3064 3221/3337/3251
f 3103/3327/3241 3029/3258/3175 3032/3267/3183 3108/3338/3252
f 3059/3273/3189 3039/3239/3156 3105/3316/3230 3132/3339/3253
f 3106/3340/3254 3067/3262/3178 3016/3261/3128 3061/3341/3209
f 3108/3338/3252 3032/3267/3183 3053/3269/3185 3133/3328/3242
f 3109/3342/3255 3049/3284/3200 3052/3285/3201 3117/3343/3256
f 3110/3344/3257 3045/3277/3193 3035/3270/3186 3099/3332/3246
f 3068/3255/3172 3021/3229/3146 3107/3319/3233 3143/3345/3258
f 3070/3254/3171 3013/3195/3115 3111/3346/3259 3166/3347/3260
f 2915/3140/3063 2962/3192/3112 3112/3348/3261 3046/3282/3198
f 3047/3250/3167 3018/3249/3166 3114/3349/3262 3141/3350/3263
f 3048/3214/3133 2955/3123/3048 3115/3351/3264 3213/3352/3265
f 3117/3343/3256 3052/3285/3201 3082/3286/3202 3138/3353/3266
f 3118/3354/3267 3057/3289/3205 3049/3290/3200 3109/3355/3255
f 3083/3281/3197 3042/3238/3155 3104/3306/3220 3155/3356/3268
f 3119/3357/3269 3041/3274/3190 3033/3230/3147 3130/3358/3270
f 3120/3359/3271 3055/3288/3204 3045/3277/3193 3110/3344/3257
f 3123/3360/3272 3065/3297/3212 3055/3298/3204 3120/3361/3271
f 3126/3362/3273 3061/3294/3209 3026/3264/3180 3090/3321/3235
f 3088/3279/3195 3040/3227/3144 3113/3301/3215 3174/3363/3274
f 3063/3275/3191 3043/3246/3163 3127/3324/3238 3142/3364/3275
f 3128/3365/3276 3072/3304/3218 3057/3289/3205 3118/3354/3267
f 3116/3309/3223 3051/3247/3164 3094/3293/3208 3172/3366/3277
f 3085/3313/3227 3080/3312/3226 3129/3367/3278 3136/3368/3279
f 3027/3265/3181 3054/3287/3203 3131/3369/3280 3091/3322/3236
f 3087/3292/3207 3059/3273/3189 3132/3339/3253 3163/3370/3281
f 3130/3358/3270 3056/3252/3169 3121/3314/3228 3175/3371/3282
f 3104/3306/3220 3060/3259/3176 3116/3309/3223 3176/3372/3283
f 3062/3212/3131 2981/3150/3073 3124/3299/3213 3205/3373/3284
f 3030/3268/3184 3078/3278/3194 3134/3374/3285 3102/3335/3249
f 3135/3330/3244 3058/3266/3182 3084/3291/3206 3169/3375/3286
f 3111/3346/3259 3010/3241/3158 3092/3323/3237 3195/3376/3287
f 3121/3314/3228 3044/3276/3192 3091/3322/3236 3184/3377/3288
f 3137/3378/3289 3081/3315/3229 3065/3297/3212 3123/3360/3272
f 3113/3301/3215 3050/3237/3154 3125/3310/3224 3196/3379/3290
f 3009/3240/3157 3046/3282/3198 3140/3380/3291 3097/3329/3243
f 3073/3283/3199 3047/3250/3167 3141/3350/3263 3167/3381/3292
f 3066/3296/3211 3063/3275/3191 3142/3364/3275 3147/3382/3293
f 3144/3383/3294 3090/3321/3235 3072/3304/3218 3128/3365/3276
f 3145/3384/3295 3079/3311/3225 3087/3292/3207 3163/3370/3281
f 3138/3353/3266 3082/3286/3202 3098/3331/3245 3192/3385/3296
f 3015/3248/3165 3069/3302/3216 3146/3386/3297 3089/3320/3234
f 3078/3278/3194 3066/3296/3211 3147/3382/3293 3134/3374/3285
f 3148/3387/3298 3129/3367/3278 3080/3312/3226 3097/3329/3243
f 3136/3368/3279 3129/3367/3278 3149/3388/3299 3152/3389/3300
f 3150/3390/3301 3071/3303/3217 3041/3274/3190 3119/3357/3269
f 3139/3280/3196 3022/3256/3173 3086/3257/3174 3240/3391/3302
f 3153/3392/3303 3093/3325/3239 3079/3311/3225 3145/3384/3295
f 3154/3393/3304 3136/3368/3279 3152/3389/3300 3519/3394/3305 3518/3395/3306 3520/3396/3307
f 3156/3397/3308 3109/3342/3255 3117/3343/3256 3164/3398/3309
f 3157/3399/3310 3099/3332/3246 3093/3325/3239 3153/3392/3303
f 3105/3316/3230 3083/3281/3197 3155/3356/3268 3189/3400/3311
f 3054/3287/3203 3075/3308/3222 3159/3401/3312 3131/3369/3280
f 3160/3402/3313 3110/3344/3257 3099/3332/3246 3157/3399/3310
f 3161/3403/3314 3118/3354/3267 3109/3355/3255 3156/3404/3308
f 3152/3389/3300 3149/3388/3299 3538/3405/3315 3539/3406/3316
f 3162/3407/3317 3120/3359/3271 3110/3344/3257 3160/3402/3313
f 3164/3398/3309 3117/3343/3256 3138/3353/3266 3183/3408/3318
f 3165/3409/3319 3123/3360/3272 3120/3361/3271 3162/3410/3317
f 3143/3345/3258 3107/3319/3233 3154/3393/3304 3521/3411/3320 3523/3412/3321 3522/3413/3322
f 3124/3299/3213 3068/3255/3172 3143/3345/3258 3206/3414/3323
f 3076/3305/3219 3073/3283/3199 3167/3381/3292 3171/3415/3324
f 3168/3416/3325 3149/3388/3299 3129/3367/3278 3148/3387/3298
f 3064/3193/3113 2965/3102/3027 3158/3295/3210 3249/3417/3326
f 3169/3375/3286 3084/3291/3206 3095/3317/3231 3191/3418/3327
f 3170/3419/3328 3128/3365/3276 3118/3354/3267 3161/3403/3314
f 3114/3349/3262 3070/3254/3171 3166/3347/3260 3210/3420/3329
f 3096/3318/3232 3071/3303/3217 3150/3390/3301 3193/3421/3330
f 3075/3308/3222 3076/3305/3219 3171/3415/3324 3159/3401/3312
f 3024/3260/3177 3089/3320/3234 3173/3422/3331 3092/3323/3237
f 3177/3423/3332 3125/3310/3224 3067/3262/3178 3106/3340/3254
f 3162/3410/3317 3156/3397/3308 3164/3398/3309 3165/3409/3319
s 2
f 3179/3424/3333 3178/3425/3334 3569/3426/3335 3542/3427/3336
s 1
f 3156/3404/3308 3162/3407/3317 3160/3402/3313 3161/3403/3314
f 3172/3366/3277 3094/3293/3208 3135/3330/3244 3214/3428/3337
f 3123/3360/3272 3165/3409/3319 3181/3429/3338 3137/3378/3289
f 3182/3430/3339 3106/3340/3254 3061/3341/3209 3126/3431/3273
f 3161/3403/3314 3160/3402/3313 3157/3399/3310 3170/3419/3328
f 3127/3324/3238 3088/3279/3195 3174/3363/3274 3212/3432/3340
f 3185/3433/3341 3126/3362/3273 3090/3321/3235 3144/3383/3294
f 3165/3409/3319 3164/3398/3309 3183/3408/3318 3181/3429/3338
f 3081/3315/3229 3137/3378/3289 3187/3434/3342 3151/3336/3250
f 3188/3435/3343 3144/3383/3294 3128/3365/3276 3170/3419/3328
f 3170/3419/3328 3157/3399/3310 3153/3392/3303 3188/3435/3343
f 3132/3339/3253 3105/3316/3230 3189/3400/3311 3203/3436/3344
f 3190/3437/3345 3098/3331/3245 3025/3263/3179 3100/3333/3247
f 3191/3418/3327 3095/3317/3231 3103/3327/3241 3199/3438/3346
f 3155/3356/3268 3104/3306/3220 3176/3372/3283 3217/3439/3347
f 3133/3328/3242 3096/3318/3232 3193/3421/3330 3216/3440/3348
f 3194/3441/3349 3148/3387/3298 3097/3329/3243 3140/3380/3291
f 3180/3334/3248 3077/3271/3187 3151/3336/3250 3233/3442/3350
f 3184/3377/3288 3091/3322/3236 3131/3369/3280 3219/3443/3351
f 3188/3435/3343 3153/3392/3303 3145/3384/3295 3207/3444/3352
f 3176/3372/3283 3116/3309/3223 3172/3366/3277 3224/3445/3353
f 3183/3408/3318 3138/3353/3266 3192/3385/3296 3215/3446/3354
f 3069/3302/3216 3102/3335/3249 3197/3447/3355 3146/3386/3297
f 3198/3448/3356 3119/3357/3269 3130/3358/3270 3175/3371/3282
f 3199/3438/3346 3103/3327/3241 3108/3338/3252 3202/3449/3357
f 3175/3371/3282 3121/3314/3228 3184/3377/3288 3227/3450/3358
f 2962/3192/3112 3038/3272/3188 3201/3451/3359 3112/3348/3261
f 3202/3449/3357 3108/3338/3252 3133/3328/3242 3216/3440/3348
f 3163/3370/3281 3132/3339/3253 3203/3436/3344 3208/3452/3360
f 3204/3453/3361 3168/3416/3325 3148/3387/3298 3194/3441/3349
f 3166/3347/3260 3111/3346/3259 3195/3376/3287 3237/3454/3362
f 3174/3363/3274 3113/3301/3215 3196/3379/3290 3238/3455/3363
f 3200/3326/3240 2999/3232/3149 3101/3233/3150 3275/3456/3364
f 3144/3383/3294 3188/3435/3343 3207/3444/3352 3185/3433/3341
f 3145/3384/3295 3163/3370/3281 3208/3452/3360 3207/3444/3352
f 3209/3457/3365 3140/3380/3291 3046/3282/3198 3112/3348/3261
f 3141/3350/3263 3114/3349/3262 3210/3420/3329 3239/3458/3366
f 3137/3378/3289 3181/3429/3338 3211/3459/3367 3187/3434/3342
f 3142/3364/3275 3127/3324/3238 3212/3432/3340 3225/3460/3368
f 3181/3429/3338 3183/3408/3318 3215/3446/3354 3211/3459/3367
f 3214/3428/3337 3135/3330/3244 3169/3375/3286 3232/3461/3369
f 3195/3376/3287 3092/3323/3237 3173/3422/3331 3246/3462/3370
f 3102/3335/3249 3134/3374/3285 3218/3463/3371 3197/3447/3355
f 3126/3431/3273 3185/3464/3341 3220/3465/3372 3182/3430/3339
f 3189/3466/3311 3155/3356/3268 3217/3439/3347 3241/3467/3373
f 3158/3295/3210 3062/3212/3131 3205/3373/3284 3271/3468/3374
f 3089/3320/3234 3146/3386/3297 3222/3469/3375 3173/3422/3331
f 3223/3470/3376 3150/3390/3301 3119/3357/3269 3198/3448/3356
f 3147/3382/3293 3142/3364/3275 3225/3460/3368 3245/3471/3377
f 3221/3337/3251 3007/3141/3064 3122/3245/3162 3304/3472/3378
f 3205/3373/3284 3124/3299/3213 3206/3414/3323 3261/3473/3379
f 3106/3340/3254 3182/3430/3339 3226/3474/3380 3177/3423/3332
f 3228/3475/3381 3196/3379/3290 3125/3310/3224 3177/3423/3332
f 3229/3476/3382 3167/3381/3292 3141/3350/3263 3239/3458/3366
f 3224/3445/3353 3172/3366/3277 3214/3428/3337 3255/3477/3383
f 3230/3478/3384 3192/3385/3296 3098/3331/3245 3190/3437/3345
f 3231/3479/3385 3159/3401/3312 3171/3415/3324 3242/3480/3386
f 3232/3461/3369 3169/3375/3286 3191/3418/3327 3250/3481/3387
f 3233/3442/3350 3151/3336/3250 3187/3434/3342 3258/3482/3388
f 3234/3483/3389 3100/3333/3247 3048/3214/3133 3213/3352/3265
f 3235/3484/3390 3194/3441/3349 3140/3380/3291 3209/3457/3365
f 3217/3439/3347 3176/3372/3283 3224/3445/3353 3259/3485/3391
f 3236/3486/3392 3036/3173/3095 3139/3280/3196 3306/3487/3393
f 3193/3421/3330 3150/3390/3301 3223/3470/3376 3251/3488/3394
f 3240/3391/3302 3086/3257/3174 3180/3334/3248 3289/3489/3395
f 3227/3450/3358 3184/3377/3288 3219/3443/3351 3262/3490/3396
f 3203/3491/3344 3189/3466/3311 3241/3467/3373 3248/3492/3397
f 3242/3480/3386 3171/3415/3324 3167/3381/3292 3229/3476/3382
f 3185/3464/3341 3207/3493/3352 3243/3494/3398 3220/3465/3372
f 3210/3420/3329 3166/3347/3260 3237/3454/3362 3267/3495/3399
f 3212/3432/3340 3174/3363/3274 3238/3455/3363 3265/3496/3400
f 3244/3497/3401 3204/3453/3361 3194/3441/3349 3235/3484/3390
f 3243/3494/3398 3207/3493/3352 3208/3498/3360 3263/3499/3402
f 3247/3500/3403 3198/3448/3356 3175/3371/3282 3227/3450/3358
f 3201/3451/3359 3038/3272/3188 3200/3326/3240 3296/3501/3404
f 3208/3498/3360 3203/3491/3344 3248/3492/3397 3263/3499/3402
f 3250/3481/3387 3191/3418/3327 3199/3438/3346 3254/3502/3405
f 3216/3440/3348 3193/3421/3330 3251/3488/3394 3270/3503/3406
f 3146/3386/3297 3197/3447/3355 3252/3504/3407 3222/3469/3375
s 2
f 3253/3505/3408 3179/3424/3333 3542/3427/3336 3544/3506/3409 3310/3507/3410
s 1
f 3254/3502/3405 3199/3438/3346 3202/3449/3357 3256/3508/3411
f 3256/3508/3411 3202/3449/3357 3216/3440/3348 3270/3503/3406
f 3186/3300/3214 3064/3193/3113 3249/3417/3326 3321/3509/3412
f 3257/3510/3413 3215/3446/3354 3192/3385/3296 3230/3478/3384
f 3258/3482/3388 3187/3434/3342 3211/3459/3367 3266/3511/3414
f 3182/3430/3339 3220/3465/3372 3260/3512/3415 3226/3474/3380
f 3255/3477/3383 3214/3428/3337 3232/3461/3369 3284/3513/3416
f 3264/3514/3417 3209/3457/3365 3112/3348/3261 3201/3451/3359
f 3241/3467/3373 3217/3439/3347 3259/3485/3391 3281/3515/3418
f 3225/3460/3368 3212/3432/3340 3265/3496/3400 3279/3516/3419
f 3266/3511/3414 3211/3459/3367 3215/3446/3354 3257/3510/3413
f 3268/3517/3420 3238/3455/3363 3196/3379/3290 3228/3475/3381
f 3177/3423/3332 3226/3474/3380 3269/3518/3421 3228/3475/3381
f 3259/3485/3391 3224/3445/3353 3255/3477/3383 3295/3519/3422
f 3272/3520/3423 3223/3470/3376 3198/3448/3356 3247/3500/3403
f 3197/3447/3355 3218/3463/3371 3273/3521/3424 3252/3504/3407
f 3274/3522/3425 3239/3458/3366 3210/3420/3329 3267/3495/3399
f 3278/3523/3426 3276/3524/3427 3277/3525/3428 3346/3526/3429
f 3245/3471/3377 3225/3460/3368 3279/3516/3419 3298/3527/3430
f 3220/3465/3372 3243/3494/3398 3280/3528/3431 3260/3512/3415
f 3248/3492/3397 3241/3467/3373 3281/3515/3418 3291/3529/3432
f 3282/3530/3433 3231/3479/3385 3242/3480/3386 3288/3531/3434
f 3213/3352/3265 3115/3351/3264 3283/3532/3435 3347/3533/3436
f 3284/3513/3416 3232/3461/3369 3250/3481/3387 3299/3534/3437
f 3251/3488/3394 3223/3470/3376 3272/3520/3423 3302/3535/3438
f 3285/3536/3439 3247/3500/3403 3227/3450/3358 3262/3490/3396
f 3286/3537/3440 3229/3476/3382 3239/3458/3366 3274/3522/3425
f 3271/3468/3374 3205/3373/3284 3261/3473/3379 3300/3538/3441 3526/3539/3442 3527/3540/3443
f 3287/3541/3444 3235/3484/3390 3209/3457/3365 3264/3514/3417
f 3275/3456/3364 3101/3233/3150 3221/3337/3251 3349/3542/3445
f 3288/3531/3434 3242/3480/3386 3229/3476/3382 3286/3537/3440
f 3289/3489/3395 3180/3334/3248 3233/3442/3350 3322/3543/3446
f 3243/3494/3398 3263/3499/3402 3290/3544/3447 3280/3528/3431
f 3263/3499/3402 3248/3492/3397 3291/3529/3432 3290/3544/3447
f 3267/3495/3399 3237/3454/3362 3292/3545/3448 3312/3546/3449
f 3293/3547/3450 3222/3469/3375 3252/3504/3407 3311/3548/3451
f 3249/3417/3326 3158/3295/3210 3271/3468/3374 3334/3549/3452
f 3294/3550/3453 3261/3473/3379 3206/3414/3323 3525/3551/3454
f 3297/3552/3455 3244/3497/3401 3235/3484/3390 3287/3541/3444
f 3299/3534/3437 3250/3481/3387 3254/3502/3405 3305/3553/3456
f 3300/3538/3441 3261/3473/3379 3294/3550/3453
f 3301/3554/3457 3265/3496/3400 3238/3455/3363 3268/3517/3420
f 3270/3503/3406 3251/3488/3394 3302/3535/3438 3313/3555/3458
f 3226/3474/3380 3260/3512/3415 3303/3556/3459 3269/3518/3421
f 3281/3515/3418 3259/3485/3391 3295/3519/3422 3315/3557/3460
f 3295/3519/3422 3255/3477/3383 3284/3513/3416 3317/3558/3461
f 3305/3553/3456 3254/3502/3405 3256/3508/3411 3318/3559/3462
f 3306/3487/3393 3139/3280/3196 3240/3391/3302 3365/3560/3463
f 3228/3475/3381 3269/3518/3421 3307/3561/3464 3268/3517/3420
f 3304/3472/3378 3122/3245/3162 3236/3486/3392 3370/3562/3465
f 3262/3490/3396 3282/3530/3433 3308/3563/3466 3285/3536/3439
f 3309/3564/3467 3272/3520/3423 3247/3500/3403 3285/3536/3439
f 3264/3514/3417 3201/3451/3359 3296/3501/3404 3339/3565/3468
f 3274/3522/3425 3267/3495/3399 3312/3546/3449 3325/3566/3469
f 3314/3567/3470 3279/3516/3419 3265/3496/3400 3301/3554/3457
f 3296/3501/3404 3200/3326/3240 3275/3456/3364 3364/3568/3471
f 3260/3512/3415 3280/3528/3431 3316/3569/3472 3303/3556/3459
f 3291/3529/3432 3281/3515/3418 3315/3557/3460 3326/3570/3473
s 2
f 3310/3507/3410 3544/3506/3409 3546/3571/3474 3374/3572/3475
s 1
f 3317/3558/3461 3284/3513/3416 3299/3534/3437 3332/3573/3476
f 3302/3535/3438 3272/3520/3423 3309/3564/3467 3333/3574/3477
f 3319/3575/3478 3230/3478/3384 3190/3437/3345 3348/3576/3479
f 3320/3577/3480 3273/3521/3424 3298/3527/3430 3323/3578/3481
f 3322/3543/3446 3233/3442/3350 3258/3482/3388 3343/3579/3482
f 3323/3578/3481 3298/3527/3430 3279/3516/3419 3314/3567/3470
f 3282/3530/3433 3288/3531/3434 3324/3580/3483 3308/3563/3466
f 3286/3537/3440 3274/3522/3425 3325/3566/3469 3329/3581/3484
f 3290/3544/3447 3291/3529/3432 3326/3570/3473 3327/3582/3485
f 3280/3528/3431 3290/3544/3447 3327/3582/3485 3316/3569/3472
f 3312/3546/3449 3292/3545/3448 3328/3583/3486 3345/3584/3487
f 3315/3557/3460 3295/3519/3422 3317/3558/3461 3341/3585/3488
f 3288/3531/3434 3286/3537/3440 3329/3581/3484 3324/3580/3483
f 3269/3518/3421 3303/3556/3459 3330/3586/3489 3307/3561/3464
f 3331/3587/3490 3301/3554/3457 3268/3517/3420 3307/3561/3464
f 3277/3525/3428 3186/3300/3214 3321/3509/3412 3388/3588/3491
f 3332/3573/3476 3299/3534/3437 3305/3553/3456 3340/3589/3492
f 3313/3555/3458 3302/3535/3438 3333/3574/3477 3350/3590/3493
f 3285/3536/3439 3308/3563/3466 3335/3591/3494 3309/3564/3467
s 2
f 3336/3592/3495 3337/3593/3496 3338/3594/3497 3380/3595/3498
s 1
f 3287/3541/3444 3264/3514/3417 3339/3565/3468 3353/3596/3499
f 3340/3589/3492 3305/3553/3456 3318/3559/3462 3344/3597/3500
f 3342/3598/3501 3257/3510/3413 3230/3478/3384 3319/3575/3478
f 3343/3579/3482 3258/3482/3388 3266/3511/3414 3382/3599/3502
f 3344/3597/3500 3318/3559/3462 3313/3555/3458 3350/3590/3493
f 3326/3570/3473 3315/3557/3460 3341/3585/3488 3358/3600/3503
f 3341/3585/3488 3317/3558/3461 3332/3573/3476 3366/3601/3504
f 3283/3532/3435 3278/3523/3426 3346/3526/3429 3403/3602/3505
f 3351/3603/3506 3314/3567/3470 3301/3554/3457 3331/3587/3490
f 3303/3556/3459 3316/3569/3472 3352/3604/3507 3330/3586/3489
f 3297/3552/3455 3287/3541/3444 3353/3596/3499 3357/3605/3508
f 3333/3574/3477 3309/3564/3467 3335/3591/3494 3367/3606/3509
s 2
f 3337/3593/3496 3253/3505/3408 3354/3607/3510 3338/3594/3497
s 1
f 3308/3563/3466 3324/3580/3483 3355/3608/3511 3335/3591/3494
f 3345/3584/3487 3328/3583/3486 3356/3609/3512 3368/3610/3513
f 3327/3582/3485 3326/3570/3473 3358/3600/3503 3360/3611/3514
f 3359/3612/3515 3323/3578/3481 3314/3567/3470 3351/3603/3506
f 3316/3569/3472 3327/3582/3485 3360/3611/3514 3352/3604/3507
f 3321/3509/3412 3249/3417/3326 3334/3549/3452 3398/3613/3516
f 3361/3614/3517 3234/3483/3389 3213/3352/3265 3347/3533/3436
f 3349/3542/3445 3221/3337/3251 3304/3472/3378 3404/3615/3518
f 3362/3616/3519 3331/3587/3490 3307/3561/3464 3330/3586/3489
f 3324/3580/3483 3329/3581/3484 3363/3617/3520 3355/3608/3511
f 3365/3560/3463 3240/3391/3302 3289/3489/3395 3400/3618/3521
f 3366/3601/3504 3332/3573/3476 3340/3589/3492 3369/3619/3522
f 3350/3590/3493 3333/3574/3477 3367/3606/3509 3377/3620/3523
f 3358/3600/3503 3341/3585/3488 3366/3601/3504 3378/3621/3524
f 3367/3606/3509 3335/3591/3494 3355/3608/3511 3381/3622/3525
f 3339/3565/3468 3296/3501/3404 3364/3568/3471 3394/3623/3526
f 3369/3619/3522 3340/3589/3492 3344/3597/3500 3373/3624/3527
f 3368/3610/3513 3356/3609/3512 3371/3625/3528 3383/3626/3529
f 3372/3627/3530 3345/3584/3487 3368/3610/3513 3387/3628/3531
f 3370/3562/3465 3236/3486/3392 3306/3487/3393 3410/3629/3532
f 3373/3624/3527 3344/3597/3500 3350/3590/3493 3377/3620/3523
s 2
f 3354/3607/3510 3253/3505/3408 3310/3507/3410 3405/3630/3533
s 1
f 3330/3586/3489 3352/3604/3507 3375/3631/3534 3362/3616/3519
f 3376/3632/3535 3351/3603/3506 3331/3587/3490 3362/3616/3519
f 3379/3633/3536 3334/3549/3452 3271/3468/3374 3527/3540/3443
f 3360/3611/3514 3358/3600/3503 3378/3621/3524 3384/3634/3537
f 3383/3626/3529 3371/3625/3528 3359/3612/3515 3385/3635/3538
f 3352/3604/3507 3360/3611/3514 3384/3634/3537 3375/3631/3534
f 3364/3568/3471 3275/3456/3364 3349/3542/3445 3406/3636/3539
f 3385/3635/3538 3359/3612/3515 3351/3603/3506 3376/3632/3535
f 3386/3637/3540 3363/3617/3520 3372/3627/3530 3387/3628/3531
f 3378/3621/3524 3366/3601/3504 3369/3619/3522 3389/3638/3541
f 3377/3620/3523 3367/3606/3509 3381/3622/3525 3391/3639/3542
f 3389/3638/3541 3369/3619/3522 3373/3624/3527 3392/3640/3543
f 3362/3616/3519 3375/3631/3534 3390/3641/3544 3376/3632/3535
f 3392/3640/3543 3373/3624/3527 3377/3620/3523 3391/3639/3542
f 3368/3610/3513 3383/3626/3529 3393/3642/3545 3387/3628/3531
f 3384/3634/3537 3378/3621/3524 3389/3638/3541 3395/3643/3546
f 3391/3639/3542 3381/3622/3525 3386/3637/3540 3396/3644/3547
f 3353/3596/3499 3339/3565/3468 3394/3623/3526 3402/3645/3548
f 3375/3631/3534 3384/3634/3537 3395/3643/3546 3390/3641/3544
f 3393/3642/3545 3383/3626/3529 3385/3635/3538 3397/3646/3549
f 3396/3644/3547 3386/3637/3540 3387/3628/3531 3393/3642/3545
s 2
f 3374/3572/3475 3546/3571/3474 3548/3647/3550 3416/3648/3551
s 1
f 3397/3646/3549 3385/3635/3538 3376/3632/3535 3390/3641/3544
f 3346/3526/3429 3277/3525/3428 3388/3588/3491 3415/3649/3552
f 3399/3650/3553 3348/3576/3479 3234/3483/3389 3361/3614/3517
f 3400/3618/3521 3289/3489/3395 3322/3543/3446 3412/3651/3554
f 3395/3643/3546 3389/3638/3541 3392/3640/3543 3401/3652/3555
f 3401/3652/3555 3392/3640/3543 3391/3639/3542 3396/3644/3547
f 3396/3644/3547 3393/3642/3545 3397/3646/3549 3401/3652/3555
f 3390/3641/3544 3395/3643/3546 3401/3652/3555 3397/3646/3549
f 3357/3605/3508 3353/3596/3499 3402/3645/3548 3409/3653/3556
f 3347/3533/3436 3283/3532/3435 3403/3602/3505 3420/3654/3557
f 3388/3588/3491 3321/3509/3412 3398/3613/3516 3419/3655/3558
s 2
f 3405/3630/3533 3310/3507/3410 3374/3572/3475 3426/3656/3559
s 1
f 3404/3615/3518 3304/3472/3378 3370/3562/3465 3424/3657/3560
s 2
f 3407/3658/3561 3408/3659/3562 3380/3595/3498
s 1
f 3410/3629/3532 3306/3487/3393 3365/3560/3463 3425/3660/3563
f 3411/3661/3564 3319/3575/3478 3348/3576/3479 3399/3650/3553
f 3412/3651/3554 3322/3543/3446 3343/3579/3482 3414/3662/3565
f 3394/3623/3526 3364/3568/3471 3406/3636/3539 3418/3663/3566
f 3406/3636/3539 3349/3542/3445 3404/3615/3518 3427/3664/3567
f 3413/3665/3568 3342/3598/3501 3319/3575/3478 3411/3661/3564
f 3414/3662/3565 3343/3579/3482 3382/3599/3502 3417/3666/3569
f 3417/3666/3569 3382/3599/3502 3342/3598/3501 3413/3665/3568
f 3402/3645/3548 3394/3623/3526 3418/3663/3566 3421/3667/3570
f 3403/3602/3505 3346/3526/3429 3415/3649/3552 3429/3668/3571
f 3409/3653/3556 3402/3645/3548 3421/3667/3570 3422/3669/3572
f 3423/3670/3573 3361/3614/3517 3347/3533/3436 3420/3654/3557
f 3425/3660/3563 3365/3560/3463 3400/3618/3521 3431/3671/3574
f 3424/3657/3560 3370/3562/3465 3410/3629/3532 3435/3672/3575
f 3415/3649/3552 3388/3588/3491 3419/3655/3558 3433/3673/3576
s 2
f 3426/3656/3559 3374/3572/3475 3416/3648/3551 3437/3674/3577
s 1
f 3418/3663/3566 3406/3636/3539 3427/3664/3567 3432/3675/3578
s 2
f 3416/3648/3551 3548/3647/3550 3551/3676/3579 3428/3677/3580 3441/3678/3581
s 1
f 3427/3664/3567 3404/3615/3518 3424/3657/3560 3440/3679/3582
f 3430/3680/3583 3399/3650/3553 3361/3614/3517 3423/3670/3573
f 3431/3671/3574 3400/3618/3521 3412/3651/3554 3439/3681/3584
f 3421/3667/3570 3418/3663/3566 3432/3675/3578 3434/3682/3585
f 3422/3669/3572 3421/3667/3570 3434/3682/3585 3442/3683/3586
f 3435/3672/3575 3410/3629/3532 3425/3660/3563 3448/3684/3587
s 2
f 3405/3630/3533 3436/3685/3588 3536/3686/3589 3530/3687/3590 3354/3607/3510
s 1
f 3438/3688/3591 3411/3661/3564 3399/3650/3553 3430/3680/3583
f 3439/3681/3584 3412/3651/3554 3414/3662/3565 3444/3689/3592
f 3432/3675/3578 3427/3664/3567 3440/3679/3582 3449/3690/3593
f 3443/3691/3594 3413/3665/3568 3411/3661/3564 3438/3688/3591
f 3444/3689/3592 3414/3662/3565 3417/3666/3569 3445/3692/3595
f 3440/3679/3582 3424/3657/3560 3435/3672/3575 3456/3693/3596
s 2
f 3437/3674/3577 3416/3648/3551 3441/3678/3581 3458/3694/3597 3534/3695/3598 3535/3696/3599 3460/3697/3600
s 1
f 3445/3692/3595 3417/3666/3569 3413/3665/3568 3443/3691/3594
s 2
f 3446/3698/3601 3428/3677/3580 3552/3699/3602 3568/3700/3603
s 1
f 3447/3701/3604 3423/3670/3573 3420/3654/3557 3455/3702/3605
f 3448/3684/3587 3425/3660/3563 3431/3671/3574 3463/3703/3606
f 3442/3683/3586 3434/3682/3585 3450/3704/3607 3454/3705/3608
f 3452/3706/3609 3433/3673/3576 3451/3707/3610 3462/3708/3611
s 2
f 3457/3709/3612 3441/3678/3581 3428/3677/3580 3446/3698/3601 3537/3710/3613
f 3457/3709/3612 3458/3694/3597 3441/3678/3581
f 3437/3674/3577 3459/3711/3614 3532/3712/3615 3426/3656/3559
f 3460/3697/3600 3459/3711/3614 3437/3674/3577
s 1
f 3449/3690/3593 3440/3679/3582 3456/3693/3596 3465/3713/3616
f 3456/3693/3596 3435/3672/3575 3448/3684/3587 3472/3714/3617
f 3461/3715/3618 3430/3680/3583 3423/3670/3573 3447/3701/3604
f 3463/3703/3606 3431/3671/3574 3439/3681/3584 3470/3716/3619
f 3464/3717/3620 3453/3718/3621 3553/3719/3622 3556/3720/3623
f 3450/3704/3607 3449/3690/3593 3465/3713/3616 3467/3721/3624
f 3453/3718/3621 3464/3717/3620 3466/3722/3625 3535/3723/3626 3534/3724/3627
f 3454/3705/3608 3450/3704/3607 3467/3721/3624 3471/3725/3628
f 3468/3726/3629 3452/3706/3609 3462/3708/3611 3477/3727/3630
f 3469/3728/3631 3438/3688/3591 3430/3680/3583 3461/3715/3618
f 3470/3716/3619 3439/3681/3584 3444/3689/3592 3475/3729/3632
f 3473/3730/3633 3447/3701/3604 3455/3702/3605 3468/3726/3629
f 3472/3714/3617 3448/3684/3587 3463/3703/3606 3480/3731/3634
f 3465/3713/3616 3456/3693/3596 3472/3714/3617 3479/3732/3635
f 3474/3733/3636 3443/3691/3594 3438/3688/3591 3469/3728/3631
f 3475/3729/3632 3444/3689/3592 3445/3692/3595 3476/3734/3637
f 3476/3734/3637 3445/3692/3595 3443/3691/3594 3474/3733/3636
f 3478/3735/3638 3466/3722/3625 3464/3717/3620 3481/3736/3639
f 3467/3721/3624 3465/3713/3616 3479/3732/3635 3482/3737/3640
f 3471/3725/3628 3467/3721/3624 3482/3737/3640 3484/3738/3641
f 3483/3739/3642 3461/3715/3618 3447/3701/3604 3473/3730/3633
f 3480/3731/3634 3463/3703/3606 3470/3716/3619 3488/3740/3643
f 3468/3726/3629 3477/3727/3630 3485/3741/3644 3473/3730/3633
f 3479/3732/3635 3472/3714/3617 3480/3731/3634 3490/3742/3645
f 3477/3727/3630 3478/3735/3638 3486/3743/3646 3485/3741/3644
f 3487/3744/3647 3469/3728/3631 3461/3715/3618 3483/3739/3642
f 3488/3740/3643 3470/3716/3619 3475/3729/3632 3494/3745/3648
f 3478/3735/3638 3481/3736/3639 3489/3746/3649 3486/3743/3646
f 3481/3736/3639 3559/3747/3650 3560/3748/3651 3489/3746/3649
f 3482/3737/3640 3479/3732/3635 3490/3742/3645 3491/3749/3652
f 3484/3738/3641 3482/3737/3640 3491/3749/3652 3495/3750/3653
f 3473/3730/3633 3485/3741/3644 3492/3751/3654 3483/3739/3642
f 3493/3752/3655 3474/3733/3636 3469/3728/3631 3487/3744/3647
f 3494/3745/3648 3475/3729/3632 3476/3734/3637 3496/3753/3656
f 3490/3742/3645 3480/3731/3634 3488/3740/3643 3498/3754/3657
f 3496/3753/3656 3476/3734/3637 3474/3733/3636 3493/3752/3655
f 3485/3741/3644 3486/3743/3646 3497/3755/3658 3492/3751/3654
f 3486/3743/3646 3489/3746/3649 3499/3756/3659 3497/3755/3658
f 3491/3749/3652 3490/3742/3645 3498/3754/3657 3501/3757/3660
f 3489/3746/3649 3560/3748/3651 3562/3758/3661 3499/3756/3659
f 3500/3759/3662 3487/3744/3647 3483/3739/3642 3492/3751/3654
f 3498/3754/3657 3488/3740/3643 3494/3745/3648 3503/3760/3663
f 3495/3750/3653 3491/3749/3652 3501/3757/3660 3502/3761/3664
f 3504/3762/3665 3493/3752/3655 3487/3744/3647 3500/3759/3662
f 3503/3760/3663 3494/3745/3648 3496/3753/3656 3506/3763/3666
f 3492/3751/3654 3497/3755/3658 3505/3764/3667 3500/3759/3662
f 3506/3763/3666 3496/3753/3656 3493/3752/3655 3504/3762/3665
f 3501/3757/3660 3498/3754/3657 3503/3760/3663 3508/3765/3668
f 3497/3755/3658 3499/3756/3659 3507/3766/3669 3505/3764/3667
f 3499/3756/3659 3562/3758/3661 3564/3767/3670 3507/3766/3669
f 3502/3761/3664 3501/3757/3660 3508/3765/3668 3509/3768/3671
f 3508/3765/3668 3503/3760/3663 3506/3763/3666 3510/3769/3672
f 3510/3769/3672 3506/3763/3666 3504/3762/3665 3512/3770/3673
f 3505/3764/3667 3507/3766/3669 3511/3771/3674 3512/3770/3673
f 3509/3768/3671 3508/3765/3668 3510/3769/3672 3513/3772/3675
f 3507/3766/3669 3564/3767/3670 3566/3773/3676 3511/3771/3674
f 1516/1635/1646 1520/1637/1648 1537/1658/1669 1522/1641/1652
f 1534/1653/1664 1521/1639/1650 1524/1645/1656 1559/1681/1692
f 1559/1681/1692 1524/1645/1656 1532/1652/1663 1564/1688/1699
f 1569/1692/1703 1564/1688/1699 1565/1687/1698 3514/3774/3677
f 1591/1717/1728 1563/1677/1688 1555/1676/1687 1595/1712/1723
f 3514/3774/3677 1565/1687/1698 1585/1709/1720 1673/1799/1810
f 1596/1719/1730 1569/1692/1703 3514/3774/3677 1638/1763/1774
f 1590/1708/1719 1602/1715/1726 1637/1757/1768 1612/1737/1748
f 1587/1711/1722 1596/1719/1730 1639/1762/1773 1630/1744/1755
f 1638/1763/1774 3514/3774/3677 1673/1799/1810 1662/1788/1799
f 1673/1799/1810 1585/1709/1720 1611/1736/1747 1675/1800/1811
f 1607/1723/1734 1648/1759/1770 1660/1778/1789 1606/1732/1743
f 1612/1737/1748 1637/1757/1768 1677/1793/1804 1651/1775/1786
f 1636/1747/1758 1666/1772/1783 1718/1850/1856 1654/1780/1791
f 1663/1784/1795 1683/1790/1801 1732/1863/1867 1723/1833/1841
f 1689/1814/1825 1745/1881/1884 1712/1844/1850 1667/1791/1802
f 1696/1804/1815 1743/1857/1862 1756/1876/1880 1685/1811/1822
f 1674/1798/1809 1713/1845/1851 1788/1928/1928 1729/1823/1834
f 1688/1789/1800 1729/1823/1834 1789/1927/1927 1734/1840/1847
f 1706/1835/1843 1704/1832/1840 1755/1893/1895 1762/1899/1901
f 1745/1881/1884 1797/1939/1939 1757/1896/1898 1712/1844/1850
f 1756/1876/1880 1803/1917/1918 1806/1943/1943 1742/1875/1879
f 1757/1896/1898 1851/1983/1977 1796/1937/1937 1759/1871/1875
f 1873/2009/2001 1962/2104/2086 1984/2148/2125 1907/2027/2018
f 1854/2003/1995 1931/2037/2026 2009/2183/2158 1936/2099/2081
f 1836/2023/1938 1939/2024/2015 2025/2201/2174 1914/2200/1996
f 1922/2051/2037 1879/2038/2027 1955/2127/2106 1996/2159/2136
f 1912/2036/2025 1896/2058/2043 2037/2214/2186 1981/2126/2105
f 1868/2019/2011 1821/1970/1965 1934/2093/2075 2209/2398/2358
f 1987/2153/2130 2012/2167/2143 1927/2078/2061 1918/2077/2060
f 2006/2176/2152 2008/2154/2131 1921/2079/2062 1930/2088/2071
f 1896/2058/2043 1936/2099/2081 2031/2209/2181 2037/2214/2186
f 1832/1977/1972 1942/2107/2089 2105/2289/2256 1939/2024/2015
f 2010/2185/2160 2085/2245/2215 1984/2148/2125 1962/2104/2086
f 1949/2114/2095 2054/2190/2165 2049/2224/2195 1965/2117/2098
f 1996/2159/2136 1955/2127/2106 2024/2198/2173 2053/2229/2200
f 1958/2129/2108 2114/2269/2238 2014/2189/2164 1945/2113/2094
f 1942/2107/2089 1868/2019/2011 2209/2398/2358 2104/2290/2257
f 1951/2122/2102 2011/2186/2161 2137/2323/2286 2016/2191/2166
f 2093/2273/2242 2080/2227/2198 2006/2176/2152 2026/2177/2153
f 1939/2024/2015 2105/2289/2256 2148/2336/2299 2025/2201/2174
f 2043/2196/2171 2038/2215/2187 2136/2322/2285 2096/2261/2230
f 2000/2165/2141 1985/2150/2127 2087/2266/2235 2177/2335/2298
f 2209/2398/2358 1934/2093/2075 2042/2218/2190 2226/2399/2359
f 2144/2332/2295 2172/2361/2324 2117/2305/2269 2100/2286/2253
f 2057/2184/2159 2103/2288/2255 2249/2437/2395 2132/2267/2236
f 2242/2429/2387 2164/2314/2277 2092/2228/2199 2135/2272/2241
f 2095/2277/2245 2256/2449/2407 2126/2312/2275 2039/2216/2188
f 2074/2207/2179 2162/2301/2265 2237/2431/2389 2133/2264/2233
f 2173/2363/2326 2202/2384/2345 2197/2362/2325 2172/2361/2324
f 2082/2257/2226 2090/2258/2227 2228/2386/2347 2201/2382/2343
f 2168/2357/2320 2252/2442/2400 2142/2331/2294 2102/2287/2254
f 2229/2421/2379 2203/2378/2339 2179/2368/2331 2223/2391/2352
f 2049/2224/2195 2277/2377/2338 2284/2470/2427 2109/2225/2196
f 2104/2290/2257 2210/2397/2357 2330/2520/2474 2193/2291/2258
f 2211/2346/2309 2243/2436/2394 2321/2506/2461 2244/2410/2370
f 2195/2379/2340 2120/2308/2272 2265/2458/2416 3515/3775/3678
f 2261/2405/2365 2328/2480/2437 2395/2590/2539 2322/2473/2430
f 2287/2476/2433 2289/2479/2436 2366/2559/2510 2385/2567/2518
f 2276/2415/2374 2337/2491/2447 2400/2597/2545 2328/2480/2437
f 2411/2609/2557 2347/2508/2463 2254/2448/2406 2315/2509/2464
f 2272/2459/2417 2195/2379/2340 3515/3775/3678 2467/2653/2597
f 2210/2397/2357 2336/2529/2482 2443/2643/2587 2330/2520/2474
f 2367/2621/2499 2437/2622/2567 2383/2579/2528 2351/2578/2470
f 2356/2553/2504 2466/2667/2611 2369/2563/2514 2301/2494/2450
f 2194/2371/2334 2464/2587/2536 2618/2830/2767 2277/2377/2338
f 3515/3775/3678 2265/2458/2416 2376/2572/2522 2546/2758/2697
f 2277/2377/2338 2618/2830/2767 2473/2677/2620 2284/2470/2427
f 2401/2574/2524 2440/2602/2550 2501/2706/2649 2460/2636/2580
f 2363/2507/2462 2425/2625/2570 2571/2779/2717 2407/2562/2513
f 2467/2653/2597 3515/3775/3678 2546/2758/2697 2622/2836/2773
f 2407/2562/2513 2571/2779/2717 2559/2745/2686 2449/2605/2553
f 2462/2662/2606 2575/2782/2720 2472/2674/2618 2406/2603/2551
f 2432/2591/2540 2496/2658/2602 2562/2771/2709 2488/2651/2595
f 2450/2652/2596 2467/2653/2597 2622/2836/2773 2615/2827/2764
f 2443/2643/2587 2555/2701/2644 2631/2845/2782 2502/2644/2588
f 2557/2743/2684 2536/2736/2677 2581/2790/2728 2633/2842/2779
f 2540/2748/2689 2569/2776/2714 2637/2852/2789 2594/2794/2732
f 2669/2885/2819 2556/2767/2705 2511/2682/2625 2572/2734/2675
f 2569/2776/2714 2600/2809/2746 2671/2890/2824 2637/2852/2789
f 2551/2763/2701 2645/2859/2795 2653/2813/2750 2552/2747/2688
f 2412/2611/2559 2765/2922/2855 2608/2819/2756 2392/2586/2535
f 2745/2966/2898 2669/2885/2819 2572/2734/2675 2641/2798/2736
f 2618/2830/2767 2731/2831/2768 2724/2944/2876 2473/2677/2620
f 2615/2827/2764 2622/2836/2773 2623/2835/2772 2766/2987/2919
f 2403/2599/2547 2567/2672/2616 2806/3028/2957 2598/2807/2744
f 2645/2859/2795 2780/2974/2906 2722/2943/2875 2653/2813/2750
f 2805/3013/2943 2666/2883/2817 2605/2814/2751 2729/2886/2820
f 2718/2937/2869 2789/3000/2930 2741/2961/2893 2682/2904/2838
f 2725/2947/2879 2841/3061/2988 2720/2887/2821 2662/2815/2752
f 2674/2894/2828 2591/2799/2737 2721/2942/2874 2869/3087/3014
f 2855/3077/3004 2788/2973/2905 2685/2906/2840 2736/2958/2890
f 2841/3061/2988 2872/3100/3025 2759/2951/2883 2720/2887/2821
f 2721/2942/2874 2629/2843/2780 2772/2939/2871 2866/3092/3018
f 2573/2781/2719 2738/2851/2788 2894/3122/3047 2728/2949/2881
f 2678/2834/2771 2810/2981/2913 2824/3047/2974 2727/2899/2833
f 2758/2980/2912 2851/3071/2998 2796/2976/2908 2710/2928/2860
f 2892/3120/3045 2855/3077/3004 2736/2958/2890 2770/2990/2922
f 2872/3100/3025 2874/3083/3010 2793/2983/2915 2759/2951/2883
f 2589/2711/2654 2781/2876/2811 3516/3776/3679 2738/2851/2788
f 2936/3163/3086 2892/3120/3045 2770/2990/2922 2797/3015/2945
f 2890/3115/3040 2936/3163/3086 2797/3015/2945 2817/3039/2966
f 2643/2764/2702 2785/2918/2851 2947/3172/3094 2822/2941/2873
f 2766/2987/2919 2830/3055/2982 2966/3194/3114 2825/2988/2920
f 2810/2981/2913 2876/3101/3026 2984/3216/3135 2824/3047/2974
f 2824/3047/2974 2984/3216/3135 2942/3146/3069 2837/3048/2975
f 2935/3162/3085 2927/3121/3046 2892/3120/3045 2936/3163/3086
f 2862/3086/3013 2869/3087/3014 2885/3111/3036 3017/3242/3159
f 2738/2851/2788 3516/3776/3679 3517/3777/3680 2894/3122/3047
f 2825/2988/2920 2966/3194/3114 3020/3253/3170 2884/3054/2981
f 2598/2807/2744 2806/3028/2957 2999/3232/3149 2849/3070/2997
f 2809/2970/2902 2916/3079/3006 3022/3256/3173 2897/3050/2977
f 2884/3054/2981 3020/3253/3170 3018/3249/3166 2932/3108/3033
f 2970/3199/3119 3034/3244/3161 2930/3156/3079 2903/3128/3053
f 2942/3146/3069 3074/3307/3221 3006/3204/3124 2919/3137/3060
f 2984/3216/3135 2983/3215/3134 3074/3307/3221 2942/3146/3069
f 2781/2876/2811 2969/3096/3022 3276/3524/3427 3516/3776/3679
f 3012/3243/3160 3053/3269/3185 2954/3184/3105 2943/3170/3092
f 2894/3122/3047 3517/3777/3680 3115/3351/3264 2955/3123/3048
f 2931/3157/3080 3010/3241/3158 3111/3346/3259 3013/3195/3115
f 3056/3252/3169 3130/3358/3270 3033/3230/3147 2992/3186/3107
f 3020/3253/3170 3070/3254/3171 3114/3349/3262 3018/3249/3166
f 3516/3776/3679 3276/3524/3427 3278/3523/3426 3517/3777/3680
f 3085/3313/3227 3136/3368/3279 3154/3393/3304 3107/3319/3233
s 2
f 3178/3425/3334 3179/3424/3333 3518/3778/3681 3519/3779/3682
s 1
f 3154/3393/3304 3520/3396/3307 3521/3411/3320
f 2947/3172/3094 3036/3173/3095 3236/3486/3392 3122/3245/3162
s 2
f 3522/3780/3683 3523/3781/3684 3337/3593/3496 3336/3592/3495 3524/3782/3685
s 1
f 3524/3783/3686 3525/3551/3454 3206/3414/3323 3143/3345/3258 3522/3413/3322
f 3159/3401/3312 3231/3479/3385 3219/3443/3351 3131/3369/3280
f 2969/3096/3022 3186/3300/3214 3277/3525/3428 3276/3524/3427
f 3218/3463/3371 3134/3374/3285 3147/3382/3293 3245/3471/3377
f 3517/3777/3680 3278/3523/3426 3283/3532/3435 3115/3351/3264
s 2
f 3525/3784/3687 3524/3782/3685 3336/3592/3495 3526/3785/3688 3300/3786/3689 3294/3787/3690
s 1
f 3195/3376/3287 3246/3462/3370 3292/3545/3448 3237/3454/3362
f 3173/3422/3331 3222/3469/3375 3293/3547/3450 3246/3462/3370
f 3231/3479/3385 3282/3530/3433 3262/3490/3396 3219/3443/3351
f 3273/3521/3424 3218/3463/3371 3245/3471/3377 3298/3527/3430
f 3190/3437/3345 3100/3333/3247 3234/3483/3389 3348/3576/3479
f 3246/3462/3370 3293/3547/3450 3328/3583/3486 3292/3545/3448
f 3313/3555/3458 3318/3559/3462 3256/3508/3411 3270/3503/3406
f 3252/3504/3407 3273/3521/3424 3320/3577/3480 3311/3548/3451
f 3293/3547/3450 3311/3548/3451 3356/3609/3512 3328/3583/3486
s 2
f 3526/3785/3688 3336/3592/3495 3380/3595/3498 3408/3659/3562 3379/3788/3691 3527/3789/3692
s 1
f 3311/3548/3451 3320/3577/3480 3371/3625/3528 3356/3609/3512
f 3312/3546/3449 3345/3584/3487 3372/3627/3530 3325/3566/3469
f 3320/3577/3480 3323/3578/3481 3359/3612/3515 3371/3625/3528
f 3325/3566/3469 3372/3627/3530 3363/3617/3520 3329/3581/3484
f 3266/3511/3414 3257/3510/3413 3342/3598/3501 3382/3599/3502
f 3363/3617/3520 3386/3637/3540 3381/3622/3525 3355/3608/3511
f 3398/3613/3516 3334/3549/3452 3379/3633/3536 3408/3790/3693 3407/3791/3694 3529/3792/3695
f 3357/3605/3508 3409/3653/3556 3549/3793/3696 3547/3794/3697
s 2
f 3380/3595/3498 3338/3594/3497 3528/3795/3698 3529/3796/3699 3407/3658/3561
s 1
f 3419/3655/3558 3398/3613/3516 3529/3792/3695 3528/3797/3700 3531/3798/3701
s 2
f 3338/3594/3497 3354/3607/3510 3530/3687/3590 3531/3799/3702 3528/3795/3698
s 1
f 3403/3602/3505 3429/3668/3571 3455/3702/3605 3420/3654/3557
f 3422/3669/3572 3442/3683/3586 3554/3800/3703 3550/3801/3704
s 2
f 3436/3685/3588 3405/3630/3533 3426/3656/3559 3532/3712/3615 3533/3802/3705
s 1
f 3415/3649/3552 3433/3673/3576 3452/3706/3609 3429/3668/3571
f 3432/3675/3578 3449/3690/3593 3450/3704/3607 3434/3682/3585
f 3429/3668/3571 3452/3706/3609 3468/3726/3629 3455/3702/3605
f 3535/3723/3626 3466/3722/3625 3462/3708/3611 3451/3707/3610 3533/3803/3706 3532/3804/3707 3459/3805/3708 3460/3806/3709
f 3462/3708/3611 3466/3722/3625 3478/3735/3638 3477/3727/3630
f 3464/3717/3620 3556/3720/3623 3559/3747/3650 3481/3736/3639
f 3504/3762/3665 3500/3759/3662 3505/3764/3667 3512/3770/3673
f 3510/3769/3672 3512/3770/3673 3511/3771/3674 3513/3772/3675
f 3513/3772/3675 3511/3771/3674 3566/3773/3676 3567/3807/3710
f 3178/3808/3711 3519/3394/3305 3152/3389/3300 3539/3406/3316 3569/3809/3712
s 2
f 3521/3810/3713 3520/3811/3714 3518/3778/3681 3179/3424/3333 3253/3505/3408 3337/3593/3496 3523/3781/3684
s 1
f 3533/3803/3706 3451/3707/3610 3536/3812/3715 3436/3813/3716
f 3537/3814/3717 3453/3718/3621 3534/3724/3627 3458/3815/3718 3457/3816/3719
f 3419/3655/3558 3531/3798/3701 3530/3817/3720 3536/3812/3715 3451/3707/3610 3433/3673/3576
f 3540/3818/3721 3538/3405/3315 3149/3388/3299 3168/3416/3325
f 3541/3819/3722 3540/3818/3721 3168/3416/3325 3204/3453/3361
f 3543/3820/3723 3541/3819/3722 3204/3453/3361 3244/3497/3401
f 3545/3821/3724 3543/3820/3723 3244/3497/3401 3297/3552/3455
f 3547/3794/3697 3545/3821/3724 3297/3552/3455 3357/3605/3508
s 2
f 3551/3676/3579 3552/3699/3602 3428/3677/3580
s 1
f 3550/3801/3704 3549/3793/3696 3409/3653/3556 3422/3669/3572
f 3568/3822/3725 3553/3719/3622 3453/3718/3621 3537/3814/3717 3446/3823/3726
f 3555/3824/3727 3554/3800/3703 3442/3683/3586 3454/3705/3608
f 3557/3825/3728 3555/3824/3727 3454/3705/3608 3471/3725/3628
f 3558/3826/3729 3557/3825/3728 3471/3725/3628 3484/3738/3641
f 3561/3827/3730 3558/3826/3729 3484/3738/3641 3495/3750/3653
f 3563/3828/3731 3561/3827/3730 3495/3750/3653 3502/3761/3664
f 3565/3829/3732 3563/3828/3731 3502/3761/3664 3509/3768/3671
f 3567/3807/3710 3565/3829/3732 3509/3768/3671 3513/3772/3675
s off
f 3569/3809/3733 3539/3406/3734 3542/3427/3735
s 6
f 3568/3700/3736 3552/3699/3737 3553/3719/3738
f 3553/3719/3738 3552/3699/3737 3556/3720/3739
f 3552/3699/3737 3551/3676/3740 3556/3720/3739
s off
f 3540/3818/3741 3541/3819/3742 3538/3405/3743
s 6
f 3541/3819/3744 3543/3820/3745 3546/3571/3746
f 3543/3820/3745 3545/3821/3747 3546/3571/3746
f 3545/3821/3747 3547/3794/3748 3546/3571/3746
f 3547/3794/3748 3549/3793/3749 3546/3571/3746
f 3549/3793/3749 3550/3801/3750 3546/3571/3746
f 3550/3801/3750 3554/3800/3751 3546/3571/3746
f 3554/3800/3751 3555/3824/3752 3546/3571/3746
f 3555/3824/3752 3557/3825/3753 3546/3571/3746
f 3546/3571/3746 3557/3825/3753 3548/3647/3754
f 3557/3825/3753 3558/3826/3755 3548/3647/3754
f 3558/3826/3755 3561/3827/3756 3548/3647/3754
f 3561/3827/3756 3563/3828/3757 3548/3647/3754
f 3563/3828/3757 3565/3829/3758 3548/3647/3754
f 3565/3829/3758 3567/3807/3759 3548/3647/3754
f 3567/3807/3759 3566/3773/3760 3548/3647/3754
f 3566/3773/3760 3564/3767/3761 3548/3647/3754
f 3564/3767/3761 3562/3758/3762 3548/3647/3754
f 3562/3758/3762 3560/3748/3763 3548/3647/3754
f 3548/3647/3754 3560/3748/3763 3551/3676/3740
f 3560/3748/3763 3559/3747/3764 3551/3676/3740
f 3559/3747/3764 3556/3720/3739 3551/3676/3740
s 8
f 3546/3571/3765 3544/3506/3766 3541/3819/3767
f 3541/3819/3767 3544/3506/3766 3538/3405/3768
f 3544/3506/3766 3542/3427/3769 3538/3405/3768
f 3539/3406/3770 3538/3405/3768 3542/3427/3769
