solid "hornet_eyes"
  facet normal -0.0243750363588 0.00353382853791 -0.999696612358
    outer loop
      vertex -0.794248998165 0.702637016773 -66.9783248901
      vertex -0.573122024536 0.707637012005 -66.8675384521
      vertex -0.690053999424 0.707620024681 -67.6692886353
    endloop
  endfacet
  facet normal -0.0174340456724 0.00458152266219 -0.999837517738
    outer loop
      vertex -0.794248998165 0.702637016773 -66.9783248901
      vertex -0.690053999424 0.707620024681 -67.6692886353
      vertex -0.99141895771 0.702637016773 -67.7286148071
    endloop
  endfacet
  facet normal -0.0172723624855 0.00375967496075 -0.999843776226
    outer loop
      vertex -0.99141895771 0.702637016773 -67.7286148071
      vertex -0.690053999424 0.707620024681 -67.6692886353
      vertex -0.868062973022 0.707566976547 -68.4729766846
    endloop
  endfacet
  facet normal -0.0244323834777 0.00257214833982 -0.999698162079
    outer loop
      vertex -0.99141895771 0.702637016773 -67.7286148071
      vertex -0.868062973022 0.707566976547 -68.4729766846
      vertex -1.06975901127 0.702629029751 -68.4696578979
    endloop
  endfacet
  facet normal -0.0165171418339 0.000230133708101 -0.999863564968
    outer loop
      vertex -0.868134021759 0.702629029751 -66.2830047607
      vertex -0.556928992271 0.707724988461 -66.0875930786
      vertex -0.573122024536 0.707637012005 -66.8675384521
    endloop
  endfacet
  facet normal -0.021468937397 -0.00226984731853 -0.999766945839
    outer loop
      vertex -0.868134021759 0.702629029751 -66.2830047607
      vertex -0.573122024536 0.707637012005 -66.8675384521
      vertex -0.794248998165 0.702637016773 -66.9783248901
    endloop
  endfacet
  facet normal -0.0243477858603 0.00767766078934 -0.999674081802
    outer loop
      vertex -1.06975901127 0.702629029751 -68.4696578979
      vertex -0.868062973022 0.707566976547 -68.4729766846
      vertex -1.11838400364 0.707535982132 -69.2627716064
    endloop
  endfacet
  facet normal -0.0164045412093 0.00719169294462 -0.999839544296
    outer loop
      vertex -1.06975901127 0.702629029751 -68.4696578979
      vertex -1.11838400364 0.707535982132 -69.2627716064
      vertex -1.37916004658 0.702637016773 -69.1765213013
    endloop
  endfacet
  facet normal -0.0211539734155 -0.00364817958325 -0.999769568443
    outer loop
      vertex -0.895321011543 0.702629029751 -65.5219497681
      vertex -0.680163919926 0.707916021347 -65.3206634521
      vertex -0.556928992271 0.707724988461 -66.0875930786
    endloop
  endfacet
  facet normal -0.0160135664046 -0.000572049466427 -0.999871611595
    outer loop
      vertex -0.895321011543 0.702629029751 -65.5219497681
      vertex -0.556928992271 0.707724988461 -66.0875930786
      vertex -0.868134021759 0.702629029751 -66.2830047607
    endloop
  endfacet
  facet normal -0.0163765009493 0.00727646611631 -0.999839425087
    outer loop
      vertex -1.37916004658 0.702637016773 -69.1765213013
      vertex -1.11838400364 0.707535982132 -69.2627716064
      vertex -1.45293903351 0.707557976246 -70.0187454224
    endloop
  endfacet
  facet normal -0.024986974895 0.00802967045456 -0.999655544758
    outer loop
      vertex -1.37916004658 0.702637016773 -69.1765213013
      vertex -1.45293903351 0.707557976246 -70.0187454224
      vertex -1.61503195763 0.702637016773 -69.9105148315
    endloop
  endfacet
  facet normal -0.014085996896 -0.0044161034748 -0.999891042709
    outer loop
      vertex -1.184237957 0.702629029751 -64.9098968506
      vertex -0.898579001427 0.708074986935 -64.5879898071
      vertex -0.680163919926 0.707916021347 -65.3206634521
    endloop
  endfacet
  facet normal -0.0170421935618 -0.00804469455034 -0.999822378159
    outer loop
      vertex -1.184237957 0.702629029751 -64.9098968506
      vertex -0.680163919926 0.707916021347 -65.3206634521
      vertex -0.895321011543 0.702629029751 -65.5219497681
    endloop
  endfacet
  facet normal -0.0218308456242 0.0127576123923 -0.999680280685
    outer loop
      vertex -1.61503195763 0.702637016773 -69.9105148315
      vertex -1.45293903351 0.707557976246 -70.0187454224
      vertex -1.87304294109 0.707607984543 -70.7415466309
    endloop
  endfacet
  facet normal -0.0141265057027 0.0103666353971 -0.999846458435
    outer loop
      vertex -1.61503195763 0.702637016773 -69.9105148315
      vertex -1.87304294109 0.707607984543 -70.7415466309
      vertex -2.06697511673 0.70261400938 -70.5241546631
    endloop
  endfacet
  facet normal -0.0026511978358 0.000696712813806 -0.999996244907
    outer loop
      vertex -1.85750794411 0.70002001524 -67.2681655884
      vertex -0.794248998165 0.702637016773 -66.9783248901
      vertex -0.99141895771 0.702637016773 -67.7286148071
    endloop
  endfacet
  facet normal -0.00216047395952 0.0016197480727 -0.999996364117
    outer loop
      vertex -1.85750794411 0.70002001524 -67.2681655884
      vertex -0.99141895771 0.702637016773 -67.7286148071
      vertex -2.28125810623 0.700026988983 -67.8376846313
    endloop
  endfacet
  facet normal -0.00250824447721 0.00110914930701 -0.999996244907
    outer loop
      vertex -2.0577750206 0.70002001524 -68.3517074585
      vertex -1.06975901127 0.702629029751 -68.4696578979
      vertex -1.37916004658 0.702637016773 -69.1765213013
    endloop
  endfacet
  facet normal -0.0016272837529 0.00183396146167 -0.999997019768
    outer loop
      vertex -2.0577750206 0.70002001524 -68.3517074585
      vertex -1.37916004658 0.702637016773 -69.1765213013
      vertex -2.53471398354 0.700026988983 -68.7787017822
    endloop
  endfacet
  facet normal -0.00204084510915 0.000205003278097 -0.999997913837
    outer loop
      vertex -2.28125810623 0.700026988983 -67.8376846313
      vertex -0.99141895771 0.702637016773 -67.7286148071
      vertex -1.06975901127 0.702629029751 -68.4696578979
    endloop
  endfacet
  facet normal -0.00278692529537 -0.00122525030747 -0.999995350838
    outer loop
      vertex -2.28125810623 0.700026988983 -67.8376846313
      vertex -1.06975901127 0.702629029751 -68.4696578979
      vertex -2.0577750206 0.70002001524 -68.3517074585
    endloop
  endfacet
  facet normal -0.00186194991693 -0.000186398348887 -0.999998271465
    outer loop
      vertex -2.20410299301 0.700026988983 -66.8974533081
      vertex -0.868134021759 0.702629029751 -66.2830047607
      vertex -0.794248998165 0.702637016773 -66.9783248901
    endloop
  endfacet
  facet normal -0.00195730361156 -0.00184878648724 -0.999996364117
    outer loop
      vertex -2.20410299301 0.700026988983 -66.8974533081
      vertex -0.794248998165 0.702637016773 -66.9783248901
      vertex -1.85750794411 0.70002001524 -67.2681655884
    endloop
  endfacet
  facet normal -0.00246870541014 -8.81890737219e-05 -0.999996960163
    outer loop
      vertex -1.93080496788 0.700012028217 -66.2102737427
      vertex -0.895321011543 0.702629029751 -65.5219497681
      vertex -0.868134021759 0.702629029751 -66.2830047607
    endloop
  endfacet
  facet normal -0.00239595980383 0.00097468320746 -0.99999666214
    outer loop
      vertex -1.93080496788 0.700012028217 -66.2102737427
      vertex -0.868134021759 0.702629029751 -66.2830047607
      vertex -2.20410299301 0.700026988983 -66.8974533081
    endloop
  endfacet
  facet normal -0.0182237811387 -0.00741301197559 -0.999806463718
    outer loop
      vertex -1.35097897053 0.702620983124 -64.2114257813
      vertex -1.16814804077 0.708141982555 -63.9162597656
      vertex -0.898579001427 0.708074986935 -64.5879898071
    endloop
  endfacet
  facet normal -0.0150315593928 -0.00357683864422 -0.999880611897
    outer loop
      vertex -1.35097897053 0.702620983124 -64.2114257813
      vertex -0.898579001427 0.708074986935 -64.5879898071
      vertex -1.184237957 0.702629029751 -64.9098968506
    endloop
  endfacet
  facet normal -0.0140343895182 0.010448820889 -0.999846935272
    outer loop
      vertex -2.06697511673 0.70261400938 -70.5241546631
      vertex -1.87304294109 0.707607984543 -70.7415466309
      vertex -2.37182402611 0.707708001137 -71.4210586548
    endloop
  endfacet
  facet normal -0.0230789221823 0.0135218063369 -0.999642193317
    outer loop
      vertex -2.06697511673 0.70261400938 -70.5241546631
      vertex -2.37182402611 0.707708001137 -71.4210586548
      vertex -2.472479105 0.702620983124 -71.2167816162
    endloop
  endfacet
  facet normal -0.00192369986326 -0.000908074318431 -0.999997735023
    outer loop
      vertex -1.184237957 0.702629029751 -64.9098968506
      vertex -0.895321011543 0.702629029751 -65.5219497681
      vertex -1.93080496788 0.700012028217 -66.2102737427
    endloop
  endfacet
  facet normal -0.000693884328939 -0.00161413231399 -0.999998450279
    outer loop
      vertex -1.184237957 0.702629029751 -64.9098968506
      vertex -1.93080496788 0.700012028217 -66.2102737427
      vertex -2.40619492531 0.700012028217 -66.0059127808
    endloop
  endfacet
  facet normal -0.0020336699672 0.000653528433759 -0.999997735023
    outer loop
      vertex -2.53471398354 0.700026988983 -68.7787017822
      vertex -1.37916004658 0.702637016773 -69.1765213013
      vertex -1.61503195763 0.702637016773 -69.9105148315
    endloop
  endfacet
  facet normal -0.00340942875482 -0.000464385928353 -0.99999409914
    outer loop
      vertex -2.53471398354 0.700026988983 -68.7787017822
      vertex -1.61503195763 0.702637016773 -69.9105148315
      vertex -2.45229506493 0.70002001524 -69.3988265991
    endloop
  endfacet
  facet normal -0.00217124656774 0.0015616340097 -0.999996423721
    outer loop
      vertex -2.45229506493 0.70002001524 -69.3988265991
      vertex -1.61503195763 0.702637016773 -69.9105148315
      vertex -2.06697511673 0.70261400938 -70.5241546631
    endloop
  endfacet
  facet normal -0.000969650864135 0.00197307136841 -0.99999755621
    outer loop
      vertex -2.45229506493 0.70002001524 -69.3988265991
      vertex -2.06697511673 0.70261400938 -70.5241546631
      vertex -2.98219490051 0.700012028217 -69.6551895142
    endloop
  endfacet
  facet normal -0.0157417207956 -0.00895099528134 -0.999836027622
    outer loop
      vertex -1.47965300083 0.70823597908 -63.3579292297
      vertex -1.16814804077 0.708141982555 -63.9162597656
      vertex -1.35097897053 0.702620983124 -64.2114257813
    endloop
  endfacet
  facet normal -0.00941256526858 -0.0079973815009 -0.999923706055
    outer loop
      vertex -1.47965300083 0.70823597908 -63.3579292297
      vertex -1.35097897053 0.702620983124 -64.2114257813
      vertex -1.71564102173 0.702637016773 -63.7802314758
    endloop
  endfacet
  facet normal -0.00225833687 -0.000527578114998 -0.999997317791
    outer loop
      vertex -2.26163697243 0.700012028217 -65.258430481
      vertex -1.35097897053 0.702620983124 -64.2114257813
      vertex -1.184237957 0.702629029751 -64.9098968506
    endloop
  endfacet
  facet normal -0.00259110890329 0.000501102942508 -0.999996542931
    outer loop
      vertex -2.26163697243 0.700012028217 -65.258430481
      vertex -1.184237957 0.702629029751 -64.9098968506
      vertex -2.40619492531 0.700012028217 -66.0059127808
    endloop
  endfacet
  facet normal -0.0150991724804 0.0174560062587 -0.999733626842
    outer loop
      vertex -3.03720998764 0.702629029751 -71.7057266235
      vertex -2.472479105 0.702620983124 -71.2167816162
      vertex -2.37182402611 0.707708001137 -71.4210586548
    endloop
  endfacet
  facet normal -0.0126687055454 0.0117729250342 -0.999850451946
    outer loop
      vertex -3.03720998764 0.702629029751 -71.7057266235
      vertex -2.37182402611 0.707708001137 -71.4210586548
      vertex -2.93820309639 0.707809984684 -72.0391921997
    endloop
  endfacet
  facet normal -0.00182113121264 0.00107626768295 -0.999997735023
    outer loop
      vertex -2.98219490051 0.700012028217 -69.6551895142
      vertex -2.06697511673 0.70261400938 -70.5241546631
      vertex -2.472479105 0.702620983124 -71.2167816162
    endloop
  endfacet
  facet normal -0.00362526020035 0.000487378536491 -0.99999332428
    outer loop
      vertex -2.98219490051 0.700012028217 -69.6551895142
      vertex -2.472479105 0.702620983124 -71.2167816162
      vertex -3.07537698746 0.700012028217 -70.3483047485
    endloop
  endfacet
  facet normal 1.85036387848e-05 -1.51840481522e-06 -1
    outer loop
      vertex -2.20410299301 0.700026988983 -66.8974533081
      vertex -1.85750794411 0.70002001524 -67.2681655884
      vertex -2.28125810623 0.700026988983 -67.8376846313
    endloop
  endfacet
  facet normal 6.75462433719e-06 -5.54283076326e-07 -1
    outer loop
      vertex -2.20410299301 0.700026988983 -66.8974533081
      vertex -2.28125810623 0.700026988983 -67.8376846313
      vertex -4.67050695419 0.700043022633 -68.046257019
    endloop
  endfacet
  facet normal -0.00917500909418 -0.00813014619052 -0.999924838543
    outer loop
      vertex -1.83259499073 0.708302974701 -62.9513893127
      vertex -1.47965300083 0.70823597908 -63.3579292297
      vertex -1.71564102173 0.702637016773 -63.7802314758
    endloop
  endfacet
  facet normal -0.0170889925212 -0.00924607552588 -0.99981123209
    outer loop
      vertex -1.83259499073 0.708302974701 -62.9513893127
      vertex -1.71564102173 0.702637016773 -63.7802314758
      vertex -1.98571002483 0.702637016773 -63.2810783386
    endloop
  endfacet
  facet normal 1.92748211703e-05 -5.19152854395e-06 -1
    outer loop
      vertex -2.28125810623 0.700026988983 -67.8376846313
      vertex -2.0577750206 0.70002001524 -68.3517074585
      vertex -2.53471398354 0.700026988983 -68.7787017822
    endloop
  endfacet
  facet normal 6.86771500114e-06 -1.84976772744e-06 -1
    outer loop
      vertex -2.28125810623 0.700026988983 -67.8376846313
      vertex -2.53471398354 0.700026988983 -68.7787017822
      vertex -4.67050695419 0.700043022633 -68.046257019
    endloop
  endfacet
  facet normal -0.00143089389894 -0.00124726910144 -0.999998211861
    outer loop
      vertex -1.71564102173 0.702637016773 -63.7802314758
      vertex -1.35097897053 0.702620983124 -64.2114257813
      vertex -2.26163697243 0.700012028217 -65.258430481
    endloop
  endfacet
  facet normal 7.37256050343e-05 -0.0018030240899 -0.999998390675
    outer loop
      vertex -1.71564102173 0.702637016773 -63.7802314758
      vertex -2.26163697243 0.700012028217 -65.258430481
      vertex -2.75183701515 0.70002001524 -65.2740402222
    endloop
  endfacet
  facet normal 7.99839654064e-06 1.8606084268e-05 -1
    outer loop
      vertex -2.40619492531 0.700012028217 -66.0059127808
      vertex -1.93080496788 0.700012028217 -66.2102737427
      vertex -2.20410299301 0.700026988983 -66.8974533081
    endloop
  endfacet
  facet normal -1.19884452943e-06 1.65212786669e-05 -1
    outer loop
      vertex -2.40619492531 0.700012028217 -66.0059127808
      vertex -2.20410299301 0.700026988983 -66.8974533081
      vertex -4.67050695419 0.700043022633 -68.046257019
    endloop
  endfacet
  facet normal -9.06343939278e-06 -1.24541984405e-05 -1
    outer loop
      vertex -2.53471398354 0.700026988983 -68.7787017822
      vertex -2.45229506493 0.70002001524 -69.3988265991
      vertex -2.98219490051 0.700012028217 -69.6551895142
    endloop
  endfacet
  facet normal 1.39921689879e-06 -1.77957881533e-05 -1
    outer loop
      vertex -2.53471398354 0.700026988983 -68.7787017822
      vertex -2.98219490051 0.700012028217 -69.6551895142
      vertex -4.67050695419 0.700043022633 -68.046257019
    endloop
  endfacet
  facet normal -0.0128064062446 0.011732022278 -0.999849140644
    outer loop
      vertex -3.57192206383 0.702637016773 -72.2900848389
      vertex -3.03720998764 0.702629029751 -71.7057266235
      vertex -2.93820309639 0.707809984684 -72.0391921997
    endloop
  endfacet
  facet normal -0.0151617787778 0.0176838431507 -0.999728679657
    outer loop
      vertex -3.57192206383 0.702637016773 -72.2900848389
      vertex -2.93820309639 0.707809984684 -72.0391921997
      vertex -3.55072808266 0.707961022854 -72.5728988647
    endloop
  endfacet
  facet normal -0.001261633588 0.00147366826423 -0.999998092651
    outer loop
      vertex -2.472479105 0.702620983124 -71.2167816162
      vertex -3.03720998764 0.702629029751 -71.7057266235
      vertex -3.61257910728 0.700012028217 -70.4224624634
    endloop
  endfacet
  facet normal -0.000378426804673 0.00274134380743 -0.999996185303
    outer loop
      vertex -2.472479105 0.702620983124 -71.2167816162
      vertex -3.61257910728 0.700012028217 -70.4224624634
      vertex -3.07537698746 0.700012028217 -70.3483047485
    endloop
  endfacet
  facet normal -0.00757710356265 -0.0136647531763 -0.999877929688
    outer loop
      vertex -2.27936792374 0.70842897892 -62.6944351196
      vertex -1.83259499073 0.708302974701 -62.9513893127
      vertex -1.98571002483 0.702637016773 -63.2810783386
    endloop
  endfacet
  facet normal -0.00320428074338 -0.011476338841 -0.999929010868
    outer loop
      vertex -2.27936792374 0.70842897892 -62.6944351196
      vertex -1.98571002483 0.702637016773 -63.2810783386
      vertex -2.4914419651 0.702567994595 -63.1458854675
    endloop
  endfacet
  facet normal -0.00181157211773 -0.000980159151368 -0.999997854233
    outer loop
      vertex -2.7218439579 0.700026988983 -64.5833587646
      vertex -1.98571002483 0.702637016773 -63.2810783386
      vertex -1.71564102173 0.702637016773 -63.7802314758
    endloop
  endfacet
  facet normal -0.00267869234085 0.000106222541945 -0.999996423721
    outer loop
      vertex -2.7218439579 0.700026988983 -64.5833587646
      vertex -1.71564102173 0.702637016773 -63.7802314758
      vertex -2.75183701515 0.70002001524 -65.2740402222
    endloop
  endfacet
  facet normal -0.000583949207794 -0.00167409295682 -0.999998450279
    outer loop
      vertex -2.4914419651 0.702567994595 -63.1458854675
      vertex -1.98571002483 0.702637016773 -63.2810783386
      vertex -2.7218439579 0.700026988983 -64.5833587646
    endloop
  endfacet
  facet normal 0.000967801257502 -0.0019228104502 -0.999997675419
    outer loop
      vertex -2.4914419651 0.702567994595 -63.1458854675
      vertex -2.7218439579 0.700026988983 -64.5833587646
      vertex -3.26030707359 0.70002001524 -64.8580093384
    endloop
  endfacet
  facet normal -0.00189893716015 0.00175123475492 -0.99999666214
    outer loop
      vertex -3.03720998764 0.702629029751 -71.7057266235
      vertex -3.57192206383 0.702637016773 -72.2900848389
      vertex -3.87529611588 0.700026988983 -71.1286697388
    endloop
  endfacet
  facet normal -0.00246001593769 0.000936354103032 -0.999996542931
    outer loop
      vertex -3.03720998764 0.702629029751 -71.7057266235
      vertex -3.87529611588 0.700026988983 -71.1286697388
      vertex -3.61257910728 0.700012028217 -70.4224624634
    endloop
  endfacet
  facet normal -0.00909291673452 0.0181398745626 -0.999794125557
    outer loop
      vertex -4.19756507874 0.702637016773 -72.6036987305
      vertex -3.57192206383 0.702637016773 -72.2900848389
      vertex -3.55072808266 0.707961022854 -72.5728988647
    endloop
  endfacet
  facet normal -0.00885843485594 0.0132017610595 -0.999873638153
    outer loop
      vertex -4.19756507874 0.702637016773 -72.6036987305
      vertex -3.55072808266 0.707961022854 -72.5728988647
      vertex -4.20863580704 0.708087980747 -73.0239715576
    endloop
  endfacet
  facet normal -0.00207732478157 -0.0120056970045 -0.999925792217
    outer loop
      vertex -2.91965293884 0.708487987518 -62.5787315369
      vertex -2.27936792374 0.70842897892 -62.6944351196
      vertex -2.4914419651 0.702567994595 -63.1458854675
    endloop
  endfacet
  facet normal -0.00591767951846 -0.0149046629667 -0.999871432781
    outer loop
      vertex -2.91965293884 0.708487987518 -62.5787315369
      vertex -2.4914419651 0.702567994595 -63.1458854675
      vertex -3.05662488937 0.702552974224 -62.9224967957
    endloop
  endfacet
  facet normal -7.98060682428e-06 -9.75383863988e-06 -1
    outer loop
      vertex -3.26030707359 0.70002001524 -64.8580093384
      vertex -2.7218439579 0.700026988983 -64.5833587646
      vertex -2.75183701515 0.70002001524 -65.2740402222
    endloop
  endfacet
  facet normal 4.3338359319e-06 5.29678254679e-06 -1
    outer loop
      vertex -3.26030707359 0.70002001524 -64.8580093384
      vertex -2.75183701515 0.70002001524 -65.2740402222
      vertex -4.67050695419 0.700043022633 -68.046257019
    endloop
  endfacet
  facet normal 1.62733758771e-05 -2.18778632188e-06 -1
    outer loop
      vertex -4.67050695419 0.700043022633 -68.046257019
      vertex -2.98219490051 0.700012028217 -69.6551895142
      vertex -3.07537698746 0.700012028217 -70.3483047485
    endloop
  endfacet
  facet normal 1.69635234215e-06 -1.22884657685e-05 -1
    outer loop
      vertex -4.67050695419 0.700043022633 -68.046257019
      vertex -3.07537698746 0.700012028217 -70.3483047485
      vertex -3.61257910728 0.700012028217 -70.4224624634
    endloop
  endfacet
  facet normal 0.000582691340242 0.00239946367219 -0.999996960163
    outer loop
      vertex -4.36649894714 0.70002001524 -71.006477356
      vertex -3.87529611588 0.700026988983 -71.1286697388
      vertex -3.57192206383 0.702637016773 -72.2900848389
    endloop
  endfacet
  facet normal -0.000779953086749 0.00155596411787 -0.999998509884
    outer loop
      vertex -4.36649894714 0.70002001524 -71.006477356
      vertex -3.57192206383 0.702637016773 -72.2900848389
      vertex -4.19756507874 0.702637016773 -72.6036987305
    endloop
  endfacet
  facet normal -0.000522138085216 -0.00125372398179 -0.99999910593
    outer loop
      vertex -3.05662488937 0.702552974224 -62.9224967957
      vertex -2.4914419651 0.702567994595 -63.1458854675
      vertex -3.26030707359 0.70002001524 -64.8580093384
    endloop
  endfacet
  facet normal -0.00239680265076 -0.00105644180439 -0.999996542931
    outer loop
      vertex -3.05662488937 0.702552974224 -62.9224967957
      vertex -3.26030707359 0.70002001524 -64.8580093384
      vertex -3.49883508682 0.70002001524 -64.3168487549
    endloop
  endfacet
  facet normal -8.17216277937e-06 2.42402402364e-05 -1
    outer loop
      vertex -3.61257910728 0.700012028217 -70.4224624634
      vertex -3.87529611588 0.700026988983 -71.1286697388
      vertex -4.36649894714 0.70002001524 -71.006477356
    endloop
  endfacet
  facet normal 1.53986693476e-05 -6.18795684204e-06 -1
    outer loop
      vertex -3.61257910728 0.700012028217 -70.4224624634
      vertex -4.36649894714 0.70002001524 -71.006477356
      vertex -4.67050695419 0.700043022633 -68.046257019
    endloop
  endfacet
  facet normal -0.00937784742564 0.0132153797895 -0.999868690968
    outer loop
      vertex -4.8303194046 0.702637016773 -73.0527114868
      vertex -4.19756507874 0.702637016773 -72.6036987305
      vertex -4.20863580704 0.708087980747 -73.0239715576
    endloop
  endfacet
  facet normal -0.00962264370173 0.0185270793736 -0.999782025814
    outer loop
      vertex -4.8303194046 0.702637016773 -73.0527114868
      vertex -4.20863580704 0.708087980747 -73.0239715576
      vertex -4.89745521545 0.708244979382 -73.3902053833
    endloop
  endfacet
  facet normal 0.000826992909424 -0.0175915900618 -0.999844908714
    outer loop
      vertex -3.66526508331 0.708395004272 -62.6190681458
      vertex -2.91965293884 0.708487987518 -62.5787315369
      vertex -3.05662488937 0.702552974224 -62.9224967957
    endloop
  endfacet
  facet normal 0.00289485114627 -0.0134448884055 -0.999905407429
    outer loop
      vertex -3.66526508331 0.708395004272 -62.6190681458
      vertex -3.05662488937 0.702552974224 -62.9224967957
      vertex -3.78707098961 0.702575981617 -63.0780601501
    endloop
  endfacet
  facet normal -0.00222466303967 0.00140315748286 -0.999996542931
    outer loop
      vertex -4.78982877731 0.700026988983 -71.6826248169
      vertex -4.36649894714 0.70002001524 -71.006477356
      vertex -4.19756507874 0.702637016773 -72.6036987305
    endloop
  endfacet
  facet normal -0.0013807680225 0.00194579572417 -0.999997138977
    outer loop
      vertex -4.78982877731 0.700026988983 -71.6826248169
      vertex -4.19756507874 0.702637016773 -72.6036987305
      vertex -4.8303194046 0.702637016773 -73.0527114868
    endloop
  endfacet
  facet normal 0.000448667793535 -0.00195886800066 -0.999997973442
    outer loop
      vertex -3.78707098961 0.702575981617 -63.0780601501
      vertex -3.05662488937 0.702552974224 -62.9224967957
      vertex -3.49883508682 0.70002001524 -64.3168487549
    endloop
  endfacet
  facet normal 0.00144318316597 -0.00172746763565 -0.999997437
    outer loop
      vertex -3.78707098961 0.702575981617 -63.0780601501
      vertex -3.49883508682 0.70002001524 -64.3168487549
      vertex -4.09793281555 0.700026988983 -64.8133163452
    endloop
  endfacet
  facet normal 8.52907942317e-06 3.75937338504e-06 -1
    outer loop
      vertex -4.09793281555 0.700026988983 -64.8133163452
      vertex -3.49883508682 0.70002001524 -64.3168487549
      vertex -3.26030707359 0.70002001524 -64.8580093384
    endloop
  endfacet
  facet normal 8.51249296829e-06 3.44851309819e-06 -1
    outer loop
      vertex -4.09793281555 0.700026988983 -64.8133163452
      vertex -3.26030707359 0.70002001524 -64.8580093384
      vertex -4.67050695419 0.700043022633 -68.046257019
    endloop
  endfacet
  facet normal 5.25059658685e-06 7.03016394255e-06 -1
    outer loop
      vertex -4.36649894714 0.70002001524 -71.006477356
      vertex -4.78982877731 0.700026988983 -71.6826248169
      vertex -5.19236898422 0.700026988983 -71.381980896
    endloop
  endfacet
  facet normal 1.14451686386e-05 -6.59397210256e-06 -1
    outer loop
      vertex -4.36649894714 0.70002001524 -71.006477356
      vertex -5.19236898422 0.700026988983 -71.381980896
      vertex -4.67050695419 0.700043022633 -68.046257019
    endloop
  endfacet
  facet normal -0.00351301720366 0.0173127539456 -0.99984395504
    outer loop
      vertex -5.46983909607 0.702637016773 -73.1824798584
      vertex -4.8303194046 0.702637016773 -73.0527114868
      vertex -4.89745521545 0.708244979382 -73.3902053833
    endloop
  endfacet
  facet normal -0.00490994099528 0.0134650031105 -0.999897301197
    outer loop
      vertex -5.46983909607 0.702637016773 -73.1824798584
      vertex -4.89745521545 0.708244979382 -73.3902053833
      vertex -5.60060310364 0.708391010761 -73.6574478149
    endloop
  endfacet
  facet normal 0.00139204738662 0.0018638492329 -0.999997317791
    outer loop
      vertex -5.19236898422 0.700026988983 -71.381980896
      vertex -4.78982877731 0.700026988983 -71.6826248169
      vertex -4.8303194046 0.702637016773 -73.0527114868
    endloop
  endfacet
  facet normal -0.00030364075792 0.00149639404844 -0.999998807907
    outer loop
      vertex -5.19236898422 0.700026988983 -71.381980896
      vertex -4.8303194046 0.702637016773 -73.0527114868
      vertex -5.46983909607 0.702637016773 -73.1824798584
    endloop
  endfacet
  facet normal 0.00330307381228 -0.0135531872511 -0.99990272522
    outer loop
      vertex -4.42490816116 0.708289980888 -62.8119506836
      vertex -3.66526508331 0.708395004272 -62.6190681458
      vertex -3.78707098961 0.702575981617 -63.0780601501
    endloop
  endfacet
  facet normal 0.0016349426005 -0.0175502747297 -0.999844670296
    outer loop
      vertex -4.42490816116 0.708289980888 -62.8119506836
      vertex -3.78707098961 0.702575981617 -63.0780601501
      vertex -4.47830581665 0.702552974224 -63.1437644958
    endloop
  endfacet
  facet normal 0.000108196647489 -0.00148831389379 -0.999998867512
    outer loop
      vertex -4.47830581665 0.702552974224 -63.1437644958
      vertex -3.78707098961 0.702575981617 -63.0780601501
      vertex -4.09793281555 0.700026988983 -64.8133163452
    endloop
  endfacet
  facet normal -0.00141670613084 -0.0018357289955 -0.999997317791
    outer loop
      vertex -4.47830581665 0.702552974224 -63.1437644958
      vertex -4.09793281555 0.700026988983 -64.8133163452
      vertex -4.53329086304 0.700026988983 -64.4773330688
    endloop
  endfacet
  facet normal -1.80086613e-06 5.27507336301e-06 -1
    outer loop
      vertex -4.09793281555 0.700026988983 -64.8133163452
      vertex -4.67050695419 0.700043022633 -68.046257019
      vertex -4.99010705948 0.700026988983 -65.1178970337
    endloop
  endfacet
  facet normal -0 0 -1
    outer loop
      vertex -4.09793281555 0.700026988983 -64.8133163452
      vertex -4.99010705948 0.700026988983 -65.1178970337
      vertex -4.53329086304 0.700026988983 -64.4773330688
    endloop
  endfacet
  facet normal -0.00189753260929 0.0017420212971 -0.99999666214
    outer loop
      vertex -5.73639345169 0.70002001524 -71.9705657959
      vertex -5.19236898422 0.700026988983 -71.381980896
      vertex -5.46983909607 0.702637016773 -73.1824798584
    endloop
  endfacet
  facet normal -0.000787990458775 0.00198606168851 -0.999997735023
    outer loop
      vertex -5.73639345169 0.70002001524 -71.9705657959
      vertex -5.46983909607 0.702637016773 -73.1824798584
      vertex -6.13414382935 0.702643990517 -73.4495620728
    endloop
  endfacet
  facet normal 2.13441962842e-05 -8.14263967186e-06 -1
    outer loop
      vertex -5.96540594101 0.700043022633 -71.4405593872
      vertex -4.67050695419 0.700043022633 -68.046257019
      vertex -5.19236898422 0.700026988983 -71.381980896
    endloop
  endfacet
  facet normal 2.32540314755e-05 -3.33459320245e-05 -1
    outer loop
      vertex -5.96540594101 0.700043022633 -71.4405593872
      vertex -5.19236898422 0.700026988983 -71.381980896
      vertex -5.73639345169 0.70002001524 -71.9705657959
    endloop
  endfacet
  facet normal -0.00546442670748 0.013617599383 -0.999892354012
    outer loop
      vertex -6.13414382935 0.702643990517 -73.4495620728
      vertex -5.46983909607 0.702637016773 -73.1824798584
      vertex -5.60060310364 0.708391010761 -73.6574478149
    endloop
  endfacet
  facet normal -0.00377063266933 0.0179630573839 -0.999831557274
    outer loop
      vertex -6.13414382935 0.702643990517 -73.4495620728
      vertex -5.60060310364 0.708391010761 -73.6574478149
      vertex -6.27799320221 0.708525002003 -73.8070983887
    endloop
  endfacet
  facet normal 0.00116696150508 -0.00194225797895 -0.999997437
    outer loop
      vertex -5.15955018997 0.702560007572 -63.5494499207
      vertex -4.47830581665 0.702552974224 -63.1437644958
      vertex -4.53329086304 0.700026988983 -64.4773330688
    endloop
  endfacet
  facet normal 0.00196665804833 -0.00140251521952 -0.999997079372
    outer loop
      vertex -5.15955018997 0.702560007572 -63.5494499207
      vertex -4.53329086304 0.700026988983 -64.4773330688
      vertex -4.99010705948 0.700026988983 -65.1178970337
    endloop
  endfacet
  facet normal 0.00259267631918 0.00107688677963 -0.999996066093
    outer loop
      vertex -5.96540594101 0.700043022633 -71.4405593872
      vertex -5.73639345169 0.70002001524 -71.9705657959
      vertex -6.13414382935 0.702643990517 -73.4495620728
    endloop
  endfacet
  facet normal 0.000410567998188 0.00126016780268 -0.99999910593
    outer loop
      vertex -5.96540594101 0.700043022633 -71.4405593872
      vertex -6.13414382935 0.702643990517 -73.4495620728
      vertex -6.66673278809 0.702651977539 -73.2823867798
    endloop
  endfacet
  facet normal -3.57053795597e-06 5.0819317039e-06 -1
    outer loop
      vertex -4.99010705948 0.700026988983 -65.1178970337
      vertex -4.67050695419 0.700043022633 -68.046257019
      vertex -5.77266311646 0.700026988983 -65.66771698
    endloop
  endfacet
  facet normal -0 0 -1
    outer loop
      vertex -4.99010705948 0.700026988983 -65.1178970337
      vertex -5.77266311646 0.700026988983 -65.66771698
      vertex -5.50540494919 0.700026988983 -64.9787216187
    endloop
  endfacet
  facet normal 0.00785475689918 -0.0185503829271 -0.999797046185
    outer loop
      vertex -5.16192722321 0.708150029182 -63.1315689087
      vertex -4.42490816116 0.708289980888 -62.8119506836
      vertex -4.47830581665 0.702552974224 -63.1437644958
    endloop
  endfacet
  facet normal 0.00794855784625 -0.0133302025497 -0.999879539013
    outer loop
      vertex -5.16192722321 0.708150029182 -63.1315689087
      vertex -4.47830581665 0.702552974224 -63.1437644958
      vertex -5.15955018997 0.702560007572 -63.5494499207
    endloop
  endfacet
  facet normal 0 0 -1
    outer loop
      vertex -6.48604011536 0.700043022633 -70.935874939
      vertex -4.67050695419 0.700043022633 -68.046257019
      vertex -5.96540594101 0.700043022633 -71.4405593872
    endloop
  endfacet
  facet normal -2.00605791179e-05 -2.06945605896e-05 -1
    outer loop
      vertex -6.48604011536 0.700043022633 -70.935874939
      vertex -5.96540594101 0.700043022633 -71.4405593872
      vertex -6.48313713074 0.700026988983 -71.7129440308
    endloop
  endfacet
  facet normal 0.00459697982296 0.0145973181352 -0.999882876873
    outer loop
      vertex -6.66673278809 0.702651977539 -73.2823867798
      vertex -6.13414382935 0.702643990517 -73.4495620728
      vertex -6.27799320221 0.708525002003 -73.8070983887
    endloop
  endfacet
  facet normal 0.000709109706804 0.0117174731568 -0.999931097031
    outer loop
      vertex -6.66673278809 0.702651977539 -73.2823867798
      vertex -6.27799320221 0.708525002003 -73.8070983887
      vertex -6.85092782974 0.708388984203 -73.7608184814
    endloop
  endfacet
  facet normal 0 0 -1
    outer loop
      vertex -6.84005498886 0.700043022633 -70.1537704468
      vertex -4.67050695419 0.700043022633 -68.046257019
      vertex -6.48604011536 0.700043022633 -70.935874939
    endloop
  endfacet
  facet normal -3.31416049448e-05 -1.50013484017e-05 -1
    outer loop
      vertex -6.84005498886 0.700043022633 -70.1537704468
      vertex -6.48604011536 0.700043022633 -70.935874939
      vertex -6.97160005569 0.700026988983 -70.9312515259
    endloop
  endfacet
  facet normal 1.30875105242e-05 1.28008568936e-05 -1
    outer loop
      vertex -6.32012176514 0.700034976006 -65.7301177979
      vertex -5.77266311646 0.700026988983 -65.66771698
      vertex -4.67050695419 0.700043022633 -68.046257019
    endloop
  endfacet
  facet normal 9.96568724076e-06 1.05774124677e-05 -1
    outer loop
      vertex -6.32012176514 0.700034976006 -65.7301177979
      vertex -4.67050695419 0.700043022633 -68.046257019
      vertex -6.39821815491 0.700043022633 -66.4184646606
    endloop
  endfacet
  facet normal -0.000970636028796 0.00178609788418 -0.999997913837
    outer loop
      vertex -6.48313713074 0.700026988983 -71.7129440308
      vertex -5.96540594101 0.700043022633 -71.4405593872
      vertex -6.66673278809 0.702651977539 -73.2823867798
    endloop
  endfacet
  facet normal 0.000601529842243 0.00160218460951 -0.999998509884
    outer loop
      vertex -6.48313713074 0.700026988983 -71.7129440308
      vertex -6.66673278809 0.702651977539 -73.2823867798
      vertex -7.1658987999 0.702651977539 -73.0949783325
    endloop
  endfacet
  facet normal 0.000637961842585 -0.00154605985153 -0.999998629093
    outer loop
      vertex -5.81199979782 0.702538013458 -63.8329124451
      vertex -5.15955018997 0.702560007572 -63.5494499207
      vertex -4.99010705948 0.700026988983 -65.1178970337
    endloop
  endfacet
  facet normal -0.000637993973214 -0.00236217444763 -0.999997019768
    outer loop
      vertex -5.81199979782 0.702538013458 -63.8329124451
      vertex -4.99010705948 0.700026988983 -65.1178970337
      vertex -5.50540494919 0.700026988983 -64.9787216187
    endloop
  endfacet
  facet normal 0 0 -1
    outer loop
      vertex -7.01321411133 0.700043022633 -69.2504196167
      vertex -4.67050695419 0.700043022633 -68.046257019
      vertex -6.84005498886 0.700043022633 -70.1537704468
    endloop
  endfacet
  facet normal -1.99273545149e-05 -3.81978179576e-06 -1
    outer loop
      vertex -7.01321411133 0.700043022633 -69.2504196167
      vertex -6.84005498886 0.700043022633 -70.1537704468
      vertex -7.28257417679 0.700034976006 -69.9550628662
    endloop
  endfacet
  facet normal 0 -0 -1
    outer loop
      vertex -6.39821815491 0.700043022633 -66.4184646606
      vertex -4.67050695419 0.700043022633 -68.046257019
      vertex -6.79276704788 0.700043022633 -67.3070068359
    endloop
  endfacet
  facet normal 1.75240111275e-05 -7.78136927693e-06 -1
    outer loop
      vertex -6.39821815491 0.700043022633 -66.4184646606
      vertex -6.79276704788 0.700043022633 -67.3070068359
      vertex -6.91111421585 0.700049996376 -66.6770095825
    endloop
  endfacet
  facet normal 0.00788743793964 -0.0133305564523 -0.99988001585
    outer loop
      vertex -5.85035276413 0.708019971848 -63.5486526489
      vertex -5.16192722321 0.708150029182 -63.1315689087
      vertex -5.15955018997 0.702560007572 -63.5494499207
    endloop
  endfacet
  facet normal 0.00788118876517 -0.0182179026306 -0.999803006649
    outer loop
      vertex -5.85035276413 0.708019971848 -63.5486526489
      vertex -5.15955018997 0.702560007572 -63.5494499207
      vertex -5.81199979782 0.702538013458 -63.8329124451
    endloop
  endfacet
  facet normal 2.35601851273e-06 6.76372428643e-06 -1
    outer loop
      vertex -6.79276704788 0.700043022633 -67.3070068359
      vertex -4.67050695419 0.700043022633 -68.046257019
      vertex -6.96393013 0.700049996376 -68.278793335
    endloop
  endfacet
  facet normal 1.08625290522e-05 5.26545090906e-06 -1
    outer loop
      vertex -6.79276704788 0.700043022633 -67.3070068359
      vertex -6.96393013 0.700049996376 -68.278793335
      vertex -7.21990394592 0.700049996376 -67.7507247925
    endloop
  endfacet
  facet normal 0.00393324485049 0.01047626324 -0.999937415123
    outer loop
      vertex -7.1658987999 0.702651977539 -73.0949783325
      vertex -6.66673278809 0.702651977539 -73.2823867798
      vertex -6.85092782974 0.708388984203 -73.7608184814
    endloop
  endfacet
  facet normal 0.00838998518884 0.0125840455294 -0.999885618687
    outer loop
      vertex -7.1658987999 0.702651977539 -73.0949783325
      vertex -6.85092782974 0.708388984203 -73.7608184814
      vertex -7.29428386688 0.70830899477 -73.4588699341
    endloop
  endfacet
  facet normal 0.00231872475706 -0.000899422680959 -0.999996900558
    outer loop
      vertex -5.50540494919 0.700026988983 -64.9787216187
      vertex -5.77266311646 0.700026988983 -65.66771698
      vertex -6.36180114746 0.702538013458 -64.3947372437
    endloop
  endfacet
  facet normal 0.00175854517147 -0.00172091030981 -0.999996960163
    outer loop
      vertex -5.50540494919 0.700026988983 -64.9787216187
      vertex -6.36180114746 0.702538013458 -64.3947372437
      vertex -5.81199979782 0.702538013458 -63.8329124451
    endloop
  endfacet
  facet normal 0.00262751500122 -1.08032454591e-05 -0.999996542931
    outer loop
      vertex -7.45644187927 0.702575981617 -72.4911575317
      vertex -6.48604011536 0.700043022633 -70.935874939
      vertex -6.48313713074 0.700026988983 -71.7129440308
    endloop
  endfacet
  facet normal 0.00181858066935 0.00100092787761 -0.999997854233
    outer loop
      vertex -7.45644187927 0.702575981617 -72.4911575317
      vertex -6.48313713074 0.700026988983 -71.7129440308
      vertex -7.1658987999 0.702651977539 -73.0949783325
    endloop
  endfacet
  facet normal -1.73886364792e-05 0.00163945870008 -0.999998629093
    outer loop
      vertex -6.97160005569 0.700026988983 -70.9312515259
      vertex -6.48604011536 0.700043022633 -70.935874939
      vertex -7.45644187927 0.702575981617 -72.4911575317
    endloop
  endfacet
  facet normal 0.00143618218135 0.00118766655214 -0.999998271465
    outer loop
      vertex -6.97160005569 0.700026988983 -70.9312515259
      vertex -7.45644187927 0.702575981617 -72.4911575317
      vertex -7.82940721512 0.702544987202 -72.0140533447
    endloop
  endfacet
  facet normal 0.0138628426939 -0.0174098666757 -0.999752342701
    outer loop
      vertex -6.47860813141 0.707880020142 -64.0569458008
      vertex -5.85035276413 0.708019971848 -63.5486526489
      vertex -5.81199979782 0.702538013458 -63.8329124451
    endloop
  endfacet
  facet normal 0.011939285323 -0.0116837713867 -0.999860465527
    outer loop
      vertex -6.47860813141 0.707880020142 -64.0569458008
      vertex -5.81199979782 0.702538013458 -63.8329124451
      vertex -6.36180114746 0.702538013458 -64.3947372437
    endloop
  endfacet
  facet normal 0.000319243874401 -0.00267318496481 -0.999996364117
    outer loop
      vertex -5.77266311646 0.700026988983 -65.66771698
      vertex -6.32012176514 0.700034976006 -65.7301177979
      vertex -6.93392419815 0.702538013458 -64.8670730591
    endloop
  endfacet
  facet normal 0.00117829116061 -0.00142722087912 -0.999998271465
    outer loop
      vertex -5.77266311646 0.700026988983 -65.66771698
      vertex -6.93392419815 0.702538013458 -64.8670730591
      vertex -6.36180114746 0.702538013458 -64.3947372437
    endloop
  endfacet
  facet normal 0.0139909032732 0.0106073571369 -0.999845862389
    outer loop
      vertex -7.1658987999 0.702651977539 -73.0949783325
      vertex -7.29428386688 0.70830899477 -73.4588699341
      vertex -7.67866706848 0.70825701952 -72.946975708
    endloop
  endfacet
  facet normal 0.0127348247916 0.00625353306532 -0.999899327755
    outer loop
      vertex -7.1658987999 0.702651977539 -73.0949783325
      vertex -7.67866706848 0.70825701952 -72.946975708
      vertex -7.45644187927 0.702575981617 -72.4911575317
    endloop
  endfacet
  facet normal 0.00353106390685 -0.000388910993934 -0.999993681908
    outer loop
      vertex -6.93392419815 0.702538013458 -64.8670730591
      vertex -6.32012176514 0.700034976006 -65.7301177979
      vertex -6.39821815491 0.700043022633 -66.4184646606
    endloop
  endfacet
  facet normal 0.00171845126897 -0.00101482518949 -0.999998033047
    outer loop
      vertex -6.93392419815 0.702538013458 -64.8670730591
      vertex -6.39821815491 0.700043022633 -66.4184646606
      vertex -7.32344579697 0.702515006065 -65.549331665
    endloop
  endfacet
  facet normal 0.00262338272296 -0.000464468001155 -0.999996423721
    outer loop
      vertex -8.00018882751 0.702560007572 -71.2873077393
      vertex -6.84005498886 0.700043022633 -70.1537704468
      vertex -6.97160005569 0.700026988983 -70.9312515259
    endloop
  endfacet
  facet normal 0.00228397455066 0.000516033731401 -0.999997258186
    outer loop
      vertex -8.00018882751 0.702560007572 -71.2873077393
      vertex -6.97160005569 0.700026988983 -70.9312515259
      vertex -7.82940721512 0.702544987202 -72.0140533447
    endloop
  endfacet
  facet normal 0.000670650333632 0.00153408688493 -0.999998569489
    outer loop
      vertex -7.28257417679 0.700034976006 -69.9550628662
      vertex -6.84005498886 0.700043022633 -70.1537704468
      vertex -8.00018882751 0.702560007572 -71.2873077393
    endloop
  endfacet
  facet normal 0.00194845790975 0.000845793401822 -0.999997735023
    outer loop
      vertex -7.28257417679 0.700034976006 -69.9550628662
      vertex -8.00018882751 0.702560007572 -71.2873077393
      vertex -8.25580596924 0.702538013458 -70.672416687
    endloop
  endfacet
  facet normal 0.00976750440896 0.00770048378035 -0.999922633171
    outer loop
      vertex -7.82940721512 0.702544987202 -72.0140533447
      vertex -7.45644187927 0.702575981617 -72.4911575317
      vertex -7.67866706848 0.70825701952 -72.946975708
    endloop
  endfacet
  facet normal 0.0159737933427 0.00870274659246 -0.999834537506
    outer loop
      vertex -7.82940721512 0.702544987202 -72.0140533447
      vertex -7.67866706848 0.70825701952 -72.946975708
      vertex -8.00826644897 0.708119988441 -72.3262557983
    endloop
  endfacet
  facet normal 0.000941885984503 -0.00184151041321 -0.999997854233
    outer loop
      vertex -7.32344579697 0.702515006065 -65.549331665
      vertex -6.39821815491 0.700043022633 -66.4184646606
      vertex -6.91111421585 0.700049996376 -66.6770095825
    endloop
  endfacet
  facet normal 0.00209933682345 -0.00141828996129 -0.999996781349
    outer loop
      vertex -7.32344579697 0.702515006065 -65.549331665
      vertex -6.91111421585 0.700049996376 -66.6770095825
      vertex -7.74499702454 0.702521979809 -66.1683883667
    endloop
  endfacet
  facet normal 0.0120429871604 -0.0116478987038 -0.999859631062
    outer loop
      vertex -7.04794120789 0.707776010036 -64.6545181274
      vertex -6.47860813141 0.707880020142 -64.0569458008
      vertex -6.36180114746 0.702538013458 -64.3947372437
    endloop
  endfacet
  facet normal 0.0140970358625 -0.0170752219856 -0.999754846096
    outer loop
      vertex -7.04794120789 0.707776010036 -64.6545181274
      vertex -6.36180114746 0.702538013458 -64.3947372437
      vertex -6.93392419815 0.702538013458 -64.8670730591
    endloop
  endfacet
  facet normal 0.00249421270564 -0.000964886043221 -0.999996423721
    outer loop
      vertex -8.26463508606 0.702538013458 -69.8995513916
      vertex -7.01321411133 0.700043022633 -69.2504196167
      vertex -7.28257417679 0.700034976006 -69.9550628662
    endloop
  endfacet
  facet normal 0.00255040102638 2.91353408102e-05 -0.999996721745
    outer loop
      vertex -8.26463508606 0.702538013458 -69.8995513916
      vertex -7.28257417679 0.700034976006 -69.9550628662
      vertex -8.25580596924 0.702538013458 -70.672416687
    endloop
  endfacet
  facet normal 0.00334039446898 0.000616432051174 -0.999994218349
    outer loop
      vertex -7.74499702454 0.702521979809 -66.1683883667
      vertex -6.91111421585 0.700049996376 -66.6770095825
      vertex -6.79276704788 0.700043022633 -67.3070068359
    endloop
  endfacet
  facet normal 0.00202214694582 -0.000486030185129 -0.999997854233
    outer loop
      vertex -7.74499702454 0.702521979809 -66.1683883667
      vertex -6.79276704788 0.700043022633 -67.3070068359
      vertex -7.92814397812 0.702530026436 -66.9137954712
    endloop
  endfacet
  facet normal 0.00164687354118 -0.0015696096234 -0.999997437
    outer loop
      vertex -7.92814397812 0.702530026436 -66.9137954712
      vertex -6.79276704788 0.700043022633 -67.3070068359
      vertex -7.21990394592 0.700049996376 -67.7507247925
    endloop
  endfacet
  facet normal 0.00251028919592 -0.000838953012135 -0.999996483326
    outer loop
      vertex -7.92814397812 0.702530026436 -66.9137954712
      vertex -7.21990394592 0.700049996376 -67.7507247925
      vertex -8.16865253448 0.702521979809 -67.6430435181
    endloop
  endfacet
  facet normal 0.00194312748499 0.0017213257961 -0.999996602535
    outer loop
      vertex -8.34105300903 0.702515006065 -69.1875686646
      vertex -7.34703111649 0.700043022633 -68.873588562
      vertex -7.01321411133 0.700043022633 -69.2504196167
    endloop
  endfacet
  facet normal 0.00187269737944 0.000233301558183 -0.999998211861
    outer loop
      vertex -8.34105300903 0.702515006065 -69.1875686646
      vertex -7.01321411133 0.700043022633 -69.2504196167
      vertex -8.26463508606 0.702538013458 -69.8995513916
    endloop
  endfacet
  facet normal 0.00216139596887 -0.00140385935083 -0.99999666214
    outer loop
      vertex -8.18659591675 0.702515006065 -68.4053497314
      vertex -6.96393013 0.700049996376 -68.278793335
      vertex -7.34703111649 0.700043022633 -68.873588562
    endloop
  endfacet
  facet normal 0.00265226466581 -0.000523716851603 -0.999996364117
    outer loop
      vertex -8.18659591675 0.702515006065 -68.4053497314
      vertex -7.34703111649 0.700043022633 -68.873588562
      vertex -8.34105300903 0.702515006065 -69.1875686646
    endloop
  endfacet
  facet normal 0.00275719747879 0.00133651087526 -0.999995291233
    outer loop
      vertex -8.16865253448 0.702521979809 -67.6430435181
      vertex -7.21990394592 0.700049996376 -67.7507247925
      vertex -6.96393013 0.700049996376 -68.278793335
    endloop
  endfacet
  facet normal 0.0020219606813 -5.6745375332e-05 -0.999997973442
    outer loop
      vertex -8.16865253448 0.702521979809 -67.6430435181
      vertex -6.96393013 0.700049996376 -68.278793335
      vertex -8.18659591675 0.702515006065 -68.4053497314
    endloop
  endfacet
  facet normal 0.0222165435553 -0.0127177881077 -0.999672293663
    outer loop
      vertex -7.04794120789 0.707776010036 -64.6545181274
      vertex -6.93392419815 0.702538013458 -64.8670730591
      vertex -7.32344579697 0.702515006065 -65.549331665
    endloop
  endfacet
  facet normal 0.0137151079252 -0.010101349093 -0.999854922295
    outer loop
      vertex -7.04794120789 0.707776010036 -64.6545181274
      vertex -7.32344579697 0.702515006065 -65.549331665
      vertex -7.53174686432 0.707670986652 -65.3218002319
    endloop
  endfacet
  facet normal 0.0184859074652 0.00726300058886 -0.99980276823
    outer loop
      vertex -7.82940721512 0.702544987202 -72.0140533447
      vertex -8.00826644897 0.708119988441 -72.3262557983
      vertex -8.27532100677 0.70799601078 -71.6294784546
    endloop
  endfacet
  facet normal 0.0153073882684 0.0035764714703 -0.999876439571
    outer loop
      vertex -7.82940721512 0.702544987202 -72.0140533447
      vertex -8.27532100677 0.70799601078 -71.6294784546
      vertex -8.00018882751 0.702560007572 -71.2873077393
    endloop
  endfacet
  facet normal 0.0141994105652 -0.00965792592615 -0.999852538109
    outer loop
      vertex -7.53174686432 0.707670986652 -65.3218002319
      vertex -7.32344579697 0.702515006065 -65.549331665
      vertex -7.74499702454 0.702521979809 -66.1683883667
    endloop
  endfacet
  facet normal 0.0216303337365 -0.011528801173 -0.999699532986
    outer loop
      vertex -7.53174686432 0.707670986652 -65.3218002319
      vertex -7.74499702454 0.702521979809 -66.1683883667
      vertex -7.91523694992 0.707615017891 -66.0461578369
    endloop
  endfacet
  facet normal 0.0176352523267 0.00736696505919 -0.999817371368
    outer loop
      vertex -8.46506977081 0.707825005054 -70.8890075684
      vertex -8.25580596924 0.702538013458 -70.672416687
      vertex -8.00018882751 0.702560007572 -71.2873077393
    endloop
  endfacet
  facet normal 0.0147633012384 0.00401406362653 -0.999882936478
    outer loop
      vertex -8.46506977081 0.707825005054 -70.8890075684
      vertex -8.00018882751 0.702560007572 -71.2873077393
      vertex -8.27532100677 0.70799601078 -71.6294784546
    endloop
  endfacet
  facet normal 0.0169549304992 0.000193690182641 -0.999856233597
    outer loop
      vertex -8.56476306915 0.70766800642 -70.1091995239
      vertex -8.26463508606 0.702538013458 -69.8995513916
      vertex -8.25580596924 0.702538013458 -70.672416687
    endloop
  endfacet
  facet normal 0.0221228469163 0.00302955321968 -0.999750673771
    outer loop
      vertex -8.56476306915 0.70766800642 -70.1091995239
      vertex -8.25580596924 0.702538013458 -70.672416687
      vertex -8.46506977081 0.707825005054 -70.8890075684
    endloop
  endfacet
  facet normal 0.0254285354167 -0.0062369890511 -0.999657213688
    outer loop
      vertex -7.91523694992 0.707615017891 -66.0461578369
      vertex -7.74499702454 0.702521979809 -66.1683883667
      vertex -7.92814397812 0.702530026436 -66.9137954712
    endloop
  endfacet
  facet normal 0.0166972968727 -0.00610818574205 -0.999841928482
    outer loop
      vertex -7.91523694992 0.707615017891 -66.0461578369
      vertex -7.92814397812 0.702530026436 -66.9137954712
      vertex -8.19370746613 0.707570016384 -66.8147506714
    endloop
  endfacet
  facet normal 0.0221808627248 0.00241299299523 -0.999751091003
    outer loop
      vertex -8.55794143677 0.707593977451 -69.2981872559
      vertex -8.34105300903 0.702515006065 -69.1875686646
      vertex -8.26463508606 0.702538013458 -69.8995513916
    endloop
  endfacet
  facet normal 0.0171270519495 -5.2788949688e-05 -0.999853312969
    outer loop
      vertex -8.55794143677 0.707593977451 -69.2981872559
      vertex -8.26463508606 0.702538013458 -69.8995513916
      vertex -8.56476306915 0.70766800642 -70.1091995239
    endloop
  endfacet
  facet normal 0.0168933421373 -0.00558252958581 -0.999841690063
    outer loop
      vertex -8.19370746613 0.707570016384 -66.8147506714
      vertex -7.92814397812 0.702530026436 -66.9137954712
      vertex -8.16865253448 0.702521979809 -67.6430435181
    endloop
  endfacet
  facet normal 0.0245167594403 -0.00535097392276 -0.999685108662
    outer loop
      vertex -8.19370746613 0.707570016384 -66.8147506714
      vertex -8.16865253448 0.702521979809 -67.6430435181
      vertex -8.37123394012 0.707580983639 -67.626083374
    endloop
  endfacet
  facet normal 0.0179604385048 -0.00354647263885 -0.999832391739
    outer loop
      vertex -8.4815454483 0.707617998123 -68.4604187012
      vertex -8.18659591675 0.702515006065 -68.4053497314
      vertex -8.34105300903 0.702515006065 -69.1875686646
    endloop
  endfacet
  facet normal 0.0245674792677 -0.00226896652021 -0.999695599079
    outer loop
      vertex -8.4815454483 0.707617998123 -68.4604187012
      vertex -8.34105300903 0.702515006065 -69.1875686646
      vertex -8.55794143677 0.707593977451 -69.2981872559
    endloop
  endfacet
  facet normal 0.0249149873853 -0.000595610996243 -0.999689400196
    outer loop
      vertex -8.37123394012 0.707580983639 -67.626083374
      vertex -8.16865253448 0.702521979809 -67.6430435181
      vertex -8.18659591675 0.702515006065 -68.4053497314
    endloop
  endfacet
  facet normal 0.0177277587354 -0.00229952041991 -0.999840199947
    outer loop
      vertex -8.37123394012 0.707580983639 -67.626083374
      vertex -8.18659591675 0.702515006065 -68.4053497314
      vertex -8.4815454483 0.707617998123 -68.4604187012
    endloop
  endfacet
  facet normal 1.6408137526e-05 -3.05992284666e-06 -1
    outer loop
      vertex -4.67050695419 0.700043022633 -68.046257019
      vertex -2.75183701515 0.70002001524 -65.2740402222
      vertex -2.26163697243 0.700012028217 -65.258430481
    endloop
  endfacet
  facet normal 1.65770725289e-05 -3.20589401781e-06 -1
    outer loop
      vertex -4.67050695419 0.700043022633 -68.046257019
      vertex -2.26163697243 0.700012028217 -65.258430481
      vertex -2.40619492531 0.700012028217 -66.0059127808
    endloop
  endfacet
  facet normal 0 0 -1
    outer loop
      vertex -4.67050695419 0.700043022633 -68.046257019
      vertex -7.01321411133 0.700043022633 -69.2504196167
      vertex -7.34703111649 0.700043022633 -68.873588562
    endloop
  endfacet
  facet normal 4.52662743555e-06 -1.46442243931e-05 -1
    outer loop
      vertex -4.67050695419 0.700043022633 -68.046257019
      vertex -7.34703111649 0.700043022633 -68.873588562
      vertex -6.96393013 0.700049996376 -68.278793335
    endloop
  endfacet
  facet normal 0.0171582754701 -0.00449305260554 0.999842703342
    outer loop
      vertex -0.792913019657 0.00264001102187 -66.9777984619
      vertex -0.989728987217 0.00264001102187 -67.7294082642
      vertex -0.676181018353 0.00776098994538 -67.6715927124
    endloop
  endfacet
  facet normal 0.0235477853566 -0.00341707863845 0.999716877937
    outer loop
      vertex -0.792913019657 0.00264001102187 -66.9777984619
      vertex -0.676181018353 0.00776098994538 -67.6715927124
      vertex -0.559230983257 0.00777701288462 -66.8703536987
    endloop
  endfacet
  facet normal 0.0236892551184 -0.00249958806671 0.999716222286
    outer loop
      vertex -0.989728987217 0.00264001102187 -67.7294082642
      vertex -1.06815505028 0.00263201538473 -68.4694747925
      vertex -0.854547023773 0.00771499192342 -68.4780044556
    endloop
  endfacet
  facet normal 0.0170132499188 -0.00370604055934 0.999848425388
    outer loop
      vertex -0.989728987217 0.00264001102187 -67.7294082642
      vertex -0.854547023773 0.00771499192342 -68.4780044556
      vertex -0.676181018353 0.00776098994538 -67.6715927124
    endloop
  endfacet
  facet normal 0.0209629181772 0.00220767245628 0.999777793884
    outer loop
      vertex -0.866433978081 0.00263201538473 -66.2833023071
      vertex -0.792913019657 0.00264001102187 -66.9777984619
      vertex -0.559230983257 0.00777701288462 -66.8703536987
    endloop
  endfacet
  facet normal 0.0162942558527 -0.000236214706092 0.999867200851
    outer loop
      vertex -0.866433978081 0.00263201538473 -66.2833023071
      vertex -0.559230983257 0.00777701288462 -66.8703536987
      vertex -0.543888986111 0.00784199684858 -66.0871200562
    endloop
  endfacet
  facet normal 0.0161465536803 -0.00707002123818 0.999844610691
    outer loop
      vertex -1.06815505028 0.00263201538473 -68.4694747925
      vertex -1.37769901752 0.00264001102187 -69.1775436401
      vertex -1.10493302345 0.00768399750814 -69.2679214478
    endloop
  endfacet
  facet normal 0.0234928075224 -0.00740746688098 0.999696552753
    outer loop
      vertex -1.06815505028 0.00263201538473 -68.4694747925
      vertex -1.10493302345 0.00768399750814 -69.2679214478
      vertex -0.854547023773 0.00771499192342 -68.4780044556
    endloop
  endfacet
  facet normal 0.0157982539386 0.000579473969992 0.99987500906
    outer loop
      vertex -0.89439201355 0.00263201538473 -65.5210800171
      vertex -0.866433978081 0.00263201538473 -66.2833023071
      vertex -0.543888986111 0.00784199684858 -66.0871200562
    endloop
  endfacet
  facet normal 0.0206282734871 0.00357118342072 0.999780833721
    outer loop
      vertex -0.89439201355 0.00263201538473 -65.5210800171
      vertex -0.543888986111 0.00784199684858 -66.0871200562
      vertex -0.6674939394 0.00803401600569 -65.3193817139
    endloop
  endfacet
  facet normal 0.0242242533714 -0.00777304731309 0.999676346779
    outer loop
      vertex -1.37769901752 0.00264001102187 -69.1775436401
      vertex -1.61328494549 0.00263201538473 -69.9107055664
      vertex -1.44104611874 0.00770600885153 -70.0264892578
    endloop
  endfacet
  facet normal 0.016113800928 -0.00716886017472 0.999844491482
    outer loop
      vertex -1.37769901752 0.00264001102187 -69.1775436401
      vertex -1.44104611874 0.00770600885153 -70.0264892578
      vertex -1.10493302345 0.00768399750814 -69.2679214478
    endloop
  endfacet
  facet normal 0.0167812500149 0.00790010858327 0.999827980995
    outer loop
      vertex -1.18254685402 0.00262500741519 -64.9098739624
      vertex -0.89439201355 0.00263201538473 -65.5210800171
      vertex -0.6674939394 0.00803401600569 -65.3193817139
    endloop
  endfacet
  facet normal 0.0139745334163 0.00436913967133 0.999892830849
    outer loop
      vertex -1.18254685402 0.00262500741519 -64.9098739624
      vertex -0.6674939394 0.00803401600569 -65.3193817139
      vertex -0.887717008591 0.00817000307143 -64.5838851929
    endloop
  endfacet
  facet normal 0.0139205725864 -0.0102248927578 0.999850809574
    outer loop
      vertex -1.61328494549 0.00263201538473 -69.9107055664
      vertex -2.06585907936 0.00261701201089 -70.525390625
      vertex -1.86120200157 0.00775700854138 -70.749382019
    endloop
  endfacet
  facet normal 0.0211423132569 -0.0123587548733 0.999700069427
    outer loop
      vertex -1.61328494549 0.00263201538473 -69.9107055664
      vertex -1.86120200157 0.00775700854138 -70.749382019
      vertex -1.44104611874 0.00770600885153 -70.0264892578
    endloop
  endfacet
  facet normal 0.00215732026845 -0.00163678429089 0.999996304512
    outer loop
      vertex -1.85617303848 1.49998513734e-05 -67.2676467896
      vertex -2.28126096725 3.09908682539e-05 -67.8376922607
      vertex -0.989728987217 0.00264001102187 -67.7294082642
    endloop
  endfacet
  facet normal 0.00265860441141 -0.000696180039085 0.999996244907
    outer loop
      vertex -1.85617303848 1.49998513734e-05 -67.2676467896
      vertex -0.989728987217 0.00264001102187 -67.7294082642
      vertex -0.792913019657 0.00264001102187 -66.9777984619
    endloop
  endfacet
  facet normal 0.00162206974346 -0.00183587090578 0.999997019768
    outer loop
      vertex -2.0561709404 2.29953584494e-05 -68.3515167236
      vertex -2.53471589088 3.09908682539e-05 -68.7786865234
      vertex -1.37769901752 0.00264001102187 -69.1775436401
    endloop
  endfacet
  facet normal 0.00250838813372 -0.0011078750249 0.999996244907
    outer loop
      vertex -2.0561709404 2.29953584494e-05 -68.3515167236
      vertex -1.37769901752 0.00264001102187 -69.1775436401
      vertex -1.06815505028 0.00263201538473 -68.4694747925
    endloop
  endfacet
  facet normal 0.00278834300116 0.00123704376165 0.999995350838
    outer loop
      vertex -2.28126096725 3.09908682539e-05 -67.8376922607
      vertex -2.0561709404 2.29953584494e-05 -68.3515167236
      vertex -1.06815505028 0.00263201538473 -68.4694747925
    endloop
  endfacet
  facet normal 0.00203728815541 -0.000205090997042 0.999997913837
    outer loop
      vertex -2.28126096725 3.09908682539e-05 -67.8376922607
      vertex -1.06815505028 0.00263201538473 -68.4694747925
      vertex -0.989728987217 0.00264001102187 -67.7294082642
    endloop
  endfacet
  facet normal 0.00196059118025 0.00186436576769 0.999996364117
    outer loop
      vertex -2.20410490036 2.29953584494e-05 -66.8974685669
      vertex -1.85617303848 1.49998513734e-05 -67.2676467896
      vertex -0.792913019657 0.00264001102187 -66.9777984619
    endloop
  endfacet
  facet normal 0.00186505215243 0.000185926037375 0.999998271465
    outer loop
      vertex -2.20410490036 2.29953584494e-05 -66.8974685669
      vertex -0.792913019657 0.00264001102187 -66.9777984619
      vertex -0.866433978081 0.00263201538473 -66.2833023071
    endloop
  endfacet
  facet normal 0.00239377981052 -0.000965664046817 0.99999666214
    outer loop
      vertex -1.92987596989 1.49998513734e-05 -66.2094039917
      vertex -2.20410490036 2.29953584494e-05 -66.8974685669
      vertex -0.866433978081 0.00263201538473 -66.2833023071
    endloop
  endfacet
  facet normal 0.00246717268601 9.0494962933e-05 0.999996960163
    outer loop
      vertex -1.92987596989 1.49998513734e-05 -66.2094039917
      vertex -0.866433978081 0.00263201538473 -66.2833023071
      vertex -0.89439201355 0.00263201538473 -65.5210800171
    endloop
  endfacet
  facet normal 0.0148605210707 0.00356767443009 0.999883234501
    outer loop
      vertex -1.35048496723 0.00262500741519 -64.210357666
      vertex -1.18254685402 0.00262500741519 -64.9098739624
      vertex -0.887717008591 0.00817000307143 -64.5838851929
    endloop
  endfacet
  facet normal 0.0178454890847 0.00726681249216 0.999814331532
    outer loop
      vertex -1.35048496723 0.00262500741519 -64.210357666
      vertex -0.887717008591 0.00817000307143 -64.5838851929
      vertex -1.15684401989 0.00824498943985 -63.9126586914
    endloop
  endfacet
  facet normal 0.022320901975 -0.0130727849901 0.999665379524
    outer loop
      vertex -2.06585907936 0.00261701201089 -70.525390625
      vertex -2.4707930088 0.00262500741519 -71.2173995972
      vertex -2.36243724823 0.00783301331103 -71.4306411743
    endloop
  endfacet
  facet normal 0.0138425575569 -0.0102961817756 0.999851167202
    outer loop
      vertex -2.06585907936 0.00261701201089 -70.525390625
      vertex -2.36243724823 0.00783301331103 -71.4306411743
      vertex -1.86120200157 0.00775700854138 -70.749382019
    endloop
  endfacet
  facet normal 0.000688783824444 0.0016123179812 0.999998450279
    outer loop
      vertex -1.18254685402 0.00262500741519 -64.9098739624
      vertex -2.40621209145 1.49998513734e-05 -66.0059127808
      vertex -1.92987596989 1.49998513734e-05 -66.2094039917
    endloop
  endfacet
  facet normal 0.00193008000497 0.0008984762826 0.999997735023
    outer loop
      vertex -1.18254685402 0.00262500741519 -64.9098739624
      vertex -1.92987596989 1.49998513734e-05 -66.2094039917
      vertex -0.89439201355 0.00263201538473 -65.5210800171
    endloop
  endfacet
  facet normal 0.00339259742759 0.00046380358981 0.999994158745
    outer loop
      vertex -2.53471589088 3.09908682539e-05 -68.7786865234
      vertex -2.45229291916 2.29953584494e-05 -69.3988265991
      vertex -1.61328494549 0.00263201538473 -69.9107055664
    endloop
  endfacet
  facet normal 0.00203345972113 -0.000642503553536 0.999997735023
    outer loop
      vertex -2.53471589088 3.09908682539e-05 -68.7786865234
      vertex -1.61328494549 0.00263201538473 -69.9107055664
      vertex -1.37769901752 0.00264001102187 -69.1775436401
    endloop
  endfacet
  facet normal 0.000968314241618 -0.0019704347942 0.999997615814
    outer loop
      vertex -2.45229291916 2.29953584494e-05 -69.3988265991
      vertex -2.98219490051 1.49998513734e-05 -69.6551742554
      vertex -2.06585907936 0.00261701201089 -70.525390625
    endloop
  endfacet
  facet normal 0.00215603993274 -0.00156301876996 0.999996483326
    outer loop
      vertex -2.45229291916 2.29953584494e-05 -69.3988265991
      vertex -2.06585907936 0.00261701201089 -70.525390625
      vertex -1.61328494549 0.00263201538473 -69.9107055664
    endloop
  endfacet
  facet normal 0.00940106529742 0.00795732438564 0.999924123287
    outer loop
      vertex -1.47095394135 0.00832300074399 -63.352016449
      vertex -1.7140879631 0.00263201538473 -63.7799034119
      vertex -1.35048496723 0.00262500741519 -64.210357666
    endloop
  endfacet
  facet normal 0.0154749630019 0.00880925357342 0.999841451645
    outer loop
      vertex -1.47095394135 0.00832300074399 -63.352016449
      vertex -1.35048496723 0.00262500741519 -64.210357666
      vertex -1.15684401989 0.00824498943985 -63.9126586914
    endloop
  endfacet
  facet normal 0.00258095306344 -0.000500186346471 0.999996542931
    outer loop
      vertex -2.2611451149 1.49998513734e-05 -65.2573699951
      vertex -2.40621209145 1.49998513734e-05 -66.0059127808
      vertex -1.18254685402 0.00262500741519 -64.9098739624
    endloop
  endfacet
  facet normal 0.00224608136341 0.000539233267773 0.999997317791
    outer loop
      vertex -2.2611451149 1.49998513734e-05 -65.2573699951
      vertex -1.18254685402 0.00262500741519 -64.9098739624
      vertex -1.35048496723 0.00262500741519 -64.210357666
    endloop
  endfacet
  facet normal 0.0124898729846 -0.0116205122322 0.999854445457
    outer loop
      vertex -3.03653502464 0.00262500741519 -71.7070617676
      vertex -2.92885708809 0.00794198829681 -72.0488128662
      vertex -2.36243724823 0.00783301331103 -71.4306411743
    endloop
  endfacet
  facet normal 0.0146779417992 -0.0169584825635 0.999748468399
    outer loop
      vertex -3.03653502464 0.00262500741519 -71.7070617676
      vertex -2.36243724823 0.00783301331103 -71.4306411743
      vertex -2.4707930088 0.00262500741519 -71.2173995972
    endloop
  endfacet
  facet normal 0.0036177742295 -0.000486391945742 0.99999332428
    outer loop
      vertex -2.98219490051 1.49998513734e-05 -69.6551742554
      vertex -3.0753839016 1.49998513734e-05 -70.3483123779
      vertex -2.4707930088 0.00262500741519 -71.2173995972
    endloop
  endfacet
  facet normal 0.00181821279693 -0.00107549421955 0.999997794628
    outer loop
      vertex -2.98219490051 1.49998513734e-05 -69.6551742554
      vertex -2.4707930088 0.00262500741519 -71.2173995972
      vertex -2.06585907936 0.00261701201089 -70.525390625
    endloop
  endfacet
  facet normal -5.57723342354e-06 -8.0461604739e-06 1
    outer loop
      vertex -2.20410490036 2.29953584494e-05 -66.8974685669
      vertex -4.67050600052 4.59943876194e-05 -68.046257019
      vertex -2.28126096725 3.09908682539e-05 -67.8376922607
    endloop
  endfacet
  facet normal -2.94559140457e-05 -6.08664549873e-06 1
    outer loop
      vertex -2.20410490036 2.29953584494e-05 -66.8974685669
      vertex -2.28126096725 3.09908682539e-05 -67.8376922607
      vertex -1.85617303848 1.49998513734e-05 -67.2676467896
    endloop
  endfacet
  facet normal 0.0166907534003 0.00908660143614 0.999819397926
    outer loop
      vertex -1.8239480257 0.00838199537247 -62.9454231262
      vertex -1.98587203026 0.00264001102187 -63.2797966003
      vertex -1.7140879631 0.00263201538473 -63.7799034119
    endloop
  endfacet
  facet normal 0.00915773864836 0.00809560250491 0.99992531538
    outer loop
      vertex -1.8239480257 0.00838199537247 -62.9454231262
      vertex -1.7140879631 0.00263201538473 -63.7799034119
      vertex -1.47095394135 0.00832300074399 -63.352016449
    endloop
  endfacet
  facet normal -6.4308110268e-06 1.73212606569e-06 1
    outer loop
      vertex -2.28126096725 3.09908682539e-05 -67.8376922607
      vertex -4.67050600052 4.59943876194e-05 -68.046257019
      vertex -2.53471589088 3.09908682539e-05 -68.7786865234
    endloop
  endfacet
  facet normal -2.19966514123e-05 5.92475362282e-06 1
    outer loop
      vertex -2.28126096725 3.09908682539e-05 -67.8376922607
      vertex -2.53471589088 3.09908682539e-05 -68.7786865234
      vertex -2.0561709404 2.29953584494e-05 -68.3515167236
    endloop
  endfacet
  facet normal -7.74441432441e-05 0.00179995829239 0.999998390675
    outer loop
      vertex -1.7140879631 0.00263201538473 -63.7799034119
      vertex -2.75184106827 2.29953584494e-05 -65.2740402222
      vertex -2.2611451149 1.49998513734e-05 -65.2573699951
    endloop
  endfacet
  facet normal 0.00144449004438 0.00123643584084 0.999998211861
    outer loop
      vertex -1.7140879631 0.00263201538473 -63.7799034119
      vertex -2.2611451149 1.49998513734e-05 -65.2573699951
      vertex -1.35048496723 0.00262500741519 -64.210357666
    endloop
  endfacet
  facet normal -4.65621087642e-06 -1.00235574791e-05 1
    outer loop
      vertex -2.40621209145 1.49998513734e-05 -66.0059127808
      vertex -4.67050600052 4.59943876194e-05 -68.046257019
      vertex -2.20410490036 2.29953584494e-05 -66.8974685669
    endloop
  endfacet
  facet normal -4.24195604865e-06 -9.9296494227e-06 1
    outer loop
      vertex -2.40621209145 1.49998513734e-05 -66.0059127808
      vertex -2.20410490036 2.29953584494e-05 -66.8974685669
      vertex -1.92987596989 1.49998513734e-05 -66.2094039917
    endloop
  endfacet
  facet normal -6.53764402614e-07 1.85781955224e-05 1
    outer loop
      vertex -2.53471589088 3.09908682539e-05 -68.7786865234
      vertex -4.67050600052 4.59943876194e-05 -68.046257019
      vertex -2.98219490051 1.49998513734e-05 -69.6551742554
    endloop
  endfacet
  facet normal 8.31671059132e-06 1.39984404086e-05 1
    outer loop
      vertex -2.53471589088 3.09908682539e-05 -68.7786865234
      vertex -2.98219490051 1.49998513734e-05 -69.6551742554
      vertex -2.45229291916 2.29953584494e-05 -69.3988265991
    endloop
  endfacet
  facet normal 0.0147656807676 -0.0172472372651 0.999742209911
    outer loop
      vertex -3.57170701027 0.00263201538473 -72.2913742065
      vertex -3.54447388649 0.00807198695838 -72.5833892822
      vertex -2.92885708809 0.00794198829681 -72.0488128662
    endloop
  endfacet
  facet normal 0.0126271797344 -0.0115772308782 0.999853253365
    outer loop
      vertex -3.57170701027 0.00263201538473 -72.2913742065
      vertex -2.92885708809 0.00794198829681 -72.0488128662
      vertex -3.03653502464 0.00262500741519 -71.7070617676
    endloop
  endfacet
  facet normal 0.00037820628495 -0.00274004437961 0.999996185303
    outer loop
      vertex -2.4707930088 0.00262500741519 -71.2173995972
      vertex -3.0753839016 1.49998513734e-05 -70.3483123779
      vertex -3.61258888245 1.49998513734e-05 -70.4224624634
    endloop
  endfacet
  facet normal 0.00126684154384 -0.00146367319394 0.999998152256
    outer loop
      vertex -2.4707930088 0.00262500741519 -71.2173995972
      vertex -3.61258888245 1.49998513734e-05 -70.4224624634
      vertex -3.03653502464 0.00262500741519 -71.7070617676
    endloop
  endfacet
  facet normal 0.0032751748804 0.011448059231 0.999929130077
    outer loop
      vertex -2.27560710907 0.00849300902337 -62.6856765747
      vertex -2.48889398575 0.00263201538473 -63.1365852356
      vertex -1.98587203026 0.00264001102187 -63.2797966003
    endloop
  endfacet
  facet normal 0.00753135140985 0.0135231921449 0.999880194664
    outer loop
      vertex -2.27560710907 0.00849300902337 -62.6856765747
      vertex -1.98587203026 0.00264001102187 -63.2797966003
      vertex -1.8239480257 0.00838199537247 -62.9454231262
    endloop
  endfacet
  facet normal 0.00266276067123 -0.000103255282738 0.999996423721
    outer loop
      vertex -2.72200608253 3.09908682539e-05 -64.5820846558
      vertex -2.75184106827 2.29953584494e-05 -65.2740402222
      vertex -1.7140879631 0.00263201538473 -63.7799034119
    endloop
  endfacet
  facet normal 0.00179254612885 0.000990149565041 0.999997913837
    outer loop
      vertex -2.72200608253 3.09908682539e-05 -64.5820846558
      vertex -1.7140879631 0.00263201538473 -63.7799034119
      vertex -1.98587203026 0.00264001102187 -63.2797966003
    endloop
  endfacet
  facet normal -0.00098750856705 0.00195864355192 0.999997615814
    outer loop
      vertex -2.48889398575 0.00263201538473 -63.1365852356
      vertex -3.25948905945 2.29953584494e-05 -64.8571548462
      vertex -2.72200608253 3.09908682539e-05 -64.5820846558
    endloop
  endfacet
  facet normal 0.000504998723045 0.00171795219649 0.999998390675
    outer loop
      vertex -2.48889398575 0.00263201538473 -63.1365852356
      vertex -2.72200608253 3.09908682539e-05 -64.5820846558
      vertex -1.98587203026 0.00264001102187 -63.2797966003
    endloop
  endfacet
  facet normal 0.00246262713335 -0.000927442801185 0.999996542931
    outer loop
      vertex -3.03653502464 0.00262500741519 -71.7070617676
      vertex -3.61258888245 1.49998513734e-05 -70.4224624634
      vertex -3.87530493736 2.29953584494e-05 -71.1286697388
    endloop
  endfacet
  facet normal 0.00189625844359 -0.00174877734389 0.99999666214
    outer loop
      vertex -3.03653502464 0.00262500741519 -71.7070617676
      vertex -3.87530493736 2.29953584494e-05 -71.1286697388
      vertex -3.57170701027 0.00263201538473 -72.2913742065
    endloop
  endfacet
  facet normal 0.00876269955188 -0.0130580086261 0.999876320362
    outer loop
      vertex -4.19631004333 0.00264001102187 -72.6048736572
      vertex -4.20221805573 0.00819800328463 -73.0344238281
      vertex -3.54447388649 0.00807198695838 -72.5833892822
    endloop
  endfacet
  facet normal 0.00891816522926 -0.0177936851978 0.999801933765
    outer loop
      vertex -4.19631004333 0.00264001102187 -72.6048736572
      vertex -3.54447388649 0.00807198695838 -72.5833892822
      vertex -3.57170701027 0.00263201538473 -72.2913742065
    endloop
  endfacet
  facet normal 0.00586746400222 0.0148667683825 0.999872267246
    outer loop
      vertex -2.91710495949 0.00855200365186 -62.5694313049
      vertex -3.0580201149 0.00263201538473 -62.9119682312
      vertex -2.48889398575 0.00263201538473 -63.1365852356
    endloop
  endfacet
  facet normal 0.00208458118141 0.0120111843571 0.999925673008
    outer loop
      vertex -2.91710495949 0.00855200365186 -62.5694313049
      vertex -2.48889398575 0.00263201538473 -63.1365852356
      vertex -2.27560710907 0.00849300902337 -62.6856765747
    endloop
  endfacet
  facet normal -4.34399953519e-06 -5.28975624547e-06 1
    outer loop
      vertex -3.25948905945 2.29953584494e-05 -64.8571548462
      vertex -4.67050600052 4.59943876194e-05 -68.046257019
      vertex -2.75184106827 2.29953584494e-05 -65.2740402222
    endloop
  endfacet
  facet normal 9.16453427635e-06 1.1159796486e-05 1
    outer loop
      vertex -3.25948905945 2.29953584494e-05 -64.8571548462
      vertex -2.75184106827 2.29953584494e-05 -65.2740402222
      vertex -2.72200608253 3.09908682539e-05 -64.5820846558
    endloop
  endfacet
  facet normal -1.69617953816e-06 1.22885503515e-05 1
    outer loop
      vertex -4.67050600052 4.59943876194e-05 -68.046257019
      vertex -3.61258888245 1.49998513734e-05 -70.4224624634
      vertex -3.0753839016 1.49998513734e-05 -70.3483123779
    endloop
  endfacet
  facet normal -1.62733267643e-05 2.18786885853e-06 1
    outer loop
      vertex -4.67050600052 4.59943876194e-05 -68.046257019
      vertex -3.0753839016 1.49998513734e-05 -70.3483123779
      vertex -2.98219490051 1.49998513734e-05 -69.6551742554
    endloop
  endfacet
  facet normal 0.000767933786847 -0.00155550369527 0.999998509884
    outer loop
      vertex -4.36650800705 2.29953584494e-05 -71.006477356
      vertex -4.19631004333 0.00264001102187 -72.6048736572
      vertex -3.57170701027 0.00263201538473 -72.2913742065
    endloop
  endfacet
  facet normal -0.000596976024099 -0.00239979522303 0.999996960163
    outer loop
      vertex -4.36650800705 2.29953584494e-05 -71.006477356
      vertex -3.57170701027 0.00263201538473 -72.2913742065
      vertex -3.87530493736 2.29953584494e-05 -71.1286697388
    endloop
  endfacet
  facet normal 0.00245339027606 0.0010871598497 0.999996423721
    outer loop
      vertex -3.0580201149 0.00263201538473 -62.9119682312
      vertex -3.49950408936 2.29953584494e-05 -64.3155136108
      vertex -3.25948905945 2.29953584494e-05 -64.8571548462
    endloop
  endfacet
  facet normal 0.000508569297381 0.00128859444521 0.999999046326
    outer loop
      vertex -3.0580201149 0.00263201538473 -62.9119682312
      vertex -3.25948905945 2.29953584494e-05 -64.8571548462
      vertex -2.48889398575 0.00263201538473 -63.1365852356
    endloop
  endfacet
  facet normal -1.53987293743e-05 6.18800095253e-06 1
    outer loop
      vertex -3.61258888245 1.49998513734e-05 -70.4224624634
      vertex -4.67050600052 4.59943876194e-05 -68.046257019
      vertex -4.36650800705 2.29953584494e-05 -71.006477356
    endloop
  endfacet
  facet normal -2.5778554118e-06 -1.03627698991e-05 1
    outer loop
      vertex -3.61258888245 1.49998513734e-05 -70.4224624634
      vertex -4.36650800705 2.29953584494e-05 -71.006477356
      vertex -3.87530493736 2.29953584494e-05 -71.1286697388
    endloop
  endfacet
  facet normal 0.00940459314734 -0.0181199256331 0.999791562557
    outer loop
      vertex -4.83050680161 0.00264001102187 -73.0538482666
      vertex -4.89434814453 0.00832398887724 -73.400604248
      vertex -4.20221805573 0.00819800328463 -73.0344238281
    endloop
  endfacet
  facet normal 0.0092490138486 -0.0130646396428 0.999871850014
    outer loop
      vertex -4.83050680161 0.00264001102187 -73.0538482666
      vertex -4.20221805573 0.00819800328463 -73.0344238281
      vertex -4.19631004333 0.00264001102187 -72.6048736572
    endloop
  endfacet
  facet normal -0.00290048588067 0.0134371072054 0.999905526638
    outer loop
      vertex -3.66665697098 0.00847501121461 -62.6085472107
      vertex -3.78899407387 0.00266301003285 -63.0674476624
      vertex -3.0580201149 0.00263201538473 -62.9119682312
    endloop
  endfacet
  facet normal -0.000816603249405 0.0176160242409 0.999844491482
    outer loop
      vertex -3.66665697098 0.00847501121461 -62.6085472107
      vertex -3.0580201149 0.00263201538473 -62.9119682312
      vertex -2.91710495949 0.00855200365186 -62.5694313049
    endloop
  endfacet
  facet normal 0.00137588498183 -0.00194349803496 0.999997138977
    outer loop
      vertex -4.78983688354 3.09908682539e-05 -71.6826248169
      vertex -4.83050680161 0.00264001102187 -73.0538482666
      vertex -4.19631004333 0.00264001102187 -72.6048736572
    endloop
  endfacet
  facet normal 0.00221882620826 -0.00140100915451 0.999996542931
    outer loop
      vertex -4.78983688354 3.09908682539e-05 -71.6826248169
      vertex -4.19631004333 0.00264001102187 -72.6048736572
      vertex -4.36650800705 2.29953584494e-05 -71.006477356
    endloop
  endfacet
  facet normal -0.00148390384857 0.00177108554635 0.999997317791
    outer loop
      vertex -3.78899407387 0.00266301003285 -63.0674476624
      vertex -4.09765100479 3.09908682539e-05 -64.8121566772
      vertex -3.49950408936 2.29953584494e-05 -64.3155136108
    endloop
  endfacet
  facet normal -0.000469176622573 0.00200645369478 0.999997854233
    outer loop
      vertex -3.78899407387 0.00266301003285 -63.0674476624
      vertex -3.49950408936 2.29953584494e-05 -64.3155136108
      vertex -3.0580201149 0.00263201538473 -62.9119682312
    endloop
  endfacet
  facet normal -9.69618940871e-06 -2.92168238047e-06 1
    outer loop
      vertex -4.09765100479 3.09908682539e-05 -64.8121566772
      vertex -4.67050600052 4.59943876194e-05 -68.046257019
      vertex -3.25948905945 2.29953584494e-05 -64.8571548462
    endloop
  endfacet
  facet normal -9.77180479822e-06 -4.33013565271e-06 1
    outer loop
      vertex -4.09765100479 3.09908682539e-05 -64.8121566772
      vertex -3.25948905945 2.29953584494e-05 -64.8571548462
      vertex -3.49950408936 2.29953584494e-05 -64.3155136108
    endloop
  endfacet
  facet normal -1.26243730847e-05 6.47291153655e-06 1
    outer loop
      vertex -4.36650800705 2.29953584494e-05 -71.006477356
      vertex -4.67050600052 4.59943876194e-05 -68.046257019
      vertex -5.1923789978 3.09908682539e-05 -71.381980896
    endloop
  endfacet
  facet normal -6.0177890191e-06 -8.05741819931e-06 1
    outer loop
      vertex -4.36650800705 2.29953584494e-05 -71.006477356
      vertex -5.1923789978 3.09908682539e-05 -71.381980896
      vertex -4.78983688354 3.09908682539e-05 -71.6826248169
    endloop
  endfacet
  facet normal 0.00486057205126 -0.0133322039619 0.999899327755
    outer loop
      vertex -5.46891403198 0.00264001102187 -73.1837844849
      vertex -5.5973777771 0.00847001001239 -73.6678619385
      vertex -4.89434814453 0.00832398887724 -73.400604248
    endloop
  endfacet
  facet normal 0.00346562825143 -0.0170274451375 0.999849021435
    outer loop
      vertex -5.46891403198 0.00264001102187 -73.1837844849
      vertex -4.89434814453 0.00832398887724 -73.400604248
      vertex -4.83050680161 0.00264001102187 -73.0538482666
    endloop
  endfacet
  facet normal 0.000304217799567 -0.00149469333701 0.999998807907
    outer loop
      vertex -5.1923789978 3.09908682539e-05 -71.381980896
      vertex -5.46891403198 0.00264001102187 -73.1837844849
      vertex -4.83050680161 0.00264001102187 -73.0538482666
    endloop
  endfacet
  facet normal -0.00139025272802 -0.0018614558503 0.999997317791
    outer loop
      vertex -5.1923789978 3.09908682539e-05 -71.381980896
      vertex -4.83050680161 0.00264001102187 -73.0538482666
      vertex -4.78983688354 3.09908682539e-05 -71.6826248169
    endloop
  endfacet
  facet normal -0.00165314495098 0.0175070967525 0.999845385551
    outer loop
      vertex -4.42682886124 0.00837699417025 -62.8013458252
      vertex -4.48376512527 0.00266301003285 -63.1330528259
      vertex -3.78899407387 0.00266301003285 -63.0674476624
    endloop
  endfacet
  facet normal -0.00330649828538 0.0135453110561 0.999902784824
    outer loop
      vertex -4.42682886124 0.00837699417025 -62.8013458252
      vertex -3.78899407387 0.00266301003285 -63.0674476624
      vertex -3.66665697098 0.00847501121461 -62.6085472107
    endloop
  endfacet
  facet normal 0.00146525120363 0.00190444744658 0.999997138977
    outer loop
      vertex -4.48376512527 0.00266301003285 -63.1330528259
      vertex -4.5344119072 3.09908682539e-05 -64.4761199951
      vertex -4.09765100479 3.09908682539e-05 -64.8121566772
    endloop
  endfacet
  facet normal -0.000144870020449 0.00153419899289 0.999998807907
    outer loop
      vertex -4.48376512527 0.00266301003285 -63.1330528259
      vertex -4.09765100479 3.09908682539e-05 -64.8121566772
      vertex -3.78899407387 0.00266301003285 -63.0674476624
    endloop
  endfacet
  facet normal 6.20624223302e-06 8.06650950835e-06 1
    outer loop
      vertex -4.09765100479 3.09908682539e-05 -64.8121566772
      vertex -4.5344119072 3.09908682539e-05 -64.4761199951
      vertex -4.99027395248 2.29953584494e-05 -65.1165847778
    endloop
  endfacet
  facet normal 1.12171237561e-05 -6.62604770696e-06 1
    outer loop
      vertex -4.09765100479 3.09908682539e-05 -64.8121566772
      vertex -4.99027395248 2.29953584494e-05 -65.1165847778
      vertex -4.67050600052 4.59943876194e-05 -68.046257019
    endloop
  endfacet
  facet normal 0.000783863768447 -0.00198422977701 0.999997735023
    outer loop
      vertex -5.73640298843 2.29953584494e-05 -71.9705505371
      vertex -6.13493299484 0.00264698709361 -73.4504089355
      vertex -5.46891403198 0.00264001102187 -73.1837844849
    endloop
  endfacet
  facet normal 0.00189609767403 -0.00173900660593 0.99999666214
    outer loop
      vertex -5.73640298843 2.29953584494e-05 -71.9705505371
      vertex -5.46891403198 0.00264001102187 -73.1837844849
      vertex -5.1923789978 3.09908682539e-05 -71.381980896
    endloop
  endfacet
  facet normal -1.08552940219e-05 2.36183477682e-05 1
    outer loop
      vertex -5.96541595459 3.79988814529e-05 -71.4405593872
      vertex -5.73640298843 2.29953584494e-05 -71.9705505371
      vertex -5.1923789978 3.09908682539e-05 -71.381980896
    endloop
  endfacet
  facet normal -9.51924812398e-06 5.98711540079e-06 1
    outer loop
      vertex -5.96541595459 3.79988814529e-05 -71.4405593872
      vertex -5.1923789978 3.09908682539e-05 -71.381980896
      vertex -4.67050600052 4.59943876194e-05 -68.046257019
    endloop
  endfacet
  facet normal 0.00367307499982 -0.0176939088851 0.999836683273
    outer loop
      vertex -6.13493299484 0.00264698709361 -73.4504089355
      vertex -6.27967691422 0.00858898740262 -73.8162231445
      vertex -5.5973777771 0.00847001001239 -73.6678619385
    endloop
  endfacet
  facet normal 0.00538213877007 -0.0134705621749 0.999894797802
    outer loop
      vertex -6.13493299484 0.00264698709361 -73.4504089355
      vertex -5.5973777771 0.00847001001239 -73.6678619385
      vertex -5.46891403198 0.00264001102187 -73.1837844849
    endloop
  endfacet
  facet normal -0.00201888126321 0.00144945934881 0.999996900558
    outer loop
      vertex -5.16513109207 0.00266301003285 -63.5387611389
      vertex -4.99027395248 2.29953584494e-05 -65.1165847778
      vertex -4.5344119072 3.09908682539e-05 -64.4761199951
    endloop
  endfacet
  facet normal -0.00119367556181 0.00200471538119 0.999997258186
    outer loop
      vertex -5.16513109207 0.00266301003285 -63.5387611389
      vertex -4.5344119072 3.09908682539e-05 -64.4761199951
      vertex -4.48376512527 0.00266301003285 -63.1330528259
    endloop
  endfacet
  facet normal -0.000411554094171 -0.00126338831615 0.99999910593
    outer loop
      vertex -5.96541595459 3.79988814529e-05 -71.4405593872
      vertex -6.66662597656 0.00265501439571 -73.2835617065
      vertex -6.13493299484 0.00264698709361 -73.4504089355
    endloop
  endfacet
  facet normal -0.00256830872968 -0.00108147703577 0.999996125698
    outer loop
      vertex -5.96541595459 3.79988814529e-05 -71.4405593872
      vertex -6.13493299484 0.00264698709361 -73.4504089355
      vertex -5.73640298843 2.29953584494e-05 -71.9705505371
    endloop
  endfacet
  facet normal -1.40389929584e-05 5.4694633036e-06 1
    outer loop
      vertex -4.99027395248 2.29953584494e-05 -65.1165847778
      vertex -5.50557136536 3.09908682539e-05 -64.9774017334
      vertex -5.77413702011 3.09908682539e-05 -65.6667556763
    endloop
  endfacet
  facet normal -4.35644233221e-06 -8.32587375044e-06 1
    outer loop
      vertex -4.99027395248 2.29953584494e-05 -65.1165847778
      vertex -5.77413702011 3.09908682539e-05 -65.6667556763
      vertex -4.67050600052 4.59943876194e-05 -68.046257019
    endloop
  endfacet
  facet normal -0.0079369302839 0.0133296567947 0.999879658222
    outer loop
      vertex -5.16738605499 0.0082519967109 -63.1208648682
      vertex -5.16513109207 0.00266301003285 -63.5387611389
      vertex -4.48376512527 0.00266301003285 -63.1330528259
    endloop
  endfacet
  facet normal -0.00784284900874 0.0185686983168 0.999796807766
    outer loop
      vertex -5.16738605499 0.0082519967109 -63.1208648682
      vertex -4.48376512527 0.00266301003285 -63.1330528259
      vertex -4.42682886124 0.00837699417025 -62.8013458252
    endloop
  endfacet
  facet normal 8.743340004e-06 9.04697026272e-06 1
    outer loop
      vertex -6.48659276962 3.79988814529e-05 -70.9368743896
      vertex -6.48474311829 3.09908682539e-05 -71.7132873535
      vertex -5.96541595459 3.79988814529e-05 -71.4405593872
    endloop
  endfacet
  facet normal 1.66327504303e-06 1.7210356873e-06 1
    outer loop
      vertex -6.48659276962 3.79988814529e-05 -70.9368743896
      vertex -5.96541595459 3.79988814529e-05 -71.4405593872
      vertex -4.67050600052 4.59943876194e-05 -68.046257019
    endloop
  endfacet
  facet normal -0.000707397935912 -0.0116533553228 0.999931871891
    outer loop
      vertex -6.66662597656 0.00265501439571 -73.2835617065
      vertex -6.85526323318 0.00844500400126 -73.7689285278
      vertex -6.27967691422 0.00858898740262 -73.8162231445
    endloop
  endfacet
  facet normal -0.00454710843042 -0.0144421728328 0.999885380268
    outer loop
      vertex -6.66662597656 0.00265501439571 -73.2835617065
      vertex -6.27967691422 0.00858898740262 -73.8162231445
      vertex -6.13493299484 0.00264698709361 -73.4504089355
    endloop
  endfacet
  facet normal 1.45904850797e-05 1.68317856151e-05 1
    outer loop
      vertex -6.84103822708 4.59943876194e-05 -70.1546020508
      vertex -6.9733581543 3.09908682539e-05 -70.9312820435
      vertex -6.48659276962 3.79988814529e-05 -70.9368743896
    endloop
  endfacet
  facet normal -6.89391754349e-06 7.09725964043e-06 1
    outer loop
      vertex -6.84103822708 4.59943876194e-05 -70.1546020508
      vertex -6.48659276962 3.79988814529e-05 -70.9368743896
      vertex -4.67050600052 4.59943876194e-05 -68.046257019
    endloop
  endfacet
  facet normal -9.85842416412e-06 -1.0470153029e-05 1
    outer loop
      vertex -6.32076597214 3.79988814529e-05 -65.728767395
      vertex -6.39992046356 4.59943876194e-05 -66.4178848267
      vertex -4.67050600052 4.59943876194e-05 -68.046257019
    endloop
  endfacet
  facet normal -1.15000393635e-05 -1.16391302072e-05 1
    outer loop
      vertex -6.32076597214 3.79988814529e-05 -65.728767395
      vertex -4.67050600052 4.59943876194e-05 -68.046257019
      vertex -5.77413702011 3.09908682539e-05 -65.6667556763
    endloop
  endfacet
  facet normal -0.000601820473094 -0.00160135014448 0.999998509884
    outer loop
      vertex -6.48474311829 3.09908682539e-05 -71.7132873535
      vertex -7.1675028801 0.00265501439571 -73.0953216553
      vertex -6.66662597656 0.00265501439571 -73.2835617065
    endloop
  endfacet
  facet normal 0.000948773114942 -0.00178095232695 0.999997973442
    outer loop
      vertex -6.48474311829 3.09908682539e-05 -71.7132873535
      vertex -6.66662597656 0.00265501439571 -73.2835617065
      vertex -5.96541595459 3.79988814529e-05 -71.4405593872
    endloop
  endfacet
  facet normal 0.000648217333946 0.0024573400151 0.999996781349
    outer loop
      vertex -5.82081794739 0.00266301003285 -63.8231620789
      vertex -5.50557136536 3.09908682539e-05 -64.9774017334
      vertex -4.99027395248 2.29953584494e-05 -65.1165847778
    endloop
  endfacet
  facet normal -0.00069245591294 0.00159645848908 0.999998509884
    outer loop
      vertex -5.82081794739 0.00266301003285 -63.8231620789
      vertex -4.99027395248 2.29953584494e-05 -65.1165847778
      vertex -5.16513109207 0.00266301003285 -63.5387611389
    endloop
  endfacet
  facet normal 1.53663149831e-05 -5.91650905335e-06 1
    outer loop
      vertex -7.01322412491 3.79988814529e-05 -69.2504119873
      vertex -7.28440999985 3.79988814529e-05 -69.9547348022
      vertex -6.84103822708 4.59943876194e-05 -70.1546020508
    endloop
  endfacet
  facet normal 7.2485745477e-06 -7.46237719795e-06 1
    outer loop
      vertex -7.01322412491 3.79988814529e-05 -69.2504119873
      vertex -6.84103822708 4.59943876194e-05 -70.1546020508
      vertex -4.67050600052 4.59943876194e-05 -68.046257019
    endloop
  endfacet
  facet normal -1.76162320713e-05 7.82008737588e-06 1
    outer loop
      vertex -6.39992046356 4.59943876194e-05 -66.4178848267
      vertex -6.91223716736 5.30024044565e-05 -66.675819397
      vertex -6.79457712173 4.59943876194e-05 -67.3069229126
    endloop
  endfacet
  facet normal 0 0 1
    outer loop
      vertex -6.39992046356 4.59943876194e-05 -66.4178848267
      vertex -6.79457712173 4.59943876194e-05 -67.3069229126
      vertex -4.67050600052 4.59943876194e-05 -68.046257019
    endloop
  endfacet
  facet normal -0.00787986628711 0.0181670468301 0.999803900719
    outer loop
      vertex -5.85593414307 0.00812199804932 -63.5379638672
      vertex -5.82081794739 0.00266301003285 -63.8231620789
      vertex -5.16513109207 0.00266301003285 -63.5387611389
    endloop
  endfacet
  facet normal -0.00788604933769 0.0133299361914 0.999880075455
    outer loop
      vertex -5.85593414307 0.00812199804932 -63.5379638672
      vertex -5.16513109207 0.00266301003285 -63.5387611389
      vertex -5.16738605499 0.0082519967109 -63.1208648682
    endloop
  endfacet
  facet normal 9.16252793104e-06 -8.83040411281e-06 1
    outer loop
      vertex -6.79457712173 4.59943876194e-05 -67.3069229126
      vertex -7.22143888474 4.59943876194e-05 -67.7498397827
      vertex -6.96569395065 5.30024044565e-05 -68.2780990601
    endloop
  endfacet
  facet normal -2.36656592278e-06 -6.79902950651e-06 1
    outer loop
      vertex -6.79457712173 4.59943876194e-05 -67.3069229126
      vertex -6.96569395065 5.30024044565e-05 -68.2780990601
      vertex -4.67050600052 4.59943876194e-05 -68.046257019
    endloop
  endfacet
  facet normal -0.00835688132793 -0.0124682318419 0.999887347221
    outer loop
      vertex -7.1675028801 0.00265501439571 -73.0953216553
      vertex -7.30355405807 0.00839601177722 -73.4645309448
      vertex -6.85526323318 0.00844500400126 -73.7689285278
    endloop
  endfacet
  facet normal -0.00391158880666 -0.0104081258178 0.999938189983
    outer loop
      vertex -7.1675028801 0.00265501439571 -73.0953216553
      vertex -6.85526323318 0.00844500400126 -73.7689285278
      vertex -6.66662597656 0.00265501439571 -73.2835617065
    endloop
  endfacet
  facet normal -0.00182146881707 0.00178281695116 0.999996781349
    outer loop
      vertex -5.50557136536 3.09908682539e-05 -64.9774017334
      vertex -5.82081794739 0.00266301003285 -63.8231620789
      vertex -6.37084007263 0.00266301003285 -64.3851089478
    endloop
  endfacet
  facet normal -0.00240142340772 0.000935572548769 0.99999666214
    outer loop
      vertex -5.50557136536 3.09908682539e-05 -64.9774017334
      vertex -6.37084007263 0.00266301003285 -64.3851089478
      vertex -5.77413702011 3.09908682539e-05 -65.6667556763
    endloop
  endfacet
  facet normal -0.00192734145094 -0.000946508080233 0.999997675419
    outer loop
      vertex -7.46550607681 0.00266301003285 -72.4969558716
      vertex -7.1675028801 0.00265501439571 -73.0953216553
      vertex -6.48474311829 3.09908682539e-05 -71.7132873535
    endloop
  endfacet
  facet normal -0.00268573546782 2.62802950601e-06 0.999996364117
    outer loop
      vertex -7.46550607681 0.00266301003285 -72.4969558716
      vertex -6.48474311829 3.09908682539e-05 -71.7132873535
      vertex -6.48659276962 3.79988814529e-05 -70.9368743896
    endloop
  endfacet
  facet normal -0.00151578173973 -0.00120460963808 0.999998152256
    outer loop
      vertex -6.9733581543 3.09908682539e-05 -70.9312820435
      vertex -7.84113121033 0.00265501439571 -72.0176620483
      vertex -7.46550607681 0.00266301003285 -72.4969558716
    endloop
  endfacet
  facet normal -4.89891226607e-06 -0.00167953537311 0.999998569489
    outer loop
      vertex -6.9733581543 3.09908682539e-05 -70.9312820435
      vertex -7.46550607681 0.00266301003285 -72.4969558716
      vertex -6.48659276962 3.79988814529e-05 -70.9368743896
    endloop
  endfacet
  facet normal -0.0119426352903 0.0116892112419 0.999860346317
    outer loop
      vertex -6.48742389679 0.00800601579249 -64.0471954346
      vertex -6.37084007263 0.00266301003285 -64.3851089478
      vertex -5.82081794739 0.00266301003285 -63.8231620789
    endloop
  endfacet
  facet normal -0.0138706024736 0.0174284223467 0.999751925468
    outer loop
      vertex -6.48742389679 0.00800601579249 -64.0471954346
      vertex -5.82081794739 0.00266301003285 -63.8231620789
      vertex -5.85593414307 0.00812199804932 -63.5379638672
    endloop
  endfacet
  facet normal -0.00122469442431 0.00148343143519 0.999998152256
    outer loop
      vertex -5.77413702011 3.09908682539e-05 -65.6667556763
      vertex -6.37084007263 0.00266301003285 -64.3851089478
      vertex -6.94296503067 0.00266301003285 -64.8574447632
    endloop
  endfacet
  facet normal -0.000328016612912 0.00277843000367 0.999996066093
    outer loop
      vertex -5.77413702011 3.09908682539e-05 -65.6667556763
      vertex -6.94296503067 0.00266301003285 -64.8574447632
      vertex -6.32076597214 3.79988814529e-05 -65.728767395
    endloop
  endfacet
  facet normal -0.0126406596974 -0.00628204317763 0.999900341034
    outer loop
      vertex -7.1675028801 0.00265501439571 -73.0953216553
      vertex -7.46550607681 0.00266301003285 -72.4969558716
      vertex -7.68772506714 0.00833599735051 -72.9527664185
    endloop
  endfacet
  facet normal -0.013786835596 -0.0104667488486 0.999850153923
    outer loop
      vertex -7.1675028801 0.00265501439571 -73.0953216553
      vertex -7.68772506714 0.00833599735051 -72.9527664185
      vertex -7.30355405807 0.00839601177722 -73.4645309448
    endloop
  endfacet
  facet normal -0.00182042608503 0.0010435761651 0.999997794628
    outer loop
      vertex -6.94296503067 0.00266301003285 -64.8574447632
      vertex -7.33520889282 0.00266301003285 -65.5416793823
      vertex -6.39992046356 4.59943876194e-05 -66.4178848267
    endloop
  endfacet
  facet normal -0.00364829809405 0.000407456187531 0.999993264675
    outer loop
      vertex -6.94296503067 0.00266301003285 -64.8574447632
      vertex -6.39992046356 4.59943876194e-05 -66.4178848267
      vertex -6.32076597214 3.79988814529e-05 -65.728767395
    endloop
  endfacet
  facet normal -0.00234757806174 -0.00054018915398 0.999997079372
    outer loop
      vertex -8.0117225647 0.00266301003285 -71.2910995483
      vertex -7.84113121033 0.00265501439571 -72.0176620483
      vertex -6.9733581543 3.09908682539e-05 -70.9312820435
    endloop
  endfacet
  facet normal -0.00270090880804 0.000479460897623 0.999996244907
    outer loop
      vertex -8.0117225647 0.00266301003285 -71.2910995483
      vertex -6.9733581543 3.09908682539e-05 -70.9312820435
      vertex -6.84103822708 4.59943876194e-05 -70.1546020508
    endloop
  endfacet
  facet normal -0.00205519609153 -0.000845753063913 0.99999755621
    outer loop
      vertex -7.28440999985 3.79988814529e-05 -69.9547348022
      vertex -8.26932144165 0.00266998610459 -70.6733779907
      vertex -8.0117225647 0.00266301003285 -71.2910995483
    endloop
  endfacet
  facet normal -0.000696553790476 -0.00158519204706 0.999998509884
    outer loop
      vertex -7.28440999985 3.79988814529e-05 -69.9547348022
      vertex -8.0117225647 0.00266301003285 -71.2910995483
      vertex -6.84103822708 4.59943876194e-05 -70.1546020508
    endloop
  endfacet
  facet normal -0.0159844718874 -0.00869652442634 0.999834418297
    outer loop
      vertex -7.84113121033 0.00265501439571 -72.0176620483
      vertex -8.01999092102 0.00822998583317 -72.329864502
      vertex -7.68772506714 0.00833599735051 -72.9527664185
    endloop
  endfacet
  facet normal -0.00977656710893 -0.00767863867804 0.99992275238
    outer loop
      vertex -7.84113121033 0.00265501439571 -72.0176620483
      vertex -7.68772506714 0.00833599735051 -72.9527664185
      vertex -7.46550607681 0.00266301003285 -72.4969558716
    endloop
  endfacet
  facet normal -0.00219387421384 0.0014831078006 0.999996483326
    outer loop
      vertex -7.33520889282 0.00266301003285 -65.5416793823
      vertex -7.75715303421 0.00266998610459 -66.1611328125
      vertex -6.91223716736 5.30024044565e-05 -66.675819397
    endloop
  endfacet
  facet normal -0.000986988190562 0.00193321239203 0.999997615814
    outer loop
      vertex -7.33520889282 0.00266301003285 -65.5416793823
      vertex -6.91223716736 5.30024044565e-05 -66.675819397
      vertex -6.39992046356 4.59943876194e-05 -66.4178848267
    endloop
  endfacet
  facet normal -0.0140963103622 0.0170743893832 0.999754846096
    outer loop
      vertex -7.05698013306 0.00790099147707 -64.6448745728
      vertex -6.94296503067 0.00266301003285 -64.8574447632
      vertex -6.37084007263 0.00266301003285 -64.3851089478
    endloop
  endfacet
  facet normal -0.0120449634269 0.0116538945585 0.999859571457
    outer loop
      vertex -7.05698013306 0.00790099147707 -64.6448745728
      vertex -6.37084007263 0.00266301003285 -64.3851089478
      vertex -6.48742389679 0.00800601579249 -64.0471954346
    endloop
  endfacet
  facet normal -0.00264980248176 -3.08320886688e-05 0.999996483326
    outer loop
      vertex -8.27831840515 0.00266998610459 -69.9001693726
      vertex -8.26932144165 0.00266998610459 -70.6733779907
      vertex -7.28440999985 3.79988814529e-05 -69.9547348022
    endloop
  endfacet
  facet normal -0.00259329122491 0.000998497824185 0.999996125698
    outer loop
      vertex -8.27831840515 0.00266998610459 -69.9001693726
      vertex -7.28440999985 3.79988814529e-05 -69.9547348022
      vertex -7.01322412491 3.79988814529e-05 -69.2504119873
    endloop
  endfacet
  facet normal -0.00212609791197 0.000503979506902 0.999997615814
    outer loop
      vertex -7.75715303421 0.00266998610459 -66.1611328125
      vertex -7.94209241867 0.00268600904383 -66.9095306396
      vertex -6.79457712173 4.59943876194e-05 -67.3069229126
    endloop
  endfacet
  facet normal -0.00348650477827 -0.000638904690277 0.999993741512
    outer loop
      vertex -7.75715303421 0.00266998610459 -66.1611328125
      vertex -6.79457712173 4.59943876194e-05 -67.3069229126
      vertex -6.91223716736 5.30024044565e-05 -66.675819397
    endloop
  endfacet
  facet normal -0.00263666477986 0.000880487787072 0.999996125698
    outer loop
      vertex -7.94209241867 0.00268600904383 -66.9095306396
      vertex -8.18273544312 0.00267801340669 -67.6392288208
      vertex -7.22143888474 4.59943876194e-05 -67.7498397827
    endloop
  endfacet
  facet normal -0.00172492733691 0.00166240206454 0.999997138977
    outer loop
      vertex -7.94209241867 0.00268600904383 -66.9095306396
      vertex -7.22143888474 4.59943876194e-05 -67.7498397827
      vertex -6.79457712173 4.59943876194e-05 -67.3069229126
    endloop
  endfacet
  facet normal -0.00196630368009 -0.000222271148232 0.999998033047
    outer loop
      vertex -8.35555839539 0.00266301003285 -69.1854858398
      vertex -8.27831840515 0.00266998610459 -69.9001693726
      vertex -7.01322412491 3.79988814529e-05 -69.2504119873
    endloop
  endfacet
  facet normal -0.00204201927409 -0.00178774492815 0.999996304512
    outer loop
      vertex -8.35555839539 0.00266301003285 -69.1854858398
      vertex -7.01322412491 3.79988814529e-05 -69.2504119873
      vertex -7.34704017639 4.59943876194e-05 -68.873588562
    endloop
  endfacet
  facet normal -0.00276398751885 0.000546738039702 0.999996006489
    outer loop
      vertex -8.20101356506 0.00266301003285 -68.4041976929
      vertex -8.35555839539 0.00266301003285 -69.1854858398
      vertex -7.34704017639 4.59943876194e-05 -68.873588562
    endloop
  endfacet
  facet normal -0.00226187100634 0.00146025198046 0.999996364117
    outer loop
      vertex -8.20101356506 0.00266301003285 -68.4041976929
      vertex -7.34704017639 4.59943876194e-05 -68.873588562
      vertex -6.96569395065 5.30024044565e-05 -68.2780990601
    endloop
  endfacet
  facet normal -0.00211998727173 7.02675024513e-05 0.999997735023
    outer loop
      vertex -8.18273544312 0.00267801340669 -67.6392288208
      vertex -8.20101356506 0.00266301003285 -68.4041976929
      vertex -6.96569395065 5.30024044565e-05 -68.2780990601
    endloop
  endfacet
  facet normal -0.00290110916831 -0.00141777447425 0.999994814396
    outer loop
      vertex -8.18273544312 0.00267801340669 -67.6392288208
      vertex -6.96569395065 5.30024044565e-05 -68.2780990601
      vertex -7.22143888474 4.59943876194e-05 -67.7498397827
    endloop
  endfacet
  facet normal -0.0136916823685 0.0100876400247 0.999855399132
    outer loop
      vertex -7.05698013306 0.00790099147707 -64.6448745728
      vertex -7.54350996017 0.00781100196764 -65.3141479492
      vertex -7.33520889282 0.00266301003285 -65.5416793823
    endloop
  endfacet
  facet normal -0.0221995282918 0.0127260852605 0.999672532082
    outer loop
      vertex -7.05698013306 0.00790099147707 -64.6448745728
      vertex -7.33520889282 0.00266301003285 -65.5416793823
      vertex -6.94296503067 0.00266301003285 -64.8574447632
    endloop
  endfacet
  facet normal -0.0152982873842 -0.00358091946691 0.999876558781
    outer loop
      vertex -7.84113121033 0.00265501439571 -72.0176620483
      vertex -8.0117225647 0.00266301003285 -71.2910995483
      vertex -8.28685283661 0.00809801183641 -71.6332778931
    endloop
  endfacet
  facet normal -0.0184770524502 -0.00726797338575 0.99980288744
    outer loop
      vertex -7.84113121033 0.00265501439571 -72.0176620483
      vertex -8.28685283661 0.00809801183641 -71.6332778931
      vertex -8.01999092102 0.00822998583317 -72.329864502
    endloop
  endfacet
  facet normal -0.0215928778052 0.011514544487 0.999700546265
    outer loop
      vertex -7.54350996017 0.00781100196764 -65.3141479492
      vertex -7.92739295959 0.00775500154123 -66.0388946533
      vertex -7.75715303421 0.00266998610459 -66.1611328125
    endloop
  endfacet
  facet normal -0.0141756245866 0.0096445446834 0.999853014946
    outer loop
      vertex -7.54350996017 0.00781100196764 -65.3141479492
      vertex -7.75715303421 0.00266998610459 -66.1611328125
      vertex -7.33520889282 0.00266301003285 -65.5416793823
    endloop
  endfacet
  facet normal -0.0147771751508 -0.00400002114475 0.999882817268
    outer loop
      vertex -8.47858524323 0.00795801077038 -70.8899688721
      vertex -8.28685283661 0.00809801183641 -71.6332778931
      vertex -8.0117225647 0.00266301003285 -71.2910995483
    endloop
  endfacet
  facet normal -0.0176560804248 -0.00735154934227 0.999817073345
    outer loop
      vertex -8.47858524323 0.00795801077038 -70.8899688721
      vertex -8.0117225647 0.00266301003285 -71.2910995483
      vertex -8.26932144165 0.00266998610459 -70.6733779907
    endloop
  endfacet
  facet normal -0.0221239682287 -0.00303317815997 0.999750614166
    outer loop
      vertex -8.57844638824 0.00780099956319 -70.1098327637
      vertex -8.47858524323 0.00795801077038 -70.8899688721
      vertex -8.26932144165 0.00266998610459 -70.6733779907
    endloop
  endfacet
  facet normal -0.0169558003545 -0.000197291199584 0.999856233597
    outer loop
      vertex -8.57844638824 0.00780099956319 -70.1098327637
      vertex -8.26932144165 0.00266998610459 -70.6733779907
      vertex -8.27831840515 0.00266998610459 -69.9001693726
    endloop
  endfacet
  facet normal -0.0166692510247 0.00610269326717 0.999842405319
    outer loop
      vertex -7.92739295959 0.00775500154123 -66.0388946533
      vertex -8.20765590668 0.00771798659116 -66.8104858398
      vertex -7.94209241867 0.00268600904383 -66.9095306396
    endloop
  endfacet
  facet normal -0.025372767821 0.00624856958166 0.99965852499
    outer loop
      vertex -7.92739295959 0.00775500154123 -66.0388946533
      vertex -7.94209241867 0.00268600904383 -66.9095306396
      vertex -7.75715303421 0.00266998610459 -66.1611328125
    endloop
  endfacet
  facet normal -0.0171372108161 6.2469720433e-05 0.999853134155
    outer loop
      vertex -8.57244682312 0.00774901267141 -69.2961044312
      vertex -8.57844638824 0.00780099956319 -70.1098327637
      vertex -8.27831840515 0.00266998610459 -69.9001693726
    endloop
  endfacet
  facet normal -0.0222145095468 -0.00241061137058 0.999750316143
    outer loop
      vertex -8.57244682312 0.00774901267141 -69.2961044312
      vertex -8.27831840515 0.00266998610459 -69.9001693726
      vertex -8.35555839539 0.00266301003285 -69.1854858398
    endloop
  endfacet
  facet normal -0.0244780946523 0.00534349540249 0.999686062336
    outer loop
      vertex -8.20765590668 0.00771798659116 -66.8104858398
      vertex -8.38531780243 0.00772900832817 -67.6222763062
      vertex -8.18273544312 0.00267801340669 -67.6392288208
    endloop
  endfacet
  facet normal -0.0168666820973 0.00557332159951 0.999842226505
    outer loop
      vertex -8.20765590668 0.00771798659116 -66.8104858398
      vertex -8.18273544312 0.00267801340669 -67.6392288208
      vertex -7.94209241867 0.00268600904383 -66.9095306396
    endloop
  endfacet
  facet normal -0.0245997235179 0.00226860074326 0.999694824219
    outer loop
      vertex -8.49596309662 0.00776599114761 -68.4592666626
      vertex -8.57244682312 0.00774901267141 -69.2961044312
      vertex -8.35555839539 0.00266301003285 -69.1854858398
    endloop
  endfacet
  facet normal -0.0179616473615 0.00355295231566 0.999832391739
    outer loop
      vertex -8.49596309662 0.00776599114761 -68.4592666626
      vertex -8.35555839539 0.00266301003285 -69.1854858398
      vertex -8.20101356506 0.00266301003285 -68.4041976929
    endloop
  endfacet
  facet normal -0.0177277233452 0.00229933019727 0.999840199947
    outer loop
      vertex -8.38531780243 0.00772900832817 -67.6222763062
      vertex -8.49596309662 0.00776599114761 -68.4592666626
      vertex -8.20101356506 0.00266301003285 -68.4041976929
    endloop
  endfacet
  facet normal -0.024873983115 0.000613938143943 0.999690413475
    outer loop
      vertex -8.38531780243 0.00772900832817 -67.6222763062
      vertex -8.20101356506 0.00266301003285 -68.4041976929
      vertex -8.18273544312 0.00267801340669 -67.6392288208
    endloop
  endfacet
  facet normal -1.65845776792e-05 3.21407605952e-06 1
    outer loop
      vertex -4.67050600052 4.59943876194e-05 -68.046257019
      vertex -2.40621209145 1.49998513734e-05 -66.0059127808
      vertex -2.2611451149 1.49998513734e-05 -65.2573699951
    endloop
  endfacet
  facet normal -1.63979293575e-05 3.05282651425e-06 1
    outer loop
      vertex -4.67050600052 4.59943876194e-05 -68.046257019
      vertex -2.2611451149 1.49998513734e-05 -65.2573699951
      vertex -2.75184106827 2.29953584494e-05 -65.2740402222
    endloop
  endfacet
  facet normal -4.5355027396e-06 1.46729917105e-05 1
    outer loop
      vertex -4.67050600052 4.59943876194e-05 -68.046257019
      vertex -6.96569395065 5.30024044565e-05 -68.2780990601
      vertex -7.34704017639 4.59943876194e-05 -68.873588562
    endloop
  endfacet
  facet normal -5.14878047397e-06 1.66570316651e-05 1
    outer loop
      vertex -4.67050600052 4.59943876194e-05 -68.046257019
      vertex -7.34704017639 4.59943876194e-05 -68.873588562
      vertex -7.01322412491 3.79988814529e-05 -69.2504119873
    endloop
  endfacet
  facet normal 0.989315152168 -0.144402354956 -0.0200860835612
    outer loop
      vertex -0.559230983257 0.00777701288462 -66.8703536987
      vertex -0.676181018353 0.00776098994538 -67.6715927124
      vertex -0.690053999424 0.707620024681 -67.6692886353
    endloop
  endfacet
  facet normal 0.989328920841 -0.144289985299 -0.020216928795
    outer loop
      vertex -0.559230983257 0.00777701288462 -66.8703536987
      vertex -0.690053999424 0.707620024681 -67.6692886353
      vertex -0.573122024536 0.707637012005 -66.8675384521
    endloop
  endfacet
  facet normal 0.976197600365 -0.215921223164 -0.0204040333629
    outer loop
      vertex -0.676181018353 0.00776098994538 -67.6715927124
      vertex -0.854547023773 0.00771499192342 -68.4780044556
      vertex -0.868062973022 0.707566976547 -68.4729766846
    endloop
  endfacet
  facet normal 0.976141393185 -0.216207027435 -0.020061345771
    outer loop
      vertex -0.676181018353 0.00776098994538 -67.6715927124
      vertex -0.868062973022 0.707566976547 -68.4729766846
      vertex -0.690053999424 0.707620024681 -67.6692886353
    endloop
  endfacet
  facet normal 0.999609827995 -0.0195820052177 -0.0199193283916
    outer loop
      vertex -0.543888986111 0.00784199684858 -66.0871200562
      vertex -0.559230983257 0.00777701288462 -66.8703536987
      vertex -0.573122024536 0.707637012005 -66.8675384521
    endloop
  endfacet
  facet normal 0.999611377716 -0.0207557473332 -0.0186104234308
    outer loop
      vertex -0.543888986111 0.00784199684858 -66.0871200562
      vertex -0.573122024536 0.707637012005 -66.8675384521
      vertex -0.556928992271 0.707724988461 -66.0875930786
    endloop
  endfacet
  facet normal 0.953055560589 -0.302098035812 -0.0205404106528
    outer loop
      vertex -0.854547023773 0.00771499192342 -68.4780044556
      vertex -1.10493302345 0.00768399750814 -69.2679214478
      vertex -1.11838400364 0.707535982132 -69.2627716064
    endloop
  endfacet
  facet normal 0.953063964844 -0.302068978548 -0.0205761548132
    outer loop
      vertex -0.854547023773 0.00771499192342 -68.4780044556
      vertex -1.11838400364 0.707535982132 -69.2627716064
      vertex -0.868062973022 0.707566976547 -68.4729766846
    endloop
  endfacet
  facet normal 0.987118124962 0.15892021358 -0.0184990763664
    outer loop
      vertex -0.6674939394 0.00803401600569 -65.3193817139
      vertex -0.543888986111 0.00784199684858 -66.0871200562
      vertex -0.556928992271 0.707724988461 -66.0875930786
    endloop
  endfacet
  facet normal 0.987172603607 0.158620417118 -0.0181613210589
    outer loop
      vertex -0.6674939394 0.00803401600569 -65.3193817139
      vertex -0.556928992271 0.707724988461 -66.0875930786
      vertex -0.680163919926 0.707916021347 -65.3206634521
    endloop
  endfacet
  facet normal 0.914087951183 -0.405021727085 -0.0200151782483
    outer loop
      vertex -1.10493302345 0.00768399750814 -69.2679214478
      vertex -1.44104611874 0.00770600885153 -70.0264892578
      vertex -1.45293903351 0.707557976246 -70.0187454224
    endloop
  endfacet
  facet normal 0.914260983467 -0.404604256153 -0.0205490849912
    outer loop
      vertex -1.10493302345 0.00768399750814 -69.2679214478
      vertex -1.45293903351 0.707557976246 -70.0187454224
      vertex -1.11838400364 0.707535982132 -69.2627716064
    endloop
  endfacet
  facet normal 0.957826852798 0.28679010272 -0.0178648158908
    outer loop
      vertex -0.887717008591 0.00817000307143 -64.5838851929
      vertex -0.6674939394 0.00803401600569 -65.3193817139
      vertex -0.680163919926 0.707916021347 -65.3206634521
    endloop
  endfacet
  facet normal 0.958193957806 0.285640597343 -0.0165455844253
    outer loop
      vertex -0.887717008591 0.00817000307143 -64.5838851929
      vertex -0.680163919926 0.707916021347 -65.3206634521
      vertex -0.898579001427 0.708074986935 -64.5879898071
    endloop
  endfacet
  facet normal 0.864398300648 -0.502399742603 -0.0202495064586
    outer loop
      vertex -1.44104611874 0.00770600885153 -70.0264892578
      vertex -1.86120200157 0.00775700854138 -70.749382019
      vertex -1.87304294109 0.707607984543 -70.7415466309
    endloop
  endfacet
  facet normal 0.864397823811 -0.502400636673 -0.0202482640743
    outer loop
      vertex -1.44104611874 0.00770600885153 -70.0264892578
      vertex -1.87304294109 0.707607984543 -70.7415466309
      vertex -1.45293903351 0.707557976246 -70.0187454224
    endloop
  endfacet
  facet normal 0.928045868874 0.372096538544 -0.016584739089
    outer loop
      vertex -1.15684401989 0.00824498943985 -63.9126586914
      vertex -0.887717008591 0.00817000307143 -64.5838851929
      vertex -0.898579001427 0.708074986935 -64.5879898071
    endloop
  endfacet
  facet normal 0.927926301956 0.372380256653 -0.0169026236981
    outer loop
      vertex -1.15684401989 0.00824498943985 -63.9126586914
      vertex -0.898579001427 0.708074986935 -64.5879898071
      vertex -1.16814804077 0.708141982555 -63.9162597656
    endloop
  endfacet
  facet normal 0.805333435535 -0.592520296574 -0.0189140941948
    outer loop
      vertex -1.86120200157 0.00775700854138 -70.749382019
      vertex -2.36243724823 0.00783301331103 -71.4306411743
      vertex -2.37182402611 0.707708001137 -71.4210586548
    endloop
  endfacet
  facet normal 0.80597358942 -0.591604709625 -0.0202597100288
    outer loop
      vertex -1.86120200157 0.00775700854138 -70.749382019
      vertex -2.37182402611 0.707708001137 -71.4210586548
      vertex -1.87304294109 0.707607984543 -70.7415466309
    endloop
  endfacet
  facet normal 0.872287034988 0.488712280989 -0.0166025087237
    outer loop
      vertex -1.47095394135 0.00832300074399 -63.352016449
      vertex -1.15684401989 0.00824498943985 -63.9126586914
      vertex -1.16814804077 0.708141982555 -63.9162597656
    endloop
  endfacet
  facet normal 0.873181641102 0.48716506362 -0.0149679556489
    outer loop
      vertex -1.47095394135 0.00832300074399 -63.352016449
      vertex -1.16814804077 0.708141982555 -63.9162597656
      vertex -1.47965300083 0.70823597908 -63.3579292297
    endloop
  endfacet
  facet normal 0.73716199398 -0.675445258617 -0.0191290527582
    outer loop
      vertex -2.36243724823 0.00783301331103 -71.4306411743
      vertex -2.92885708809 0.00794198829681 -72.0488128662
      vertex -2.93820309639 0.707809984684 -72.0391921997
    endloop
  endfacet
  facet normal 0.737165331841 -0.67544144392 -0.0191351547837
    outer loop
      vertex -2.36243724823 0.00783301331103 -71.4306411743
      vertex -2.93820309639 0.707809984684 -72.0391921997
      vertex -2.37182402611 0.707708001137 -71.4210586548
    endloop
  endfacet
  facet normal 0.755042135715 0.655506432056 -0.0149217545986
    outer loop
      vertex -1.8239480257 0.00838199537247 -62.9454231262
      vertex -1.47095394135 0.00832300074399 -63.352016449
      vertex -1.47965300083 0.70823597908 -63.3579292297
    endloop
  endfacet
  facet normal 0.755047857761 0.655500054359 -0.0149151608348
    outer loop
      vertex -1.8239480257 0.00838199537247 -62.9454231262
      vertex -1.47965300083 0.70823597908 -63.3579292297
      vertex -1.83259499073 0.708302974701 -62.9513893127
    endloop
  endfacet
  facet normal 0.655565321445 -0.754943192005 -0.0171739496291
    outer loop
      vertex -2.92885708809 0.00794198829681 -72.0488128662
      vertex -3.54447388649 0.00807198695838 -72.5833892822
      vertex -3.55072808266 0.707961022854 -72.5728988647
    endloop
  endfacet
  facet normal 0.656815052032 -0.75380897522 -0.0191332995892
    outer loop
      vertex -2.92885708809 0.00794198829681 -72.0488128662
      vertex -3.55072808266 0.707961022854 -72.5728988647
      vertex -2.93820309639 0.707809984684 -72.0391921997
    endloop
  endfacet
  facet normal 0.498489379883 0.866789937019 -0.0135464901105
    outer loop
      vertex -2.27560710907 0.00849300902337 -62.6856765747
      vertex -1.8239480257 0.00838199537247 -62.9454231262
      vertex -1.83259499073 0.708302974701 -62.9513893127
    endloop
  endfacet
  facet normal 0.498515367508 0.866775333881 -0.0135244941339
    outer loop
      vertex -2.27560710907 0.00849300902337 -62.6856765747
      vertex -1.83259499073 0.708302974701 -62.9513893127
      vertex -2.27936792374 0.70842897892 -62.6944351196
    endloop
  endfacet
  facet normal 0.565452754498 -0.824595034122 -0.0174998342991
    outer loop
      vertex -3.54447388649 0.00807198695838 -72.5833892822
      vertex -4.20221805573 0.00819800328463 -73.0344238281
      vertex -4.20863580704 0.708087980747 -73.0239715576
    endloop
  endfacet
  facet normal 0.565390527248 -0.824639499187 -0.0174128245562
    outer loop
      vertex -3.54447388649 0.00807198695838 -72.5833892822
      vertex -4.20863580704 0.708087980747 -73.0239715576
      vertex -3.55072808266 0.707961022854 -72.5728988647
    endloop
  endfacet
  facet normal 0.178290933371 0.983888328075 -0.0132692940533
    outer loop
      vertex -2.91710495949 0.00855200365186 -62.5694313049
      vertex -2.27560710907 0.00849300902337 -62.6856765747
      vertex -2.27936792374 0.70842897892 -62.6944351196
    endloop
  endfacet
  facet normal 0.177810743451 0.983969032764 -0.0137212704867
    outer loop
      vertex -2.91710495949 0.00855200365186 -62.5694313049
      vertex -2.27936792374 0.70842897892 -62.6944351196
      vertex -2.91965293884 0.708487987518 -62.5787315369
    endloop
  endfacet
  facet normal 0.467594921589 -0.883812069893 -0.0152069916949
    outer loop
      vertex -4.20221805573 0.00819800328463 -73.0344238281
      vertex -4.89434814453 0.00832398887724 -73.400604248
      vertex -4.89745521545 0.708244979382 -73.3902053833
    endloop
  endfacet
  facet normal 0.469384789467 -0.882820546627 -0.0174884740263
    outer loop
      vertex -4.20221805573 0.00819800328463 -73.0344238281
      vertex -4.89745521545 0.708244979382 -73.3902053833
      vertex -4.20863580704 0.708087980747 -73.0239715576
    endloop
  endfacet
  facet normal -0.0521117188036 0.998555600643 -0.0130780506879
    outer loop
      vertex -3.66665697098 0.00847501121461 -62.6085472107
      vertex -2.91710495949 0.00855200365186 -62.5694313049
      vertex -2.91965293884 0.708487987518 -62.5787315369
    endloop
  endfacet
  facet normal -0.0540153682232 0.998425722122 -0.0151150254533
    outer loop
      vertex -3.66665697098 0.00847501121461 -62.6085472107
      vertex -2.91965293884 0.708487987518 -62.5787315369
      vertex -3.66526508331 0.708395004272 -62.6190681458
    endloop
  endfacet
  facet normal 0.355301201344 -0.934622645378 -0.0155435213819
    outer loop
      vertex -4.89434814453 0.00832398887724 -73.400604248
      vertex -5.5973777771 0.00847001001239 -73.6678619385
      vertex -5.60060310364 0.708391010761 -73.6574478149
    endloop
  endfacet
  facet normal 0.355231881142 -0.934650301933 -0.0154634416103
    outer loop
      vertex -4.89434814453 0.00832398887724 -73.400604248
      vertex -5.60060310364 0.708391010761 -73.6574478149
      vertex -4.89745521545 0.708244979382 -73.3902053833
    endloop
  endfacet
  facet normal -0.245814993978 0.969199836254 -0.0150571521372
    outer loop
      vertex -4.42682886124 0.00837699417025 -62.8013458252
      vertex -3.66665697098 0.00847501121461 -62.6085472107
      vertex -3.66526508331 0.708395004272 -62.6190681458
    endloop
  endfacet
  facet normal -0.246075510979 0.969128966331 -0.0153590198606
    outer loop
      vertex -4.42682886124 0.00837699417025 -62.8013458252
      vertex -3.66526508331 0.708395004272 -62.6190681458
      vertex -4.42490816116 0.708289980888 -62.8119506836
    endloop
  endfacet
  facet normal 0.212464377284 -0.977092325687 -0.0122273750603
    outer loop
      vertex -5.5973777771 0.00847001001239 -73.6678619385
      vertex -6.27967691422 0.00858898740262 -73.8162231445
      vertex -6.27799320221 0.708525002003 -73.8070983887
    endloop
  endfacet
  facet normal 0.215697422624 -0.97633689642 -0.0155208995566
    outer loop
      vertex -5.5973777771 0.00847001001239 -73.6678619385
      vertex -6.27799320221 0.708525002003 -73.8070983887
      vertex -5.60060310364 0.708391010761 -73.6574478149
    endloop
  endfacet
  facet normal -0.396114438772 0.918078660965 -0.0149972112849
    outer loop
      vertex -5.16738605499 0.0082519967109 -63.1208648682
      vertex -4.42682886124 0.00837699417025 -62.8013458252
      vertex -4.42490816116 0.708289980888 -62.8119506836
    endloop
  endfacet
  facet normal -0.397807091475 0.917309105396 -0.0171320773661
    outer loop
      vertex -5.16738605499 0.0082519967109 -63.1208648682
      vertex -4.42490816116 0.708289980888 -62.8119506836
      vertex -5.16192722321 0.708150029182 -63.1315689087
    endloop
  endfacet
  facet normal -0.0818888768554 -0.9965685606 -0.012054707855
    outer loop
      vertex -6.27967691422 0.00858898740262 -73.8162231445
      vertex -6.85526323318 0.00844500400126 -73.7689285278
      vertex -6.85092782974 0.708388984203 -73.7608184814
    endloop
  endfacet
  facet normal -0.0805107504129 -0.996666491032 -0.013187430799
    outer loop
      vertex -6.27967691422 0.00858898740262 -73.8162231445
      vertex -6.85092782974 0.708388984203 -73.7608184814
      vertex -6.27799320221 0.708525002003 -73.8070983887
    endloop
  endfacet
  facet normal -0.518044114113 0.8551825881 -0.0171197522432
    outer loop
      vertex -5.85593414307 0.00812199804932 -63.5379638672
      vertex -5.16738605499 0.0082519967109 -63.1208648682
      vertex -5.16192722321 0.708150029182 -63.1315689087
    endloop
  endfacet
  facet normal -0.518096923828 0.855149149895 -0.0171915218234
    outer loop
      vertex -5.85593414307 0.00812199804932 -63.5379638672
      vertex -5.16192722321 0.708150029182 -63.1315689087
      vertex -5.85035276413 0.708019971848 -63.5486526489
    endloop
  endfacet
  facet normal -0.561699450016 -0.827220678329 -0.0141300084069
    outer loop
      vertex -6.85526323318 0.00844500400126 -73.7689285278
      vertex -7.30355405807 0.00839601177722 -73.4645309448
      vertex -7.29428386688 0.70830899477 -73.4588699341
    endloop
  endfacet
  facet normal -0.562857449055 -0.826450765133 -0.0130625106394
    outer loop
      vertex -6.85526323318 0.00844500400126 -73.7689285278
      vertex -7.29428386688 0.70830899477 -73.4588699341
      vertex -6.85092782974 0.708388984203 -73.7608184814
    endloop
  endfacet
  facet normal -0.627638876438 0.778321325779 -0.0168917607516
    outer loop
      vertex -6.48742389679 0.00800601579249 -64.0471954346
      vertex -5.85593414307 0.00812199804932 -63.5379638672
      vertex -5.85035276413 0.708019971848 -63.5486526489
    endloop
  endfacet
  facet normal -0.628869652748 0.777284622192 -0.0187501981854
    outer loop
      vertex -6.48742389679 0.00800601579249 -64.0471954346
      vertex -5.85035276413 0.708019971848 -63.5486526489
      vertex -6.47860813141 0.707880020142 -64.0569458008
    endloop
  endfacet
  facet normal -0.79964607954 -0.60027629137 -0.0153149850667
    outer loop
      vertex -7.30355405807 0.00839601177722 -73.4645309448
      vertex -7.68772506714 0.00833599735051 -72.9527664185
      vertex -7.67866706848 0.70825701952 -72.946975708
    endloop
  endfacet
  facet normal -0.799558520317 -0.600389540195 -0.0154456887394
    outer loop
      vertex -7.30355405807 0.00839601177722 -73.4645309448
      vertex -7.67866706848 0.70825701952 -72.946975708
      vertex -7.29428386688 0.70830899477 -73.4588699341
    endloop
  endfacet
  facet normal -0.882193565369 -0.470572590828 -0.0172041840851
    outer loop
      vertex -7.68772506714 0.00833599735051 -72.9527664185
      vertex -8.01999092102 0.00822998583317 -72.329864502
      vertex -8.00826644897 0.708119988441 -72.3262557983
    endloop
  endfacet
  facet normal -0.883106827736 -0.468922197819 -0.0153083000332
    outer loop
      vertex -7.68772506714 0.00833599735051 -72.9527664185
      vertex -8.00826644897 0.708119988441 -72.3262557983
      vertex -7.67866706848 0.70825701952 -72.946975708
    endloop
  endfacet
  facet normal -0.723808348179 0.689746856689 -0.0187265407294
    outer loop
      vertex -7.05698013306 0.00790099147707 -64.6448745728
      vertex -6.48742389679 0.00800601579249 -64.0471954346
      vertex -6.47860813141 0.707880020142 -64.0569458008
    endloop
  endfacet
  facet normal -0.723879873753 0.689668476582 -0.0188514683396
    outer loop
      vertex -7.05698013306 0.00790099147707 -64.6448745728
      vertex -6.47860813141 0.707880020142 -64.0569458008
      vertex -7.04794120789 0.707776010036 -64.6545181274
    endloop
  endfacet
  facet normal -0.808721423149 0.587899446487 -0.0185448881239
    outer loop
      vertex -7.54350996017 0.00781100196764 -65.3141479492
      vertex -7.05698013306 0.00790099147707 -64.6448745728
      vertex -7.04794120789 0.707776010036 -64.6545181274
    endloop
  endfacet
  facet normal -0.809434831142 0.586868226528 -0.0200218036771
    outer loop
      vertex -7.54350996017 0.00781100196764 -65.3141479492
      vertex -7.04794120789 0.707776010036 -64.6545181274
      vertex -7.53174686432 0.707670986652 -65.3218002319
    endloop
  endfacet
  facet normal -0.933679938316 -0.357689201832 -0.0173254907131
    outer loop
      vertex -8.01999092102 0.00822998583317 -72.329864502
      vertex -8.28685283661 0.00809801183641 -71.6332778931
      vertex -8.27532100677 0.70799601078 -71.6294784546
    endloop
  endfacet
  facet normal -0.933623969555 -0.357827544212 -0.017484376207
    outer loop
      vertex -8.01999092102 0.00822998583317 -72.329864502
      vertex -8.27532100677 0.70799601078 -71.6294784546
      vertex -8.00826644897 0.708119988441 -72.3262557983
    endloop
  endfacet
  facet normal -0.883514642715 0.467977762222 -0.0199669953436
    outer loop
      vertex -7.92739295959 0.00775500154123 -66.0388946533
      vertex -7.54350996017 0.00781100196764 -65.3141479492
      vertex -7.53174686432 0.707670986652 -65.3218002319
    endloop
  endfacet
  facet normal -0.883604705334 0.467797547579 -0.0202025622129
    outer loop
      vertex -7.92739295959 0.00775500154123 -66.0388946533
      vertex -7.53174686432 0.707670986652 -65.3218002319
      vertex -7.91523694992 0.707615017891 -66.0461578369
    endloop
  endfacet
  facet normal -0.968130707741 -0.249720647931 -0.019039105624
    outer loop
      vertex -8.28685283661 0.00809801183641 -71.6332778931
      vertex -8.47858524323 0.00795801077038 -70.8899688721
      vertex -8.46506977081 0.707825005054 -70.8890075684
    endloop
  endfacet
  facet normal -0.968556046486 -0.248192846775 -0.0173057299107
    outer loop
      vertex -8.28685283661 0.00809801183641 -71.6332778931
      vertex -8.46506977081 0.707825005054 -70.8890075684
      vertex -8.27532100677 0.70799601078 -71.6294784546
    endloop
  endfacet
  facet normal -0.99171859026 -0.126940488815 -0.0195041093975
    outer loop
      vertex -8.47858524323 0.00795801077038 -70.8899688721
      vertex -8.57844638824 0.00780099956319 -70.1098327637
      vertex -8.56476306915 0.70766800642 -70.1091995239
    endloop
  endfacet
  facet normal -0.99174207449 -0.126783668995 -0.0193262286484
    outer loop
      vertex -8.47858524323 0.00795801077038 -70.8899688721
      vertex -8.56476306915 0.70766800642 -70.1091995239
      vertex -8.46506977081 0.707825005054 -70.8890075684
    endloop
  endfacet
  facet normal -0.939731657505 0.341335296631 -0.0198650415987
    outer loop
      vertex -8.20765590668 0.00771798659116 -66.8104858398
      vertex -7.92739295959 0.00775500154123 -66.0388946533
      vertex -7.91523694992 0.707615017891 -66.0461578369
    endloop
  endfacet
  facet normal -0.939989447594 0.340568333864 -0.0208103172481
    outer loop
      vertex -8.20765590668 0.00771798659116 -66.8104858398
      vertex -7.91523694992 0.707615017891 -66.0461578369
      vertex -8.19370746613 0.707570016384 -66.8147506714
    endloop
  endfacet
  facet normal -0.999757647514 0.00737223261967 -0.0207433886826
    outer loop
      vertex -8.57844638824 0.00780099956319 -70.1098327637
      vertex -8.57244682312 0.00774901267141 -69.2961044312
      vertex -8.55794143677 0.707593977451 -69.2981872559
    endloop
  endfacet
  facet normal -0.999773740768 0.00841094087809 -0.0195391252637
    outer loop
      vertex -8.57844638824 0.00780099956319 -70.1098327637
      vertex -8.55794143677 0.707593977451 -69.2981872559
      vertex -8.56476306915 0.70766800642 -70.1091995239
    endloop
  endfacet
  facet normal -0.976668536663 0.21374566853 -0.0207685250789
    outer loop
      vertex -8.38531780243 0.00772900832817 -67.6222763062
      vertex -8.20765590668 0.00771798659116 -66.8104858398
      vertex -8.19370746613 0.707570016384 -66.8147506714
    endloop
  endfacet
  facet normal -0.976676344872 0.213705375791 -0.0208171475679
    outer loop
      vertex -8.38531780243 0.00772900832817 -67.6222763062
      vertex -8.19370746613 0.707570016384 -66.8147506714
      vertex -8.37123394012 0.707580983639 -67.626083374
    endloop
  endfacet
  facet normal -0.995636820793 0.090996876359 -0.0206609070301
    outer loop
      vertex -8.57244682312 0.00774901267141 -69.2961044312
      vertex -8.49596309662 0.00776599114761 -68.4592666626
      vertex -8.4815454483 0.707617998123 -68.4604187012
    endloop
  endfacet
  facet normal -0.995650351048 0.0907926484942 -0.0209065228701
    outer loop
      vertex -8.57244682312 0.00774901267141 -69.2961044312
      vertex -8.4815454483 0.707617998123 -68.4604187012
      vertex -8.55794143677 0.707593977451 -69.2981872559
    endloop
  endfacet
  facet normal -0.991163492203 0.13102735579 -0.0206589326262
    outer loop
      vertex -8.49596309662 0.00776599114761 -68.4592666626
      vertex -8.38531780243 0.00772900832817 -67.6222763062
      vertex -8.37123394012 0.707580983639 -67.626083374
    endloop
  endfacet
  facet normal -0.991161346436 0.131047442555 -0.0206346362829
    outer loop
      vertex -8.49596309662 0.00776599114761 -68.4592666626
      vertex -8.37123394012 0.707580983639 -67.626083374
      vertex -8.4815454483 0.707617998123 -68.4604187012
    endloop
  endfacet
  facet normal 0.00365074817091 0.0173691250384 -0.999842464924
    outer loop
      vertex 6.07897186279 0.702686011791 -73.5019454956
      vertex 6.22760677338 0.708333015442 -73.858253479
      vertex 5.54528999329 0.708244025707 -73.7097167969
    endloop
  endfacet
  facet normal 0.00527376355603 0.0132017591968 -0.999898970127
    outer loop
      vertex 6.07897186279 0.702686011791 -73.5019454956
      vertex 5.54528999329 0.708244025707 -73.7097167969
      vertex 5.41467285156 0.702663004398 -73.2348327637
    endloop
  endfacet
  facet normal -0.00107706140261 0.0115456227213 -0.999932765961
    outer loop
      vertex 6.61156797409 0.702701985836 -73.3347473145
      vertex 6.79842710495 0.708415985107 -73.8121871948
      vertex 6.22760677338 0.708333015442 -73.858253479
    endloop
  endfacet
  facet normal -0.00442534592003 0.0140009569004 -0.999892175198
    outer loop
      vertex 6.61156797409 0.702701985836 -73.3347473145
      vertex 6.22760677338 0.708333015442 -73.858253479
      vertex 6.07897186279 0.702686011791 -73.5019454956
    endloop
  endfacet
  facet normal 0.00480820285156 0.0130737535655 -0.999902963638
    outer loop
      vertex 5.41467285156 0.702663004398 -73.2348327637
      vertex 5.54528999329 0.708244025707 -73.7097167969
      vertex 4.84555721283 0.70811599493 -73.4425811768
    endloop
  endfacet
  facet normal 0.00342255318537 0.0168683286756 -0.999851882458
    outer loop
      vertex 5.41467285156 0.702663004398 -73.2348327637
      vertex 4.84555721283 0.70811599493 -73.4425811768
      vertex 4.77517318726 0.702663004398 -73.1050796509
    endloop
  endfacet
  facet normal 0.0093939229846 0.0181126538664 -0.999791800976
    outer loop
      vertex 4.77517318726 0.702663004398 -73.1050796509
      vertex 4.84555721283 0.70811599493 -73.4425811768
      vertex 4.15331792831 0.707983016968 -73.0762176514
    endloop
  endfacet
  facet normal 0.00915337260813 0.0129144852981 -0.999874711037
    outer loop
      vertex 4.77517318726 0.702663004398 -73.1050796509
      vertex 4.15331792831 0.707983016968 -73.0762176514
      vertex 4.14239883423 0.70265597105 -72.6560440063
    endloop
  endfacet
  facet normal -0.00672873808071 0.00933369714767 -0.99993377924
    outer loop
      vertex 7.24392318726 0.708581984043 -73.5088119507
      vertex 6.79842710495 0.708415985107 -73.8121871948
      vertex 6.61156797409 0.702701985836 -73.3347473145
    endloop
  endfacet
  facet normal -0.00536417169496 0.0142892943695 -0.999883532524
    outer loop
      vertex 7.24392318726 0.708581984043 -73.5088119507
      vertex 6.61156797409 0.702701985836 -73.3347473145
      vertex 7.11073303223 0.702701985836 -73.1473617554
    endloop
  endfacet
  facet normal 0.00865515228361 0.0129015957937 -0.999879300594
    outer loop
      vertex 4.14239883423 0.70265597105 -72.6560440063
      vertex 4.15331792831 0.707983016968 -73.0762176514
      vertex 3.49862289429 0.707843005657 -72.626159668
    endloop
  endfacet
  facet normal 0.00888021755964 0.0177632309496 -0.99980276823
    outer loop
      vertex 4.14239883423 0.70265597105 -72.6560440063
      vertex 3.49862289429 0.707843005657 -72.626159668
      vertex 3.51676893234 0.702641010284 -72.3424377441
    endloop
  endfacet
  facet normal -0.0144555382431 0.0109384609386 -0.999835669994
    outer loop
      vertex 7.62335968018 0.70849698782 -72.9996032715
      vertex 7.24392318726 0.708581984043 -73.5088119507
      vertex 7.11073303223 0.702701985836 -73.1473617554
    endloop
  endfacet
  facet normal -0.0132033191621 0.00659189699218 -0.999891102314
    outer loop
      vertex 7.62335968018 0.70849698782 -72.9996032715
      vertex 7.11073303223 0.702701985836 -73.1473617554
      vertex 7.40980100632 0.702701985836 -72.5483398438
    endloop
  endfacet
  facet normal 0.000765287375543 0.00198934506625 -0.999997735023
    outer loop
      vertex 5.68046188354 0.700047016144 -72.0220794678
      vertex 6.07897186279 0.702686011791 -73.5019454956
      vertex 5.41467285156 0.702663004398 -73.2348327637
    endloop
  endfacet
  facet normal 0.00188645278104 0.00174362619873 -0.999996721745
    outer loop
      vertex 5.68046188354 0.700047016144 -72.0220794678
      vertex 5.41467285156 0.702663004398 -73.2348327637
      vertex 5.13722991943 0.700047016144 -71.4343490601
    endloop
  endfacet
  facet normal -0.00054386787815 0.00163680687547 -0.999998509884
    outer loop
      vertex 6.61156797409 0.702701985836 -73.3347473145
      vertex 6.07897186279 0.702686011791 -73.5019454956
      vertex 5.68046188354 0.700047016144 -72.0220794678
    endloop
  endfacet
  facet normal -0.00180493306834 0.00074230338214 -0.999998092651
    outer loop
      vertex 6.61156797409 0.702701985836 -73.3347473145
      vertex 5.68046188354 0.700047016144 -72.0220794678
      vertex 5.91027498245 0.700069010258 -71.4929351807
    endloop
  endfacet
  facet normal 0.0148944305256 0.0173773895949 -0.999738037586
    outer loop
      vertex 3.51676893234 0.702641010284 -72.3424377441
      vertex 3.49862289429 0.707843005657 -72.626159668
      vertex 2.88310790062 0.70771998167 -72.0915145874
    endloop
  endfacet
  facet normal 0.0125785022974 0.011526575312 -0.999854445457
    outer loop
      vertex 3.51676893234 0.702641010284 -72.3424377441
      vertex 2.88310790062 0.70771998167 -72.0915145874
      vertex 2.98289895058 0.702624976635 -71.7584533691
    endloop
  endfacet
  facet normal 0.000389738357626 0.0019208570011 -0.999998092651
    outer loop
      vertex 5.41467285156 0.702663004398 -73.2348327637
      vertex 4.77517318726 0.702663004398 -73.1050796509
      vertex 4.73468780518 0.700047016144 -71.7349777222
    endloop
  endfacet
  facet normal -0.000973105721641 0.00130298943259 -0.999998688698
    outer loop
      vertex 5.41467285156 0.702663004398 -73.2348327637
      vertex 4.73468780518 0.700047016144 -71.7349777222
      vertex 5.13722991943 0.700047016144 -71.4343490601
    endloop
  endfacet
  facet normal 0.0013725789031 0.0019498973852 -0.999997138977
    outer loop
      vertex 4.73468780518 0.700047016144 -71.7349777222
      vertex 4.77517318726 0.702663004398 -73.1050796509
      vertex 4.14239883423 0.70265597105 -72.6560440063
    endloop
  endfacet
  facet normal 0.00221317447722 0.0014093532227 -0.999996542931
    outer loop
      vertex 4.73468780518 0.700047016144 -71.7349777222
      vertex 4.14239883423 0.70265597105 -72.6560440063
      vertex 4.31135606766 0.700030982494 -71.0588302612
    endloop
  endfacet
  facet normal -0.000606744608376 0.00161627028137 -0.999998509884
    outer loop
      vertex 6.42798614502 0.700053989887 -71.7653198242
      vertex 7.11073303223 0.702701985836 -73.1473617554
      vertex 6.61156797409 0.702701985836 -73.3347473145
    endloop
  endfacet
  facet normal 0.000976874260232 0.00180151080713 -0.999997913837
    outer loop
      vertex 6.42798614502 0.700053989887 -71.7653198242
      vertex 6.61156797409 0.702701985836 -73.3347473145
      vertex 5.91027498245 0.700069010258 -71.4929351807
    endloop
  endfacet
  facet normal -0.0124878631905 0.00693057198077 -0.999898016453
    outer loop
      vertex 7.9556760788 0.708328008652 -72.3764419556
      vertex 7.62335968018 0.70849698782 -72.9996032715
      vertex 7.40980100632 0.702701985836 -72.5483398438
    endloop
  endfacet
  facet normal -0.0136830378324 0.0107275489718 -0.999848842621
    outer loop
      vertex 7.9556760788 0.708328008652 -72.3764419556
      vertex 7.40980100632 0.702701985836 -72.5483398438
      vertex 7.78422546387 0.702693998814 -72.0700149536
    endloop
  endfacet
  facet normal 0.000974934955593 0.00199258630164 -0.99999755621
    outer loop
      vertex 4.14239883423 0.70265597105 -72.6560440063
      vertex 3.51676893234 0.702641010284 -72.3424377441
      vertex 3.82015609741 0.700030982494 -71.1810073853
    endloop
  endfacet
  facet normal -0.000419829651946 0.00168788188603 -0.999998509884
    outer loop
      vertex 4.14239883423 0.70265597105 -72.6560440063
      vertex 3.82015609741 0.700030982494 -71.1810073853
      vertex 4.31135606766 0.700030982494 -71.0588302612
    endloop
  endfacet
  facet normal -0.00192898337264 0.00096306548221 -0.999997675419
    outer loop
      vertex 7.40980100632 0.702701985836 -72.5483398438
      vertex 7.11073303223 0.702701985836 -73.1473617554
      vertex 6.42798614502 0.700053989887 -71.7653198242
    endloop
  endfacet
  facet normal -0.00270285620354 -7.2837733569e-06 -0.999996364117
    outer loop
      vertex 7.40980100632 0.702701985836 -72.5483398438
      vertex 6.42798614502 0.700053989887 -71.7653198242
      vertex 6.43145751953 0.700069010258 -70.9892578125
    endloop
  endfacet
  facet normal 0.0104969553649 0.0121504981071 -0.999871075153
    outer loop
      vertex 2.41632509232 0.702618002892 -71.268409729
      vertex 2.98289895058 0.702624976635 -71.7584533691
      vertex 2.88310790062 0.70771998167 -72.0915145874
    endloop
  endfacet
  facet normal 0.0172728300095 0.0159921776503 -0.999722898006
    outer loop
      vertex 2.41632509232 0.702618002892 -71.268409729
      vertex 2.88310790062 0.70771998167 -72.0915145874
      vertex 2.31909704208 0.707605004311 -71.475151062
    endloop
  endfacet
  facet normal 0.00188851100393 0.00175394141115 -0.99999666214
    outer loop
      vertex 3.82015609741 0.700030982494 -71.1810073853
      vertex 3.51676893234 0.702641010284 -72.3424377441
      vertex 2.98289895058 0.702624976635 -71.7584533691
    endloop
  endfacet
  facet normal 0.00245395558886 0.000934084993787 -0.999996542931
    outer loop
      vertex 3.82015609741 0.700030982494 -71.1810073853
      vertex 2.98289895058 0.702624976635 -71.7584533691
      vertex 3.55744600296 0.700016021729 -70.4748077393
    endloop
  endfacet
  facet normal 0.0199282523245 0.0147426323965 -0.999692738056
    outer loop
      vertex 2.41632509232 0.702618002892 -71.268409729
      vertex 2.31909704208 0.707605004311 -71.475151062
      vertex 1.81795608997 0.707548975945 -70.7939376831
    endloop
  endfacet
  facet normal 0.015376413241 0.00900064595044 -0.999841272831
    outer loop
      vertex 2.41632509232 0.702618002892 -71.268409729
      vertex 1.81795608997 0.707548975945 -70.7939376831
      vertex 2.01182198524 0.702610015869 -70.5764846802
    endloop
  endfacet
  facet normal -0.0192956291139 0.00758604425937 -0.999785065651
    outer loop
      vertex 8.22005653381 0.708162009716 -71.6820907593
      vertex 7.9556760788 0.708328008652 -72.3764419556
      vertex 7.78422546387 0.702693998814 -72.0700149536
    endloop
  endfacet
  facet normal -0.0157528053969 0.0036045066081 -0.999869406223
    outer loop
      vertex 8.22005653381 0.708162009716 -71.6820907593
      vertex 7.78422546387 0.702693998814 -72.0700149536
      vertex 7.94505310059 0.702594995499 -71.3396835327
    endloop
  endfacet
  facet normal -3.06185866066e-05 -2.83004010271e-05 -1
    outer loop
      vertex 5.91027498245 0.700069010258 -71.4929351807
      vertex 5.68046188354 0.700047016144 -72.0220794678
      vertex 5.13722991943 0.700047016144 -71.4343490601
    endloop
  endfacet
  facet normal -2.88154296868e-05 -4.50775132776e-06 -1
    outer loop
      vertex 5.91027498245 0.700069010258 -71.4929351807
      vertex 5.13722991943 0.700047016144 -71.4343490601
      vertex 4.61540222168 0.700047016144 -68.0986099243
    endloop
  endfacet
  facet normal 0.00161627563648 0.00188292493112 -0.999996900558
    outer loop
      vertex 2.98289895058 0.702624976635 -71.7584533691
      vertex 2.41632509232 0.702618002892 -71.268409729
      vertex 3.02023696899 0.700007975101 -70.4006576538
    endloop
  endfacet
  facet normal 0.000250139273703 0.00192049448378 -0.999998152256
    outer loop
      vertex 2.98289895058 0.702624976635 -71.7584533691
      vertex 3.02023696899 0.700007975101 -70.4006576538
      vertex 3.55744600296 0.700016021729 -70.4748077393
    endloop
  endfacet
  facet normal -0.00152130716015 0.00120756740216 -0.999998092651
    outer loop
      vertex 6.91646623611 0.70006197691 -70.9836273193
      vertex 7.78422546387 0.702693998814 -72.0700149536
      vertex 7.40980100632 0.702701985836 -72.5483398438
    endloop
  endfacet
  facet normal -5.0540365919e-06 0.00168562412728 -0.999998569489
    outer loop
      vertex 6.91646623611 0.70006197691 -70.9836273193
      vertex 7.40980100632 0.702701985836 -72.5483398438
      vertex 6.43145751953 0.700069010258 -70.9892578125
    endloop
  endfacet
  facet normal -1.20591139421e-05 1.61471652973e-05 -1
    outer loop
      vertex 5.13722991943 0.700047016144 -71.4343490601
      vertex 4.73468780518 0.700047016144 -71.7349777222
      vertex 4.31135606766 0.700030982494 -71.0588302612
    endloop
  endfacet
  facet normal -2.08867859328e-05 -3.26743133883e-06 -1
    outer loop
      vertex 5.13722991943 0.700047016144 -71.4343490601
      vertex 4.31135606766 0.700030982494 -71.0588302612
      vertex 4.61540222168 0.700047016144 -68.0986099243
    endloop
  endfacet
  facet normal 1.88045050891e-05 -1.94580534298e-05 -1
    outer loop
      vertex 6.43145751953 0.700069010258 -70.9892578125
      vertex 6.42798614502 0.700053989887 -71.7653198242
      vertex 5.91027498245 0.700069010258 -71.4929351807
    endloop
  endfacet
  facet normal -4.5788992793e-06 4.73803856949e-06 -1
    outer loop
      vertex 6.43145751953 0.700069010258 -70.9892578125
      vertex 5.91027498245 0.700069010258 -71.4929351807
      vertex 4.61540222168 0.700047016144 -68.0986099243
    endloop
  endfacet
  facet normal 0.00233981315978 0.00137937732507 -0.999996304512
    outer loop
      vertex 3.02023696899 0.700007975101 -70.4006576538
      vertex 2.41632509232 0.702618002892 -71.268409729
      vertex 2.01182198524 0.702610015869 -70.5764846802
    endloop
  endfacet
  facet normal 0.00251951441169 0.000348750007106 -0.999996781349
    outer loop
      vertex 3.02023696899 0.700007975101 -70.4006576538
      vertex 2.01182198524 0.702610015869 -70.5764846802
      vertex 2.92706298828 0.700001001358 -69.7075271606
    endloop
  endfacet
  facet normal -4.82659152112e-06 1.9404813429e-05 -1
    outer loop
      vertex 4.31135606766 0.700030982494 -71.0588302612
      vertex 3.82015609741 0.700030982494 -71.1810073853
      vertex 3.55744600296 0.700016021729 -70.4748077393
    endloop
  endfacet
  facet normal -2.22790604312e-05 -3.12442989525e-06 -1
    outer loop
      vertex 4.31135606766 0.700030982494 -71.0588302612
      vertex 3.55744600296 0.700016021729 -70.4748077393
      vertex 4.61540222168 0.700047016144 -68.0986099243
    endloop
  endfacet
  facet normal -0.0022445821669 0.000629845075309 -0.999997258186
    outer loop
      vertex 7.94505310059 0.702594995499 -71.3396835327
      vertex 7.78422546387 0.702693998814 -72.0700149536
      vertex 6.91646623611 0.70006197691 -70.9836273193
    endloop
  endfacet
  facet normal -0.00261580129154 -0.000442550866865 -0.999996483326
    outer loop
      vertex 7.94505310059 0.702594995499 -71.3396835327
      vertex 6.91646623611 0.70006197691 -70.9836273193
      vertex 6.78492689133 0.70006197691 -70.2061309814
    endloop
  endfacet
  facet normal 0.0139572266489 0.0102660898119 -0.999849915504
    outer loop
      vertex 1.5598950386 0.702618002892 -69.9628448486
      vertex 2.01182198524 0.702610015869 -70.5764846802
      vertex 1.81795608997 0.707548975945 -70.7939376831
    endloop
  endfacet
  facet normal 0.0217194166034 0.0126753263175 -0.999683737755
    outer loop
      vertex 1.5598950386 0.702618002892 -69.9628448486
      vertex 1.81795608997 0.707548975945 -70.7939376831
      vertex 1.399345994 0.707511007786 -70.0736465454
    endloop
  endfacet
  facet normal -0.015137989074 0.00409841816872 -0.999877035618
    outer loop
      vertex 8.41185379028 0.708018004894 -70.9385375977
      vertex 8.22005653381 0.708162009716 -71.6820907593
      vertex 7.94505310059 0.702594995499 -71.3396835327
    endloop
  endfacet
  facet normal -0.0181207433343 0.00757029745728 -0.99980711937
    outer loop
      vertex 8.41185379028 0.708018004894 -70.9385375977
      vertex 7.94505310059 0.702594995499 -71.3396835327
      vertex 8.20066070557 0.702571988106 -70.7248077393
    endloop
  endfacet
  facet normal -1.38097320814e-05 8.20834065962e-06 -1
    outer loop
      vertex 3.55744600296 0.700016021729 -70.4748077393
      vertex 3.02023696899 0.700007975101 -70.4006576538
      vertex 2.92706298828 0.700001001358 -69.7075271606
    endloop
  endfacet
  facet normal -2.57322408288e-05 -1.58696730068e-06 -1
    outer loop
      vertex 3.55744600296 0.700016021729 -70.4748077393
      vertex 2.92706298828 0.700001001358 -69.7075271606
      vertex 4.61540222168 0.700047016144 -68.0986099243
    endloop
  endfacet
  facet normal 0.00215519801714 0.00157425901853 -0.999996423721
    outer loop
      vertex 2.01182198524 0.702610015869 -70.5764846802
      vertex 1.5598950386 0.702618002892 -69.9628448486
      vertex 2.39717507362 0.700007975101 -69.4511795044
    endloop
  endfacet
  facet normal 0.000970947905444 0.00197980017401 -0.99999755621
    outer loop
      vertex 2.01182198524 0.702610015869 -70.5764846802
      vertex 2.39717507362 0.700007975101 -69.4511795044
      vertex 2.92706298828 0.700001001358 -69.7075271606
    endloop
  endfacet
  facet normal 1.44864825415e-05 2.45087630901e-06 -1
    outer loop
      vertex 6.78492689133 0.70006197691 -70.2061309814
      vertex 6.91646623611 0.70006197691 -70.9836273193
      vertex 6.43145751953 0.700069010258 -70.9892578125
    endloop
  endfacet
  facet normal 1.27332759803e-06 8.41471228341e-06 -1
    outer loop
      vertex 6.78492689133 0.70006197691 -70.2061309814
      vertex 6.43145751953 0.700069010258 -70.9892578125
      vertex 4.61540222168 0.700047016144 -68.0986099243
    endloop
  endfacet
  facet normal 0.0233351159841 0.0103338016197 -0.999674260616
    outer loop
      vertex 1.5598950386 0.702618002892 -69.9628448486
      vertex 1.399345994 0.707511007786 -70.0736465454
      vertex 1.06328594685 0.707515001297 -69.3151626587
    endloop
  endfacet
  facet normal 0.0169720612466 0.00545367924497 -0.999841094017
    outer loop
      vertex 1.5598950386 0.702618002892 -69.9628448486
      vertex 1.06328594685 0.707515001297 -69.3151626587
      vertex 1.32403898239 0.702618002892 -69.2288513184
    endloop
  endfacet
  facet normal -0.00195306737442 0.000849306001328 -0.999997735023
    outer loop
      vertex 7.22745084763 0.70006197691 -70.0074386597
      vertex 8.20066070557 0.702571988106 -70.7248077393
      vertex 7.94505310059 0.702594995499 -71.3396835327
    endloop
  endfacet
  facet normal -0.00068742968142 0.00153103261255 -0.999998569489
    outer loop
      vertex 7.22745084763 0.70006197691 -70.0074386597
      vertex 7.94505310059 0.702594995499 -71.3396835327
      vertex 6.78492689133 0.70006197691 -70.2061309814
    endloop
  endfacet
  facet normal -0.0226564891636 0.0030866402667 -0.999738514423
    outer loop
      vertex 8.50984382629 0.707839012146 -70.1613006592
      vertex 8.41185379028 0.708018004894 -70.9385375977
      vertex 8.20066070557 0.702571988106 -70.7248077393
    endloop
  endfacet
  facet normal -0.0174310635775 0.000218550587306 -0.99984806776
    outer loop
      vertex 8.50984382629 0.707839012146 -70.1613006592
      vertex 8.20066070557 0.702571988106 -70.7248077393
      vertex 8.20949172974 0.70255702734 -69.951965332
    endloop
  endfacet
  facet normal 0.00260558142327 0.000837258645333 -0.999996244907
    outer loop
      vertex 2.39717507362 0.700007975101 -69.4511795044
      vertex 1.5598950386 0.702618002892 -69.9628448486
      vertex 1.32403898239 0.702618002892 -69.2288513184
    endloop
  endfacet
  facet normal 0.00236434442922 -0.000327158573782 -0.999997138977
    outer loop
      vertex 2.39717507362 0.700007975101 -69.4511795044
      vertex 1.32403898239 0.702618002892 -69.2288513184
      vertex 2.47959089279 0.700016021729 -68.8310317993
    endloop
  endfacet
  facet normal -0.00254340004176 4.84350784973e-05 -0.999996781349
    outer loop
      vertex 8.20949172974 0.70255702734 -69.951965332
      vertex 8.20066070557 0.702571988106 -70.7248077393
      vertex 7.22745084763 0.70006197691 -70.0074386597
    endloop
  endfacet
  facet normal -0.00248735677451 -0.00094367924612 -0.999996483326
    outer loop
      vertex 8.20949172974 0.70255702734 -69.951965332
      vertex 7.22745084763 0.70006197691 -70.0074386597
      vertex 6.9566988945 0.700053989887 -69.3022613525
    endloop
  endfacet
  facet normal 6.48619379717e-06 -1.38062705446e-05 -1
    outer loop
      vertex 2.92706298828 0.700001001358 -69.7075271606
      vertex 2.39717507362 0.700007975101 -69.4511795044
      vertex 2.47959089279 0.700016021729 -68.8310317993
    endloop
  endfacet
  facet normal -7.35426101528e-06 -2.0872155801e-05 -1
    outer loop
      vertex 2.92706298828 0.700001001358 -69.7075271606
      vertex 2.47959089279 0.700016021729 -68.8310317993
      vertex 4.61540222168 0.700047016144 -68.0986099243
    endloop
  endfacet
  facet normal 0.0163944773376 0.00719852466136 -0.999839663506
    outer loop
      vertex 1.01464104652 0.702602028847 -68.521987915
      vertex 1.32403898239 0.702618002892 -69.2288513184
      vertex 1.06328594685 0.707515001297 -69.3151626587
    endloop
  endfacet
  facet normal 0.024402173236 0.00768859637901 -0.999672651291
    outer loop
      vertex 1.01464104652 0.702602028847 -68.521987915
      vertex 1.06328594685 0.707515001297 -69.3151626587
      vertex 0.813305020332 0.707562983036 -68.5280075073
    endloop
  endfacet
  facet normal -4.34228832091e-06 9.67107644101e-06 -1
    outer loop
      vertex 6.9566988945 0.700053989887 -69.3022613525
      vertex 7.22745084763 0.70006197691 -70.0074386597
      vertex 6.78492689133 0.70006197691 -70.2061309814
    endloop
  endfacet
  facet normal 1.42845112805e-06 8.57439954416e-06 -1
    outer loop
      vertex 6.9566988945 0.700053989887 -69.3022613525
      vertex 6.78492689133 0.70006197691 -70.2061309814
      vertex 4.61540222168 0.700047016144 -68.0986099243
    endloop
  endfacet
  facet normal 0.00161628611386 0.00184573570732 -0.999997019768
    outer loop
      vertex 2.00104498863 0.700001001358 -68.4038467407
      vertex 2.47959089279 0.700016021729 -68.8310317993
      vertex 1.32403898239 0.702618002892 -69.2288513184
    endloop
  endfacet
  facet normal 0.00250294758007 0.00111813098192 -0.999996244907
    outer loop
      vertex 2.00104498863 0.700001001358 -68.4038467407
      vertex 1.32403898239 0.702618002892 -69.2288513184
      vertex 1.01464104652 0.702602028847 -68.521987915
    endloop
  endfacet
  facet normal -0.0175878610462 -6.48710329187e-06 -0.999845325947
    outer loop
      vertex 8.50357341766 0.707733988762 -69.34790802
      vertex 8.50984382629 0.707839012146 -70.1613006592
      vertex 8.20949172974 0.70255702734 -69.951965332
    endloop
  endfacet
  facet normal -0.0226386450231 0.00245335022919 -0.999740719795
    outer loop
      vertex 8.50357341766 0.707733988762 -69.34790802
      vertex 8.20949172974 0.70255702734 -69.951965332
      vertex 8.28594589233 0.70254099369 -69.239944458
    endloop
  endfacet
  facet normal -0.00136805814691 0.0012146178633 -0.99999833107
    outer loop
      vertex 8.20949172974 0.70255702734 -69.951965332
      vertex 6.9566988945 0.700053989887 -69.3022613525
      vertex 7.29015398026 0.700053989887 -68.9266815186
    endloop
  endfacet
  facet normal -0.00240906397812 0.000281179556623 -0.999997079372
    outer loop
      vertex 8.20949172974 0.70255702734 -69.951965332
      vertex 7.29015398026 0.700053989887 -68.9266815186
      vertex 8.28594589233 0.70254099369 -69.239944458
    endloop
  endfacet
  facet normal 0.0245547145605 0.00260507361963 -0.999695122242
    outer loop
      vertex 0.936305999756 0.702594995499 -67.780921936
      vertex 1.01464104652 0.702602028847 -68.521987915
      vertex 0.813305020332 0.707562983036 -68.5280075073
    endloop
  endfacet
  facet normal 0.0174781475216 0.00377113185823 -0.999840140343
    outer loop
      vertex 0.936305999756 0.702594995499 -67.780921936
      vertex 0.813305020332 0.707562983036 -68.5280075073
      vertex 0.634903013706 0.707638025284 -67.7210617065
    endloop
  endfacet
  facet normal 0.00260277674533 0.000284628360532 -0.999996542931
    outer loop
      vertex 2.00104498863 0.700001001358 -68.4038467407
      vertex 1.01464104652 0.702602028847 -68.521987915
      vertex 0.936305999756 0.702594995499 -67.780921936
    endloop
  endfacet
  facet normal 0.00193923211191 -0.000849545293022 -0.999997735023
    outer loop
      vertex 2.00104498863 0.700001001358 -68.4038467407
      vertex 0.936305999756 0.702594995499 -67.780921936
      vertex 2.2261428833 0.700001001358 -67.8900222778
    endloop
  endfacet
  facet normal -2.25383482757e-05 9.87367548078e-06 -1
    outer loop
      vertex 2.47959089279 0.700016021729 -68.8310317993
      vertex 2.00104498863 0.700001001358 -68.4038467407
      vertex 2.2261428833 0.700001001358 -67.8900222778
    endloop
  endfacet
  facet normal -1.82901294465e-05 1.10178743853e-05 -1
    outer loop
      vertex 2.47959089279 0.700016021729 -68.8310317993
      vertex 2.2261428833 0.700001001358 -67.8900222778
      vertex 4.61540222168 0.700047016144 -68.0986099243
    endloop
  endfacet
  facet normal 0 0 -1
    outer loop
      vertex 6.90890884399 0.700053989887 -68.3301849365
      vertex 7.29015398026 0.700053989887 -68.9266815186
      vertex 6.9566988945 0.700053989887 -69.3022613525
    endloop
  endfacet
  facet normal -3.05687467517e-06 -1.50284762412e-07 -1
    outer loop
      vertex 6.90890884399 0.700053989887 -68.3301849365
      vertex 6.9566988945 0.700053989887 -69.3022613525
      vertex 4.61540222168 0.700047016144 -68.0986099243
    endloop
  endfacet
  facet normal -0.0249583758414 -0.00222526770085 -0.999686002731
    outer loop
      vertex 8.42640018463 0.707664012909 -68.5137863159
      vertex 8.50357341766 0.707733988762 -69.34790802
      vertex 8.28594589233 0.70254099369 -69.239944458
    endloop
  endfacet
  facet normal -0.0180680975318 -0.00355901243165 -0.999830424786
    outer loop
      vertex 8.42640018463 0.707664012909 -68.5137863159
      vertex 8.28594589233 0.70254099369 -69.239944458
      vertex 8.13148498535 0.702534019947 -68.4577484131
    endloop
  endfacet
  facet normal -0.0026599529665 -0.00051634554984 -0.999996304512
    outer loop
      vertex 8.13148498535 0.702534019947 -68.4577484131
      vertex 8.28594589233 0.70254099369 -69.239944458
      vertex 7.29015398026 0.700053989887 -68.9266815186
    endloop
  endfacet
  facet normal -0.00217347498983 -0.00138915609568 -0.99999666214
    outer loop
      vertex 8.13148498535 0.702534019947 -68.4577484131
      vertex 7.29015398026 0.700053989887 -68.9266815186
      vertex 6.90890884399 0.700053989887 -68.3301849365
    endloop
  endfacet
  facet normal 0.0176502689719 0.0046383459121 -0.999833464622
    outer loop
      vertex 0.739135980606 0.702594995499 -67.030632019
      vertex 0.936305999756 0.702594995499 -67.780921936
      vertex 0.634903013706 0.707638025284 -67.7210617065
    endloop
  endfacet
  facet normal 0.0248656198382 0.00354796927422 -0.999684512615
    outer loop
      vertex 0.739135980606 0.702594995499 -67.030632019
      vertex 0.634903013706 0.707638025284 -67.7210617065
      vertex 0.517226994038 0.707732975483 -66.9230957031
    endloop
  endfacet
  facet normal 0.00214886013418 0.00162881112192 -0.999996364117
    outer loop
      vertex 1.8010519743 0.699985980988 -67.3199768066
      vertex 2.2261428833 0.700001001358 -67.8900222778
      vertex 0.936305999756 0.702594995499 -67.780921936
    endloop
  endfacet
  facet normal 0.00264638103545 0.000695447262842 -0.999996244907
    outer loop
      vertex 1.8010519743 0.699985980988 -67.3199768066
      vertex 0.936305999756 0.702594995499 -67.780921936
      vertex 0.739135980606 0.702594995499 -67.030632019
    endloop
  endfacet
  facet normal -1.8643157091e-05 6.97413952366e-06 -1
    outer loop
      vertex 2.1490020752 0.699993014336 -66.9497833252
      vertex 4.61540222168 0.700047016144 -68.0986099243
      vertex 2.2261428833 0.700001001358 -67.8900222778
    endloop
  endfacet
  facet normal -2.69291140285e-05 6.29432679489e-06 -1
    outer loop
      vertex 2.1490020752 0.699993014336 -66.9497833252
      vertex 2.2261428833 0.700001001358 -67.8900222778
      vertex 1.8010519743 0.699985980988 -67.3199768066
    endloop
  endfacet
  facet normal -0.00193223741371 0.00092289847089 -0.999997735023
    outer loop
      vertex 8.13148498535 0.702534019947 -68.4577484131
      vertex 6.90890884399 0.700053989887 -68.3301849365
      vertex 7.16480302811 0.70006197691 -67.8030929565
    endloop
  endfacet
  facet normal -0.00260497885756 -7.0493799285e-05 -0.999996602535
    outer loop
      vertex 8.13148498535 0.702534019947 -68.4577484131
      vertex 7.16480302811 0.70006197691 -67.8030929565
      vertex 8.11353302002 0.70254099369 -67.6954116821
    endloop
  endfacet
  facet normal -3.09685674438e-06 -5.46264971035e-07 -1
    outer loop
      vertex 6.90890884399 0.700053989887 -68.3301849365
      vertex 4.61540222168 0.700047016144 -68.0986099243
      vertex 6.73766708374 0.700053989887 -67.3593902588
    endloop
  endfacet
  facet normal -2.29183351621e-05 -4.04264210374e-06 -1
    outer loop
      vertex 6.90890884399 0.700053989887 -68.3301849365
      vertex 6.73766708374 0.700053989887 -67.3593902588
      vertex 7.16480302811 0.70006197691 -67.8030929565
    endloop
  endfacet
  facet normal -0.0174720473588 -0.000420586555265 -0.9998472929
    outer loop
      vertex 8.42640018463 0.707664012909 -68.5137863159
      vertex 8.13148498535 0.702534019947 -68.4577484131
      vertex 8.11353302002 0.70254099369 -67.6954116821
    endloop
  endfacet
  facet normal -0.0247020628303 -0.00318563124165 -0.999689757824
    outer loop
      vertex 8.42640018463 0.707664012909 -68.5137863159
      vertex 8.11353302002 0.70254099369 -67.6954116821
      vertex 8.31578636169 0.707601010799 -67.6758346558
    endloop
  endfacet
  facet normal 0.00239381659776 -0.000231490601436 -0.999997079372
    outer loop
      vertex 1.8010519743 0.699985980988 -67.3199768066
      vertex 0.739135980606 0.702594995499 -67.030632019
      vertex 0.813041985035 0.702579021454 -66.335319519
    endloop
  endfacet
  facet normal 0.0013453499414 -0.00128353014588 -0.999998271465
    outer loop
      vertex 1.8010519743 0.699985980988 -67.3199768066
      vertex 0.813041985035 0.702579021454 -66.335319519
      vertex 2.1490020752 0.699993014336 -66.9497833252
    endloop
  endfacet
  facet normal 0.0220245756209 -0.00231808470562 -0.999754726887
    outer loop
      vertex 0.813041985035 0.702579021454 -66.335319519
      vertex 0.739135980606 0.702594995499 -67.030632019
      vertex 0.517226994038 0.707732975483 -66.9230957031
    endloop
  endfacet
  facet normal 0.0170154944062 0.000203757866984 -0.999855220318
    outer loop
      vertex 0.813041985035 0.702579021454 -66.335319519
      vertex 0.517226994038 0.707732975483 -66.9230957031
      vertex 0.501452028751 0.707841992378 -66.1406555176
    endloop
  endfacet
  facet normal -1.64740813489e-05 1.16308992801e-05 -1
    outer loop
      vertex 2.35110497475 0.699985980988 -66.0582504272
      vertex 4.61540222168 0.700047016144 -68.0986099243
      vertex 2.1490020752 0.699993014336 -66.9497833252
    endloop
  endfacet
  facet normal -4.0955197619e-05 1.71805604623e-05 -1
    outer loop
      vertex 2.35110497475 0.699985980988 -66.0582504272
      vertex 2.1490020752 0.699993014336 -66.9497833252
      vertex 1.8757058382 0.699970006943 -66.2626037598
    endloop
  endfacet
  facet normal 0.0023878866341 0.00098314776551 -0.99999666214
    outer loop
      vertex 1.8757058382 0.699970006943 -66.2626037598
      vertex 2.1490020752 0.699993014336 -66.9497833252
      vertex 0.813041985035 0.702579021454 -66.335319519
    endloop
  endfacet
  facet normal 0.00246054143645 -7.86132586654e-05 -0.999996960163
    outer loop
      vertex 1.8757058382 0.699970006943 -66.2626037598
      vertex 0.813041985035 0.702579021454 -66.335319519
      vertex 0.840218007565 0.702571988106 -65.5742797852
    endloop
  endfacet
  facet normal -0.00252096401528 -0.000810707220808 -0.999996483326
    outer loop
      vertex 7.87305784225 0.70252597332 -66.966178894
      vertex 8.11353302002 0.70254099369 -67.6954116821
      vertex 7.16480302811 0.70006197691 -67.8030929565
    endloop
  endfacet
  facet normal -0.00163751095533 -0.00155834946781 -0.999997437
    outer loop
      vertex 7.87305784225 0.70252597332 -66.966178894
      vertex 7.16480302811 0.70006197691 -67.8030929565
      vertex 6.73766708374 0.700053989887 -67.3593902588
    endloop
  endfacet
  facet normal -0.0242383498698 -0.0079723438248 -0.99967443943
    outer loop
      vertex 8.31578636169 0.707601010799 -67.6758346558
      vertex 8.11353302002 0.70254099369 -67.6954116821
      vertex 7.87305784225 0.70252597332 -66.966178894
    endloop
  endfacet
  facet normal -0.0174938049167 -0.00376348081045 -0.999839901924
    outer loop
      vertex 8.31578636169 0.707601010799 -67.6758346558
      vertex 7.87305784225 0.70252597332 -66.966178894
      vertex 8.13846492767 0.707544028759 -66.8667297363
    endloop
  endfacet
  facet normal 0.0165254473686 -0.000580858730245 -0.999863266945
    outer loop
      vertex 0.840218007565 0.702571988106 -65.5742797852
      vertex 0.813041985035 0.702579021454 -66.335319519
      vertex 0.501452028751 0.707841992378 -66.1406555176
    endloop
  endfacet
  facet normal 0.0216387845576 -0.00364026450552 -0.999759197235
    outer loop
      vertex 0.840218007565 0.702571988106 -65.5742797852
      vertex 0.501452028751 0.707841992378 -66.1406555176
      vertex 0.623327970505 0.707988977432 -65.3758239746
    endloop
  endfacet
  facet normal 2.94478411433e-07 9.53436028794e-06 -1
    outer loop
      vertex 6.34370422363 0.700030982494 -66.4714508057
      vertex 4.61540222168 0.700047016144 -68.0986099243
      vertex 5.71839523315 0.700024008751 -65.720451355
    endloop
  endfacet
  facet normal -1.29549334815e-05 -1.49757477175e-06 -1
    outer loop
      vertex 6.34370422363 0.700030982494 -66.4714508057
      vertex 5.71839523315 0.700024008751 -65.720451355
      vertex 6.26397323608 0.700030982494 -65.7817306519
    endloop
  endfacet
  facet normal -0.0023328056559 0.000449302868219 -0.999997198582
    outer loop
      vertex 7.87305784225 0.70252597332 -66.966178894
      vertex 6.73766708374 0.700053989887 -67.3593902588
      vertex 6.85601377487 0.700047016144 -66.7294006348
    endloop
  endfacet
  facet normal -0.00258794566616 -0.000646619359031 -0.999996423721
    outer loop
      vertex 7.87305784225 0.70252597332 -66.966178894
      vertex 6.85601377487 0.700047016144 -66.7294006348
      vertex 7.68992567062 0.702534019947 -66.2207717896
    endloop
  endfacet
  facet normal -1.15308330351e-05 1.40430302054e-05 -1
    outer loop
      vertex 3.20521211624 0.699985980988 -64.9103546143
      vertex 4.61540222168 0.700047016144 -68.0986099243
      vertex 2.69724988937 0.699985980988 -65.3274459839
    endloop
  endfacet
  facet normal -9.12297673494e-06 1.11105791802e-05 -1
    outer loop
      vertex 3.20521211624 0.699985980988 -64.9103546143
      vertex 2.69724988937 0.699985980988 -65.3274459839
      vertex 2.66675901413 0.699977993965 -64.6357192993
    endloop
  endfacet
  facet normal -1.03048196252e-05 1.44503273987e-05 -1
    outer loop
      vertex 5.71839523315 0.700024008751 -65.720451355
      vertex 4.61540222168 0.700047016144 -68.0986099243
      vertex 4.93502378464 0.700007975101 -65.1702651978
    endloop
  endfacet
  facet normal -1.69654758793e-05 4.96669235872e-06 -1
    outer loop
      vertex 5.71839523315 0.700024008751 -65.720451355
      vertex 4.93502378464 0.700007975101 -65.1702651978
      vertex 5.44903612137 0.700016021729 -65.0307159424
    endloop
  endfacet
  facet normal 0.00063980667619 -0.00156651553698 -0.999998569489
    outer loop
      vertex 1.13875603676 0.702472984791 -64.9657974243
      vertex 2.35110497475 0.699985980988 -66.0582504272
      vertex 1.8757058382 0.699970006943 -66.2626037598
    endloop
  endfacet
  facet normal 0.0019763847813 -0.00080696248915 -0.999997735023
    outer loop
      vertex 1.13875603676 0.702472984791 -64.9657974243
      vertex 1.8757058382 0.699970006943 -66.2626037598
      vertex 0.840218007565 0.702571988106 -65.5742797852
    endloop
  endfacet
  facet normal -0.0173067525029 -0.00426273979247 -0.999841153622
    outer loop
      vertex 8.13846492767 0.707544028759 -66.8667297363
      vertex 7.87305784225 0.70252597332 -66.966178894
      vertex 7.68992567062 0.702534019947 -66.2207717896
    endloop
  endfacet
  facet normal -0.0234607663006 -0.0085371369496 -0.999688327312
    outer loop
      vertex 8.13846492767 0.707544028759 -66.8667297363
      vertex 7.68992567062 0.702534019947 -66.2207717896
      vertex 7.85839700699 0.707557022572 -66.0955581665
    endloop
  endfacet
  facet normal -2.66701226792e-05 7.34680315873e-06 -1
    outer loop
      vertex 4.04284715652 0.700007975101 -64.8656692505
      vertex 4.61540222168 0.700047016144 -68.0986099243
      vertex 3.20521211624 0.699985980988 -64.9103546143
    endloop
  endfacet
  facet normal -2.62003850366e-05 -1.45852709466e-06 -1
    outer loop
      vertex 4.04284715652 0.700007975101 -64.8656692505
      vertex 3.20521211624 0.699985980988 -64.9103546143
      vertex 3.4437789917 0.699993014336 -64.369178772
    endloop
  endfacet
  facet normal 4.38601364294e-06 1.28468591356e-05 -1
    outer loop
      vertex 4.93502378464 0.700007975101 -65.1702651978
      vertex 4.61540222168 0.700047016144 -68.0986099243
      vertex 4.04284715652 0.700007975101 -64.8656692505
    endloop
  endfacet
  facet normal 4.91459059049e-06 1.43950883285e-05 -1
    outer loop
      vertex 4.93502378464 0.700007975101 -65.1702651978
      vertex 4.04284715652 0.700007975101 -64.8656692505
      vertex 4.47821378708 0.700001001358 -64.5296859741
    endloop
  endfacet
  facet normal -0.000958008458838 -0.0018405681476 -0.999997854233
    outer loop
      vertex 6.85601377487 0.700047016144 -66.7294006348
      vertex 6.34370422363 0.700030982494 -66.4714508057
      vertex 7.2679901123 0.702517986298 -65.6013183594
    endloop
  endfacet
  facet normal -0.00211813673377 -0.00141688657459 -0.999996781349
    outer loop
      vertex 6.85601377487 0.700047016144 -66.7294006348
      vertex 7.2679901123 0.702517986298 -65.6013183594
      vertex 7.68992567062 0.702534019947 -66.2207717896
    endloop
  endfacet
  facet normal 0.00249705440365 0.000494568201248 -0.999996781349
    outer loop
      vertex 2.20603895187 0.699977993965 -65.309715271
      vertex 2.35110497475 0.699985980988 -66.0582504272
      vertex 1.13875603676 0.702472984791 -64.9657974243
    endloop
  endfacet
  facet normal 0.0021588425152 -0.000555013306439 -0.999997496605
    outer loop
      vertex 2.20603895187 0.699977993965 -65.309715271
      vertex 1.13875603676 0.702472984791 -64.9657974243
      vertex 1.30408895016 0.702503025532 -64.2685775757
    endloop
  endfacet
  facet normal 0.0194728672504 -0.00600827531889 -0.999792337418
    outer loop
      vertex 0.840218007565 0.702571988106 -65.5742797852
      vertex 0.623327970505 0.707988977432 -65.3758239746
      vertex 0.843868970871 0.708117008209 -64.6397399902
    endloop
  endfacet
  facet normal 0.012523714453 -0.00598178757355 -0.999903678894
    outer loop
      vertex 0.840218007565 0.702571988106 -65.5742797852
      vertex 0.843868970871 0.708117008209 -64.6397399902
      vertex 1.13875603676 0.702472984791 -64.9657974243
    endloop
  endfacet
  facet normal -0.00242665363476 -0.000280518259387 -0.999997019768
    outer loop
      vertex 7.2679901123 0.702517986298 -65.6013183594
      vertex 6.34370422363 0.700030982494 -66.4714508057
      vertex 6.26397323608 0.700030982494 -65.7817306519
    endloop
  endfacet
  facet normal -0.00224580592476 -0.00128695322201 -0.99999666214
    outer loop
      vertex 7.2679901123 0.702517986298 -65.6013183594
      vertex 6.26397323608 0.700030982494 -65.7817306519
      vertex 6.8761138916 0.702517986298 -64.9174728394
    endloop
  endfacet
  facet normal -0.0213549658656 -0.0113711878657 -0.99970728159
    outer loop
      vertex 7.47629308701 0.707603991032 -65.373840332
      vertex 7.85839700699 0.707557022572 -66.0955581665
      vertex 7.68992567062 0.702534019947 -66.2207717896
    endloop
  endfacet
  facet normal -0.0140156419948 -0.00952078495175 -0.999856472015
    outer loop
      vertex 7.47629308701 0.707603991032 -65.373840332
      vertex 7.68992567062 0.702534019947 -66.2207717896
      vertex 7.2679901123 0.702517986298 -65.6013183594
    endloop
  endfacet
  facet normal -7.9567595094e-05 -0.0017551870551 -0.999998450279
    outer loop
      vertex 1.66765201092 0.702517986298 -63.8381767273
      vertex 2.69724988937 0.699985980988 -65.3274459839
      vertex 2.20603895187 0.699977993965 -65.309715271
    endloop
  endfacet
  facet normal 0.00139709713403 -0.00121492438484 -0.999998271465
    outer loop
      vertex 1.66765201092 0.702517986298 -63.8381767273
      vertex 2.20603895187 0.699977993965 -65.309715271
      vertex 1.30408895016 0.702503025532 -64.2685775757
    endloop
  endfacet
  facet normal 0.0151241756976 -0.0036294972524 -0.999879062176
    outer loop
      vertex 1.30408895016 0.702503025532 -64.2685775757
      vertex 1.13875603676 0.702472984791 -64.9657974243
      vertex 0.843868970871 0.708117008209 -64.6397399902
    endloop
  endfacet
  facet normal 0.0181990787387 -0.00744329253212 -0.999806702137
    outer loop
      vertex 1.30408895016 0.702503025532 -64.2685775757
      vertex 0.843868970871 0.708117008209 -64.6397399902
      vertex 1.11055696011 0.708241999149 -63.9708938599
    endloop
  endfacet
  facet normal -0.000220711313887 -0.00185118056834 -0.999998271465
    outer loop
      vertex 6.26397323608 0.700030982494 -65.7817306519
      vertex 5.71839523315 0.700024008751 -65.720451355
      vertex 6.30670881271 0.702511012554 -64.4471206665
    endloop
  endfacet
  facet normal -0.00150736898649 -0.00180997839198 -0.999997198582
    outer loop
      vertex 6.26397323608 0.700030982494 -65.7817306519
      vertex 6.30670881271 0.702511012554 -64.4471206665
      vertex 6.8761138916 0.702517986298 -64.9174728394
    endloop
  endfacet
  facet normal 0.00264449347742 0.000128080675495 -0.999996483326
    outer loop
      vertex 2.66675901413 0.699977993965 -64.6357192993
      vertex 2.69724988937 0.699985980988 -65.3274459839
      vertex 1.66765201092 0.702517986298 -63.8381767273
    endloop
  endfacet
  facet normal 0.00177080882713 -0.000966416555457 -0.999997973442
    outer loop
      vertex 2.66675901413 0.699977993965 -64.6357192993
      vertex 1.66765201092 0.702517986298 -63.8381767273
      vertex 1.93455505371 0.70252597332 -63.340877533
    endloop
  endfacet
  facet normal -0.00230454350822 -0.000888390059117 -0.999996960163
    outer loop
      vertex 6.30670881271 0.702511012554 -64.4471206665
      vertex 5.71839523315 0.700024008751 -65.720451355
      vertex 5.44903612137 0.700016021729 -65.0307159424
    endloop
  endfacet
  facet normal -0.00174118869472 -0.00171631691046 -0.999997019768
    outer loop
      vertex 6.30670881271 0.702511012554 -64.4471206665
      vertex 5.44903612137 0.700016021729 -65.0307159424
      vertex 5.75691604614 0.702517986298 -63.8852958679
    endloop
  endfacet
  facet normal -0.0150158200413 -0.00860477611423 -0.999850213528
    outer loop
      vertex 7.47629308701 0.707603991032 -65.373840332
      vertex 7.2679901123 0.702517986298 -65.6013183594
      vertex 6.8761138916 0.702517986298 -64.9174728394
    endloop
  endfacet
  facet normal -0.0191173925996 -0.0140003059059 -0.999719202518
    outer loop
      vertex 7.47629308701 0.707603991032 -65.373840332
      vertex 6.8761138916 0.702517986298 -64.9174728394
      vertex 6.99017810822 0.707675993443 -64.7049102783
    endloop
  endfacet
  facet normal -0.000997562077828 -0.00192683329806 -0.999997675419
    outer loop
      vertex 2.43636703491 0.702517986298 -63.198223114
      vertex 3.20521211624 0.699985980988 -64.9103546143
      vertex 2.66675901413 0.699977993965 -64.6357192993
    endloop
  endfacet
  facet normal 0.000495596730616 -0.00168752158061 -0.999998450279
    outer loop
      vertex 2.43636703491 0.702517986298 -63.198223114
      vertex 2.66675901413 0.699977993965 -64.6357192993
      vertex 1.93455505371 0.70252597332 -63.340877533
    endloop
  endfacet
  facet normal 0.0128717916086 -0.0109076844528 -0.999857664108
    outer loop
      vertex 1.66765201092 0.702517986298 -63.8381767273
      vertex 1.30408895016 0.702503025532 -64.2685775757
      vertex 1.11055696011 0.708241999149 -63.9708938599
    endloop
  endfacet
  facet normal 0.0119073437527 -0.00685724616051 -0.999905586243
    outer loop
      vertex 1.66765201092 0.702517986298 -63.8381767273
      vertex 1.11055696011 0.708241999149 -63.9708938599
      vertex 1.42447602749 0.708348989487 -63.4101829529
    endloop
  endfacet
  facet normal 0.000434371380834 -0.00165747653227 -0.999998509884
    outer loop
      vertex 5.44903612137 0.700016021729 -65.0307159424
      vertex 4.93502378464 0.700007975101 -65.1702651978
      vertex 5.10447311401 0.702534019947 -63.6018333435
    endloop
  endfacet
  facet normal -0.000827787036542 -0.0019618337974 -0.999997735023
    outer loop
      vertex 5.44903612137 0.700016021729 -65.0307159424
      vertex 5.10447311401 0.702534019947 -63.6018333435
      vertex 5.75691604614 0.702517986298 -63.8852958679
    endloop
  endfacet
  facet normal 0.00164724478964 -0.000739164883271 -0.999998390675
    outer loop
      vertex 3.4437789917 0.699993014336 -64.369178772
      vertex 3.20521211624 0.699985980988 -64.9103546143
      vertex 2.43636703491 0.702517986298 -63.198223114
    endloop
  endfacet
  facet normal 0.000645214517135 -0.00160124513786 -0.999998509884
    outer loop
      vertex 3.4437789917 0.699993014336 -64.369178772
      vertex 2.43636703491 0.702517986298 -63.198223114
      vertex 3.00156807899 0.702511012554 -62.9748344421
    endloop
  endfacet
  facet normal -0.00197457405739 -0.00139721808955 -0.999997079372
    outer loop
      vertex 5.10447311401 0.702534019947 -63.6018333435
      vertex 4.93502378464 0.700007975101 -65.1702651978
      vertex 4.47821378708 0.700001001358 -64.5296859741
    endloop
  endfacet
  facet normal -0.00116807210725 -0.00194157182705 -0.999997437
    outer loop
      vertex 5.10447311401 0.702534019947 -63.6018333435
      vertex 4.47821378708 0.700001001358 -64.5296859741
      vertex 4.42321777344 0.70252597332 -63.1961326599
    endloop
  endfacet
  facet normal -0.00144162075594 -0.00170931196772 -0.999997496605
    outer loop
      vertex 3.73200201988 0.70252597332 -63.1304130554
      vertex 4.04284715652 0.700007975101 -64.8656692505
      vertex 3.4437789917 0.699993014336 -64.369178772
    endloop
  endfacet
  facet normal -0.000434440764366 -0.00194365286734 -0.999998033047
    outer loop
      vertex 3.73200201988 0.70252597332 -63.1304130554
      vertex 3.4437789917 0.699993014336 -64.369178772
      vertex 3.00156807899 0.702511012554 -62.9748344421
    endloop
  endfacet
  facet normal 0.000997896888293 -0.00127231061924 -0.999998688698
    outer loop
      vertex 4.47821378708 0.700001001358 -64.5296859741
      vertex 4.04284715652 0.700007975101 -64.8656692505
      vertex 3.73200201988 0.70252597332 -63.1304130554
    endloop
  endfacet
  facet normal -0.000180730770808 -0.00190085475333 -0.999998152256
    outer loop
      vertex 4.47821378708 0.700001001358 -64.5296859741
      vertex 3.73200201988 0.70252597332 -63.1304130554
      vertex 4.42321777344 0.70252597332 -63.1961326599
    endloop
  endfacet
  facet normal -0.0161993261427 -0.0155668696389 -0.999747574329
    outer loop
      vertex 6.42329120636 0.707764983177 -64.1092758179
      vertex 6.99017810822 0.707675993443 -64.7049102783
      vertex 6.8761138916 0.702517986298 -64.9174728394
    endloop
  endfacet
  facet normal -0.0100049264729 -0.0120970616117 -0.999876797199
    outer loop
      vertex 6.42329120636 0.707764983177 -64.1092758179
      vertex 6.8761138916 0.702517986298 -64.9174728394
      vertex 6.30670881271 0.702511012554 -64.4471206665
    endloop
  endfacet
  facet normal 0.0123150357977 -0.00662555918097 -0.999902188778
    outer loop
      vertex 1.93455505371 0.70252597332 -63.340877533
      vertex 1.66765201092 0.702517986298 -63.8381767273
      vertex 1.42447602749 0.708348989487 -63.4101829529
    endloop
  endfacet
  facet normal 0.012942025438 -0.0112442541867 -0.999853014946
    outer loop
      vertex 1.93455505371 0.70252597332 -63.340877533
      vertex 1.42447602749 0.708348989487 -63.4101829529
      vertex 1.77277600765 0.708380997181 -63.0064468384
    endloop
  endfacet
  facet normal -0.0117378467694 -0.0114988880232 -0.99986499548
    outer loop
      vertex 6.42329120636 0.707764983177 -64.1092758179
      vertex 6.30670881271 0.702511012554 -64.4471206665
      vertex 5.75691604614 0.702517986298 -63.8852958679
    endloop
  endfacet
  facet normal -0.0136140165851 -0.017083209008 -0.999761402607
    outer loop
      vertex 6.42329120636 0.707764983177 -64.1092758179
      vertex 5.75691604614 0.702517986298 -63.8852958679
      vertex 5.79208421707 0.70787101984 -63.6000480652
    endloop
  endfacet
  facet normal 0.00324695161544 -0.0113658867776 -0.999930143356
    outer loop
      vertex 2.22308301926 0.708335995674 -62.7473068237
      vertex 2.43636703491 0.702517986298 -63.198223114
      vertex 1.93455505371 0.70252597332 -63.340877533
    endloop
  endfacet
  facet normal 0.00795830506831 -0.013655484654 -0.999875068665
    outer loop
      vertex 2.22308301926 0.708335995674 -62.7473068237
      vertex 1.93455505371 0.70252597332 -63.340877533
      vertex 1.77277600765 0.708380997181 -63.0064468384
    endloop
  endfacet
  facet normal -0.00564206019044 -0.0130427898839 -0.999899029732
    outer loop
      vertex 5.75691604614 0.702517986298 -63.8852958679
      vertex 5.10447311401 0.702534019947 -63.6018333435
      vertex 5.10673618317 0.707997024059 -63.1840019226
    endloop
  endfacet
  facet normal -0.0104256430641 -0.0174768920988 -0.999792933464
    outer loop
      vertex 5.75691604614 0.702517986298 -63.8852958679
      vertex 5.10673618317 0.707997024059 -63.1840019226
      vertex 5.79208421707 0.70787101984 -63.6000480652
    endloop
  endfacet
  facet normal -0.00777207314968 -0.013031068258 -0.999884903431
    outer loop
      vertex 5.10673618317 0.707997024059 -63.1840019226
      vertex 5.10447311401 0.702534019947 -63.6018333435
      vertex 4.42321777344 0.70252597332 -63.1961326599
    endloop
  endfacet
  facet normal -0.00768143869936 -0.0181026421487 -0.999806642532
    outer loop
      vertex 5.10673618317 0.707997024059 -63.1840019226
      vertex 4.42321777344 0.70252597332 -63.1961326599
      vertex 4.36633205414 0.708096027374 -62.8643608093
    endloop
  endfacet
  facet normal 0.00575591158122 -0.0145319541916 -0.999877810478
    outer loop
      vertex 2.86069989204 0.708301007748 -62.6322479248
      vertex 3.00156807899 0.702511012554 -62.9748344421
      vertex 2.43636703491 0.702517986298 -63.198223114
    endloop
  endfacet
  facet normal 0.00219558272511 -0.0118631487712 -0.999927222729
    outer loop
      vertex 2.86069989204 0.708301007748 -62.6322479248
      vertex 2.43636703491 0.702517986298 -63.198223114
      vertex 2.22308301926 0.708335995674 -62.7473068237
    endloop
  endfacet
  facet normal -0.00162247510161 -0.0170645508915 -0.999853074551
    outer loop
      vertex 4.36633205414 0.708096027374 -62.8643608093
      vertex 4.42321777344 0.70252597332 -63.1961326599
      vertex 3.73200201988 0.70252597332 -63.1304130554
    endloop
  endfacet
  facet normal -0.00322866393253 -0.0132361585274 -0.999907195568
    outer loop
      vertex 4.36633205414 0.708096027374 -62.8643608093
      vertex 3.73200201988 0.70252597332 -63.1304130554
      vertex 3.60968899727 0.708204984665 -62.6715621948
    endloop
  endfacet
  facet normal -0.00281627406366 -0.0131262643263 -0.999909877777
    outer loop
      vertex 3.60968899727 0.708204984665 -62.6715621948
      vertex 3.73200201988 0.70252597332 -63.1304130554
      vertex 3.00156807899 0.702511012554 -62.9748344421
    endloop
  endfacet
  facet normal -0.000775569234975 -0.0172171872109 -0.999851465225
    outer loop
      vertex 3.60968899727 0.708204984665 -62.6715621948
      vertex 3.00156807899 0.702511012554 -62.9748344421
      vertex 2.86069989204 0.708301007748 -62.6322479248
    endloop
  endfacet
  facet normal -1.71472856891e-05 2.80602871499e-05 -1
    outer loop
      vertex 4.61540222168 0.700047016144 -68.0986099243
      vertex 6.34370422363 0.700030982494 -66.4714508057
      vertex 6.85601377487 0.700047016144 -66.7294006348
    endloop
  endfacet
  facet normal -7.64439027989e-06 1.25094902614e-05 -1
    outer loop
      vertex 4.61540222168 0.700047016144 -68.0986099243
      vertex 6.85601377487 0.700047016144 -66.7294006348
      vertex 6.73766708374 0.700053989887 -67.3593902588
    endloop
  endfacet
  facet normal -2.10426442209e-05 6.56091697238e-06 -1
    outer loop
      vertex 4.61540222168 0.700047016144 -68.0986099243
      vertex 2.35110497475 0.699985980988 -66.0582504272
      vertex 2.20603895187 0.699977993965 -65.309715271
    endloop
  endfacet
  facet normal -1.58123584697e-05 1.10794317152e-05 -1
    outer loop
      vertex 4.61540222168 0.700047016144 -68.0986099243
      vertex 2.20603895187 0.699977993965 -65.309715271
      vertex 2.69724988937 0.699985980988 -65.3274459839
    endloop
  endfacet
  facet normal -0.00520855654031 -0.0130699733272 0.999900996685
    outer loop
      vertex 6.07977676392 0.00268199527636 -73.502784729
      vertex 5.41376113892 0.00266600423492 -73.2361450195
      vertex 5.54219245911 0.00832300074399 -73.7201080322
    endloop
  endfacet
  facet normal -0.0035873001907 -0.017079025507 0.999847710133
    outer loop
      vertex 6.07977676392 0.00268199527636 -73.502784729
      vertex 5.54219245911 0.00832300074399 -73.7201080322
      vertex 6.22439908981 0.00841299071908 -73.8686676025
    endloop
  endfacet
  facet normal 0.0044107278809 -0.0139183634892 0.999893426895
    outer loop
      vertex 6.61146497726 0.00270499428734 -73.3359451294
      vertex 6.07977676392 0.00268199527636 -73.502784729
      vertex 6.22439908981 0.00841299071908 -73.8686676025
    endloop
  endfacet
  facet normal 0.00104645290412 -0.0114743793383 0.999933600426
    outer loop
      vertex 6.61146497726 0.00270499428734 -73.3359451294
      vertex 6.22439908981 0.00841299071908 -73.8686676025
      vertex 6.8001127243 0.00847198534757 -73.8213043213
    endloop
  endfacet
  facet normal -0.00338426721282 -0.0166286230087 0.999855995178
    outer loop
      vertex 5.41376113892 0.00266600423492 -73.2361450195
      vertex 4.77535581589 0.00266600423492 -73.1062164307
      vertex 4.83914518356 0.00821800809354 -73.4530334473
    endloop
  endfacet
  facet normal -0.00477168895304 -0.01295408234 0.999904692173
    outer loop
      vertex 5.41376113892 0.00266600423492 -73.2361450195
      vertex 4.83914518356 0.00821800809354 -73.4530334473
      vertex 5.54219245911 0.00832300074399 -73.7201080322
    endloop
  endfacet
  facet normal -0.00902040302753 -0.0127569809556 0.999877929688
    outer loop
      vertex 4.77535581589 0.00266600423492 -73.1062164307
      vertex 4.14115476608 0.00265899626538 -72.6572265625
      vertex 4.14707803726 0.00808501522988 -73.0867004395
    endloop
  endfacet
  facet normal -0.00917305611074 -0.0176924690604 0.999801397324
    outer loop
      vertex 4.77535581589 0.00266600423492 -73.1062164307
      vertex 4.14707803726 0.00808501522988 -73.0867004395
      vertex 4.83914518356 0.00821800809354 -73.4530334473
    endloop
  endfacet
  facet normal 0.0053177443333 -0.0141130629927 0.999886274338
    outer loop
      vertex 7.2482380867 0.00864600669593 -73.5169219971
      vertex 7.11234283447 0.00271200248972 -73.1477127075
      vertex 6.61146497726 0.00270499428734 -73.3359451294
    endloop
  endfacet
  facet normal 0.00669174175709 -0.00928019545972 0.9999345541
    outer loop
      vertex 7.2482380867 0.00864600669593 -73.5169219971
      vertex 6.61146497726 0.00270499428734 -73.3359451294
      vertex 6.8001127243 0.00847198534757 -73.8213043213
    endloop
  endfacet
  facet normal -0.00871689990163 -0.0174149088562 0.99981033802
    outer loop
      vertex 4.14115476608 0.00265899626538 -72.6572265625
      vertex 3.51655602455 0.00264399289154 -72.3437271118
      vertex 3.48927688599 0.00796900037676 -72.6357879639
    endloop
  endfacet
  facet normal -0.00856408942491 -0.0127507392317 0.999882042408
    outer loop
      vertex 4.14115476608 0.00265899626538 -72.6572265625
      vertex 3.48927688599 0.00796900037676 -72.6357879639
      vertex 4.14707803726 0.00808501522988 -73.0867004395
    endloop
  endfacet
  facet normal 0.0130525557324 -0.00651252316311 0.999893605709
    outer loop
      vertex 7.63262891769 0.00857599079609 -73.0052642822
      vertex 7.41035795212 0.00270499428734 -72.5493469238
      vertex 7.11234283447 0.00271200248972 -73.1477127075
    endloop
  endfacet
  facet normal 0.0142341526225 -0.0108304452151 0.999840021133
    outer loop
      vertex 7.63262891769 0.00857599079609 -73.0052642822
      vertex 7.11234283447 0.00271200248972 -73.1477127075
      vertex 7.2482380867 0.00864600669593 -73.5169219971
    endloop
  endfacet
  facet normal -0.00188352609985 -0.00174092897214 0.999996721745
    outer loop
      vertex 5.68126296997 5.00080677739e-05 -72.0229187012
      vertex 5.13724517822 5.00080677739e-05 -71.4343414307
      vertex 5.41376113892 0.00266600423492 -73.2361450195
    endloop
  endfacet
  facet normal -0.000771162856836 -0.00198619393632 0.999997735023
    outer loop
      vertex 5.68126296997 5.00080677739e-05 -72.0229187012
      vertex 5.41376113892 0.00266600423492 -73.2361450195
      vertex 6.07977676392 0.00268199527636 -73.502784729
    endloop
  endfacet
  facet normal 0.00179766095243 -0.000748494872823 0.999998092651
    outer loop
      vertex 6.61146497726 0.00270499428734 -73.3359451294
      vertex 5.91028213501 6.50115907774e-05 -71.4929275513
      vertex 5.68126296997 5.00080677739e-05 -72.0229187012
    endloop
  endfacet
  facet normal 0.000554490019567 -0.00162920937873 0.999998509884
    outer loop
      vertex 6.61146497726 0.00270499428734 -73.3359451294
      vertex 5.68126296997 5.00080677739e-05 -72.0229187012
      vertex 6.07977676392 0.00268199527636 -73.502784729
    endloop
  endfacet
  facet normal -0.0123789459467 -0.0113650094718 0.999858796597
    outer loop
      vertex 3.51655602455 0.00264399289154 -72.3437271118
      vertex 2.98138809204 0.0026280018501 -71.7594070435
      vertex 2.87372398376 0.00784499105066 -72.1011123657
    endloop
  endfacet
  facet normal -0.0144586171955 -0.0168775767088 0.999752998352
    outer loop
      vertex 3.51655602455 0.00264399289154 -72.3437271118
      vertex 2.87372398376 0.00784499105066 -72.1011123657
      vertex 3.48927688599 0.00796900037676 -72.6357879639
    endloop
  endfacet
  facet normal 0.000990643864498 -0.00129984400701 0.999998688698
    outer loop
      vertex 5.41376113892 0.00266600423492 -73.2361450195
      vertex 5.13724517822 5.00080677739e-05 -71.4343414307
      vertex 4.73470306396 4.20125616074e-05 -71.7349777222
    endloop
  endfacet
  facet normal -0.000391818670323 -0.00192520406563 0.999998092651
    outer loop
      vertex 5.41376113892 0.00266600423492 -73.2361450195
      vertex 4.73470306396 4.20125616074e-05 -71.7349777222
      vertex 4.77535581589 0.00266600423492 -73.1062164307
    endloop
  endfacet
  facet normal -0.00221741222776 -0.00141050061211 0.999996542931
    outer loop
      vertex 4.73470306396 4.20125616074e-05 -71.7349777222
      vertex 4.31137084961 2.70090404229e-05 -71.0588302612
      vertex 4.14115476608 0.00265899626538 -72.6572265625
    endloop
  endfacet
  facet normal -0.00137250230182 -0.00195427634753 0.999997138977
    outer loop
      vertex 4.73470306396 4.20125616074e-05 -71.7349777222
      vertex 4.14115476608 0.00265899626538 -72.6572265625
      vertex 4.77535581589 0.00266600423492 -73.1062164307
    endloop
  endfacet
  facet normal -0.000959471915849 -0.00179745582864 0.999997913837
    outer loop
      vertex 6.42959976196 5.69842304685e-05 -71.7656707764
      vertex 5.91028213501 6.50115907774e-05 -71.4929275513
      vertex 6.61146497726 0.00270499428734 -73.3359451294
    endloop
  endfacet
  facet normal 0.000620707287453 -0.00161444488913 0.999998509884
    outer loop
      vertex 6.42959976196 5.69842304685e-05 -71.7656707764
      vertex 6.61146497726 0.00270499428734 -73.3359451294
      vertex 7.11234283447 0.00271200248972 -73.1477127075
    endloop
  endfacet
  facet normal 0.0134708127007 -0.0105742476881 0.999853372574
    outer loop
      vertex 7.96475076675 0.0084070013836 -72.3822479248
      vertex 7.78599214554 0.00269699888304 -72.07006073
      vertex 7.41035795212 0.00270499428734 -72.5493469238
    endloop
  endfacet
  facet normal 0.0123502751812 -0.00685498770326 0.999900221825
    outer loop
      vertex 7.96475076675 0.0084070013836 -72.3822479248
      vertex 7.41035795212 0.00270499428734 -72.5493469238
      vertex 7.63262891769 0.00857599079609 -73.0052642822
    endloop
  endfacet
  facet normal 0.000420715543441 -0.00169144268148 0.999998509884
    outer loop
      vertex 4.14115476608 0.00265899626538 -72.6572265625
      vertex 4.31137084961 2.70090404229e-05 -71.0588302612
      vertex 3.82017111778 2.70090404229e-05 -71.1810073853
    endloop
  endfacet
  facet normal -0.000977550633252 -0.0019954747986 0.99999755621
    outer loop
      vertex 4.14115476608 0.00265899626538 -72.6572265625
      vertex 3.82017111778 2.70090404229e-05 -71.1810073853
      vertex 3.51655602455 0.00264399289154 -72.3437271118
    endloop
  endfacet
  facet normal 0.00270303757861 3.86066449209e-06 0.999996364117
    outer loop
      vertex 7.41035795212 0.00270499428734 -72.5493469238
      vertex 6.43146085739 6.50115907774e-05 -70.9892578125
      vertex 6.42959976196 5.69842304685e-05 -71.7656707764
    endloop
  endfacet
  facet normal 0.00192465051077 -0.000970282184426 0.999997675419
    outer loop
      vertex 7.41035795212 0.00270499428734 -72.5493469238
      vertex 6.42959976196 5.69842304685e-05 -71.7656707764
      vertex 7.11234283447 0.00271200248972 -73.1477127075
    endloop
  endfacet
  facet normal -0.0167833082378 -0.0155291836709 0.999738574028
    outer loop
      vertex 2.41565299034 0.00262099364772 -71.2697372437
      vertex 2.30726003647 0.00775299454108 -71.4829788208
      vertex 2.87372398376 0.00784499105066 -72.1011123657
    endloop
  endfacet
  facet normal -0.0103720650077 -0.0119975702837 0.9998742342
    outer loop
      vertex 2.41565299034 0.00262099364772 -71.2697372437
      vertex 2.87372398376 0.00784499105066 -72.1011123657
      vertex 2.98138809204 0.0026280018501 -71.7594070435
    endloop
  endfacet
  facet normal -0.00245538982563 -0.00093610706972 0.999996542931
    outer loop
      vertex 3.82017111778 2.70090404229e-05 -71.1810073853
      vertex 3.55746102333 1.09861703095e-05 -70.4748077393
      vertex 2.98138809204 0.0026280018501 -71.7594070435
    endloop
  endfacet
  facet normal -0.00188900320791 -0.00175746972673 0.99999666214
    outer loop
      vertex 3.82017111778 2.70090404229e-05 -71.1810073853
      vertex 2.98138809204 0.0026280018501 -71.7594070435
      vertex 3.51655602455 0.00264399289154 -72.3437271118
    endloop
  endfacet
  facet normal -0.0151337981224 -0.00886710174382 0.999846160412
    outer loop
      vertex 2.41565299034 0.00262099364772 -71.2697372437
      vertex 2.0107190609 0.00261299824342 -70.5777206421
      vertex 1.80606496334 0.00769699411467 -70.8016967773
    endloop
  endfacet
  facet normal -0.0192749146372 -0.0142620494589 0.999712467194
    outer loop
      vertex 2.41565299034 0.00262099364772 -71.2697372437
      vertex 1.80606496334 0.00769699411467 -70.8016967773
      vertex 2.30726003647 0.00775299454108 -71.4829788208
    endloop
  endfacet
  facet normal 0.0156778153032 -0.00368098705076 0.999870300293
    outer loop
      vertex 8.23178672791 0.0082720015198 -71.6857070923
      vertex 7.95658540726 0.00269699888304 -71.3434829712
      vertex 7.78599214554 0.00269699888304 -72.07006073
    endloop
  endfacet
  facet normal 0.018925987184 -0.00744951376691 0.999793112278
    outer loop
      vertex 8.23178672791 0.0082720015198 -71.6857070923
      vertex 7.78599214554 0.00269699888304 -72.07006073
      vertex 7.96475076675 0.0084070013836 -72.3822479248
    endloop
  endfacet
  facet normal 1.94575786736e-05 6.47024194222e-07 1
    outer loop
      vertex 5.91028213501 6.50115907774e-05 -71.4929275513
      vertex 4.61540222168 4.20125616074e-05 -68.0986251831
      vertex 5.13724517822 5.00080677739e-05 -71.4343414307
    endloop
  endfacet
  facet normal 2.08705114346e-05 1.92904553842e-05 1
    outer loop
      vertex 5.91028213501 6.50115907774e-05 -71.4929275513
      vertex 5.13724517822 5.00080677739e-05 -71.4343414307
      vertex 5.68126296997 5.00080677739e-05 -72.0229187012
    endloop
  endfacet
  facet normal -0.000252573518082 -0.00192395376507 0.999998092651
    outer loop
      vertex 2.98138809204 0.0026280018501 -71.7594070435
      vertex 3.55746102333 1.09861703095e-05 -70.4748077393
      vertex 3.02025198936 4.01001079808e-06 -70.4006576538
    endloop
  endfacet
  facet normal -0.00161905155983 -0.00188486650586 0.999996900558
    outer loop
      vertex 2.98138809204 0.0026280018501 -71.7594070435
      vertex 3.02025198936 4.01001079808e-06 -70.4006576538
      vertex 2.41565299034 0.00262099364772 -71.2697372437
    endloop
  endfacet
  facet normal 1.93022442545e-05 -0.00168008601759 0.999998569489
    outer loop
      vertex 6.91822814941 6.50115907774e-05 -70.9836654663
      vertex 6.43146085739 6.50115907774e-05 -70.9892578125
      vertex 7.41035795212 0.00270499428734 -72.5493469238
    endloop
  endfacet
  facet normal 0.00152038224041 -0.00120826123748 0.999998092651
    outer loop
      vertex 6.91822814941 6.50115907774e-05 -70.9836654663
      vertex 7.41035795212 0.00270499428734 -72.5493469238
      vertex 7.78599214554 0.00269699888304 -72.07006073
    endloop
  endfacet
  facet normal 2.88073460979e-05 2.10971097658e-06 1
    outer loop
      vertex 5.13724517822 5.00080677739e-05 -71.4343414307
      vertex 4.61540222168 4.20125616074e-05 -68.0986251831
      vertex 4.31137084961 2.70090404229e-05 -71.0588302612
    endloop
  endfacet
  facet normal 2.48261985689e-05 -6.64616391077e-06 1
    outer loop
      vertex 5.13724517822 5.00080677739e-05 -71.4343414307
      vertex 4.31137084961 2.70090404229e-05 -71.0588302612
      vertex 4.73470306396 4.20125616074e-05 -71.7349777222
    endloop
  endfacet
  facet normal 4.78431138617e-06 -4.95062568007e-06 1
    outer loop
      vertex 6.43146085739 6.50115907774e-05 -70.9892578125
      vertex 4.61540222168 4.20125616074e-05 -68.0986251831
      vertex 5.91028213501 6.50115907774e-05 -71.4929275513
    endloop
  endfacet
  facet normal -1.00148981801e-05 1.03630409285e-05 1
    outer loop
      vertex 6.43146085739 6.50115907774e-05 -70.9892578125
      vertex 5.91028213501 6.50115907774e-05 -71.4929275513
      vertex 6.42959976196 5.69842304685e-05 -71.7656707764
    endloop
  endfacet
  facet normal -0.00252481084317 -0.000339429738233 0.999996781349
    outer loop
      vertex 3.02025198936 4.01001079808e-06 -70.4006576538
      vertex 2.9270670414 4.01001079808e-06 -69.7075119019
      vertex 2.0107190609 0.00261299824342 -70.5777206421
    endloop
  endfacet
  facet normal -0.00234196055681 -0.00138195324689 0.999996304512
    outer loop
      vertex 3.02025198936 4.01001079808e-06 -70.4006576538
      vertex 2.0107190609 0.00261299824342 -70.5777206421
      vertex 2.41565299034 0.00262099364772 -71.2697372437
    endloop
  endfacet
  facet normal 2.3323636924e-05 2.67292239187e-06 1
    outer loop
      vertex 4.31137084961 2.70090404229e-05 -71.0588302612
      vertex 4.61540222168 4.20125616074e-05 -68.0986251831
      vertex 3.55746102333 1.09861703095e-05 -70.4748077393
    endloop
  endfacet
  facet normal 5.16548243468e-06 -2.0767278329e-05 1
    outer loop
      vertex 4.31137084961 2.70090404229e-05 -71.0588302612
      vertex 3.55746102333 1.09861703095e-05 -70.4748077393
      vertex 3.82017111778 2.70090404229e-05 -71.1810073853
    endloop
  endfacet
  facet normal 0.00269377697259 0.000458911585156 0.999996244907
    outer loop
      vertex 7.95658540726 0.00269699888304 -71.3434829712
      vertex 6.7859120369 6.50115907774e-05 -70.2069778442
      vertex 6.91822814941 6.50115907774e-05 -70.9836654663
    endloop
  endfacet
  facet normal 0.0023440415971 -0.000550356518943 0.999997079372
    outer loop
      vertex 7.95658540726 0.00269699888304 -71.3434829712
      vertex 6.91822814941 6.50115907774e-05 -70.9836654663
      vertex 7.78599214554 0.00269699888304 -72.07006073
    endloop
  endfacet
  facet normal -0.0210724640638 -0.012289297767 0.999702394009
    outer loop
      vertex 1.55815494061 0.00261299824342 -69.9630355835
      vertex 1.38590300083 0.00766698736697 -70.0788040161
      vertex 1.80606496334 0.00769699411467 -70.8016967773
    endloop
  endfacet
  facet normal -0.013754978776 -0.0101271532476 0.99985408783
    outer loop
      vertex 1.55815494061 0.00261299824342 -69.9630355835
      vertex 1.80606496334 0.00769699411467 -70.8016967773
      vertex 2.0107190609 0.00261299824342 -70.5777206421
    endloop
  endfacet
  facet normal 0.0180890280753 -0.00753073627129 0.999808013439
    outer loop
      vertex 8.42338180542 0.00812101084739 -70.9423370361
      vertex 8.21418762207 0.00270499428734 -70.7257766724
      vertex 7.95658540726 0.00269699888304 -71.3434829712
    endloop
  endfacet
  facet normal 0.0151478433982 -0.0041072727181 0.999876856804
    outer loop
      vertex 8.42338180542 0.00812101084739 -70.9423370361
      vertex 7.95658540726 0.00269699888304 -71.3434829712
      vertex 8.23178672791 0.0082720015198 -71.6857070923
    endloop
  endfacet
  facet normal 1.74842207343e-05 5.27279007656e-06 1
    outer loop
      vertex 3.55746102333 1.09861703095e-05 -70.4748077393
      vertex 4.61540222168 4.20125616074e-05 -68.0986251831
      vertex 2.9270670414 4.01001079808e-06 -69.7075119019
    endloop
  endfacet
  facet normal 1.32314535222e-05 1.77880599495e-06 1
    outer loop
      vertex 3.55746102333 1.09861703095e-05 -70.4748077393
      vertex 2.9270670414 4.01001079808e-06 -69.7075119019
      vertex 3.02025198936 4.01001079808e-06 -70.4006576538
    endloop
  endfacet
  facet normal -0.00096962734824 -0.00197707256302 0.99999755621
    outer loop
      vertex 2.0107190609 0.00261299824342 -70.5777206421
      vertex 2.9270670414 4.01001079808e-06 -69.7075119019
      vertex 2.39717912674 1.09861703095e-05 -69.4511642456
    endloop
  endfacet
  facet normal -0.00213999650441 -0.00157558021601 0.999996483326
    outer loop
      vertex 2.0107190609 0.00261299824342 -70.5777206421
      vertex 2.39717912674 1.09861703095e-05 -69.4511642456
      vertex 1.55815494061 0.00261299824342 -69.9630355835
    endloop
  endfacet
  facet normal 7.35779576644e-06 -3.33381785822e-06 1
    outer loop
      vertex 6.7859120369 6.50115907774e-05 -70.2069778442
      vertex 4.61540222168 4.20125616074e-05 -68.0986251831
      vertex 6.43146085739 6.50115907774e-05 -70.9892578125
    endloop
  endfacet
  facet normal 0 0 1
    outer loop
      vertex 6.7859120369 6.50115907774e-05 -70.2069778442
      vertex 6.43146085739 6.50115907774e-05 -70.9892578125
      vertex 6.91822814941 6.50115907774e-05 -70.9836654663
    endloop
  endfacet
  facet normal -0.0167061723769 -0.00535687804222 0.999846100807
    outer loop
      vertex 1.55815494061 0.00261299824342 -69.9630355835
      vertex 1.32258617878 0.00262099364772 -69.2298736572
      vertex 1.04979002476 0.00766300549731 -69.3201980591
    endloop
  endfacet
  facet normal -0.0225987434387 -0.0100179975852 0.999694406986
    outer loop
      vertex 1.55815494061 0.00261299824342 -69.9630355835
      vertex 1.04979002476 0.00766300549731 -69.3201980591
      vertex 1.38590300083 0.00766698736697 -70.0788040161
    endloop
  endfacet
  facet normal 0.00071290199412 -0.00158152228687 0.999998509884
    outer loop
      vertex 7.22928619385 6.50115907774e-05 -70.0071182251
      vertex 6.7859120369 6.50115907774e-05 -70.2069778442
      vertex 7.95658540726 0.00269699888304 -71.3434829712
    endloop
  endfacet
  facet normal 0.00206233118661 -0.000847111281473 0.999997496605
    outer loop
      vertex 7.22928619385 6.50115907774e-05 -70.0071182251
      vertex 7.95658540726 0.00269699888304 -71.3434829712
      vertex 8.21418762207 0.00270499428734 -70.7257766724
    endloop
  endfacet
  facet normal 0.0174375269562 -0.000223795257625 0.999847948551
    outer loop
      vertex 8.5233669281 0.00797100737691 -70.1622695923
      vertex 8.22319412231 0.00268900324591 -69.9525756836
      vertex 8.21418762207 0.00270499428734 -70.7257766724
    endloop
  endfacet
  facet normal 0.022675357759 -0.00309866224416 0.999738097191
    outer loop
      vertex 8.5233669281 0.00797100737691 -70.1622695923
      vertex 8.21418762207 0.00270499428734 -70.7257766724
      vertex 8.42338180542 0.00812101084739 -70.9423370361
    endloop
  endfacet
  facet normal -0.00236411904916 0.000314223143505 0.999997138977
    outer loop
      vertex 2.39717912674 1.09861703095e-05 -69.4511642456
      vertex 2.47960305214 1.09861703095e-05 -68.8310317993
      vertex 1.32258617878 0.00262099364772 -69.2298736572
    endloop
  endfacet
  facet normal -0.00259851315059 -0.000824010581709 0.999996304512
    outer loop
      vertex 2.39717912674 1.09861703095e-05 -69.4511642456
      vertex 1.32258617878 0.00262099364772 -69.2298736572
      vertex 1.55815494061 0.00261299824342 -69.9630355835
    endloop
  endfacet
  facet normal 0.00258605042472 0.000984301441349 0.999996185303
    outer loop
      vertex 8.22319412231 0.00268900324591 -69.9525756836
      vertex 6.95810317993 5.69842304685e-05 -69.3027954102
      vertex 7.22928619385 6.50115907774e-05 -70.0071182251
    endloop
  endfacet
  facet normal 0.0026428909041 -5.14665807714e-05 0.999996483326
    outer loop
      vertex 8.22319412231 0.00268900324591 -69.9525756836
      vertex 7.22928619385 6.50115907774e-05 -70.0071182251
      vertex 8.21418762207 0.00270499428734 -70.7257766724
    endloop
  endfacet
  facet normal 1.00397855931e-05 1.30848411573e-05 1
    outer loop
      vertex 2.9270670414 4.01001079808e-06 -69.7075119019
      vertex 4.61540222168 4.20125616074e-05 -68.0986251831
      vertex 2.47960305214 1.09861703095e-05 -68.8310317993
    endloop
  endfacet
  facet normal -1.23699555843e-05 1.64413313541e-06 1
    outer loop
      vertex 2.9270670414 4.01001079808e-06 -69.7075119019
      vertex 2.47960305214 1.09861703095e-05 -68.8310317993
      vertex 2.39717912674 1.09861703095e-05 -69.4511642456
    endloop
  endfacet
  facet normal -0.023602604866 -0.00741965556517 0.999693870544
    outer loop
      vertex 1.01304197311 0.00260500283912 -68.5218048096
      vertex 0.799449980259 0.00771101005375 -68.5303115845
      vertex 1.04979002476 0.00766300549731 -69.3201980591
    endloop
  endfacet
  facet normal -0.0161366146058 -0.00707697076723 0.9998447299
    outer loop
      vertex 1.01304197311 0.00260500283912 -68.5218048096
      vertex 1.04979002476 0.00766300549731 -69.3201980591
      vertex 1.32258617878 0.00262099364772 -69.2298736572
    endloop
  endfacet
  facet normal 1.66445101968e-06 -9.19500962482e-06 1
    outer loop
      vertex 6.95810317993 5.69842304685e-05 -69.3027954102
      vertex 4.61540222168 4.20125616074e-05 -68.0986251831
      vertex 6.7859120369 6.50115907774e-05 -70.2069778442
    endloop
  endfacet
  facet normal 4.37774997408e-06 -9.7117263067e-06 1
    outer loop
      vertex 6.95810317993 5.69842304685e-05 -69.3027954102
      vertex 6.7859120369 6.50115907774e-05 -70.2069778442
      vertex 7.22928619385 6.50115907774e-05 -70.0071182251
    endloop
  endfacet
  facet normal -0.00250707101077 -0.00111859187018 0.999996244907
    outer loop
      vertex 2.001060009 -3.98549673264e-06 -68.4038467407
      vertex 1.01304197311 0.00260500283912 -68.5218048096
      vertex 1.32258617878 0.00262099364772 -69.2298736572
    endloop
  endfacet
  facet normal -0.00161865993869 -0.00184830871876 0.999996960163
    outer loop
      vertex 2.001060009 -3.98549673264e-06 -68.4038467407
      vertex 1.32258617878 0.00262099364772 -69.2298736572
      vertex 2.47960305214 1.09861703095e-05 -68.8310317993
    endloop
  endfacet
  facet normal 0.0226311534643 -0.00243480037898 0.999740898609
    outer loop
      vertex 8.51727581024 0.00787499733269 -69.3485183716
      vertex 8.30043792725 0.00269699888304 -69.2378845215
      vertex 8.22319412231 0.00268900324591 -69.9525756836
    endloop
  endfacet
  facet normal 0.0176034532487 1.37998904393e-05 0.999845027924
    outer loop
      vertex 8.51727581024 0.00787499733269 -69.3485183716
      vertex 8.22319412231 0.00268900324591 -69.9525756836
      vertex 8.5233669281 0.00797100737691 -70.1622695923
    endloop
  endfacet
  facet normal 0.00253642466851 -0.00026295054704 0.999996721745
    outer loop
      vertex 8.22319412231 0.00268900324591 -69.9525756836
      vertex 8.30043792725 0.00269699888304 -69.2378845215
      vertex 7.29193496704 5.69842304685e-05 -68.9259872437
    endloop
  endfacet
  facet normal 0.0014298511669 -0.00126677099615 0.999998152256
    outer loop
      vertex 8.22319412231 0.00268900324591 -69.9525756836
      vertex 7.29193496704 5.69842304685e-05 -68.9259872437
      vertex 6.95810317993 5.69842304685e-05 -69.3027954102
    endloop
  endfacet
  facet normal -0.0172032658011 -0.00371340219863 0.999845087528
    outer loop
      vertex 0.934624016285 0.00260500283912 -67.7817306519
      vertex 0.621020972729 0.00778599595651 -67.7238845825
      vertex 0.799449980259 0.00771101005375 -68.5303115845
    endloop
  endfacet
  facet normal -0.0237981490791 -0.00252164248377 0.999713599682
    outer loop
      vertex 0.934624016285 0.00260500283912 -67.7817306519
      vertex 0.799449980259 0.00771101005375 -68.5303115845
      vertex 1.01304197311 0.00260500283912 -68.5218048096
    endloop
  endfacet
  facet normal -0.00194126274437 0.000865995651111 0.999997735023
    outer loop
      vertex 2.001060009 -3.98549673264e-06 -68.4038467407
      vertex 2.22615790367 4.01001079808e-06 -67.8900222778
      vertex 0.934624016285 0.00260500283912 -67.7817306519
    endloop
  endfacet
  facet normal -0.00260763149709 -0.000276303617284 0.999996542931
    outer loop
      vertex 2.001060009 -3.98549673264e-06 -68.4038467407
      vertex 0.934624016285 0.00260500283912 -67.7817306519
      vertex 1.01304197311 0.00260500283912 -68.5218048096
    endloop
  endfacet
  facet normal 1.56258574862e-05 -3.20492472383e-06 1
    outer loop
      vertex 2.47960305214 1.09861703095e-05 -68.8310317993
      vertex 4.61540222168 4.20125616074e-05 -68.0986251831
      vertex 2.22615790367 4.01001079808e-06 -67.8900222778
    endloop
  endfacet
  facet normal 3.24762913806e-05 1.33345406539e-06 1
    outer loop
      vertex 2.47960305214 1.09861703095e-05 -68.8310317993
      vertex 2.22615790367 4.01001079808e-06 -67.8900222778
      vertex 2.001060009 -3.98549673264e-06 -68.4038467407
    endloop
  endfacet
  facet normal 6.55544226902e-06 3.2036319908e-07 1
    outer loop
      vertex 6.91058683395 5.69842304685e-05 -68.3304901123
      vertex 4.61540222168 4.20125616074e-05 -68.0986251831
      vertex 6.95810317993 5.69842304685e-05 -69.3027954102
    endloop
  endfacet
  facet normal 0 0 1
    outer loop
      vertex 6.91058683395 5.69842304685e-05 -68.3304901123
      vertex 6.95810317993 5.69842304685e-05 -69.3027954102
      vertex 7.29193496704 5.69842304685e-05 -68.9259872437
    endloop
  endfacet
  facet normal 0.0180562883615 0.00356122944504 0.9998306036
    outer loop
      vertex 8.44089221954 0.00781998503953 -68.51171875
      vertex 8.14590072632 0.00268900324591 -68.4565887451
      vertex 8.30043792725 0.00269699888304 -69.2378845215
    endloop
  endfacet
  facet normal 0.0250030178577 0.00221657566726 0.999684929848
    outer loop
      vertex 8.44089221954 0.00781998503953 -68.51171875
      vertex 8.30043792725 0.00269699888304 -69.2378845215
      vertex 8.51727581024 0.00787499733269 -69.3485183716
    endloop
  endfacet
  facet normal 0.00227965973318 0.00145986257121 0.999996364117
    outer loop
      vertex 8.14590072632 0.00268900324591 -68.4565887451
      vertex 6.91058683395 5.69842304685e-05 -68.3304901123
      vertex 7.29193496704 5.69842304685e-05 -68.9259872437
    endloop
  endfacet
  facet normal 0.00278493971564 0.000540616281796 0.999995946884
    outer loop
      vertex 8.14590072632 0.00268900324591 -68.4565887451
      vertex 7.29193496704 5.69842304685e-05 -68.9259872437
      vertex 8.30043792725 0.00269699888304 -69.2378845215
    endloop
  endfacet
  facet normal -0.0240813754499 -0.00342184584588 0.999704122543
    outer loop
      vertex 0.737811982632 0.00259799463674 -67.0301132202
      vertex 0.504176974297 0.00785798765719 -66.9226226807
      vertex 0.621020972729 0.00778599595651 -67.7238845825
    endloop
  endfacet
  facet normal -0.0173583328724 -0.00455462560058 0.99983894825
    outer loop
      vertex 0.737811982632 0.00259799463674 -67.0301132202
      vertex 0.621020972729 0.00778599595651 -67.7238845825
      vertex 0.934624016285 0.00260500283912 -67.7817306519
    endloop
  endfacet
  facet normal -0.00264513189904 -0.000701955286786 0.999996244907
    outer loop
      vertex 1.80106699467 -1.09935108412e-05 -67.3199768066
      vertex 0.737811982632 0.00259799463674 -67.0301132202
      vertex 0.934624016285 0.00260500283912 -67.7817306519
    endloop
  endfacet
  facet normal -0.00215054326691 -0.00163001043256 0.999996364117
    outer loop
      vertex 1.80106699467 -1.09935108412e-05 -67.3199768066
      vertex 0.934624016285 0.00260500283912 -67.7817306519
      vertex 2.22615790367 4.01001079808e-06 -67.8900222778
    endloop
  endfacet
  facet normal 2.68450676231e-05 -6.30112117506e-06 1
    outer loop
      vertex 2.14900994301 -3.98549673264e-06 -66.949798584
      vertex 1.80106699467 -1.09935108412e-05 -67.3199768066
      vertex 2.22615790367 4.01001079808e-06 -67.8900222778
    endloop
  endfacet
  facet normal 1.52726279339e-05 -7.25067275198e-06 1
    outer loop
      vertex 2.14900994301 -3.98549673264e-06 -66.949798584
      vertex 2.22615790367 4.01001079808e-06 -67.8900222778
      vertex 4.61540222168 4.20125616074e-05 -68.0986251831
    endloop
  endfacet
  facet normal 0.00272925430909 7.5646530604e-05 0.999996244907
    outer loop
      vertex 8.14590072632 0.00268900324591 -68.4565887451
      vertex 8.12762832642 0.00269699888304 -67.6916275024
      vertex 7.16633605957 6.50115907774e-05 -67.802230835
    endloop
  endfacet
  facet normal 0.00203178310767 -0.000968463078607 0.999997496605
    outer loop
      vertex 8.14590072632 0.00268900324591 -68.4565887451
      vertex 7.16633605957 6.50115907774e-05 -67.802230835
      vertex 6.91058683395 5.69842304685e-05 -68.3304901123
    endloop
  endfacet
  facet normal 2.30128807743e-05 4.05451646657e-06 1
    outer loop
      vertex 6.91058683395 5.69842304685e-05 -68.3304901123
      vertex 7.16633605957 6.50115907774e-05 -67.802230835
      vertex 6.73947906494 5.69842304685e-05 -67.3593063354
    endloop
  endfacet
  facet normal 6.6412835622e-06 1.17009233236e-06 1
    outer loop
      vertex 6.91058683395 5.69842304685e-05 -68.3304901123
      vertex 6.73947906494 5.69842304685e-05 -67.3593063354
      vertex 4.61540222168 4.20125616074e-05 -68.0986251831
    endloop
  endfacet
  facet normal 0.0246659517288 0.0031771461945 0.999690711498
    outer loop
      vertex 8.44089221954 0.00781998503953 -68.51171875
      vertex 8.33019828796 0.00774901267141 -67.6746749878
      vertex 8.12762832642 0.00269699888304 -67.6916275024
    endloop
  endfacet
  facet normal 0.0174709782004 0.000427784281783 0.9998472929
    outer loop
      vertex 8.44089221954 0.00781998503953 -68.51171875
      vertex 8.12762832642 0.00269699888304 -67.6916275024
      vertex 8.14590072632 0.00268900324591 -68.4565887451
    endloop
  endfacet
  facet normal -0.0013448507525 0.00128300196957 0.999998271465
    outer loop
      vertex 1.80106699467 -1.09935108412e-05 -67.3199768066
      vertex 2.14900994301 -3.98549673264e-06 -66.949798584
      vertex 0.811339974403 0.0025829912629 -66.335609436
    endloop
  endfacet
  facet normal -0.00239065662026 0.000231498823268 0.999997138977
    outer loop
      vertex 1.80106699467 -1.09935108412e-05 -67.3199768066
      vertex 0.811339974403 0.0025829912629 -66.335609436
      vertex 0.737811982632 0.00259799463674 -67.0301132202
    endloop
  endfacet
  facet normal -0.0167669486254 -0.000211354563362 0.999859392643
    outer loop
      vertex 0.811339974403 0.0025829912629 -66.335609436
      vertex 0.488757014275 0.00795100256801 -66.1393737793
      vertex 0.504176974297 0.00785798765719 -66.9226226807
    endloop
  endfacet
  facet normal -0.0214725006372 0.00225172401406 0.999766886234
    outer loop
      vertex 0.811339974403 0.0025829912629 -66.335609436
      vertex 0.504176974297 0.00785798765719 -66.9226226807
      vertex 0.737811982632 0.00259799463674 -67.0301132202
    endloop
  endfacet
  facet normal 2.654466698e-05 -2.28461012739e-05 1
    outer loop
      vertex 2.35112404823 -1.89890179172e-05 -66.0582427979
      vertex 1.87478303909 -2.69845259027e-05 -66.2617263794
      vertex 2.14900994301 -3.98549673264e-06 -66.949798584
    endloop
  endfacet
  facet normal 9.77877971309e-06 -1.90453029063e-05 1
    outer loop
      vertex 2.35112404823 -1.89890179172e-05 -66.0582427979
      vertex 2.14900994301 -3.98549673264e-06 -66.949798584
      vertex 4.61540222168 4.20125616074e-05 -68.0986251831
    endloop
  endfacet
  facet normal -0.00245980080217 7.97234970378e-05 0.999996960163
    outer loop
      vertex 1.87478303909 -2.69845259027e-05 -66.2617263794
      vertex 0.839294016361 0.00257499562576 -65.5734024048
      vertex 0.811339974403 0.0025829912629 -66.335609436
    endloop
  endfacet
  facet normal -0.00238587660715 -0.000984301557764 0.99999666214
    outer loop
      vertex 1.87478303909 -2.69845259027e-05 -66.2617263794
      vertex 0.811339974403 0.0025829912629 -66.335609436
      vertex 2.14900994301 -3.98549673264e-06 -66.949798584
    endloop
  endfacet
  facet normal 0.00171984406188 0.00163933122531 0.999997198582
    outer loop
      vertex 7.8870010376 0.00268199527636 -66.9619216919
      vertex 6.73947906494 5.69842304685e-05 -67.3593063354
      vertex 7.16633605957 6.50115907774e-05 -67.802230835
    endloop
  endfacet
  facet normal 0.00264015304856 0.00085005373694 0.999996125698
    outer loop
      vertex 7.8870010376 0.00268199527636 -66.9619216919
      vertex 7.16633605957 6.50115907774e-05 -67.802230835
      vertex 8.12762832642 0.00269699888304 -67.6916275024
    endloop
  endfacet
  facet normal 0.0174885969609 0.00376665592194 0.999839961529
    outer loop
      vertex 8.33019828796 0.00774901267141 -67.6746749878
      vertex 8.15256404877 0.00769998878241 -66.8629302979
      vertex 7.8870010376 0.00268199527636 -66.9619216919
    endloop
  endfacet
  facet normal 0.0242635458708 0.00798057299107 0.999673724174
    outer loop
      vertex 8.33019828796 0.00774901267141 -67.6746749878
      vertex 7.8870010376 0.00268199527636 -66.9619216919
      vertex 8.12762832642 0.00269699888304 -67.6916275024
    endloop
  endfacet
  facet normal -0.0211035702378 0.00357404351234 0.999770879745
    outer loop
      vertex 0.839294016361 0.00257499562576 -65.5734024048
      vertex 0.612466990948 0.00808399636298 -65.3717041016
      vertex 0.488757014275 0.00795100256801 -66.1393737793
    endloop
  endfacet
  facet normal -0.0162816364318 0.000586641894188 0.999867260456
    outer loop
      vertex 0.839294016361 0.00257499562576 -65.5734024048
      vertex 0.488757014275 0.00795100256801 -66.1393737793
      vertex 0.811339974403 0.0025829912629 -66.335609436
    endloop
  endfacet
  facet normal 1.29307227326e-05 1.48548974721e-06 1
    outer loop
      vertex 6.34484481812 3.39852012985e-05 -66.4702606201
      vertex 6.26567745209 3.39852012985e-05 -65.7811355591
      vertex 5.71905088425 2.70090404229e-05 -65.7191238403
    endloop
  endfacet
  facet normal 2.29936540563e-06 -7.37180243959e-06 1
    outer loop
      vertex 6.34484481812 3.39852012985e-05 -66.4702606201
      vertex 5.71905088425 2.70090404229e-05 -65.7191238403
      vertex 4.61540222168 4.20125616074e-05 -68.0986251831
    endloop
  endfacet
  facet normal 0.00271318969317 0.000659770681523 0.999996125698
    outer loop
      vertex 7.8870010376 0.00268199527636 -66.9619216919
      vertex 7.7020611763 0.00267399987206 -66.213508606
      vertex 6.85715484619 4.20125616074e-05 -66.7282104492
    endloop
  endfacet
  facet normal 0.00245422916487 -0.000481344148284 0.999996900558
    outer loop
      vertex 7.8870010376 0.00268199527636 -66.9619216919
      vertex 6.85715484619 4.20125616074e-05 -66.7282104492
      vertex 6.73947906494 5.69842304685e-05 -67.3593063354
    endloop
  endfacet
  facet normal 9.16424687603e-06 -1.1159967471e-05 1
    outer loop
      vertex 3.20441102982 -1.09935108412e-05 -64.9095077515
      vertex 2.66693496704 -1.89890179172e-05 -64.6344223022
      vertex 2.69675803185 -1.09935108412e-05 -65.3263778687
    endloop
  endfacet
  facet normal 1.00113256849e-05 -1.21915172713e-05 1
    outer loop
      vertex 3.20441102982 -1.09935108412e-05 -64.9095077515
      vertex 2.69675803185 -1.09935108412e-05 -65.3263778687
      vertex 4.61540222168 4.20125616074e-05 -68.0986251831
    endloop
  endfacet
  facet normal 1.69295144588e-05 -5.00327587361e-06 1
    outer loop
      vertex 5.71905088425 2.70090404229e-05 -65.7191238403
      vertex 5.45050001144 1.90135324374e-05 -65.0297622681
      vertex 4.93520021439 1.09861703095e-05 -65.1689529419
    endloop
  endfacet
  facet normal 1.20823124234e-05 -1.19092810564e-05 1
    outer loop
      vertex 5.71905088425 2.70090404229e-05 -65.7191238403
      vertex 4.93520021439 1.09861703095e-05 -65.1689529419
      vertex 4.61540222168 4.20125616074e-05 -68.0986251831
    endloop
  endfacet
  facet normal -0.00191319605801 0.000902018160559 0.999997735023
    outer loop
      vertex 1.12746405602 0.00257499562576 -64.9621887207
      vertex 0.839294016361 0.00257499562576 -65.5734024048
      vertex 1.87478303909 -2.69845259027e-05 -66.2617263794
    endloop
  endfacet
  facet normal -0.000673162634484 0.00161511974875 0.999998450279
    outer loop
      vertex 1.12746405602 0.00257499562576 -64.9621887207
      vertex 1.87478303909 -2.69845259027e-05 -66.2617263794
      vertex 2.35112404823 -1.89890179172e-05 -66.0582427979
    endloop
  endfacet
  facet normal 0.0234264526516 0.00851411744952 0.999689280987
    outer loop
      vertex 8.15256404877 0.00769998878241 -66.8629302979
      vertex 7.8723359108 0.00770498951897 -66.0913009644
      vertex 7.7020611763 0.00267399987206 -66.213508606
    endloop
  endfacet
  facet normal 0.017302852124 0.00426501128823 0.999841213226
    outer loop
      vertex 8.15256404877 0.00769998878241 -66.8629302979
      vertex 7.7020611763 0.00267399987206 -66.213508606
      vertex 7.8870010376 0.00268199527636 -66.9619216919
    endloop
  endfacet
  facet normal 2.68625517492e-05 -1.19039459605e-05 1
    outer loop
      vertex 4.04257583618 1.09861703095e-05 -64.8645172119
      vertex 3.44443893433 -1.09935108412e-05 -64.3678588867
      vertex 3.20441102982 -1.09935108412e-05 -64.9095077515
    endloop
  endfacet
  facet normal 2.64867121587e-05 -4.90215597893e-06 1
    outer loop
      vertex 4.04257583618 1.09861703095e-05 -64.8645172119
      vertex 3.20441102982 -1.09935108412e-05 -64.9095077515
      vertex 4.61540222168 4.20125616074e-05 -68.0986251831
    endloop
  endfacet
  facet normal -4.90574211653e-06 -1.43839351949e-05 1
    outer loop
      vertex 4.93520021439 1.09861703095e-05 -65.1689529419
      vertex 4.47933578491 4.01001079808e-06 -64.5284805298
      vertex 4.04257583618 1.09861703095e-05 -64.8645172119
    endloop
  endfacet
  facet normal -3.48228650182e-06 -1.02102767414e-05 1
    outer loop
      vertex 4.93520021439 1.09861703095e-05 -65.1689529419
      vertex 4.04257583618 1.09861703095e-05 -64.8645172119
      vertex 4.61540222168 4.20125616074e-05 -68.0986251831
    endloop
  endfacet
  facet normal 0.00220713508315 0.0014904839918 0.999996423721
    outer loop
      vertex 6.85715484619 4.20125616074e-05 -66.7282104492
      vertex 7.7020611763 0.00267399987206 -66.213508606
      vertex 7.28012514114 0.00266600423492 -65.5940628052
    endloop
  endfacet
  facet normal 0.000993944122456 0.00194293586537 0.999997615814
    outer loop
      vertex 6.85715484619 4.20125616074e-05 -66.7282104492
      vertex 7.28012514114 0.00266600423492 -65.5940628052
      vertex 6.34484481812 3.39852012985e-05 -66.4702606201
    endloop
  endfacet
  facet normal -0.00223574088886 0.000548205396626 0.999997377396
    outer loop
      vertex 2.20606207848 -2.69845259027e-05 -65.3097000122
      vertex 1.29540598392 0.0025829912629 -64.2626876831
      vertex 1.12746405602 0.00257499562576 -64.9621887207
    endloop
  endfacet
  facet normal -0.00257668783888 -0.000510024488904 0.999996542931
    outer loop
      vertex 2.20606207848 -2.69845259027e-05 -65.3097000122
      vertex 1.12746405602 0.00257499562576 -64.9621887207
      vertex 2.35112404823 -1.89890179172e-05 -66.0582427979
    endloop
  endfacet
  facet normal -0.0125821297988 0.0059321206063 0.999903261662
    outer loop
      vertex 0.839294016361 0.00257499562576 -65.5734024048
      vertex 1.12746405602 0.00257499562576 -64.9621887207
      vertex 0.832576990128 0.00822001509368 -64.636138916
    endloop
  endfacet
  facet normal -0.0190492253751 0.00588515913114 0.99980121851
    outer loop
      vertex 0.839294016361 0.00257499562576 -65.5734024048
      vertex 0.832576990128 0.00822001509368 -64.636138916
      vertex 0.612466990948 0.00808399636298 -65.3717041016
    endloop
  endfacet
  facet normal 0.00234818086028 0.00133585918229 0.999996364117
    outer loop
      vertex 7.28012514114 0.00266600423492 -65.5940628052
      vertex 6.88788604736 0.00265899626538 -64.909828186
      vertex 6.26567745209 3.39852012985e-05 -65.7811355591
    endloop
  endfacet
  facet normal 0.00254070130177 0.000291877397103 0.999996721745
    outer loop
      vertex 7.28012514114 0.00266600423492 -65.5940628052
      vertex 6.26567745209 3.39852012985e-05 -65.7811355591
      vertex 6.34484481812 3.39852012985e-05 -66.4702606201
    endloop
  endfacet
  facet normal 0.0139854801819 0.00951331295073 0.999856948853
    outer loop
      vertex 7.48842811584 0.00774401146919 -65.3665847778
      vertex 7.28012514114 0.00266600423492 -65.5940628052
      vertex 7.7020611763 0.00267399987206 -66.213508606
    endloop
  endfacet
  facet normal 0.0213730465621 0.011375900358 0.999706864357
    outer loop
      vertex 7.48842811584 0.00774401146919 -65.3665847778
      vertex 7.7020611763 0.00267399987206 -66.213508606
      vertex 7.8723359108 0.00770498951897 -66.0913009644
    endloop
  endfacet
  facet normal -0.00143364910036 0.00124584010337 0.999998211861
    outer loop
      vertex 1.65901196003 0.00259799463674 -63.8322257996
      vertex 1.29540598392 0.0025829912629 -64.2626876831
      vertex 2.20606207848 -2.69845259027e-05 -65.3097000122
    endloop
  endfacet
  facet normal 9.41595935728e-05 0.00181152729783 0.99999833107
    outer loop
      vertex 1.65901196003 0.00259799463674 -63.8322257996
      vertex 2.20606207848 -2.69845259027e-05 -65.3097000122
      vertex 2.69675803185 -1.09935108412e-05 -65.3263778687
    endloop
  endfacet
  facet normal -0.0181866679341 0.00744777685031 0.999806880951
    outer loop
      vertex 1.29540598392 0.0025829912629 -64.2626876831
      vertex 1.10187101364 0.00832099374384 -63.9649963379
      vertex 0.832576990128 0.00822001509368 -64.636138916
    endloop
  endfacet
  facet normal -0.0151154845953 0.00364047894254 0.99987912178
    outer loop
      vertex 1.29540598392 0.0025829912629 -64.2626876831
      vertex 0.832576990128 0.00822001509368 -64.636138916
      vertex 1.12746405602 0.00257499562576 -64.9621887207
    endloop
  endfacet
  facet normal 0.00159006880131 0.00187723548152 0.999996960163
    outer loop
      vertex 6.26567745209 3.39852012985e-05 -65.7811355591
      vertex 6.88788604736 0.00265899626538 -64.909828186
      vertex 6.31577301025 0.0026359972544 -64.4374847412
    endloop
  endfacet
  facet normal 0.000231470607105 0.00192789023276 0.999998092651
    outer loop
      vertex 6.26567745209 3.39852012985e-05 -65.7811355591
      vertex 6.31577301025 0.0026359972544 -64.4374847412
      vertex 5.71905088425 2.70090404229e-05 -65.7191238403
    endloop
  endfacet
  facet normal -0.00182131200563 0.000973870570306 0.999997854233
    outer loop
      vertex 2.66693496704 -1.89890179172e-05 -64.6344223022
      vertex 1.93080496788 0.00258999923244 -63.3321342468
      vertex 1.65901196003 0.00259799463674 -63.8322257996
    endloop
  endfacet
  facet normal -0.00269815279171 -0.000127844381495 0.999996364117
    outer loop
      vertex 2.66693496704 -1.89890179172e-05 -64.6344223022
      vertex 1.65901196003 0.00259799463674 -63.8322257996
      vertex 2.69675803185 -1.09935108412e-05 -65.3263778687
    endloop
  endfacet
  facet normal 0.00180525041651 0.00178115896415 0.999996781349
    outer loop
      vertex 6.31577301025 0.0026359972544 -64.4374847412
      vertex 5.76574659348 0.00264399289154 -63.8755302429
      vertex 5.45050001144 1.90135324374e-05 -65.0297622681
    endloop
  endfacet
  facet normal 0.00239401031286 0.000921024475247 0.999996721745
    outer loop
      vertex 6.31577301025 0.0026359972544 -64.4374847412
      vertex 5.45050001144 1.90135324374e-05 -65.0297622681
      vertex 5.71905088425 2.70090404229e-05 -65.7191238403
    endloop
  endfacet
  facet normal 0.019111957401 0.0139985810965 0.999719321728
    outer loop
      vertex 7.48842811584 0.00774401146919 -65.3665847778
      vertex 7.00194978714 0.0078160027042 -64.697265625
      vertex 6.88788604736 0.00265899626538 -64.909828186
    endloop
  endfacet
  facet normal 0.0149970594794 0.00858686491847 0.999850690365
    outer loop
      vertex 7.48842811584 0.00774401146919 -65.3665847778
      vertex 6.88788604736 0.00265899626538 -64.909828186
      vertex 7.28012514114 0.00266600423492 -65.5940628052
    endloop
  endfacet
  facet normal -0.000503277173266 0.00171890272759 0.999998390675
    outer loop
      vertex 2.43383002281 0.0025829912629 -63.1889305115
      vertex 1.93080496788 0.00258999923244 -63.3321342468
      vertex 2.66693496704 -1.89890179172e-05 -64.6344223022
    endloop
  endfacet
  facet normal 0.00102038378827 0.00196461216547 0.99999755621
    outer loop
      vertex 2.43383002281 0.0025829912629 -63.1889305115
      vertex 2.66693496704 -1.89890179172e-05 -64.6344223022
      vertex 3.20441102982 -1.09935108412e-05 -64.9095077515
    endloop
  endfacet
  facet normal -0.0119050368667 0.00685636047274 0.999905645847
    outer loop
      vertex 1.65901196003 0.00259799463674 -63.8322257996
      vertex 1.41584002972 0.00842799339443 -63.4042320251
      vertex 1.10187101364 0.00832099374384 -63.9649963379
    endloop
  endfacet
  facet normal -0.0128694968298 0.0109055545181 0.999857723713
    outer loop
      vertex 1.65901196003 0.00259799463674 -63.8322257996
      vertex 1.10187101364 0.00832099374384 -63.9649963379
      vertex 1.29540598392 0.0025829912629 -64.2626876831
    endloop
  endfacet
  facet normal 0.000892827811185 0.0020303640049 0.99999755621
    outer loop
      vertex 5.45050001144 1.90135324374e-05 -65.0297622681
      vertex 5.76574659348 0.00264399289154 -63.8755302429
      vertex 5.11005783081 0.0026359972544 -63.5911369324
    endloop
  endfacet
  facet normal -0.000447199767223 0.0017132560024 0.999998450279
    outer loop
      vertex 5.45050001144 1.90135324374e-05 -65.0297622681
      vertex 5.11005783081 0.0026359972544 -63.5911369324
      vertex 4.93520021439 1.09861703095e-05 -65.1689529419
    endloop
  endfacet
  facet normal -0.000639659527224 0.00165195390582 0.999998450279
    outer loop
      vertex 3.44443893433 -1.09935108412e-05 -64.3678588867
      vertex 3.00295996666 0.00258999923244 -62.9643135071
      vertex 2.43383002281 0.0025829912629 -63.1889305115
    endloop
  endfacet
  facet normal -0.00169204722624 0.000749818515033 0.999998271465
    outer loop
      vertex 3.44443893433 -1.09935108412e-05 -64.3678588867
      vertex 2.43383002281 0.0025829912629 -63.1889305115
      vertex 3.20441102982 -1.09935108412e-05 -64.9095077515
    endloop
  endfacet
  facet normal 0.0012020758586 0.00199905782938 0.999997258186
    outer loop
      vertex 5.11005783081 0.0026359972544 -63.5911369324
      vertex 4.42869901657 0.0026280018501 -63.18542099
      vertex 4.47933578491 4.01001079808e-06 -64.5284805298
    endloop
  endfacet
  facet normal 0.00203575962223 0.00143808592111 0.999996900558
    outer loop
      vertex 5.11005783081 0.0026359972544 -63.5911369324
      vertex 4.47933578491 4.01001079808e-06 -64.5284805298
      vertex 4.93520021439 1.09861703095e-05 -65.1689529419
    endloop
  endfacet
  facet normal 0.000444430421339 0.00199294858612 0.999997913837
    outer loop
      vertex 3.73393201828 0.00260500283912 -63.1197929382
      vertex 3.00295996666 0.00258999923244 -62.9643135071
      vertex 3.44443893433 -1.09935108412e-05 -64.3678588867
    endloop
  endfacet
  facet normal 0.00149016513024 0.00175038562156 0.999997377396
    outer loop
      vertex 3.73393201828 0.00260500283912 -63.1197929382
      vertex 3.44443893433 -1.09935108412e-05 -64.3678588867
      vertex 4.04257583618 1.09861703095e-05 -64.8645172119
    endloop
  endfacet
  facet normal 0.000218432425754 0.00196197372861 0.999998033047
    outer loop
      vertex 4.47933578491 4.01001079808e-06 -64.5284805298
      vertex 4.42869901657 0.0026280018501 -63.18542099
      vertex 3.73393201828 0.00260500283912 -63.1197929382
    endloop
  endfacet
  facet normal -0.0010209226748 0.00130617292598 0.999998629093
    outer loop
      vertex 4.47933578491 4.01001079808e-06 -64.5284805298
      vertex 3.73393201828 0.00260500283912 -63.1197929382
      vertex 4.04257583618 1.09861703095e-05 -64.8645172119
    endloop
  endfacet
  facet normal 0.0100227659568 0.0120911104605 0.99987667799
    outer loop
      vertex 6.43235111237 0.00789000093937 -64.0996398926
      vertex 6.31577301025 0.0026359972544 -64.4374847412
      vertex 6.88788604736 0.00265899626538 -64.909828186
    endloop
  endfacet
  facet normal 0.0161985345185 0.0155626516789 0.999747693539
    outer loop
      vertex 6.43235111237 0.00789000093937 -64.0996398926
      vertex 6.88788604736 0.00265899626538 -64.909828186
      vertex 7.00194978714 0.0078160027042 -64.697265625
    endloop
  endfacet
  facet normal -0.0129113458097 0.0112590258941 0.999853253365
    outer loop
      vertex 1.93080496788 0.00258999923244 -63.3321342468
      vertex 1.76902604103 0.00844500400126 -62.9977035522
      vertex 1.41584002972 0.00842799339443 -63.4042320251
    endloop
  endfacet
  facet normal -0.0122667308897 0.00665081711486 0.999902665615
    outer loop
      vertex 1.93080496788 0.00258999923244 -63.3321342468
      vertex 1.41584002972 0.00842799339443 -63.4042320251
      vertex 1.65901196003 0.00259799463674 -63.8322257996
    endloop
  endfacet
  facet normal 0.0136011708528 0.0170534346253 0.999762058258
    outer loop
      vertex 6.43235111237 0.00789000093937 -64.0996398926
      vertex 5.80091094971 0.00798798631877 -63.5902824402
      vertex 5.76574659348 0.00264399289154 -63.8755302429
    endloop
  endfacet
  facet normal 0.0117349745706 0.0115001071244 0.99986499548
    outer loop
      vertex 6.43235111237 0.00789000093937 -64.0996398926
      vertex 5.76574659348 0.00264399289154 -63.8755302429
      vertex 6.31577301025 0.0026359972544 -64.4374847412
    endloop
  endfacet
  facet normal -0.00795278139412 0.0136580849066 0.999875068665
    outer loop
      vertex 2.22054696083 0.00840101297945 -62.7380142212
      vertex 1.76902604103 0.00844500400126 -62.9977035522
      vertex 1.93080496788 0.00258999923244 -63.3321342468
    endloop
  endfacet
  facet normal -0.00324932485819 0.0113648297265 0.999930143356
    outer loop
      vertex 2.22054696083 0.00840101297945 -62.7380142212
      vertex 1.93080496788 0.00258999923244 -63.3321342468
      vertex 2.43383002281 0.0025829912629 -63.1889305115
    endloop
  endfacet
  facet normal 0.01039379742 0.0174494162202 0.999793708324
    outer loop
      vertex 5.76574659348 0.00264399289154 -63.8755302429
      vertex 5.80091094971 0.00798798631877 -63.5902824402
      vertex 5.1123251915 0.00810699537396 -63.1733055115
    endloop
  endfacet
  facet normal 0.00567745417356 0.0130616631359 0.999898552895
    outer loop
      vertex 5.76574659348 0.00264399289154 -63.8755302429
      vertex 5.1123251915 0.00810699537396 -63.1733055115
      vertex 5.11005783081 0.0026359972544 -63.5911369324
    endloop
  endfacet
  facet normal 0.00769177637994 0.0181282963604 0.999806106091
    outer loop
      vertex 5.1123251915 0.00810699537396 -63.1733055115
      vertex 4.37181377411 0.00820599868894 -62.8536491394
      vertex 4.42869901657 0.0026280018501 -63.18542099
    endloop
  endfacet
  facet normal 0.00778240384534 0.013050056994 0.999884545803
    outer loop
      vertex 5.1123251915 0.00810699537396 -63.1733055115
      vertex 4.42869901657 0.0026280018501 -63.18542099
      vertex 5.11005783081 0.0026359972544 -63.5911369324
    endloop
  endfacet
  facet normal -0.00218262919225 0.0118693374097 0.999927163124
    outer loop
      vertex 2.86209201813 0.00838100817055 -62.6217269897
      vertex 2.22054696083 0.00840101297945 -62.7380142212
      vertex 2.43383002281 0.0025829912629 -63.1889305115
    endloop
  endfacet
  facet normal -0.00572859914973 0.0145461848006 0.999877810478
    outer loop
      vertex 2.86209201813 0.00838100817055 -62.6217269897
      vertex 2.43383002281 0.0025829912629 -63.1889305115
      vertex 3.00295996666 0.00258999923244 -62.9643135071
    endloop
  endfacet
  facet normal 0.00324780400842 0.0132588334382 0.99990683794
    outer loop
      vertex 4.37181377411 0.00820599868894 -62.8536491394
      vertex 3.61161899567 0.0082920063287 -62.660949707
      vertex 3.73393201828 0.00260500283912 -63.1197929382
    endloop
  endfacet
  facet normal 0.00164769194089 0.0170927681029 0.999852538109
    outer loop
      vertex 4.37181377411 0.00820599868894 -62.8536491394
      vertex 3.73393201828 0.00260500283912 -63.1197929382
      vertex 4.42869901657 0.0026280018501 -63.18542099
    endloop
  endfacet
  facet normal 0.000782561372034 0.0172230601311 0.999851346016
    outer loop
      vertex 3.61161899567 0.0082920063287 -62.660949707
      vertex 2.86209201813 0.00838100817055 -62.6217269897
      vertex 3.00295996666 0.00258999923244 -62.9643135071
    endloop
  endfacet
  facet normal 0.00281624821946 0.01314382907 0.999909639359
    outer loop
      vertex 3.61161899567 0.0082920063287 -62.660949707
      vertex 3.00295996666 0.00258999923244 -62.9643135071
      vertex 3.73393201828 0.00260500283912 -63.1197929382
    endloop
  endfacet
  facet normal 1.63681306731e-05 -2.67753202934e-05 1
    outer loop
      vertex 4.61540222168 4.20125616074e-05 -68.0986251831
      vertex 6.73947906494 5.69842304685e-05 -67.3593063354
      vertex 6.85715484619 4.20125616074e-05 -66.7282104492
    endloop
  endfacet
  facet normal 8.59212741489e-06 -1.40551765071e-05 1
    outer loop
      vertex 4.61540222168 4.20125616074e-05 -68.0986251831
      vertex 6.85715484619 4.20125616074e-05 -66.7282104492
      vertex 6.34484481812 3.39852012985e-05 -66.4702606201
    endloop
  endfacet
  facet normal 3.2707954233e-05 3.51658945874e-06 1
    outer loop
      vertex 4.61540222168 4.20125616074e-05 -68.0986251831
      vertex 2.69675803185 -1.09935108412e-05 -65.3263778687
      vertex 2.20606207848 -2.69845259027e-05 -65.3097000122
    endloop
  endfacet
  facet normal 2.09792215173e-05 -6.61581088934e-06 1
    outer loop
      vertex 4.61540222168 4.20125616074e-05 -68.0986251831
      vertex 2.20606207848 -2.69845259027e-05 -65.3097000122
      vertex 2.35112404823 -1.89890179172e-05 -66.0582427979
    endloop
  endfacet
  facet normal -0.212753504515 -0.976983785629 -0.0154460594058
    outer loop
      vertex 6.22439908981 0.00841299071908 -73.8686676025
      vertex 5.54219245911 0.00832300074399 -73.7201080322
      vertex 5.54528999329 0.708244025707 -73.7097167969
    endloop
  endfacet
  facet normal -0.212689146399 -0.976996779442 -0.015511456877
    outer loop
      vertex 6.22439908981 0.00841299071908 -73.8686676025
      vertex 5.54528999329 0.708244025707 -73.7097167969
      vertex 6.22760677338 0.708333015442 -73.858253479
    endloop
  endfacet
  facet normal 0.0819821059704 -0.996529042721 -0.0144517505541
    outer loop
      vertex 6.8001127243 0.00847198534757 -73.8213043213
      vertex 6.22439908981 0.00841299071908 -73.8686676025
      vertex 6.22760677338 0.708333015442 -73.858253479
    endloop
  endfacet
  facet normal 0.0804316103458 -0.996673047543 -0.0131757976487
    outer loop
      vertex 6.8001127243 0.00847198534757 -73.8213043213
      vertex 6.22760677338 0.708333015442 -73.858253479
      vertex 6.79842710495 0.708415985107 -73.8121871948
    endloop
  endfacet
  facet normal -0.355070471764 -0.93468105793 -0.017211701721
    outer loop
      vertex 5.54219245911 0.00832300074399 -73.7201080322
      vertex 4.83914518356 0.00821800809354 -73.4530334473
      vertex 4.84555721283 0.70811599493 -73.4425811768
    endloop
  endfacet
  facet normal -0.356620907784 -0.934121489525 -0.0154463537037
    outer loop
      vertex 5.54219245911 0.00832300074399 -73.7201080322
      vertex 4.84555721283 0.70811599493 -73.4425811768
      vertex 5.54528999329 0.708244025707 -73.7097167969
    endloop
  endfacet
  facet normal -0.467764228582 -0.883681893349 -0.0174053646624
    outer loop
      vertex 4.83914518356 0.00821800809354 -73.4530334473
      vertex 4.14707803726 0.00808501522988 -73.0867004395
      vertex 4.15331792831 0.707983016968 -73.0762176514
    endloop
  endfacet
  facet normal -0.467702656984 -0.883712947369 -0.0174824316055
    outer loop
      vertex 4.83914518356 0.00821800809354 -73.4530334473
      vertex 4.15331792831 0.707983016968 -73.0762176514
      vertex 4.84555721283 0.70811599493 -73.4425811768
    endloop
  endfacet
  facet normal 0.561832726002 -0.827161967754 -0.0121274320409
    outer loop
      vertex 7.2482380867 0.00864600669593 -73.5169219971
      vertex 6.8001127243 0.00847198534757 -73.8213043213
      vertex 6.79842710495 0.708415985107 -73.8121871948
    endloop
  endfacet
  facet normal 0.562814056873 -0.826480567455 -0.0130457421765
    outer loop
      vertex 7.2482380867 0.00864600669593 -73.5169219971
      vertex 6.79842710495 0.708415985107 -73.8121871948
      vertex 7.24392318726 0.708581984043 -73.5088119507
    endloop
  endfacet
  facet normal -0.565300822258 -0.82466840744 -0.0188939012587
    outer loop
      vertex 4.14707803726 0.00808501522988 -73.0867004395
      vertex 3.48927688599 0.00796900037676 -72.6357879639
      vertex 3.49862289429 0.707843005657 -72.626159668
    endloop
  endfacet
  facet normal -0.566407561302 -0.823941767216 -0.0173900835216
    outer loop
      vertex 4.14707803726 0.00808501522988 -73.0867004395
      vertex 3.49862289429 0.707843005657 -72.626159668
      vertex 4.15331792831 0.707983016968 -73.0762176514
    endloop
  endfacet
  facet normal 0.799458444118 -0.600603759289 -0.0118874236941
    outer loop
      vertex 7.63262891769 0.00857599079609 -73.0052642822
      vertex 7.2482380867 0.00864600669593 -73.5169219971
      vertex 7.24392318726 0.708581984043 -73.5088119507
    endloop
  endfacet
  facet normal 0.801768958569 -0.597434401512 -0.0154503025115
    outer loop
      vertex 7.63262891769 0.00857599079609 -73.0052642822
      vertex 7.24392318726 0.708581984043 -73.5088119507
      vertex 7.62335968018 0.70849698782 -72.9996032715
    endloop
  endfacet
  facet normal -0.655649960041 -0.754822313786 -0.0191423501819
    outer loop
      vertex 3.48927688599 0.00796900037676 -72.6357879639
      vertex 2.87372398376 0.00784499105066 -72.1011123657
      vertex 2.88310790062 0.70771998167 -72.0915145874
    endloop
  endfacet
  facet normal -0.655651807785 -0.754820764065 -0.019139515236
    outer loop
      vertex 3.48927688599 0.00796900037676 -72.6357879639
      vertex 2.88310790062 0.70771998167 -72.0915145874
      vertex 3.49862289429 0.707843005657 -72.626159668
    endloop
  endfacet
  facet normal 0.882339060307 -0.470359295607 -0.0154895558953
    outer loop
      vertex 7.96475076675 0.0084070013836 -72.3822479248
      vertex 7.63262891769 0.00857599079609 -73.0052642822
      vertex 7.62335968018 0.70849698782 -72.9996032715
    endloop
  endfacet
  facet normal 0.882272064686 -0.470489829779 -0.0153417745605
    outer loop
      vertex 7.96475076675 0.0084070013836 -72.3822479248
      vertex 7.62335968018 0.70849698782 -72.9996032715
      vertex 7.9556760788 0.708328008652 -72.3764419556
    endloop
  endfacet
  facet normal -0.737102031708 -0.675484776497 -0.0200222227722
    outer loop
      vertex 2.87372398376 0.00784499105066 -72.1011123657
      vertex 2.30726003647 0.00775299454108 -71.4829788208
      vertex 2.31909704208 0.707605004311 -71.475151062
    endloop
  endfacet
  facet normal -0.7376101017 -0.674955427647 -0.0191459879279
    outer loop
      vertex 2.87372398376 0.00784499105066 -72.1011123657
      vertex 2.31909704208 0.707605004311 -71.475151062
      vertex 2.88310790062 0.70771998167 -72.0915145874
    endloop
  endfacet
  facet normal -0.805344104767 -0.592461585999 -0.0202521048486
    outer loop
      vertex 2.30726003647 0.00775299454108 -71.4829788208
      vertex 1.80606496334 0.00769699411467 -70.8016967773
      vertex 1.81795608997 0.707548975945 -70.7939376831
    endloop
  endfacet
  facet normal -0.805346250534 -0.59245878458 -0.0202478263527
    outer loop
      vertex 2.30726003647 0.00775299454108 -71.4829788208
      vertex 1.81795608997 0.707548975945 -70.7939376831
      vertex 2.31909704208 0.707605004311 -71.475151062
    endloop
  endfacet
  facet normal 0.933628201485 -0.357926249504 -0.0150738954544
    outer loop
      vertex 8.23178672791 0.0082720015198 -71.6857070923
      vertex 7.96475076675 0.0084070013836 -72.3822479248
      vertex 7.9556760788 0.708328008652 -72.3764419556
    endloop
  endfacet
  facet normal 0.934406101704 -0.355779409409 -0.0174989700317
    outer loop
      vertex 8.23178672791 0.0082720015198 -71.6857070923
      vertex 7.9556760788 0.708328008652 -72.3764419556
      vertex 8.22005653381 0.708162009716 -71.6820907593
    endloop
  endfacet
  facet normal -0.864394009113 -0.502404808998 -0.0203061960638
    outer loop
      vertex 1.80606496334 0.00769699411467 -70.8016967773
      vertex 1.38590300083 0.00766698736697 -70.0788040161
      vertex 1.399345994 0.707511007786 -70.0736465454
    endloop
  endfacet
  facet normal -0.864415705204 -0.502369582653 -0.0202569290996
    outer loop
      vertex 1.80606496334 0.00769699411467 -70.8016967773
      vertex 1.399345994 0.707511007786 -70.0736465454
      vertex 1.81795608997 0.707548975945 -70.7939376831
    endloop
  endfacet
  facet normal 0.968205988407 -0.249540299177 -0.0175165086985
    outer loop
      vertex 8.42338180542 0.00812101084739 -70.9423370361
      vertex 8.23178672791 0.0082720015198 -71.6857070923
      vertex 8.22005653381 0.708162009716 -71.6820907593
    endloop
  endfacet
  facet normal 0.968160688877 -0.24973089993 -0.0173019506037
    outer loop
      vertex 8.42338180542 0.00812101084739 -70.9423370361
      vertex 8.22005653381 0.708162009716 -71.6820907593
      vertex 8.41185379028 0.708018004894 -70.9385375977
    endloop
  endfacet
  facet normal -0.914085566998 -0.405000776052 -0.0205410905182
    outer loop
      vertex 1.38590300083 0.00766698736697 -70.0788040161
      vertex 1.04979002476 0.00766300549731 -69.3201980591
      vertex 1.06328594685 0.707515001297 -69.3151626587
    endloop
  endfacet
  facet normal -0.914084911346 -0.405002146959 -0.0205428954214
    outer loop
      vertex 1.38590300083 0.00766698736697 -70.0788040161
      vertex 1.06328594685 0.707515001297 -69.3151626587
      vertex 1.399345994 0.707511007786 -70.0736465454
    endloop
  endfacet
  facet normal 0.99174207449 -0.12711340189 -0.0170247275382
    outer loop
      vertex 8.5233669281 0.00797100737691 -70.1622695923
      vertex 8.42338180542 0.00812101084739 -70.9423370361
      vertex 8.41185379028 0.708018004894 -70.9385375977
    endloop
  endfacet
  facet normal 0.991961061954 -0.125056698918 -0.0193402599543
    outer loop
      vertex 8.5233669281 0.00797100737691 -70.1622695923
      vertex 8.41185379028 0.708018004894 -70.9385375977
      vertex 8.50984382629 0.707839012146 -70.1613006592
    endloop
  endfacet
  facet normal -0.953081071377 -0.30206272006 -0.0198626983911
    outer loop
      vertex 1.04979002476 0.00766300549731 -69.3201980591
      vertex 0.799449980259 0.00771101005375 -68.5303115845
      vertex 0.813305020332 0.707562983036 -68.5280075073
    endloop
  endfacet
  facet normal -0.952891051769 -0.30261567235 -0.0205527693033
    outer loop
      vertex 1.04979002476 0.00766300549731 -69.3201980591
      vertex 0.813305020332 0.707562983036 -68.5280075073
      vertex 1.06328594685 0.707515001297 -69.3151626587
    endloop
  endfacet
  facet normal 0.999785542488 0.00748589914292 -0.0193079560995
    outer loop
      vertex 8.51727581024 0.00787499733269 -69.3485183716
      vertex 8.5233669281 0.00797100737691 -70.1622695923
      vertex 8.50984382629 0.707839012146 -70.1613006592
    endloop
  endfacet
  facet normal 0.999778807163 0.00770991109312 -0.0195680037141
    outer loop
      vertex 8.51727581024 0.00787499733269 -69.3485183716
      vertex 8.50984382629 0.707839012146 -70.1613006592
      vertex 8.50357341766 0.707733988762 -69.34790802
    endloop
  endfacet
  facet normal -0.976185560226 -0.215991467237 -0.020234528929
    outer loop
      vertex 0.799449980259 0.00771101005375 -68.5303115845
      vertex 0.621020972729 0.00778599595651 -67.7238845825
      vertex 0.634903013706 0.707638025284 -67.7210617065
    endloop
  endfacet
  facet normal -0.976225614548 -0.215828761458 -0.020036989823
    outer loop
      vertex 0.799449980259 0.00771101005375 -68.5303115845
      vertex 0.634903013706 0.707638025284 -67.7210617065
      vertex 0.813305020332 0.707562983036 -68.5280075073
    endloop
  endfacet
  facet normal 0.995671927929 0.0908870622516 -0.0194150563329
    outer loop
      vertex 8.44089221954 0.00781998503953 -68.51171875
      vertex 8.51727581024 0.00787499733269 -69.3485183716
      vertex 8.50357341766 0.707733988762 -69.34790802
    endloop
  endfacet
  facet normal 0.995529949665 0.0921079665422 -0.0208863895386
    outer loop
      vertex 8.44089221954 0.00781998503953 -68.51171875
      vertex 8.50357341766 0.707733988762 -69.34790802
      vertex 8.42640018463 0.707664012909 -68.5137863159
    endloop
  endfacet
  facet normal -0.989367306232 -0.14427614212 -0.0183504782617
    outer loop
      vertex 0.621020972729 0.00778599595651 -67.7238845825
      vertex 0.504176974297 0.00785798765719 -66.9226226807
      vertex 0.517226994038 0.707732975483 -66.9230957031
    endloop
  endfacet
  facet normal -0.989098131657 -0.145864680409 -0.0202077981085
    outer loop
      vertex 0.621020972729 0.00778599595651 -67.7238845825
      vertex 0.517226994038 0.707732975483 -66.9230957031
      vertex 0.634903013706 0.707638025284 -67.7210617065
    endloop
  endfacet
  facet normal 0.991151869297 0.131075054407 -0.0209108553827
    outer loop
      vertex 8.33019828796 0.00774901267141 -67.6746749878
      vertex 8.44089221954 0.00781998503953 -68.51171875
      vertex 8.42640018463 0.707664012909 -68.5137863159
    endloop
  endfacet
  facet normal 0.991188406944 0.13084359467 -0.0206283498555
    outer loop
      vertex 8.33019828796 0.00774901267141 -67.6746749878
      vertex 8.42640018463 0.707664012909 -68.5137863159
      vertex 8.31578636169 0.707601010799 -67.6758346558
    endloop
  endfacet
  facet normal -0.999642491341 -0.0196822825819 -0.018096037209
    outer loop
      vertex 0.504176974297 0.00785798765719 -66.9226226807
      vertex 0.488757014275 0.00795100256801 -66.1393737793
      vertex 0.501452028751 0.707841992378 -66.1406555176
    endloop
  endfacet
  facet normal -0.99962335825 -0.0201562549919 -0.0186255965382
    outer loop
      vertex 0.504176974297 0.00785798765719 -66.9226226807
      vertex 0.501452028751 0.707841992378 -66.1406555176
      vertex 0.517226994038 0.707732975483 -66.9230957031
    endloop
  endfacet
  facet normal 0.976678669453 0.213728427887 -0.020466895774
    outer loop
      vertex 8.15256404877 0.00769998878241 -66.8629302979
      vertex 8.33019828796 0.00774901267141 -67.6746749878
      vertex 8.31578636169 0.707601010799 -67.6758346558
    endloop
  endfacet
  facet normal 0.976604402065 0.214031890035 -0.0208366904408
    outer loop
      vertex 8.15256404877 0.00769998878241 -66.8629302979
      vertex 8.31578636169 0.707601010799 -67.6758346558
      vertex 8.13846492767 0.707544028759 -66.8667297363
    endloop
  endfacet
  facet normal -0.987132906914 0.159073665738 -0.0162544678897
    outer loop
      vertex 0.488757014275 0.00795100256801 -66.1393737793
      vertex 0.612466990948 0.00808399636298 -65.3717041016
      vertex 0.623327970505 0.707988977432 -65.3758239746
    endloop
  endfacet
  facet normal -0.987377583981 0.157335162163 -0.0181977394968
    outer loop
      vertex 0.488757014275 0.00795100256801 -66.1393737793
      vertex 0.623327970505 0.707988977432 -65.3758239746
      vertex 0.501452028751 0.707841992378 -66.1406555176
    endloop
  endfacet
  facet normal 0.939733028412 0.341276824474 -0.0207846742123
    outer loop
      vertex 7.8723359108 0.00770498951897 -66.0913009644
      vertex 8.15256404877 0.00769998878241 -66.8629302979
      vertex 8.13846492767 0.707544028759 -66.8667297363
    endloop
  endfacet
  facet normal 0.939730465412 0.341283261776 -0.0207927823067
    outer loop
      vertex 7.8723359108 0.00770498951897 -66.0913009644
      vertex 8.13846492767 0.707544028759 -66.8667297363
      vertex 7.85839700699 0.707557022572 -66.0955581665
    endloop
  endfacet
  facet normal -0.957890152931 0.286635309458 -0.0169291347265
    outer loop
      vertex 0.612466990948 0.00808399636298 -65.3717041016
      vertex 0.832576990128 0.00822001509368 -64.636138916
      vertex 0.843868970871 0.708117008209 -64.6397399902
    endloop
  endfacet
  facet normal -0.957797586918 0.286966651678 -0.0165520850569
    outer loop
      vertex 0.612466990948 0.00808399636298 -65.3717041016
      vertex 0.843868970871 0.708117008209 -64.6397399902
      vertex 0.623327970505 0.707988977432 -65.3758239746
    endloop
  endfacet
  facet normal 0.883485198021 0.468012809753 -0.0204434283078
    outer loop
      vertex 7.48842811584 0.00774401146919 -65.3665847778
      vertex 7.8723359108 0.00770498951897 -66.0913009644
      vertex 7.85839700699 0.707557022572 -66.0955581665
    endloop
  endfacet
  facet normal 0.88359951973 0.467808783054 -0.0201704520732
    outer loop
      vertex 7.48842811584 0.00774401146919 -65.3665847778
      vertex 7.85839700699 0.707557022572 -66.0955581665
      vertex 7.47629308701 0.707603991032 -65.373840332
    endloop
  endfacet
  facet normal -0.927978157997 0.37234634161 -0.0146535048261
    outer loop
      vertex 0.832576990128 0.00822001509368 -64.636138916
      vertex 1.10187101364 0.00832099374384 -63.9649963379
      vertex 1.11055696011 0.708241999149 -63.9708938599
    endloop
  endfacet
  facet normal -0.9287520051 0.370316714048 -0.0168895833194
    outer loop
      vertex 0.832576990128 0.00822001509368 -64.636138916
      vertex 1.11055696011 0.708241999149 -63.9708938599
      vertex 0.843868970871 0.708117008209 -64.6397399902
    endloop
  endfacet
  facet normal 0.80874556303 0.587814509869 -0.0201166663319
    outer loop
      vertex 7.00194978714 0.0078160027042 -64.697265625
      vertex 7.48842811584 0.00774401146919 -65.3665847778
      vertex 7.47629308701 0.707603991032 -65.373840332
    endloop
  endfacet
  facet normal 0.808793127537 0.587752282619 -0.0200242754072
    outer loop
      vertex 7.00194978714 0.0078160027042 -64.697265625
      vertex 7.47629308701 0.707603991032 -65.373840332
      vertex 6.99017810822 0.707675993443 -64.7049102783
    endloop
  endfacet
  facet normal -0.872449278831 0.488476961851 -0.0149179827422
    outer loop
      vertex 1.10187101364 0.00832099374384 -63.9649963379
      vertex 1.41584002972 0.00842799339443 -63.4042320251
      vertex 1.42447602749 0.708348989487 -63.4101829529
    endloop
  endfacet
  facet normal -0.872462213039 0.488453090191 -0.0149428537115
    outer loop
      vertex 1.10187101364 0.00832099374384 -63.9649963379
      vertex 1.42447602749 0.708348989487 -63.4101829529
      vertex 1.11055696011 0.708241999149 -63.9708938599
    endloop
  endfacet
  facet normal 0.723737716675 0.68979370594 -0.0197082106024
    outer loop
      vertex 6.43235111237 0.00789000093937 -64.0996398926
      vertex 7.00194978714 0.0078160027042 -64.697265625
      vertex 6.99017810822 0.707675993443 -64.7049102783
    endloop
  endfacet
  facet normal 0.7242436409 0.689285993576 -0.018865769729
    outer loop
      vertex 6.43235111237 0.00789000093937 -64.0996398926
      vertex 6.99017810822 0.707675993443 -64.7049102783
      vertex 6.42329120636 0.707764983177 -64.1092758179
    endloop
  endfacet
  facet normal -0.754840672016 0.655794084072 -0.0122356424108
    outer loop
      vertex 1.41584002972 0.00842799339443 -63.4042320251
      vertex 1.76902604103 0.00844500400126 -62.9977035522
      vertex 1.77277600765 0.708380997181 -63.0064468384
    endloop
  endfacet
  facet normal -0.75709348917 0.653136730194 -0.0148946447298
    outer loop
      vertex 1.41584002972 0.00842799339443 -63.4042320251
      vertex 1.77277600765 0.708380997181 -63.0064468384
      vertex 1.42447602749 0.708348989487 -63.4101829529
    endloop
  endfacet
  facet normal 0.627740681171 0.778194487095 -0.0188406538218
    outer loop
      vertex 5.80091094971 0.00798798631877 -63.5902824402
      vertex 6.43235111237 0.00789000093937 -64.0996398926
      vertex 6.42329120636 0.707764983177 -64.1092758179
    endloop
  endfacet
  facet normal 0.627785742283 0.778159737587 -0.0187748111784
    outer loop
      vertex 5.80091094971 0.00798798631877 -63.5902824402
      vertex 6.42329120636 0.707764983177 -64.1092758179
      vertex 5.79208421707 0.70787101984 -63.6000480652
    endloop
  endfacet
  facet normal -0.498519718647 0.866776108742 -0.0133143262938
    outer loop
      vertex 1.76902604103 0.00844500400126 -62.9977035522
      vertex 2.22054696083 0.00840101297945 -62.7380142212
      vertex 2.22308301926 0.708335995674 -62.7473068237
    endloop
  endfacet
  facet normal -0.498732715845 0.866650760174 -0.0134973619133
    outer loop
      vertex 1.76902604103 0.00844500400126 -62.9977035522
      vertex 2.22308301926 0.708335995674 -62.7473068237
      vertex 1.77277600765 0.708380997181 -63.0064468384
    endloop
  endfacet
  facet normal 0.517899751663 0.855242013931 -0.0184645075351
    outer loop
      vertex 5.1123251915 0.00810699537396 -63.1733055115
      vertex 5.80091094971 0.00798798631877 -63.5902824402
      vertex 5.79208421707 0.70787101984 -63.6000480652
    endloop
  endfacet
  facet normal 0.518850266933 0.854691982269 -0.0172057449818
    outer loop
      vertex 5.1123251915 0.00810699537396 -63.1733055115
      vertex 5.79208421707 0.70787101984 -63.6000480652
      vertex 5.10673618317 0.707997024059 -63.1840019226
    endloop
  endfacet
  facet normal 0.3962649405 0.917975187302 -0.0171939879656
    outer loop
      vertex 4.37181377411 0.00820599868894 -62.8536491394
      vertex 5.1123251915 0.00810699537396 -63.1733055115
      vertex 5.10673618317 0.707997024059 -63.1840019226
    endloop
  endfacet
  facet normal 0.396297514439 0.917961895466 -0.0171534959227
    outer loop
      vertex 4.37181377411 0.00820599868894 -62.8536491394
      vertex 5.10673618317 0.707997024059 -63.1840019226
      vertex 4.36633205414 0.708096027374 -62.8643608093
    endloop
  endfacet
  facet normal -0.178335815668 0.983863830566 -0.0144340042025
    outer loop
      vertex 2.22054696083 0.00840101297945 -62.7380142212
      vertex 2.86209201813 0.00838100817055 -62.6217269897
      vertex 2.86069989204 0.708301007748 -62.6322479248
    endloop
  endfacet
  facet normal -0.177566662431 0.984013319016 -0.0137079199776
    outer loop
      vertex 2.22054696083 0.00840101297945 -62.7380142212
      vertex 2.86069989204 0.708301007748 -62.6322479248
      vertex 2.22308301926 0.708335995674 -62.7473068237
    endloop
  endfacet
  facet normal 0.245682194829 0.9692055583 -0.0167580507696
    outer loop
      vertex 3.61161899567 0.0082920063287 -62.660949707
      vertex 4.37181377411 0.00820599868894 -62.8536491394
      vertex 4.36633205414 0.708096027374 -62.8643608093
    endloop
  endfacet
  facet normal 0.24689078331 0.968921363354 -0.0153720211238
    outer loop
      vertex 3.61161899567 0.0082920063287 -62.660949707
      vertex 4.36633205414 0.708096027374 -62.8643608093
      vertex 3.60968899727 0.708204984665 -62.6715621948
    endloop
  endfacet
  facet normal 0.052254486829 0.998516857624 -0.0152840884402
    outer loop
      vertex 2.86209201813 0.00838100817055 -62.6217269897
      vertex 3.61161899567 0.0082920063287 -62.660949707
      vertex 3.60968899727 0.708204984665 -62.6715621948
    endloop
  endfacet
  facet normal 0.0524141266942 0.998511075974 -0.0151131432503
    outer loop
      vertex 2.86209201813 0.00838100817055 -62.6217269897
      vertex 3.60968899727 0.708204984665 -62.6715621948
      vertex 2.86069989204 0.708301007748 -62.6322479248
    endloop
  endfacet
endsolid "hornet_eyes"
