solid "hornet_base"
  facet normal -0.66687643528 -0.745168328285 1.5124849142e-06
    outer loop
      vertex -17.505525589 6.58421868138e-08 -25.8017101288
      vertex -21.8284053802 6.58421868138e-08 -21.9330196381
      vertex -21.8284091949 2.42223310471 -21.9330215454
    endloop
  endfacet
  facet normal -0.799437522888 -0.600749194622 -1.44072085461e-16
    outer loop
      vertex -21.8284053802 6.58421868138e-08 -21.9330196381
      vertex -25.3134784698 6.58421868138e-08 -17.2953109741
      vertex -25.3134784698 2.42223310471 -17.2953109741
    endloop
  endfacet
  facet normal -0.666875958443 -0.745168745518 1.44072072227e-16
    outer loop
      vertex -21.8284091949 2.42223310471 -21.9330215454
      vertex -17.505525589 2.42223310471 -25.8017101288
      vertex -17.505525589 6.58421868138e-08 -25.8017101288
    endloop
  endfacet
  facet normal -0.508687138557 -0.860951423645 0
    outer loop
      vertex -12.5109653473 6.58421868138e-08 -28.7527103424
      vertex -17.505525589 6.58421868138e-08 -25.8017101288
      vertex -17.505525589 2.42223310471 -25.8017101288
    endloop
  endfacet
  facet normal -0.799437940121 -0.60074865818 1.60030072038e-06
    outer loop
      vertex -25.3134784698 2.42223310471 -17.2953109741
      vertex -21.8284091949 2.42223310471 -21.9330215454
      vertex -21.8284053802 6.58421868138e-08 -21.9330196381
    endloop
  endfacet
  facet normal -0.508687615395 -0.860951185226 1.25274175389e-06
    outer loop
      vertex -17.505525589 2.42223310471 -25.8017101288
      vertex -12.5109653473 2.42223310471 -28.7527141571
      vertex -12.5109653473 6.58421868138e-08 -28.7527103424
    endloop
  endfacet
  facet normal -0.901277422905 -0.433242440224 -1.37583363099e-16
    outer loop
      vertex -27.6933307648 2.42223310471 -12.3444910049
      vertex -25.3134784698 2.42223310471 -17.2953109741
      vertex -25.3134784698 6.58421868138e-08 -17.2953109741
    endloop
  endfacet
  facet normal -0.901277422905 -0.433242440224 -1.37583363099e-16
    outer loop
      vertex -25.3134784698 6.58421868138e-08 -17.2953109741
      vertex -27.6933307648 6.58421868138e-08 -12.3444910049
      vertex -27.6933307648 2.42223310471 -12.3444910049
    endloop
  endfacet
  facet normal -0.575373113155 -0.642923295498 -0.505564451218
    outer loop
      vertex -16.7097644806 4.73799991608 -24.6928539276
      vertex -17.505525589 2.42223310471 -25.8017101288
      vertex -21.8284091949 2.42223310471 -21.9330215454
    endloop
  endfacet
  facet normal -0.70031529665 -0.526261627674 -0.482293635607
    outer loop
      vertex -21.2598209381 4.74355602264 -20.5622806549
      vertex -21.8284091949 2.42223310471 -21.9330215454
      vertex -25.3134784698 2.42223310471 -17.2953109741
    endloop
  endfacet
  facet normal -0.330949097872 -0.943648636341 1.37307199566e-06
    outer loop
      vertex -7.03666114807 6.58421868138e-08 -30.6726169586
      vertex -12.5109653473 6.58421868138e-08 -28.7527103424
      vertex -12.5109653473 2.42223310471 -28.7527141571
    endloop
  endfacet
  facet normal -0.901268780231 -0.433260381222 1.46901231801e-06
    outer loop
      vertex -27.6933307648 6.58421868138e-08 -12.3444910049
      vertex -27.8268146515 6.58421868138e-08 -12.0668144226
      vertex -27.8268184662 2.42223310471 -12.0668153763
    endloop
  endfacet
  facet normal -0.528339743614 -0.830032229424 -0.178615763783
    outer loop
      vertex -21.8284091949 2.42223310471 -21.9330215454
      vertex -20.3197956085 4.74878978729 -22.3926410675
      vertex -16.7097644806 4.73799991608 -24.6928539276
    endloop
  endfacet
  facet normal 0 0 1
    outer loop
      vertex -29.2718296051 6.58421868138e-08 -6.44845199585
      vertex -27.8268146515 6.58421868138e-08 -12.0668144226
      vertex -27.6933307648 6.58421868138e-08 -12.3444910049
    endloop
  endfacet
  facet normal -1.63123587527e-07 -2.76086183248e-07 1
    outer loop
      vertex -17.505525589 6.58421868138e-08 -25.8017101288
      vertex -12.5109653473 6.58421868138e-08 -28.7527103424
      vertex -4.84613895416 -1.91669550986e-06 -26.1005554199
    endloop
  endfacet
  facet normal -0.901263773441 -0.433270812035 6.99479973279e-18
    outer loop
      vertex -27.8268184662 2.42223310471 -12.0668153763
      vertex -27.6933307648 2.42223310471 -12.3444910049
      vertex -27.6933307648 6.58421868138e-08 -12.3444910049
    endloop
  endfacet
  facet normal -0.441173583269 -0.746684074402 -0.497824072838
    outer loop
      vertex -12.3616876602 4.7426700592 -27.2938480377
      vertex -12.5109653473 2.42223310471 -28.7527141571
      vertex -17.505525589 2.42223310471 -25.8017101288
    endloop
  endfacet
  facet normal -0.699067771435 -0.638063371181 -0.322768241167
    outer loop
      vertex -25.3134784698 2.42223310471 -17.2953109741
      vertex -23.8264636993 4.74743509293 -17.7482814789
      vertex -21.2598209381 4.74355602264 -20.5622806549
    endloop
  endfacet
  facet normal -0.80971711874 -0.389229565859 -0.439156621695
    outer loop
      vertex -24.728181839 4.74553394318 -15.8915977478
      vertex -25.3134784698 2.42223310471 -17.2953109741
      vertex -27.6933307648 2.42223310471 -12.3444910049
    endloop
  endfacet
  facet normal -0 0 1
    outer loop
      vertex -21.8284053802 6.58421868138e-08 -21.9330196381
      vertex -17.505525589 6.58421868138e-08 -25.8017101288
      vertex -6.45946598053 6.58421868138e-08 -19.83020401
    endloop
  endfacet
  facet normal 0 0 1
    outer loop
      vertex -25.3134784698 6.58421868138e-08 -17.2953109741
      vertex -21.8284053802 6.58421868138e-08 -21.9330196381
      vertex -6.45946598053 6.58421868138e-08 -19.83020401
    endloop
  endfacet
  facet normal -0.443050891161 -0.7397377491 -0.506452322006
    outer loop
      vertex -17.505525589 2.42223310471 -25.8017101288
      vertex -16.7097644806 4.73799991608 -24.6928539276
      vertex -12.3616876602 4.7426700592 -27.2938480377
    endloop
  endfacet
  facet normal -0.33094856143 -0.943648815155 -1.44072019287e-16
    outer loop
      vertex -12.5109653473 2.42223310471 -28.7527141571
      vertex -7.03666114807 2.42223310471 -30.6726169586
      vertex -7.03666114807 6.58421868138e-08 -30.6726169586
    endloop
  endfacet
  facet normal -0.968480885029 -0.249087899923 1.49981462982e-06
    outer loop
      vertex -29.2718296051 2.42223310471 -6.44845485687
      vertex -27.8268184662 2.42223310471 -12.0668153763
      vertex -27.8268146515 6.58421868138e-08 -12.0668144226
    endloop
  endfacet
  facet normal -1.30198600345e-07 -3.71240588493e-07 1
    outer loop
      vertex -12.5109653473 6.58421868138e-08 -28.7527103424
      vertex -7.03666114807 6.58421868138e-08 -30.6726169586
      vertex -4.84613895416 -1.91669550986e-06 -26.1005554199
    endloop
  endfacet
  facet normal -0.96848076582 -0.24908837676 3.17135260275e-07
    outer loop
      vertex -27.8268146515 6.58421868138e-08 -12.0668144226
      vertex -29.2718296051 6.58421868138e-08 -6.44845199585
      vertex -29.2718296051 2.42223310471 -6.44845485687
    endloop
  endfacet
  facet normal -0.766577124596 -0.36852195859 -0.525881230831
    outer loop
      vertex -26.7107181549 4.73294496536 -11.0910711288
      vertex -27.6933307648 2.42223310471 -12.3444910049
      vertex -27.8268184662 2.42223310471 -12.0668153763
    endloop
  endfacet
  facet normal -0.816004276276 -0.426742911339 -0.389907091856
    outer loop
      vertex -27.6933307648 2.42223310471 -12.3444910049
      vertex -26.2720813751 4.74660587311 -12.9384212494
      vertex -24.728181839 4.74553394318 -15.8915977478
    endloop
  endfacet
  facet normal 1.53536035441e-07 7.3804500289e-08 1
    outer loop
      vertex -27.6933307648 6.58421868138e-08 -12.3444910049
      vertex -25.3134784698 6.58421868138e-08 -17.2953109741
      vertex -16.5986690521 2.04837988349e-06 -8.56277656555
    endloop
  endfacet
  facet normal -0.140494048595 -0.990081548691 0
    outer loop
      vertex -1.29298496246 6.58421868138e-08 -31.4876537323
      vertex -7.03666114807 6.58421868138e-08 -30.6726169586
      vertex -7.03666114807 2.42223310471 -30.6726169586
    endloop
  endfacet
  facet normal -0.285716593266 -0.814676821232 -0.504646122456
    outer loop
      vertex -6.72243595123 4.73782396317 -29.3484420776
      vertex -7.03666114807 2.42223310471 -30.6726169586
      vertex -12.5109653473 2.42223310471 -28.7527141571
    endloop
  endfacet
  facet normal -0.139513641596 -0.985634684563 -0.0951850563288
    outer loop
      vertex -12.5109653473 2.42223310471 -28.7527141571
      vertex -10.9146823883 4.750041008 -28.753862381
      vertex -6.72243595123 4.73782396317 -29.3484420776
    endloop
  endfacet
  facet normal -0.866560518742 -0.222874552011 -0.446542084217
    outer loop
      vertex -26.9240512848 4.75306797028 -10.9069137573
      vertex -27.8268184662 2.42223310471 -12.0668153763
      vertex -29.2718296051 2.42223310471 -6.44845485687
    endloop
  endfacet
  facet normal -0.523340523243 -0.664535164833 -0.53339266777
    outer loop
      vertex -27.8268184662 2.42223310471 -12.0668153763
      vertex -26.9240512848 4.75306797028 -10.9069137573
      vertex -26.7107181549 4.73294496536 -11.0910711288
    endloop
  endfacet
  facet normal -0.13041511178 0.953170955181 -0.272868156433
    outer loop
      vertex -20.3197956085 4.74878978729 -22.3926410675
      vertex -21.8284091949 2.42223310471 -21.9330215454
      vertex -6.45946598053 2.42223310471 -19.8302059174
    endloop
  endfacet
  facet normal -0.319040060043 0.922035574913 -0.219234600663
    outer loop
      vertex -10.9146823883 4.750041008 -28.753862381
      vertex -12.5109653473 2.42223310471 -28.7527141571
      vertex -4.84613895416 2.42223095894 -26.1005535126
    endloop
  endfacet
  facet normal 0.0882558077574 -0.867035865784 -0.490366965532
    outer loop
      vertex -21.8284091949 2.42223310471 -21.9330215454
      vertex -21.2598209381 4.74355602264 -20.5622806549
      vertex -7.88720846176 4.74783086777 -19.1986598969
    endloop
  endfacet
  facet normal 0.256741523743 -0.825565576553 -0.502518951893
    outer loop
      vertex -12.5109653473 2.42223310471 -28.7527141571
      vertex -12.3616876602 4.7426700592 -27.2938480377
      vertex -6.18726491928 4.7458281517 -25.3717517853
    endloop
  endfacet
  facet normal -1.50053693915e-07 2.77568517504e-07 1
    outer loop
      vertex -17.505525589 6.58421868138e-08 -25.8017101288
      vertex -4.84613895416 -1.91669550986e-06 -26.1005554199
      vertex -6.45946598053 6.58421868138e-08 -19.83020401
    endloop
  endfacet
  facet normal 0 0 1
    outer loop
      vertex -7.03666114807 6.58421868138e-08 -30.6726169586
      vertex -1.29298496246 6.58421868138e-08 -31.4876537323
      vertex 1.78219497204 6.58421868138e-08 -31.3171443939
    endloop
  endfacet
  facet normal 1.74081165483e-07 4.66053791115e-08 1
    outer loop
      vertex -29.2718296051 6.58421868138e-08 -6.44845199585
      vertex -27.6933307648 6.58421868138e-08 -12.3444910049
      vertex -18.2843723297 2.04837988349e-06 -4.95016098022
    endloop
  endfacet
  facet normal -0.302491486073 0.880504727364 -0.364979952574
    outer loop
      vertex -23.8264636993 4.74743509293 -17.7482814789
      vertex -25.3134784698 2.42223310471 -17.2953109741
      vertex -11.4634189606 2.42223310471 -12.5372161865
    endloop
  endfacet
  facet normal -0.140493646264 -0.990081608295 -9.74284148469e-07
    outer loop
      vertex -7.03666114807 2.42223310471 -30.6726169586
      vertex -1.29299294949 2.42223405838 -31.4876499176
      vertex -1.29298496246 6.58421868138e-08 -31.4876537323
    endloop
  endfacet
  facet normal 0.000629159912933 -0.00370334810577 -0.999992966652
    outer loop
      vertex -20.3197956085 4.74878978729 -22.3926410675
      vertex -7.31021308899 4.7454328537 -21.0888881683
      vertex -16.7097644806 4.73799991608 -24.6928539276
    endloop
  endfacet
  facet normal -3.06190379717e-08 -4.18950179437e-07 1
    outer loop
      vertex -7.03666114807 6.58421868138e-08 -30.6726169586
      vertex 1.78219497204 6.58421868138e-08 -31.3171443939
      vertex -4.84613895416 -1.91669550986e-06 -26.1005554199
    endloop
  endfacet
  facet normal -0.998466432095 -0.0553600154817 7.04834732801e-08
    outer loop
      vertex -29.5929851532 2.42223310471 -0.656137943268
      vertex -29.2718296051 2.42223310471 -6.44845485687
      vertex -29.2718296051 6.58421868138e-08 -6.44845199585
    endloop
  endfacet
  facet normal -0.000163865144714 -0.001527905697 -0.999998807907
    outer loop
      vertex -7.88720846176 4.74783086777 -19.1986598969
      vertex -21.2598209381 4.74355602264 -20.5622806549
      vertex -23.8264636993 4.74743509293 -17.7482814789
    endloop
  endfacet
  facet normal -0.843084692955 -0.178809612989 -0.507183730602
    outer loop
      vertex -29.2718296051 2.42223310471 -6.44845485687
      vertex -27.9230747223 4.73801183701 -6.23923397064
      vertex -26.9240512848 4.75306797028 -10.9069137573
    endloop
  endfacet
  facet normal 0.118235982955 0.028507720679 -0.992576241493
    outer loop
      vertex -26.7107181549 4.73294496536 -11.0910711288
      vertex -26.9240512848 4.75306797028 -10.9069137573
      vertex -27.9230747223 4.73801183701 -6.23923397064
    endloop
  endfacet
  facet normal -0.000901438179426 0.000288610463031 -0.999999523163
    outer loop
      vertex -7.31021308899 4.7454328537 -21.0888881683
      vertex -12.3616876602 4.7426700592 -27.2938480377
      vertex -16.7097644806 4.73799991608 -24.6928539276
    endloop
  endfacet
  facet normal -0.295403778553 0.866644918919 -0.40207362175
    outer loop
      vertex -26.2720813751 4.74660587311 -12.9384212494
      vertex -27.6933307648 2.42223310471 -12.3444910049
      vertex -16.5986690521 2.42223501205 -8.56277656555
    endloop
  endfacet
  facet normal 0.305390954018 -0.847119450569 -0.434885084629
    outer loop
      vertex -25.3134784698 2.42223310471 -17.2953109741
      vertex -24.728181839 4.74553394318 -15.8915977478
      vertex -11.9026203156 4.73694086075 -11.2723274231
    endloop
  endfacet
  facet normal 0.294200897217 -0.850249111652 -0.436488628387
    outer loop
      vertex -6.18726491928 4.7458281517 -25.3717517853
      vertex -4.84613895416 2.42223095894 -26.1005535126
      vertex -12.5109653473 2.42223310471 -28.7527141571
    endloop
  endfacet
  facet normal -0.998466432095 -0.055360045284 0
    outer loop
      vertex -29.2718296051 6.58421868138e-08 -6.44845199585
      vertex -29.5929851532 6.58421868138e-08 -0.656137943268
      vertex -29.5929851532 2.42223310471 -0.656137943268
    endloop
  endfacet
  facet normal 0.00255316519178 -0.00254546408542 -0.999993503094
    outer loop
      vertex -10.9146823883 4.750041008 -28.753862381
      vertex -4.40596199036 4.73695707321 -27.3654880524
      vertex -6.72243595123 4.73782396317 -29.3484420776
    endloop
  endfacet
  facet normal -0.120426721871 -0.854636847973 -0.505067527294
    outer loop
      vertex -7.03666114807 2.42223310471 -30.6726169586
      vertex -6.72243595123 4.73782396317 -29.3484420776
      vertex -1.22612094879 4.73805618286 -30.1227893829
    endloop
  endfacet
  facet normal 0 0 1
    outer loop
      vertex -6.45946598053 6.58421868138e-08 -19.83020401
      vertex -11.4634151459 6.58421868138e-08 -12.5372180939
      vertex -25.3134784698 6.58421868138e-08 -17.2953109741
    endloop
  endfacet
  facet normal 0.0553617440164 -0.99846637249 -1.63660115504e-06
    outer loop
      vertex 1.78219497204 6.58421868138e-08 -31.3171443939
      vertex -1.29298496246 6.58421868138e-08 -31.4876537323
      vertex -1.29299294949 2.42223405838 -31.4876499176
    endloop
  endfacet
  facet normal -0.121131330729 -0.853631615639 -0.506596803665
    outer loop
      vertex -1.22612094879 4.73805618286 -30.1227893829
      vertex -1.29299294949 2.42223405838 -31.4876499176
      vertex -7.03666114807 2.42223310471 -30.6726169586
    endloop
  endfacet
  facet normal 0.317881166935 -0.883498191833 -0.34406760335
    outer loop
      vertex -27.6933307648 2.42223310471 -12.3444910049
      vertex -26.7107181549 4.73294496536 -11.0910711288
      vertex -18.0139789581 4.74656581879 -7.95669412613
    endloop
  endfacet
  facet normal 0.000940873404033 0.000128919782583 -0.999999523163
    outer loop
      vertex -26.2720813751 4.74660587311 -12.9384212494
      vertex -16.1673221588 4.73669719696 -9.82469654083
      vertex -24.728181839 4.74553394318 -15.8915977478
    endloop
  endfacet
  facet normal -0.86125433445 -0.0477522835135 -0.50592559576
    outer loop
      vertex -27.9230747223 4.73801183701 -6.23923397064
      vertex -29.2718296051 2.42223310471 -6.44845485687
      vertex -29.5929851532 2.42223310471 -0.656137943268
    endloop
  endfacet
  facet normal -0.179968684912 0.848387956619 -0.497844487429
    outer loop
      vertex -4.84613895416 2.42223095894 -26.1005535126
      vertex -4.40596199036 4.73695707321 -27.3654880524
      vertex -10.9146823883 4.750041008 -28.753862381
    endloop
  endfacet
  facet normal 1.54171900135e-07 7.19390413906e-08 1
    outer loop
      vertex -27.6933307648 6.58421868138e-08 -12.3444910049
      vertex -16.5986690521 2.04837988349e-06 -8.56277656555
      vertex -18.2843723297 2.04837988349e-06 -4.95016098022
    endloop
  endfacet
  facet normal -1.20122621183e-07 3.46907683024e-07 1
    outer loop
      vertex -25.3134784698 6.58421868138e-08 -17.2953109741
      vertex -8.58152198792 6.58421868138e-08 -11.5015897751
      vertex -16.5986690521 2.04837988349e-06 -8.56277656555
    endloop
  endfacet
  facet normal 0.127857759595 -0.934479832649 -0.332264631987
    outer loop
      vertex -7.88720846176 4.74783086777 -19.1986598969
      vertex -6.45946598053 2.42223310471 -19.8302059174
      vertex -21.8284091949 2.42223310471 -21.9330215454
    endloop
  endfacet
  facet normal 0.0553586222231 -0.998466551304 2.34035383073e-06
    outer loop
      vertex -1.29299294949 2.42223405838 -31.4876499176
      vertex 1.78220200539 2.42223405838 -31.317150116
      vertex 1.78219497204 6.58421868138e-08 -31.3171443939
    endloop
  endfacet
  facet normal 0 0 1
    outer loop
      vertex -25.3134784698 6.58421868138e-08 -17.2953109741
      vertex -11.4634151459 6.58421868138e-08 -12.5372180939
      vertex -8.58152198792 6.58421868138e-08 -11.5015897751
    endloop
  endfacet
  facet normal -0.0889796465635 0.889044821262 -0.449090063572
    outer loop
      vertex -6.45946598053 2.42223310471 -19.8302059174
      vertex -7.31021308899 4.7454328537 -21.0888881683
      vertex -20.3197956085 4.74878978729 -22.3926410675
    endloop
  endfacet
  facet normal 4.85113957893e-07 2.68971795947e-08 1
    outer loop
      vertex -29.5929851532 6.58421868138e-08 -0.656137943268
      vertex -29.2718296051 6.58421868138e-08 -6.44845199585
      vertex -21.5720653534 4.03091780754e-06 2.09565210342
    endloop
  endfacet
  facet normal -0.000499419402331 -3.8674192183e-05 -0.999999880791
    outer loop
      vertex -7.31021308899 4.7454328537 -21.0888881683
      vertex -6.18726491928 4.7458281517 -25.3717517853
      vertex -12.3616876602 4.7426700592 -27.2938480377
    endloop
  endfacet
  facet normal 0.055361378938 -0.99846637249 2.34036156144e-06
    outer loop
      vertex 4.49932718277 6.58421868138e-08 -31.1664886475
      vertex 1.78219497204 6.58421868138e-08 -31.3171443939
      vertex 1.78220200539 2.42223405838 -31.317150116
    endloop
  endfacet
  facet normal -0.000744353281334 0.00130667898338 -0.999998867512
    outer loop
      vertex -4.40596199036 4.73695707321 -27.3654880524
      vertex 0.846189975739 4.74449491501 -30.1422710419
      vertex -6.72243595123 4.73782396317 -29.3484420776
    endloop
  endfacet
  facet normal 0.000214992120164 -0.000990609638393 -0.999999463558
    outer loop
      vertex -19.4945888519 4.73690986633 -5.52229309082
      vertex -26.7107181549 4.73294496536 -11.0910711288
      vertex -27.9230747223 4.73801183701 -6.23923397064
    endloop
  endfacet
  facet normal -0.00332529447041 -0.0233031716198 -0.999722898006
    outer loop
      vertex 0.846189975739 4.74449491501 -30.1422710419
      vertex -1.22612094879 4.73805618286 -30.1227893829
      vertex -6.72243595123 4.73782396317 -29.3484420776
    endloop
  endfacet
  facet normal -0.889162182808 -0.0789972543716 -0.450721681118
    outer loop
      vertex -29.5929851532 2.42223310471 -0.656137943268
      vertex -28.340719223 4.74490594864 -1.49906098843
      vertex -27.9230747223 4.73801183701 -6.23923397064
    endloop
  endfacet
  facet normal 0.0489648021758 -0.883145451546 -0.46653676033
    outer loop
      vertex 0.846189975739 4.74449491501 -30.1422710419
      vertex 1.78220200539 2.42223405838 -31.317150116
      vertex -1.29299294949 2.42223405838 -31.4876499176
    endloop
  endfacet
  facet normal 0.294953197241 -0.865323424339 -0.405238181353
    outer loop
      vertex -18.0139789581 4.74656581879 -7.95669412613
      vertex -16.5986690521 2.42223501205 -8.56277656555
      vertex -27.6933307648 2.42223310471 -12.3444910049
    endloop
  endfacet
  facet normal -0.00967566296458 -0.861346721649 -0.507925391197
    outer loop
      vertex -1.29299294949 2.42223405838 -31.4876499176
      vertex -1.22612094879 4.73805618286 -30.1227893829
      vertex 0.846189975739 4.74449491501 -30.1422710419
    endloop
  endfacet
  facet normal 3.03895430989e-05 0.000606898916885 -0.999999821186
    outer loop
      vertex -23.8264636993 4.74743509293 -17.7482814789
      vertex -11.9345264435 4.74478006363 -13.968957901
      vertex -7.88720846176 4.74783086777 -19.1986598969
    endloop
  endfacet
  facet normal 0.281240820885 -0.818647384644 -0.500719547272
    outer loop
      vertex -11.9026203156 4.73694086075 -11.2723274231
      vertex -11.4634189606 2.42223310471 -12.5372161865
      vertex -25.3134784698 2.42223310471 -17.2953109741
    endloop
  endfacet
  facet normal -0.267951250076 0.843456506729 -0.465599894524
    outer loop
      vertex -11.4634189606 2.42223310471 -12.5372161865
      vertex -11.9345264435 4.74478006363 -13.968957901
      vertex -23.8264636993 4.74743509293 -17.7482814789
    endloop
  endfacet
  facet normal -1.48841749592e-07 -5.69167070807e-07 1
    outer loop
      vertex 1.78219497204 6.58421868138e-08 -31.3171443939
      vertex 4.07259988785 -5.00064334119e-06 -23.0145244598
      vertex -4.84613895416 -1.91669550986e-06 -26.1005554199
    endloop
  endfacet
  facet normal -0.990081489086 0.140494182706 0
    outer loop
      vertex -28.7779483795 2.42223310471 5.08753299713
      vertex -29.5929851532 2.42223310471 -0.656137943268
      vertex -29.5929851532 6.58421868138e-08 -0.656137943268
    endloop
  endfacet
  facet normal 0.872466087341 0.2287966609 -0.431804388762
    outer loop
      vertex -4.84613895416 2.42223095894 -26.1005535126
      vertex -6.18726491928 4.7458281517 -25.3717517853
      vertex -7.31021308899 4.7454328537 -21.0888881683
    endloop
  endfacet
  facet normal -0.254737526178 0.828270554543 -0.499075770378
    outer loop
      vertex -16.5986690521 2.42223501205 -8.56277656555
      vertex -16.1673221588 4.73669719696 -9.82469654083
      vertex -26.2720813751 4.74660587311 -12.9384212494
    endloop
  endfacet
  facet normal 1.33567809257e-07 3.43703078443e-07 1
    outer loop
      vertex -29.2718296051 6.58421868138e-08 -6.44845199585
      vertex -18.2843723297 2.04837988349e-06 -4.95016098022
      vertex -21.5720653534 4.03091780754e-06 2.09565210342
    endloop
  endfacet
  facet normal 0.0553615242243 -0.99846637249 2.1792525331e-06
    outer loop
      vertex 1.78220200539 2.42223405838 -31.317150116
      vertex 4.49932718277 2.42223405838 -31.1664943695
      vertex 4.49932718277 6.58421868138e-08 -31.1664886475
    endloop
  endfacet
  facet normal -0.88379919529 -0.227396979928 -0.408888250589
    outer loop
      vertex -4.11985206604 4.74651908875 -24.7439727783
      vertex -4.84613895416 2.42223095894 -26.1005535126
      vertex -6.45946598053 2.42223310471 -19.8302059174
    endloop
  endfacet
  facet normal 0.869786500931 0.22379130125 -0.439760059118
    outer loop
      vertex -7.31021308899 4.7454328537 -21.0888881683
      vertex -6.45946598053 2.42223310471 -19.8302059174
      vertex -4.84613895416 2.42223095894 -26.1005535126
    endloop
  endfacet
  facet normal 0.000295673118671 0.0010393463308 -0.999999403954
    outer loop
      vertex -16.1673221588 4.73669719696 -9.82469654083
      vertex -11.9026203156 4.73694086075 -11.2723274231
      vertex -24.728181839 4.74553394318 -15.8915977478
    endloop
  endfacet
  facet normal -0.990081489086 0.140494093299 -2.29981864663e-07
    outer loop
      vertex -29.5929851532 6.58421868138e-08 -0.656137943268
      vertex -28.7779483795 6.58421868138e-08 5.08753681183
      vertex -28.7779483795 2.42223310471 5.08753299713
    endloop
  endfacet
  facet normal -0.00245711649768 0.00247196503915 -0.999993920326
    outer loop
      vertex -19.4945888519 4.73690986633 -5.52229309082
      vertex -18.0139789581 4.74656581879 -7.95669412613
      vertex -26.7107181549 4.73294496536 -11.0910711288
    endloop
  endfacet
  facet normal 0.0504330955446 -0.909580290318 -0.41245636344
    outer loop
      vertex 1.78220200539 2.42223405838 -31.317150116
      vertex 2.88059902191 4.74809408188 -30.2015666962
      vertex 4.49932718277 2.42223405838 -31.1664943695
    endloop
  endfacet
  facet normal 5.19639399954e-07 -7.37376311122e-08 1
    outer loop
      vertex -28.7779483795 6.58421868138e-08 5.08753681183
      vertex -29.5929851532 6.58421868138e-08 -0.656137943268
      vertex -21.5720653534 4.03091780754e-06 2.09565210342
    endloop
  endfacet
  facet normal -0.933994174004 0.132535293698 -0.331797093153
    outer loop
      vertex -28.5954914093 4.74809789658 0.550616919994
      vertex -29.5929851532 2.42223310471 -0.656137943268
      vertex -28.7779483795 2.42223310471 5.08753299713
    endloop
  endfacet
  facet normal -0.283030718565 0.817968845367 -0.500819921494
    outer loop
      vertex -4.40596199036 4.73695707321 -27.3654880524
      vertex -4.84613895416 2.42223095894 -26.1005535126
      vertex 4.07259988785 2.42222809792 -23.0145206451
    endloop
  endfacet
  facet normal 0.000381194142392 -0.00142082455568 -0.999998927116
    outer loop
      vertex -28.340719223 4.74490594864 -1.49906098843
      vertex -22.1649341583 4.74566507339 0.69210600853
      vertex -27.9230747223 4.73801183701 -6.23923397064
    endloop
  endfacet
  facet normal 0.249087676406 -0.968480944633 2.11380620385e-06
    outer loop
      vertex 10.11764431 6.58421868138e-08 -29.72149086
      vertex 4.49932718277 6.58421868138e-08 -31.1664886475
      vertex 4.49932718277 2.42223405838 -31.1664943695
    endloop
  endfacet
  facet normal -0 0 1
    outer loop
      vertex -11.4634151459 6.58421868138e-08 -12.5372180939
      vertex -6.45946598053 6.58421868138e-08 -19.83020401
      vertex -8.58152198792 6.58421868138e-08 -11.5015897751
    endloop
  endfacet
  facet normal -4.82518373701e-07 1.9202717283e-07 1
    outer loop
      vertex -6.45946598053 6.58421868138e-08 -19.83020401
      vertex -4.84613895416 -1.91669550986e-06 -26.1005554199
      vertex 3.23209190369 -3.89923343391e-06 -16.1261482239
    endloop
  endfacet
  facet normal -0.288119316101 0.839810192585 -0.46011531353
    outer loop
      vertex -28.340719223 4.74490594864 -1.49906098843
      vertex -29.5929851532 2.42223310471 -0.656137943268
      vertex -21.5720615387 2.4222369194 2.09565210342
    endloop
  endfacet
  facet normal -0.871399283409 -0.203832790256 -0.446223556995
    outer loop
      vertex -6.45946598053 2.42223310471 -19.8302059174
      vertex -5.10708808899 4.74550008774 -20.5257015228
      vertex -4.11985206604 4.74651908875 -24.7439727783
    endloop
  endfacet
  facet normal 0.824335277081 -0.296483457088 -0.48225402832
    outer loop
      vertex 1.78220200539 2.42223405838 -31.317150116
      vertex 0.846189975739 4.74449491501 -30.1422710419
      vertex 2.99705410004 4.74827289581 -24.155916214
    endloop
  endfacet
  facet normal 0 0 1
    outer loop
      vertex 15.3461380005 6.58421868138e-08 -27.2081565857
      vertex 1.78219497204 6.58421868138e-08 -31.3171443939
      vertex 4.49932718277 6.58421868138e-08 -31.1664886475
    endloop
  endfacet
  facet normal -0.00148648384493 -9.70252149273e-05 -0.999998867512
    outer loop
      vertex -4.40596199036 4.73695707321 -27.3654880524
      vertex 2.99705410004 4.74827289581 -24.155916214
      vertex 0.846189975739 4.74449491501 -30.1422710419
    endloop
  endfacet
  facet normal 0.753292441368 0.583157777786 -0.304101198912
    outer loop
      vertex -6.45946598053 2.42223310471 -19.8302059174
      vertex -7.88720846176 4.74783086777 -19.1986598969
      vertex -11.9345264435 4.74478006363 -13.968957901
    endloop
  endfacet
  facet normal 0.732760190964 0.502770245075 -0.458567947149
    outer loop
      vertex -11.9345264435 4.74478006363 -13.968957901
      vertex -11.4634189606 2.42223310471 -12.5372161865
      vertex -6.45946598053 2.42223310471 -19.8302059174
    endloop
  endfacet
  facet normal 0.000241731890128 -0.00130496791098 -0.99999910593
    outer loop
      vertex -22.1649341583 4.74566507339 0.69210600853
      vertex -19.4945888519 4.73690986633 -5.52229309082
      vertex -27.9230747223 4.73801183701 -6.23923397064
    endloop
  endfacet
  facet normal -0.916060209274 0.252708435059 -0.31140345335
    outer loop
      vertex 2.88059902191 4.74809408188 -30.2015666962
      vertex 1.78220200539 2.42223405838 -31.317150116
      vertex 4.07259988785 2.42222809792 -23.0145206451
    endloop
  endfacet
  facet normal 0.332796782255 -0.855998933315 -0.395616143942
    outer loop
      vertex -4.84613895416 2.42223095894 -26.1005535126
      vertex -4.11985206604 4.74651908875 -24.7439727783
      vertex 3.6227478981 4.7375421524 -21.7379398346
    endloop
  endfacet
  facet normal -4.19939442509e-06 1.11370745799e-05 1
    outer loop
      vertex -4.84613895416 -1.91669550986e-06 -26.1005554199
      vertex 4.07259988785 -5.00064334119e-06 -23.0145244598
      vertex 6.13235282898 -5.00064334119e-06 -22.237865448
    endloop
  endfacet
  facet normal -0.734360158443 -0.503868043423 -0.454787999392
    outer loop
      vertex -6.01107883453 4.74498987198 -18.3871994019
      vertex -6.45946598053 2.42223310471 -19.8302059174
      vertex -11.4634189606 2.42223310471 -12.5372161865
    endloop
  endfacet
  facet normal 0.375416904688 -0.878691196442 -0.294896394014
    outer loop
      vertex -29.5929851532 2.42223310471 -0.656137943268
      vertex -28.5954914093 4.74809789658 0.550616919994
      vertex -22.002122879 4.73692321777 3.36385416985
    endloop
  endfacet
  facet normal 2.56807908272e-07 -6.81071696818e-07 1
    outer loop
      vertex 6.13235282898 -5.00064334119e-06 -22.237865448
      vertex 4.07259988785 -5.00064334119e-06 -23.0145244598
      vertex 1.78219497204 6.58421868138e-08 -31.3171443939
    endloop
  endfacet
  facet normal 0.796957790852 0.486133694649 -0.358514010906
    outer loop
      vertex -16.5986690521 2.42223501205 -8.56277656555
      vertex -18.0139789581 4.74656581879 -7.95669412613
      vertex -19.4945888519 4.73690986633 -5.52229309082
    endloop
  endfacet
  facet normal 0.784463346004 0.366043001413 -0.500629365444
    outer loop
      vertex -19.4945888519 4.73690986633 -5.52229309082
      vertex -18.2843723297 2.42223501205 -4.95016098022
      vertex -16.5986690521 2.42223501205 -8.56277656555
    endloop
  endfacet
  facet normal -0.831438601017 0.226629585028 -0.507295668125
    outer loop
      vertex -28.7779483795 2.42223310471 5.08753299713
      vertex -27.4540157318 4.7379617691 4.761054039
      vertex -28.5954914093 4.74809789658 0.550616919994
    endloop
  endfacet
  facet normal -0.814697504044 -0.380150705576 -0.437896609306
    outer loop
      vertex -16.0019893646 4.74545478821 -7.16539382935
      vertex -16.5986690521 2.42223501205 -8.56277656555
      vertex -18.2843723297 2.42223501205 -4.95016098022
    endloop
  endfacet
  facet normal -0.943648815155 0.330948531628 -5.41746373983e-07
    outer loop
      vertex -27.56889534 2.42223405838 8.53496360779
      vertex -28.7779483795 2.42223310471 5.08753299713
      vertex -28.7779483795 6.58421868138e-08 5.08753681183
    endloop
  endfacet
  facet normal 1.04812585278e-07 9.60535885497e-07 1
    outer loop
      vertex -8.58152198792 6.58421868138e-08 -11.5015897751
      vertex -9.9731836319 4.91204582431e-06 -6.30442094803
      vertex -16.5986690521 2.04837988349e-06 -8.56277656555
    endloop
  endfacet
  facet normal 0.249087393284 -0.968481004238 2.81840857497e-06
    outer loop
      vertex 4.49932718277 2.42223405838 -31.1664943695
      vertex 10.11764431 2.42223405838 -29.721496582
      vertex 10.11764431 6.58421868138e-08 -29.72149086
    endloop
  endfacet
  facet normal 0.919388532639 -0.253626137972 -0.30066344142
    outer loop
      vertex 2.99705410004 4.74827289581 -24.155916214
      vertex 4.07259988785 2.42222809792 -23.0145206451
      vertex 1.78220200539 2.42223405838 -31.317150116
    endloop
  endfacet
  facet normal -0.384732872248 0.88649648428 -0.257108211517
    outer loop
      vertex 4.07259988785 2.42222809792 -23.0145206451
      vertex 2.99705410004 4.74827289581 -24.155916214
      vertex -4.40596199036 4.73695707321 -27.3654880524
    endloop
  endfacet
  facet normal -2.95051705734e-07 4.01986746112e-08 1
    outer loop
      vertex -4.84613895416 -1.91669550986e-06 -26.1005554199
      vertex 6.13235282898 -5.00064334119e-06 -22.237865448
      vertex 3.23209190369 -3.89923343391e-06 -16.1261482239
    endloop
  endfacet
  facet normal -0.748950660229 -0.553241610527 -0.364687055349
    outer loop
      vertex -11.4634189606 2.42223310471 -12.5372161865
      vertex -9.9831943512 4.74735784531 -13.0083904266
      vertex -6.01107883453 4.74498987198 -18.3871994019
    endloop
  endfacet
  facet normal -0.943648040295 0.330950766802 2.98691907119e-06
    outer loop
      vertex -28.7779483795 6.58421868138e-08 5.08753681183
      vertex -27.5688877106 6.58421868138e-08 8.53496170044
      vertex -27.56889534 2.42223405838 8.53496360779
    endloop
  endfacet
  facet normal -0.301029294729 0.848297536373 -0.435629010201
    outer loop
      vertex -21.5720615387 2.4222369194 2.09565210342
      vertex -22.1649341583 4.74566507339 0.69210600853
      vertex -28.340719223 4.74490594864 -1.49906098843
    endloop
  endfacet
  facet normal 0.280889332294 -0.818737506866 -0.500769436359
    outer loop
      vertex -22.002122879 4.73692321777 3.36385416985
      vertex -21.5720615387 2.4222369194 2.09565210342
      vertex -29.5929851532 2.42223310471 -0.656137943268
    endloop
  endfacet
  facet normal 0.282297223806 -0.815848112106 -0.504678249359
    outer loop
      vertex 3.6227478981 4.7375421524 -21.7379398346
      vertex 4.07259988785 2.42222809792 -23.0145206451
      vertex -4.84613895416 2.42223095894 -26.1005535126
    endloop
  endfacet
  facet normal 0 0 1
    outer loop
      vertex 4.49932718277 6.58421868138e-08 -31.1664886475
      vertex 10.11764431 6.58421868138e-08 -29.72149086
      vertex 15.3461380005 6.58421868138e-08 -27.2081565857
    endloop
  endfacet
  facet normal -0.279545515776 0.820120751858 -0.499255716801
    outer loop
      vertex -16.1673221588 4.73669719696 -9.82469654083
      vertex -16.5986690521 2.42223501205 -8.56277656555
      vertex -9.9731836319 2.4222381115 -6.3044219017
    endloop
  endfacet
  facet normal 0.795728266239 0.341221898794 -0.500383973122
    outer loop
      vertex -18.2843723297 2.42223501205 -4.95016098022
      vertex -19.4945888519 4.73690986633 -5.52229309082
      vertex -22.1649341583 4.74566507339 0.69210600853
    endloop
  endfacet
  facet normal 1.97747866082e-07 -6.52774247101e-07 1
    outer loop
      vertex 6.13235282898 -5.00064334119e-06 -22.237865448
      vertex 1.78219497204 6.58421868138e-08 -31.3171443939
      vertex 15.3461380005 6.58421868138e-08 -27.2081565857
    endloop
  endfacet
  facet normal -0.313342869282 0.871955573559 -0.376177817583
    outer loop
      vertex -9.9831943512 4.74735784531 -13.0083904266
      vertex -11.4634189606 2.42223310471 -12.5372161865
      vertex -8.58152198792 2.42223310471 -11.5015878677
    endloop
  endfacet
  facet normal -0.813825428486 -0.438082993031 -0.381800353527
    outer loop
      vertex -18.2843723297 2.42223501205 -4.95016098022
      vertex -16.8675022125 4.7466378212 -5.55650281906
      vertex -16.0019893646 4.74545478821 -7.16539382935
    endloop
  endfacet
  facet normal 0.201253160834 -0.842998564243 -0.498849272728
    outer loop
      vertex -11.4634189606 2.42223310471 -12.5372161865
      vertex -11.9026203156 4.73694086075 -11.2723274231
      vertex -9.93335914612 4.7457242012 -10.7969989777
    endloop
  endfacet
  facet normal -0.81410241127 0.285514980555 -0.505686163902
    outer loop
      vertex -27.4540157318 4.7379617691 4.761054039
      vertex -28.7779483795 2.42223310471 5.08753299713
      vertex -27.56889534 2.42223405838 8.53496360779
    endloop
  endfacet
  facet normal -0.0026303071063 -0.00758056109771 -0.999967813492
    outer loop
      vertex -16.1673221588 4.73669719696 -9.82469654083
      vertex -9.93335914612 4.7457242012 -10.7969989777
      vertex -11.9026203156 4.73694086075 -11.2723274231
    endloop
  endfacet
  facet normal -0.320912480354 0.839658737183 -0.438164770603
    outer loop
      vertex -5.10708808899 4.74550008774 -20.5257015228
      vertex -6.45946598053 2.42223310471 -19.8302059174
      vertex 3.23209190369 2.42222809792 -16.1261482239
    endloop
  endfacet
  facet normal 0.304625451565 -0.847697138786 -0.434295833111
    outer loop
      vertex -9.93335914612 4.7457242012 -10.7969989777
      vertex -8.58152198792 2.42223310471 -11.5015878677
      vertex -11.4634189606 2.42223310471 -12.5372161865
    endloop
  endfacet
  facet normal 0.000755003653467 0.00220267102122 -0.999997317791
    outer loop
      vertex -22.002122879 4.73692321777 3.36385416985
      vertex -28.5954914093 4.74809789658 0.550616919994
      vertex -27.4540157318 4.7379617691 4.761054039
    endloop
  endfacet
  facet normal -0.00010337006097 0.000217381413677 -1
    outer loop
      vertex -5.10708808899 4.74550008774 -20.5257015228
      vertex 2.66294002533 4.74565410614 -17.5391941071
      vertex -4.11985206604 4.74651908875 -24.7439727783
    endloop
  endfacet
  facet normal 0.26046410203 -0.814108788967 -0.519023478031
    outer loop
      vertex 4.49932718277 2.42223405838 -31.1664943695
      vertex 2.88059902191 4.74809408188 -30.2015666962
      vertex 13.8910741806 4.74704694748 -26.6795692444
    endloop
  endfacet
  facet normal 0.81482809782 0.38021171093 -0.437600582838
    outer loop
      vertex -22.1649341583 4.74566507339 0.69210600853
      vertex -21.5720615387 2.4222369194 2.09565210342
      vertex -18.2843723297 2.42223501205 -4.95016098022
    endloop
  endfacet
  facet normal -0.814348638058 -0.379988223314 -0.438685774803
    outer loop
      vertex -17.6847629547 4.74551200867 -3.55301904678
      vertex -18.2843723297 2.42223501205 -4.95016098022
      vertex -21.5720615387 2.4222369194 2.09565210342
    endloop
  endfacet
  facet normal 0.0051235454157 0.0033433646895 -0.999981284142
    outer loop
      vertex -9.9831943512 4.74735784531 -13.0083904266
      vertex -8.13778781891 4.73710393906 -12.7695016861
      vertex -6.01107883453 4.74498987198 -18.3871994019
    endloop
  endfacet
  facet normal 3.16860479188e-07 1.4785210567e-07 1
    outer loop
      vertex -18.2843723297 2.04837988349e-06 -4.95016098022
      vertex -16.5986690521 2.04837988349e-06 -8.56277656555
      vertex -5.08419895172 6.89458329362e-06 -0.461959958076
    endloop
  endfacet
  facet normal -0.809697270393 0.297915190458 -0.505605459213
    outer loop
      vertex 4.07259988785 2.42222809792 -23.0145206451
      vertex 5.15614891052 4.7428560257 -24.0080108643
      vertex 2.88059902191 4.74809408188 -30.2015666962
    endloop
  endfacet
  facet normal 2.67870575499e-07 4.06370958217e-07 1
    outer loop
      vertex -21.5720653534 4.03091780754e-06 2.09565210342
      vertex -18.2843723297 2.04837988349e-06 -4.95016098022
      vertex -14.5018939972 6.89458329362e-06 4.48207902908
    endloop
  endfacet
  facet normal -1.25719139987e-07 -3.20321049685e-08 1
    outer loop
      vertex -6.45946598053 6.58421868138e-08 -19.83020401
      vertex 7.84729623795 -1.91669550986e-06 -14.0889644623
      vertex -8.58152198792 6.58421868138e-08 -11.5015897751
    endloop
  endfacet
  facet normal -0.108959026635 0.862887322903 -0.49351131916
    outer loop
      vertex -8.58152198792 2.42223310471 -11.5015878677
      vertex -8.13778781891 4.73710393906 -12.7695016861
      vertex -9.9831943512 4.74735784531 -13.0083904266
    endloop
  endfacet
  facet normal 0.332352936268 -0.828562319279 -0.450584083796
    outer loop
      vertex -6.45946598053 2.42223310471 -19.8302059174
      vertex -6.01107883453 4.74498987198 -18.3871994019
      vertex 2.72672104836 4.73691415787 -14.8866853714
    endloop
  endfacet
  facet normal -0.00154053699225 -0.000593157485127 -0.999998629093
    outer loop
      vertex -16.1673221588 4.73669719696 -9.82469654083
      vertex -10.6988010406 4.74640607834 -7.65924215317
      vertex -9.93335914612 4.7457242012 -10.7969989777
    endloop
  endfacet
  facet normal 0.278920203447 -0.852880775928 -0.441359221935
    outer loop
      vertex -16.5986690521 2.42223501205 -8.56277656555
      vertex -16.0019893646 4.74545478821 -7.16539382935
      vertex -9.24868869781 4.74606180191 -4.95652723312
    endloop
  endfacet
  facet normal 3.32523370616e-07 -5.24402196334e-07 1
    outer loop
      vertex -28.7779483795 6.58421868138e-08 5.08753681183
      vertex -21.5720653534 4.03091780754e-06 2.09565210342
      vertex -18.5814571381 6.58421868138e-08 11.5531311035
    endloop
  endfacet
  facet normal -0 0 1
    outer loop
      vertex -27.5688877106 6.58421868138e-08 8.53496170044
      vertex -28.7779483795 6.58421868138e-08 5.08753681183
      vertex -18.5814571381 6.58421868138e-08 11.5531311035
    endloop
  endfacet
  facet normal -0.94364798069 0.330950945616 2.98691884382e-06
    outer loop
      vertex -26.8580417633 2.42223405838 10.5618362427
      vertex -27.56889534 2.42223405838 8.53496360779
      vertex -27.5688877106 6.58421868138e-08 8.53496170044
    endloop
  endfacet
  facet normal 0.188581541181 -0.733227133751 -0.653310775757
    outer loop
      vertex 13.8910741806 4.74704694748 -26.6795692444
      vertex 10.11764431 2.42223405838 -29.721496582
      vertex 4.49932718277 2.42223405838 -31.1664943695
    endloop
  endfacet
  facet normal -0.943648457527 0.330949485302 1.61384809871e-06
    outer loop
      vertex -27.5688877106 6.58421868138e-08 8.53496170044
      vertex -26.8580379486 6.58421868138e-08 10.5618343353
      vertex -26.8580417633 2.42223405838 10.5618362427
    endloop
  endfacet
  facet normal -0.825483977795 0.276728928089 -0.491932243109
    outer loop
      vertex -27.56889534 2.42223405838 8.53496360779
      vertex -26.5355129242 4.74276399612 7.49241352081
      vertex -27.4540157318 4.7379617691 4.761054039
    endloop
  endfacet
  facet normal -0.33923587203 0.854928255081 -0.392449587584
    outer loop
      vertex -9.9731836319 2.4222381115 -6.3044219017
      vertex -10.6988010406 4.74640607834 -7.65924215317
      vertex -16.1673221588 4.73669719696 -9.82469654083
    endloop
  endfacet
  facet normal 0.433243215084 -0.901277065277 2.62283606389e-06
    outer loop
      vertex 15.3461380005 6.58421868138e-08 -27.2081565857
      vertex 10.11764431 6.58421868138e-08 -29.72149086
      vertex 10.11764431 2.42223405838 -29.721496582
    endloop
  endfacet
  facet normal 0.00175384338945 -0.00153105473146 -0.999997317791
    outer loop
      vertex 2.66294002533 4.74565410614 -17.5391941071
      vertex 3.6227478981 4.7375421524 -21.7379398346
      vertex -4.11985206604 4.74651908875 -24.7439727783
    endloop
  endfacet
  facet normal -0.8243278265 -0.40430611372 -0.396257787943
    outer loop
      vertex -21.5720615387 2.4222369194 2.09565210342
      vertex -20.1565036774 4.74663591385 1.48764002323
      vertex -17.6847629547 4.74551200867 -3.55301904678
    endloop
  endfacet
  facet normal 0.87125056982 0.21244160831 -0.442482739687
    outer loop
      vertex -8.58152198792 2.42223310471 -11.5015878677
      vertex -9.93335914612 4.7457242012 -10.7969989777
      vertex -10.6988010406 4.74640607834 -7.65924215317
    endloop
  endfacet
  facet normal 0.294386923313 -0.863663196564 -0.409172654152
    outer loop
      vertex -9.24868869781 4.74606180191 -4.95652723312
      vertex -9.9731836319 2.4222381115 -6.3044219017
      vertex -16.5986690521 2.42223501205 -8.56277656555
    endloop
  endfacet
  facet normal -5.82252641834e-06 1.41640093716e-05 1
    outer loop
      vertex -6.45946598053 6.58421868138e-08 -19.83020401
      vertex 3.23209190369 -3.89923343391e-06 -16.1261482239
      vertex 7.84729623795 -1.91669550986e-06 -14.0889644623
    endloop
  endfacet
  facet normal 0.880108296871 0.235668927431 -0.412152320147
    outer loop
      vertex -10.6988010406 4.74640607834 -7.65924215317
      vertex -9.9731836319 2.4222381115 -6.3044219017
      vertex -8.58152198792 2.42223310471 -11.5015878677
    endloop
  endfacet
  facet normal -0.881578207016 -0.236063316464 -0.408771306276
    outer loop
      vertex -7.86804294586 4.74636697769 -10.1415653229
      vertex -8.58152198792 2.42223310471 -11.5015878677
      vertex -9.9731836319 2.4222381115 -6.3044219017
    endloop
  endfacet
  facet normal -0.000198780282517 0.000918763980735 -0.999999582767
    outer loop
      vertex 13.8910741806 4.74704694748 -26.6795692444
      vertex 2.88059902191 4.74809408188 -30.2015666962
      vertex 5.15614891052 4.7428560257 -24.0080108643
    endloop
  endfacet
  facet normal -0.307135492563 0.814543843269 -0.49212411046
    outer loop
      vertex 5.15614891052 4.7428560257 -24.0080108643
      vertex 4.07259988785 2.42222809792 -23.0145206451
      vertex 6.13235282898 2.42222809792 -22.2378616333
    endloop
  endfacet
  facet normal 0 0 1
    outer loop
      vertex -23.9070301056 6.58421868138e-08 15.556394577
      vertex -26.8580379486 6.58421868138e-08 10.5618343353
      vertex -27.5688877106 6.58421868138e-08 8.53496170044
    endloop
  endfacet
  facet normal 0.00031420920277 0.00152270472609 -0.999998807907
    outer loop
      vertex -8.13778781891 4.73710393906 -12.7695016861
      vertex 2.72672104836 4.73691415787 -14.8866853714
      vertex -6.01107883453 4.74498987198 -18.3871994019
    endloop
  endfacet
  facet normal 0.321949958801 -0.853832781315 -0.4090449512
    outer loop
      vertex 4.70090293884 4.74673080444 -21.6640129089
      vertex 6.13235282898 2.42222809792 -22.2378616333
      vertex 4.07259988785 2.42222809792 -23.0145206451
    endloop
  endfacet
  facet normal 0.0554591082036 -0.869768023491 -0.490334451199
    outer loop
      vertex 4.07259988785 2.42222809792 -23.0145206451
      vertex 3.6227478981 4.7375421524 -21.7379398346
      vertex 4.70090293884 4.74673080444 -21.6640129089
    endloop
  endfacet
  facet normal -0.870905041695 0.305438965559 -0.385008394718
    outer loop
      vertex -26.0981121063 4.75094604492 9.79328155518
      vertex -27.56889534 2.42223405838 8.53496360779
      vertex -26.8580417633 2.42223405838 10.5618362427
    endloop
  endfacet
  facet normal 0.309072971344 -0.808679699898 -0.500510752201
    outer loop
      vertex 2.72672104836 4.73691415787 -14.8866853714
      vertex 3.23209190369 2.42222809792 -16.1261482239
      vertex -6.45946598053 2.42223310471 -19.8302059174
    endloop
  endfacet
  facet normal -0.294302761555 0.865568518639 -0.405187696218
    outer loop
      vertex -16.8675022125 4.7466378212 -5.55650281906
      vertex -18.2843723297 2.42223501205 -4.95016098022
      vertex -5.08419895172 2.42224001884 -0.461959958076
    endloop
  endfacet
  facet normal -0.323475986719 0.841568648815 -0.432580083609
    outer loop
      vertex 3.23209190369 2.42222809792 -16.1261482239
      vertex 2.66294002533 4.74565410614 -17.5391941071
      vertex -5.10708808899 4.74550008774 -20.5257015228
    endloop
  endfacet
  facet normal 4.41837471499e-07 -2.82162559984e-08 1
    outer loop
      vertex -16.5986690521 2.04837988349e-06 -8.56277656555
      vertex -9.9731836319 4.91204582431e-06 -6.30442094803
      vertex -0.0174419991672 9.09740356292e-06 1.26079297066
    endloop
  endfacet
  facet normal -3.05675769141e-07 8.5061816435e-07 1
    outer loop
      vertex -9.9731836319 4.91204582431e-06 -6.30442094803
      vertex -8.58152198792 6.58421868138e-08 -11.5015897751
      vertex 3.55085611343 6.58421868138e-08 -7.14173221588
    endloop
  endfacet
  facet normal -0.287087440491 0.816022396088 -0.50168544054
    outer loop
      vertex 6.13235282898 2.42222809792 -22.2378616333
      vertex 6.60826015472 4.73710203171 -23.4936008453
      vertex 5.15614891052 4.7428560257 -24.0080108643
    endloop
  endfacet
  facet normal 0.275623589754 -0.853539764881 -0.442155510187
    outer loop
      vertex -18.2843723297 2.42223501205 -4.95016098022
      vertex -17.6847629547 4.74551200867 -3.55301904678
      vertex -6.54616689682 4.74701499939 0.0446160063148
    endloop
  endfacet
  facet normal -0.292443960905 0.866411089897 -0.404732495546
    outer loop
      vertex -20.1565036774 4.74663591385 1.48764002323
      vertex -21.5720615387 2.4222369194 2.09565210342
      vertex -14.5018939972 2.42224001884 4.48207902908
    endloop
  endfacet
  facet normal 0.433243334293 -0.901277005672 2.25701478485e-06
    outer loop
      vertex 10.11764431 2.42223405838 -29.721496582
      vertex 15.3461427689 2.42223405838 -27.2081604004
      vertex 15.3461380005 6.58421868138e-08 -27.2081565857
    endloop
  endfacet
  facet normal 8.27861185826e-07 5.73067097775e-07 1
    outer loop
      vertex 3.23209190369 -3.89923343391e-06 -16.1261482239
      vertex 6.13235282898 -5.00064334119e-06 -22.237865448
      vertex 10.9855642319 6.58421868138e-08 -20.4078865051
    endloop
  endfacet
  facet normal 0.000887659960426 -0.000257850362686 -0.999999582767
    outer loop
      vertex -16.8675022125 4.7466378212 -5.55650281906
      vertex -4.65511512756 4.736784935 -1.72692394257
      vertex -16.0019893646 4.74545478821 -7.16539382935
    endloop
  endfacet
  facet normal 8.40679149405e-07 5.39073141681e-07 1
    outer loop
      vertex 10.9855642319 6.58421868138e-08 -20.4078865051
      vertex 6.13235282898 -5.00064334119e-06 -22.237865448
      vertex 15.3461380005 6.58421868138e-08 -27.2081565857
    endloop
  endfacet
  facet normal 0.228838860989 -0.83517986536 -0.500107288361
    outer loop
      vertex -21.5720615387 2.4222369194 2.09565210342
      vertex -22.002122879 4.73692321777 3.36385416985
      vertex -15.9480381012 4.74692106247 5.02865695953
    endloop
  endfacet
  facet normal -0.881055235863 -0.234578713775 -0.410748690367
    outer loop
      vertex -9.9731836319 2.4222381115 -6.3044219017
      vertex -9.24868869781 4.74606180191 -4.95652723312
      vertex -7.86804294586 4.74636697769 -10.1415653229
    endloop
  endfacet
  facet normal 0.00146084837615 0.000493379950058 -0.999998807907
    outer loop
      vertex -20.1565036774 4.74663591385 1.48764002323
      vertex -14.0753946304 4.73690080643 3.21359395981
      vertex -17.6847629547 4.74551200867 -3.55301904678
    endloop
  endfacet
  facet normal 6.11852499333e-07 -6.12730559624e-07 1
    outer loop
      vertex -21.5720653534 4.03091780754e-06 2.09565210342
      vertex -14.5018939972 6.89458329362e-06 4.48207902908
      vertex -18.5814571381 6.58421868138e-08 11.5531311035
    endloop
  endfacet
  facet normal 0.000346443994204 -0.00187465175986 -0.999998211861
    outer loop
      vertex -26.5355129242 4.74276399612 7.49241352081
      vertex -19.1145458221 4.74514913559 10.1361894608
      vertex -27.4540157318 4.7379617691 4.761054039
    endloop
  endfacet
  facet normal 2.94545429824e-07 3.9567390786e-07 1
    outer loop
      vertex -18.2843723297 2.04837988349e-06 -4.95016098022
      vertex -9.35630893707 9.09740356292e-06 6.2188911438
      vertex -14.5018939972 6.89458329362e-06 4.48207902908
    endloop
  endfacet
  facet normal -0.865682125092 0.31727412343 -0.387210011482
    outer loop
      vertex -26.8580417633 2.42223405838 10.5618362427
      vertex -25.935956955 4.73853492737 10.2508659363
      vertex -26.0981121063 4.75094604492 9.79328155518
    endloop
  endfacet
  facet normal -0.860950767994 0.50868833065 1.62282833571e-06
    outer loop
      vertex -23.9070339203 2.42223405838 15.5563936234
      vertex -26.8580417633 2.42223405838 10.5618362427
      vertex -26.8580379486 6.58421868138e-08 10.5618343353
    endloop
  endfacet
  facet normal -0.000108881271444 -0.00116822053678 -0.999999284744
    outer loop
      vertex -19.1145458221 4.74514913559 10.1361894608
      vertex -22.002122879 4.73692321777 3.36385416985
      vertex -27.4540157318 4.7379617691 4.761054039
    endloop
  endfacet
  facet normal 0.819760262966 0.405127346516 -0.404802322388
    outer loop
      vertex 6.13235282898 2.42222809792 -22.2378616333
      vertex 4.70090293884 4.74673080444 -21.6640129089
      vertex 2.66294002533 4.74565410614 -17.5391941071
    endloop
  endfacet
  facet normal -0.00826025009155 -0.0038201410789 -0.999958574772
    outer loop
      vertex 2.66294002533 4.74565410614 -17.5391941071
      vertex 4.70090293884 4.74673080444 -21.6640129089
      vertex 3.6227478981 4.7375421524 -21.7379398346
    endloop
  endfacet
  facet normal -0.276852309704 0.824404358864 -0.493670225143
    outer loop
      vertex -26.5355129242 4.74276399612 7.49241352081
      vertex -27.56889534 2.42223405838 8.53496360779
      vertex -18.5814571381 2.42223405838 11.5531339645
    endloop
  endfacet
  facet normal -0.292504161596 0.813964962959 -0.501898765564
    outer loop
      vertex -8.13778781891 4.73710393906 -12.7695016861
      vertex -8.58152198792 2.42223310471 -11.5015878677
      vertex 3.55085611343 2.42223310471 -7.14173078537
    endloop
  endfacet
  facet normal 0.391174435616 -0.81376093626 -0.429855436087
    outer loop
      vertex 10.11764431 2.42223405838 -29.721496582
      vertex 13.8910741806 4.74704694748 -26.6795692444
      vertex 15.3461427689 2.42223405838 -27.2081604004
    endloop
  endfacet
  facet normal 0.00157845451031 0.00672957208008 -0.999976098537
    outer loop
      vertex 13.8910741806 4.74704694748 -26.6795692444
      vertex 5.15614891052 4.7428560257 -24.0080108643
      vertex 6.60826015472 4.73710203171 -23.4936008453
    endloop
  endfacet
  facet normal 0.813820242882 0.38619145751 -0.434226602316
    outer loop
      vertex 2.66294002533 4.74565410614 -17.5391941071
      vertex 3.23209190369 2.42222809792 -16.1261482239
      vertex 6.13235282898 2.42222809792 -22.2378616333
    endloop
  endfacet
  facet normal -0.813497662544 -0.38603836298 -0.434966593981
    outer loop
      vertex 6.70400094986 4.7457242012 -20.8245067596
      vertex 6.13235282898 2.42222809792 -22.2378616333
      vertex 3.23209190369 2.42222809792 -16.1261482239
    endloop
  endfacet
  facet normal -0.305182695389 0.809362411499 -0.501792788506
    outer loop
      vertex 6.60826015472 4.73710203171 -23.4936008453
      vertex 6.13235282898 2.42222809792 -22.2378616333
      vertex 10.9855642319 2.42223310471 -20.4078845978
    endloop
  endfacet
  facet normal 2.09477875046e-07 4.6367330242e-07 1
    outer loop
      vertex -18.2843723297 2.04837988349e-06 -4.95016098022
      vertex -5.08419895172 6.89458329362e-06 -0.461959958076
      vertex -9.35630893707 9.09740356292e-06 6.2188911438
    endloop
  endfacet
  facet normal 0.294676095247 -0.873025178909 -0.388578295708
    outer loop
      vertex -15.9480381012 4.74692106247 5.02865695953
      vertex -14.5018939972 2.42224001884 4.48207902908
      vertex -21.5720615387 2.4222369194 2.09565210342
    endloop
  endfacet
  facet normal 0.373084962368 -0.894168615341 -0.247528016567
    outer loop
      vertex -27.56889534 2.42223405838 8.53496360779
      vertex -26.0981121063 4.75094604492 9.79328155518
      vertex -19.8016376495 4.74418592453 12.4185657501
    endloop
  endfacet
  facet normal -0.796309709549 0.470495462418 -0.380164295435
    outer loop
      vertex -25.935956955 4.73853492737 10.2508659363
      vertex -26.8580417633 2.42223405838 10.5618362427
      vertex -23.9070339203 2.42223405838 15.5563936234
    endloop
  endfacet
  facet normal -0.860950887203 0.508688032627 8.82653353074e-07
    outer loop
      vertex -26.8580379486 6.58421868138e-08 10.5618343353
      vertex -23.9070301056 6.58421868138e-08 15.556394577
      vertex -23.9070339203 2.42223405838 15.5563936234
    endloop
  endfacet
  facet normal -8.39033518218e-08 2.33481756595e-07 1
    outer loop
      vertex 7.84729623795 -1.91669550986e-06 -14.0889644623
      vertex 3.55085611343 6.58421868138e-08 -7.14173221588
      vertex -8.58152198792 6.58421868138e-08 -11.5015897751
    endloop
  endfacet
  facet normal 0.331117212772 -0.855181276798 -0.398781120777
    outer loop
      vertex -8.58152198792 2.42223310471 -11.5015878677
      vertex -7.86804294586 4.74636697769 -10.1415653229
      vertex 2.47209000587 4.74299097061 -6.13954877853
    endloop
  endfacet
  facet normal -0.00192490173504 0.00561027694494 -0.99998241663
    outer loop
      vertex -4.65511512756 4.736784935 -1.72692394257
      vertex -9.24868869781 4.74606180191 -4.95652723312
      vertex -16.0019893646 4.74545478821 -7.16539382935
    endloop
  endfacet
  facet normal 4.47741513199e-07 -3.81816924744e-08 1
    outer loop
      vertex -16.5986690521 2.04837988349e-06 -8.56277656555
      vertex -0.0174419991672 9.09740356292e-06 1.26079297066
      vertex -5.08419895172 6.89458329362e-06 -0.461959958076
    endloop
  endfacet
  facet normal -0.235703065991 0.833280920982 -0.500086903572
    outer loop
      vertex -14.5018939972 2.42224001884 4.48207902908
      vertex -14.0753946304 4.73690080643 3.21359395981
      vertex -20.1565036774 4.74663591385 1.48764002323
    endloop
  endfacet
  facet normal -0.817731440067 -0.399204313755 -0.41466999054
    outer loop
      vertex 3.23209190369 2.42222809792 -16.1261482239
      vertex 4.67040920258 4.74623823166 -16.6583576202
      vertex 6.70400094986 4.7457242012 -20.8245067596
    endloop
  endfacet
  facet normal 0.36517316103 -0.832533717155 -0.416576683521
    outer loop
      vertex 6.13235282898 2.42222809792 -22.2378616333
      vertex 6.70400094986 4.7457242012 -20.8245067596
      vertex 10.5124568939 4.73680114746 -19.1584739685
    endloop
  endfacet
  facet normal -0 0 1
    outer loop
      vertex -23.9070301056 6.58421868138e-08 15.556394577
      vertex -27.5688877106 6.58421868138e-08 8.53496170044
      vertex -18.6578235626 6.58421868138e-08 19.1241168976
    endloop
  endfacet
  facet normal -0.00172468216624 -0.000821008579805 -0.999998152256
    outer loop
      vertex 10.5136089325 4.74518918991 -21.8471946716
      vertex 13.8910741806 4.74704694748 -26.6795692444
      vertex 6.60826015472 4.73710203171 -23.4936008453
    endloop
  endfacet
  facet normal -0.000963947619312 -0.00503626465797 -0.999986827374
    outer loop
      vertex -8.13778781891 4.73710393906 -12.7695016861
      vertex 6.3732509613 4.74673080444 -13.6354694366
      vertex 2.72672104836 4.73691415787 -14.8866853714
    endloop
  endfacet
  facet normal -0.0784225389361 0.0547893717885 -0.995413482189
    outer loop
      vertex -26.0981121063 4.75094604492 9.79328155518
      vertex -25.935956955 4.73853492737 10.2508659363
      vertex -22.7986698151 4.73839902878 14.7438783646
    endloop
  endfacet
  facet normal -0.349392920732 0.826608896255 -0.441182881594
    outer loop
      vertex 10.9855642319 2.42223310471 -20.4078845978
      vertex 10.5136089325 4.74518918991 -21.8471946716
      vertex 6.60826015472 4.73710203171 -23.4936008453
    endloop
  endfacet
  facet normal 0.297980725765 -0.876386642456 -0.378356903791
    outer loop
      vertex -6.54616689682 4.74701499939 0.0446160063148
      vertex -5.08419895172 2.42224001884 -0.461959958076
      vertex -18.2843723297 2.42223501205 -4.95016098022
    endloop
  endfacet
  facet normal 0 0 1
    outer loop
      vertex -27.5688877106 6.58421868138e-08 8.53496170044
      vertex -18.5814571381 6.58421868138e-08 11.5531311035
      vertex -18.6578235626 6.58421868138e-08 19.1241168976
    endloop
  endfacet
  facet normal 0.600747704506 -0.799438655376 2.47442835644e-06
    outer loop
      vertex 19.9838466644 6.58421868138e-08 -23.7230949402
      vertex 15.3461380005 6.58421868138e-08 -27.2081565857
      vertex 15.3461427689 2.42223405838 -27.2081604004
    endloop
  endfacet
  facet normal 0.30556678772 -0.810383856297 -0.499906927347
    outer loop
      vertex 10.5124568939 4.73680114746 -19.1584739685
      vertex 10.9855642319 2.42223310471 -20.4078845978
      vertex 6.13235282898 2.42222809792 -22.2378616333
    endloop
  endfacet
  facet normal -0.000659613346215 0.00162445195019 -0.999998450279
    outer loop
      vertex -14.0753946304 4.73690080643 3.21359395981
      vertex -6.54616689682 4.74701499939 0.0446160063148
      vertex -17.6847629547 4.74551200867 -3.55301904678
    endloop
  endfacet
  facet normal -0.00149240449537 -0.000578315346502 -0.999998748302
    outer loop
      vertex -19.1145458221 4.74514913559 10.1361894608
      vertex -15.9480381012 4.74692106247 5.02865695953
      vertex -22.002122879 4.73692321777 3.36385416985
    endloop
  endfacet
  facet normal 0.765442013741 0.535123765469 -0.357408881187
    outer loop
      vertex 15.3461427689 2.42223405838 -27.2081604004
      vertex 13.8910741806 4.74704694748 -26.6795692444
      vertex 10.5136089325 4.74518918991 -21.8471946716
    endloop
  endfacet
  facet normal 0.282373487949 -0.840845167637 -0.461784154177
    outer loop
      vertex -19.8016376495 4.74418592453 12.4185657501
      vertex -18.5814571381 2.42223405838 11.5531339645
      vertex -27.56889534 2.42223405838 8.53496360779
    endloop
  endfacet
  facet normal -0.300590068102 0.843341886997 -0.445443630219
    outer loop
      vertex -18.5814571381 2.42223405838 11.5531339645
      vertex -19.1145458221 4.74514913559 10.1361894608
      vertex -26.5355129242 4.74276399612 7.49241352081
    endloop
  endfacet
  facet normal 0.751272261143 0.481742590666 -0.451125323772
    outer loop
      vertex 10.5136089325 4.74518918991 -21.8471946716
      vertex 10.9855642319 2.42223310471 -20.4078845978
      vertex 15.3461427689 2.42223405838 -27.2081604004
    endloop
  endfacet
  facet normal -0.258805185556 0.826606035233 -0.499742299318
    outer loop
      vertex -5.08419895172 2.42224001884 -0.461959958076
      vertex -4.65511512756 4.736784935 -1.72692394257
      vertex -16.8675022125 4.7466378212 -5.55650281906
    endloop
  endfacet
  facet normal -0.768189609051 -0.492590457201 -0.408949047327
    outer loop
      vertex 15.613202095 4.74638700485 -25.6951236725
      vertex 15.3461427689 2.42223405838 -27.2081604004
      vertex 10.9855642319 2.42223310471 -20.4078845978
    endloop
  endfacet
  facet normal 0 0 1
    outer loop
      vertex 17.5331401825 6.58421868138e-08 -17.923374176
      vertex 10.9855642319 6.58421868138e-08 -20.4078865051
      vertex 15.3461380005 6.58421868138e-08 -27.2081565857
    endloop
  endfacet
  facet normal -0.366944044828 0.831305444241 -0.417472541332
    outer loop
      vertex 4.67040920258 4.74623823166 -16.6583576202
      vertex 3.23209190369 2.42222809792 -16.1261482239
      vertex 7.84729623795 2.42222809792 -14.0889644623
    endloop
  endfacet
  facet normal 0.00197515520267 0.000840709602926 -0.999997675419
    outer loop
      vertex 10.5124568939 4.73680114746 -19.1584739685
      vertex 6.70400094986 4.7457242012 -20.8245067596
      vertex 4.67040920258 4.74623823166 -16.6583576202
    endloop
  endfacet
  facet normal 0.279870778322 -0.81957501173 -0.499969154596
    outer loop
      vertex 3.23209190369 2.42222809792 -16.1261482239
      vertex 2.72672104836 4.73691415787 -14.8866853714
      vertex 6.3732509613 4.74673080444 -13.6354694366
    endloop
  endfacet
  facet normal -0.705163657665 0.492402434349 -0.510180413723
    outer loop
      vertex -23.9070339203 2.42223405838 15.5563936234
      vertex -22.7986698151 4.73839902878 14.7438783646
      vertex -25.935956955 4.73853492737 10.2508659363
    endloop
  endfacet
  facet normal -0.000670987181365 -0.000126979721244 -0.999999761581
    outer loop
      vertex -8.13778781891 4.73710393906 -12.7695016861
      vertex 3.05287790298 4.74514579773 -8.5716753006
      vertex 6.3732509613 4.74673080444 -13.6354694366
    endloop
  endfacet
  facet normal -2.9967128512e-07 9.47601392909e-07 1
    outer loop
      vertex -9.9731836319 4.91204582431e-06 -6.30442094803
      vertex 3.55085611343 6.58421868138e-08 -7.14173221588
      vertex -0.0174419991672 9.09740356292e-06 1.26079297066
    endloop
  endfacet
  facet normal -0.314306408167 0.837027668953 -0.44787967205
    outer loop
      vertex 3.55085611343 2.42223310471 -7.14173078537
      vertex 3.05287790298 4.74514579773 -8.5716753006
      vertex -8.13778781891 4.73710393906 -12.7695016861
    endloop
  endfacet
  facet normal 0.787766635418 0.488520413637 -0.375195324421
    outer loop
      vertex -14.5018939972 2.42224001884 4.48207902908
      vertex -15.9480381012 4.74692106247 5.02865695953
      vertex -19.1145458221 4.74514913559 10.1361894608
    endloop
  endfacet
  facet normal 4.10310661891e-07 -1.83043169955e-07 1
    outer loop
      vertex 15.2651958466 6.58421868138e-08 -10.8146409988
      vertex 3.23209190369 -3.89923343391e-06 -16.1261482239
      vertex 10.9855642319 6.58421868138e-08 -20.4078865051
    endloop
  endfacet
  facet normal 0.294615536928 -0.819840371609 -0.490982115269
    outer loop
      vertex 2.47209000587 4.74299097061 -6.13954877853
      vertex 3.55085611343 2.42223310471 -7.14173078537
      vertex -8.58152198792 2.42223310471 -11.5015878677
    endloop
  endfacet
  facet normal 0.370359331369 -0.839042663574 -0.398549109697
    outer loop
      vertex 6.3732509613 4.74673080444 -13.6354694366
      vertex 7.84729623795 2.42222809792 -14.0889644623
      vertex 3.23209190369 2.42222809792 -16.1261482239
    endloop
  endfacet
  facet normal 0.773614287376 0.446328252554 -0.449791103601
    outer loop
      vertex -19.1145458221 4.74514913559 10.1361894608
      vertex -18.5814571381 2.42223405838 11.5531339645
      vertex -14.5018939972 2.42224001884 4.48207902908
    endloop
  endfacet
  facet normal -0.772205889225 -0.508286654949 -0.381238430738
    outer loop
      vertex 10.9855642319 2.42223310471 -20.4078845978
      vertex 12.4520778656 4.74685001373 -20.8922901154
      vertex 15.613202095 4.74638700485 -25.6951236725
    endloop
  endfacet
  facet normal -0.773505270481 -0.446264594793 -0.45004171133
    outer loop
      vertex -13.9696903229 4.74524688721 5.9022860527
      vertex -14.5018939972 2.42224001884 4.48207902908
      vertex -18.5814571381 2.42223405838 11.5531339645
    endloop
  endfacet
  facet normal -0.745167672634 0.66687721014 5.99093198161e-07
    outer loop
      vertex -21.5841159821 2.42223405838 18.1520175934
      vertex -23.9070339203 2.42223405838 15.5563936234
      vertex -23.9070301056 6.58421868138e-08 15.556394577
    endloop
  endfacet
  facet normal -0.0468086004257 0.106043115258 -0.993259191513
    outer loop
      vertex 15.2651958466 6.58421868138e-08 -10.8146409988
      vertex 7.84729623795 -1.91669550986e-06 -14.0889644623
      vertex 3.23209190369 -3.89923343391e-06 -16.1261482239
    endloop
  endfacet
  facet normal 0.600748538971 -0.79943805933 1.44071860468e-16
    outer loop
      vertex 15.3461427689 2.42223405838 -27.2081604004
      vertex 19.9838466644 2.42223405838 -23.7230949402
      vertex 19.9838466644 6.58421868138e-08 -23.7230949402
    endloop
  endfacet
  facet normal -0.276864051819 0.820252716541 -0.500531494617
    outer loop
      vertex -14.0753946304 4.73690080643 3.21359395981
      vertex -14.5018939972 2.42224001884 4.48207902908
      vertex -9.35630893707 2.42224311829 6.21889209747
    endloop
  endfacet
  facet normal 0.60370850563 -0.6980432868 -0.385060608387
    outer loop
      vertex 15.3461427689 2.42223405838 -27.2081604004
      vertex 15.613202095 4.74638700485 -25.6951236725
      vertex 19.0543651581 4.73799991608 -22.7236328125
    endloop
  endfacet
  facet normal 0.00211080233566 0.00115768017713 -0.999997079372
    outer loop
      vertex 10.5124568939 4.73680114746 -19.1584739685
      vertex 4.67040920258 4.74623823166 -16.6583576202
      vertex 8.38604640961 4.73683691025 -15.3122062683
    endloop
  endfacet
  facet normal -0.29403334856 0.815075099468 -0.499196350574
    outer loop
      vertex 7.84729623795 2.42222809792 -14.0889644623
      vertex 8.38604640961 4.73683691025 -15.3122062683
      vertex 4.67040920258 4.74623823166 -16.6583576202
    endloop
  endfacet
  facet normal -0.745168149471 0.666876614094 -4.85174950882e-07
    outer loop
      vertex -23.9070301056 6.58421868138e-08 15.556394577
      vertex -21.5841159821 6.58421868138e-08 18.1520195007
      vertex -21.5841159821 2.42223405838 18.1520175934
    endloop
  endfacet
  facet normal -0.0147107224911 0.012338289991 -0.999815642834
    outer loop
      vertex -19.5526790619 4.74790716171 17.8435459137
      vertex -26.0981121063 4.75094604492 9.79328155518
      vertex -22.7986698151 4.73839902878 14.7438783646
    endloop
  endfacet
  facet normal -0 0 1
    outer loop
      vertex -21.5841159821 6.58421868138e-08 18.1520195007
      vertex -23.9070301056 6.58421868138e-08 15.556394577
      vertex -18.6578235626 6.58421868138e-08 19.1241168976
    endloop
  endfacet
  facet normal 0.00138617586344 -0.000749554776121 -0.999998748302
    outer loop
      vertex -19.5526790619 4.74790716171 17.8435459137
      vertex -19.8016376495 4.74418592453 12.4185657501
      vertex -26.0981121063 4.75094604492 9.79328155518
    endloop
  endfacet
  facet normal 0 -0 1
    outer loop
      vertex 19.9838466644 6.58421868138e-08 -23.7230949402
      vertex 23.8525447845 6.58421868138e-08 -19.4002246857
      vertex 15.3461380005 6.58421868138e-08 -27.2081565857
    endloop
  endfacet
  facet normal -0.641641199589 0.574227631092 -0.508487164974
    outer loop
      vertex -22.7986698151 4.73839902878 14.7438783646
      vertex -23.9070339203 2.42223405838 15.5563936234
      vertex -21.5841159821 2.42223405838 18.1520175934
    endloop
  endfacet
  facet normal 0.000123520949273 0.000524385075551 -0.999999880791
    outer loop
      vertex 2.69295406342 4.74252891541 -5.31025314331
      vertex 2.47209000587 4.74299097061 -6.13954877853
      vertex -7.86804294586 4.74636697769 -10.1415653229
    endloop
  endfacet
  facet normal 0.518276631832 -0.68968963623 -0.505685210228
    outer loop
      vertex 19.0543651581 4.73799991608 -22.7236328125
      vertex 19.9838466644 2.42223405838 -23.7230949402
      vertex 15.3461427689 2.42223405838 -27.2081604004
    endloop
  endfacet
  facet normal -0.787103116512 -0.486474275589 -0.379224836826
    outer loop
      vertex -18.5814571381 2.42223405838 11.5531339645
      vertex -17.1326007843 4.74680995941 11.0210142136
      vertex -13.9696903229 4.74524688721 5.9022860527
    endloop
  endfacet
  facet normal -0.327252984047 0.86242800951 -0.386164963245
    outer loop
      vertex 12.4520778656 4.74685001373 -20.8922901154
      vertex 10.9855642319 2.42223310471 -20.4078845978
      vertex 17.5331401825 2.42223310471 -17.9233722687
    endloop
  endfacet
  facet normal 0.319334775209 -0.839316427708 -0.439969569445
    outer loop
      vertex -14.5018939972 2.42224001884 4.48207902908
      vertex -13.9696903229 4.74524688721 5.9022860527
      vertex -9.80472660065 4.73697900772 7.4825963974
    endloop
  endfacet
  facet normal -0.00165198254399 -0.000733334862161 -0.999998390675
    outer loop
      vertex -14.0753946304 4.73690080643 3.21359395981
      vertex -9.85424995422 4.74503087997 4.79117679596
      vertex -6.54616689682 4.74701499939 0.0446160063148
    endloop
  endfacet
  facet normal 0 0 1
    outer loop
      vertex 23.8525447845 6.58421868138e-08 -19.4002246857
      vertex 17.5331401825 6.58421868138e-08 -17.923374176
      vertex 15.3461380005 6.58421868138e-08 -27.2081565857
    endloop
  endfacet
  facet normal -6.65877735173e-08 -1.00414899862e-06 1
    outer loop
      vertex -18.5814571381 6.58421868138e-08 11.5531311035
      vertex -14.5018939972 6.89458329362e-06 4.48207902908
      vertex -6.49341678619 -5.00064334119e-06 15.7970924377
    endloop
  endfacet
  facet normal 0.275399059057 -0.821294724941 -0.499630212784
    outer loop
      vertex 10.9855642319 2.42223310471 -20.4078845978
      vertex 10.5124568939 4.73680114746 -19.1584739685
      vertex 16.1581249237 4.74583005905 -17.2598590851
    endloop
  endfacet
  facet normal -0.31383779645 0.837431073189 -0.447453975677
    outer loop
      vertex -9.35630893707 2.42224311829 6.21889209747
      vertex -9.85424995422 4.74503087997 4.79117679596
      vertex -14.0753946304 4.73690080643 3.21359395981
    endloop
  endfacet
  facet normal 0.770056426525 0.505054533482 -0.389785856009
    outer loop
      vertex 7.84729623795 2.42222809792 -14.0889644623
      vertex 6.3732509613 4.74673080444 -13.6354694366
      vertex 3.05287790298 4.74514579773 -8.5716753006
    endloop
  endfacet
  facet normal 0.276737213135 -0.819878757 -0.501213908195
    outer loop
      vertex -9.80472660065 4.73697900772 7.4825963974
      vertex -9.35630893707 2.42224311829 6.21889209747
      vertex -14.5018939972 2.42224001884 4.48207902908
    endloop
  endfacet
  facet normal 1.4779513549e-05 -4.25183607149e-05 1
    outer loop
      vertex -14.5018939972 6.89458329362e-06 4.48207902908
      vertex -9.35630893707 9.09740356292e-06 6.2188911438
      vertex -1.70375204086 6.58421868138e-08 9.09135913849
    endloop
  endfacet
  facet normal 0.758843660355 0.469298124313 -0.451570093632
    outer loop
      vertex 3.05287790298 4.74514579773 -8.5716753006
      vertex 3.55085611343 2.42223310471 -7.14173078537
      vertex 7.84729623795 2.42222809792 -14.0889644623
    endloop
  endfacet
  facet normal 0.0015191991115 0.000903497217223 -0.999998450279
    outer loop
      vertex 15.613202095 4.74638700485 -25.6951236725
      vertex 12.4520778656 4.74685001373 -20.8922901154
      vertex 18.0049724579 4.73686218262 -19.174703598
    endloop
  endfacet
  facet normal 0 0 1
    outer loop
      vertex 17.5331401825 6.58421868138e-08 -17.923374176
      vertex 15.2651958466 6.58421868138e-08 -10.8146409988
      vertex 10.9855642319 6.58421868138e-08 -20.4078865051
    endloop
  endfacet
  facet normal 0.763939201832 0.532574415207 -0.364364355803
    outer loop
      vertex -5.08419895172 2.42224001884 -0.461959958076
      vertex -6.54616689682 4.74701499939 0.0446160063148
      vertex -9.85424995422 4.74503087997 4.79117679596
    endloop
  endfacet
  facet normal -0.762409985065 -0.471504360437 -0.44318690896
    outer loop
      vertex 8.29888820648 4.74558782578 -12.6353530884
      vertex 7.84729623795 2.42222809792 -14.0889644623
      vertex 3.55085611343 2.42223310471 -7.14173078537
    endloop
  endfacet
  facet normal 0.87817054987 -0.0406272858381 -0.47661921382
    outer loop
      vertex -18.5814571381 2.42223405838 11.5531339645
      vertex -19.8016376495 4.74418592453 12.4185657501
      vertex -19.5526790619 4.74790716171 17.8435459137
    endloop
  endfacet
  facet normal 0.749982893467 0.479580760002 -0.455552399158
    outer loop
      vertex -9.85424995422 4.74503087997 4.79117679596
      vertex -9.35630893707 2.42224311829 6.21889209747
      vertex -5.08419895172 2.42224001884 -0.461959958076
    endloop
  endfacet
  facet normal -0.639307558537 0.574885368347 -0.510678648949
    outer loop
      vertex -21.5841159821 2.42223405838 18.1520175934
      vertex -20.7903079987 4.74040603638 16.9755172729
      vertex -22.7986698151 4.73839902878 14.7438783646
    endloop
  endfacet
  facet normal -7.69195776229e-06 -2.19167895921e-06 1
    outer loop
      vertex 3.55085611343 6.58421868138e-08 -7.14173221588
      vertex 4.13938808441 -8.96571873454e-06 -5.08641290665
      vertex -0.0174419991672 9.09740356292e-06 1.26079297066
    endloop
  endfacet
  facet normal 0 0 1
    outer loop
      vertex -20.0383396149 6.58421868138e-08 19.8792762756
      vertex -21.5841159821 6.58421868138e-08 18.1520195007
      vertex -18.6578235626 6.58421868138e-08 19.1241168976
    endloop
  endfacet
  facet normal -0.749886214733 -0.479519367218 -0.45577609539
    outer loop
      vertex -4.58464193344 4.74496507645 0.964534044266
      vertex -5.08419895172 2.42224001884 -0.461959958076
      vertex -9.35630893707 2.42224311829 6.21889209747
    endloop
  endfacet
  facet normal -0.74516928196 0.666875362396 -4.85173984544e-07
    outer loop
      vertex -20.0383396149 2.42223405838 19.8792762756
      vertex -21.5841159821 2.42223405838 18.1520175934
      vertex -21.5841159821 6.58421868138e-08 18.1520195007
    endloop
  endfacet
  facet normal -0.931366860867 -0.00939433835447 -0.363960951567
    outer loop
      vertex -17.6856479645 4.74731302261 12.821015358
      vertex -18.5814571381 2.42223405838 11.5531339645
      vertex -18.6578235626 2.42223405838 19.1241168976
    endloop
  endfacet
  facet normal -0.745168924332 0.666875720024 -1.53666202662e-16
    outer loop
      vertex -21.5841159821 6.58421868138e-08 18.1520195007
      vertex -20.0383396149 6.58421868138e-08 19.8792762756
      vertex -20.0383396149 2.42223405838 19.8792762756
    endloop
  endfacet
  facet normal 0.320219516754 -0.843892335892 -0.430470854044
    outer loop
      vertex 16.1581249237 4.74583005905 -17.2598590851
      vertex 17.5331401825 2.42223310471 -17.9233722687
      vertex 10.9855642319 2.42223310471 -20.4078845978
    endloop
  endfacet
  facet normal -1.05156300378e-06 -3.42706869105e-07 1
    outer loop
      vertex -9.35630893707 9.09740356292e-06 6.2188911438
      vertex -5.08419895172 6.89458329362e-06 -0.461959958076
      vertex -1.70375204086 6.58421868138e-08 9.09135913849
    endloop
  endfacet
  facet normal -0.278812766075 0.820010244846 -0.499846637249
    outer loop
      vertex -4.65511512756 4.736784935 -1.72692394257
      vertex -5.08419895172 2.42224001884 -0.461959958076
      vertex -0.0174419991672 2.42224311829 1.26079297066
    endloop
  endfacet
  facet normal 0.745167195797 -0.666877686977 0
    outer loop
      vertex 23.8525447845 6.58421868138e-08 -19.4002246857
      vertex 19.9838466644 6.58421868138e-08 -23.7230949402
      vertex 19.9838466644 2.42223405838 -23.7230949402
    endloop
  endfacet
  facet normal -0.014720578678 0.0123486118391 -0.999815404415
    outer loop
      vertex -20.7903079987 4.74040603638 16.9755172729
      vertex -19.5526790619 4.74790716171 17.8435459137
      vertex -22.7986698151 4.73839902878 14.7438783646
    endloop
  endfacet
  facet normal -0.349698036909 0.792231619358 -0.500080406666
    outer loop
      vertex 8.38604640961 4.73683691025 -15.3122062683
      vertex 7.84729623795 2.42222809792 -14.0889644623
      vertex 15.2651958466 2.42223310471 -10.8146419525
    endloop
  endfacet
  facet normal -0.00121510389727 -0.000681048783008 -0.999999046326
    outer loop
      vertex 10.5124568939 4.73680114746 -19.1584739685
      vertex 8.38604640961 4.73683691025 -15.3122062683
      vertex 14.6317892075 4.7465338707 -12.2172794342
    endloop
  endfacet
  facet normal 0.931510329247 0.00939578656107 -0.363593459129
    outer loop
      vertex -19.5526790619 4.74790716171 17.8435459137
      vertex -18.6578235626 2.42223405838 19.1241168976
      vertex -18.5814571381 2.42223405838 11.5531339645
    endloop
  endfacet
  facet normal -0.255165457726 0.827845036983 -0.499563038349
    outer loop
      vertex 17.5331401825 2.42223310471 -17.9233722687
      vertex 18.0049724579 4.73686218262 -19.174703598
      vertex 12.4520778656 4.74685001373 -20.8922901154
    endloop
  endfacet
  facet normal 0.843105018139 -0.224269419909 -0.48875066638
    outer loop
      vertex 3.55085611343 2.42223310471 -7.14173078537
      vertex 2.47209000587 4.74299097061 -6.13954877853
      vertex 2.69295406342 4.74252891541 -5.31025314331
    endloop
  endfacet
  facet normal -0.747575938702 -0.433191537857 -0.503463327885
    outer loop
      vertex 3.55085611343 2.42223310471 -7.14173078537
      vertex 4.99777793884 4.74239110947 -6.94221019745
      vertex 8.29888820648 4.74558782578 -12.6353530884
    endloop
  endfacet
  facet normal 0.834226131439 -0.23887501657 -0.496996432543
    outer loop
      vertex 2.69295406342 4.74252891541 -5.31025314331
      vertex 4.13938808441 2.4222240448 -5.08641290665
      vertex 3.55085611343 2.42223310471 -7.14173078537
    endloop
  endfacet
  facet normal -4.1765304104e-07 -4.21270396345e-09 1
    outer loop
      vertex -18.6578235626 6.58421868138e-08 19.1241168976
      vertex -18.5814571381 6.58421868138e-08 11.5531311035
      vertex -6.49341678619 -5.00064334119e-06 15.7970924377
    endloop
  endfacet
  facet normal -0.271568834782 0.817498862743 -0.50788384676
    outer loop
      vertex -20.7903079987 4.74040603638 16.9755172729
      vertex -21.5841159821 2.42223405838 18.1520175934
      vertex -18.6578235626 2.42223405838 19.1241168976
    endloop
  endfacet
  facet normal -0.763096988201 -0.528656423092 -0.371759861708
    outer loop
      vertex -9.35630893707 2.42224311829 6.21889209747
      vertex -7.88765048981 4.74698400497 5.733730793
      vertex -4.58464193344 4.74496507645 0.964534044266
    endloop
  endfacet
  facet normal -0.833100795746 0.238557159901 -0.499032646418
    outer loop
      vertex 4.99777793884 4.74239110947 -6.94221019745
      vertex 3.55085611343 2.42223310471 -7.14173078537
      vertex 4.13938808441 2.4222240448 -5.08641290665
    endloop
  endfacet
  facet normal -0.00147033727262 -0.00141211680602 -0.999997913837
    outer loop
      vertex -4.65511512756 4.736784935 -1.72692394257
      vertex -0.510537981987 4.74507808685 -0.169522970915
      vertex 2.69295406342 4.74252891541 -5.31025314331
    endloop
  endfacet
  facet normal 0.0106293419376 -0.00948719866574 -0.99989849329
    outer loop
      vertex 19.0543651581 4.73799991608 -22.7236328125
      vertex 15.613202095 4.74638700485 -25.6951236725
      vertex 22.7595500946 4.73784017563 -18.589220047
    endloop
  endfacet
  facet normal -0.717919707298 0.642488837242 -0.267954021692
    outer loop
      vertex -20.0877017975 4.76034498215 18.8489933014
      vertex -21.5841159821 2.42223405838 18.1520175934
      vertex -20.0383396149 2.42223405838 19.8792762756
    endloop
  endfacet
  facet normal 0.317122131586 -0.837042629719 -0.445862323046
    outer loop
      vertex -5.08419895172 2.42224001884 -0.461959958076
      vertex -4.58464193344 4.74496507645 0.964534044266
      vertex -0.431421011686 4.73689413071 2.53372502327
    endloop
  endfacet
  facet normal 0.379459857941 -0.815716087818 -0.436597645283
    outer loop
      vertex 7.84729623795 2.42222809792 -14.0889644623
      vertex 8.29888820648 4.74558782578 -12.6353530884
      vertex 14.0428304672 4.74380016327 -9.96430683136
    endloop
  endfacet
  facet normal 1.79443546244e-07 3.9634576865e-07 1
    outer loop
      vertex 15.8442831039 4.91204582431e-06 -0.480308026075
      vertex 3.55085611343 6.58421868138e-08 -7.14173221588
      vertex 7.84729623795 -1.91669550986e-06 -14.0889644623
    endloop
  endfacet
  facet normal -0.305151432753 0.869161486626 -0.389154076576
    outer loop
      vertex -17.1326007843 4.74680995941 11.0210142136
      vertex -18.5814571381 2.42223405838 11.5531339645
      vertex -6.49341678619 2.42222809792 15.7970924377
    endloop
  endfacet
  facet normal -0.315234005451 0.836518585682 -0.448178768158
    outer loop
      vertex -0.0174419991672 2.42224311829 1.26079297066
      vertex -0.510537981987 4.74507808685 -0.169522970915
      vertex -4.65511512756 4.736784935 -1.72692394257
    endloop
  endfacet
  facet normal -2.07963992693e-07 -9.04086562059e-07 1
    outer loop
      vertex -14.5018939972 6.89458329362e-06 4.48207902908
      vertex -1.70375204086 6.58421868138e-08 9.09135913849
      vertex -6.49341678619 -5.00064334119e-06 15.7970924377
    endloop
  endfacet
  facet normal -0.56061309576 0.797387480736 -0.223351985216
    outer loop
      vertex -18.6578235626 2.42223405838 19.1241168976
      vertex -19.5526790619 4.74790716171 17.8435459137
      vertex -20.7903079987 4.74040603638 16.9755172729
    endloop
  endfacet
  facet normal -0.00140890805051 -0.000566033297218 -0.999998867512
    outer loop
      vertex 16.1581249237 4.74583005905 -17.2598590851
      vertex 10.5124568939 4.73680114746 -19.1584739685
      vertex 14.6317892075 4.7465338707 -12.2172794342
    endloop
  endfacet
  facet normal -0.00129668402951 -0.000190363745787 -0.999999165535
    outer loop
      vertex 8.29888820648 4.74558782578 -12.6353530884
      vertex 4.99777793884 4.74239110947 -6.94221019745
      vertex 5.23077201843 4.74285888672 -6.07146215439
    endloop
  endfacet
  facet normal -0.000403827085393 0.00160888722166 -0.999998629093
    outer loop
      vertex 15.613202095 4.74638700485 -25.6951236725
      vertex 18.0049724579 4.73686218262 -19.174703598
      vertex 22.7595500946 4.73784017563 -18.589220047
    endloop
  endfacet
  facet normal 0.315140426159 -0.94866168499 -0.026972681284
    outer loop
      vertex -18.6593952179 4.73754119873 19.1894245148
      vertex -18.6578235626 2.42223405838 19.1241168976
      vertex -21.5841159821 2.42223405838 18.1520175934
    endloop
  endfacet
  facet normal 0.278675556183 -0.819608449936 -0.500581562519
    outer loop
      vertex -0.431421011686 4.73689413071 2.53372502327
      vertex -0.0174419991672 2.42224311829 1.26079297066
      vertex -5.08419895172 2.42224001884 -0.461959958076
    endloop
  endfacet
  facet normal 0.000256154657109 -0.000147049460793 -0.999999940395
    outer loop
      vertex -17.1326007843 4.74680995941 11.0210142136
      vertex -6.94908285141 4.74469280243 14.3629217148
      vertex -13.9696903229 4.74524688721 5.9022860527
    endloop
  endfacet
  facet normal 0.734217464924 0.457285314798 -0.501811623573
    outer loop
      vertex 4.13938808441 2.4222240448 -5.08641290665
      vertex 2.69295406342 4.74252891541 -5.31025314331
      vertex -0.510537981987 4.74507808685 -0.169522970915
    endloop
  endfacet
  facet normal 0.231704577804 -0.962844014168 -0.138724312186
    outer loop
      vertex -21.5841159821 2.42223405838 18.1520175934
      vertex -20.0877017975 4.76034498215 18.8489933014
      vertex -18.6593952179 4.73754119873 19.1894245148
    endloop
  endfacet
  facet normal -0.841499745846 0.224903792143 -0.491219311953
    outer loop
      vertex 4.13938808441 2.4222240448 -5.08641290665
      vertex 5.23077201843 4.74285888672 -6.07146215439
      vertex 4.99777793884 4.74239110947 -6.94221019745
    endloop
  endfacet
  facet normal 0.306416749954 -0.880371153355 -0.362015753984
    outer loop
      vertex -18.5814571381 2.42223405838 11.5531339645
      vertex -17.6856479645 4.74731302261 12.821015358
      vertex -7.99739265442 4.74748897552 16.1931247711
    endloop
  endfacet
  facet normal -0.877745449543 0.0407190695405 -0.477393895388
    outer loop
      vertex -18.6578235626 2.42223405838 19.1241168976
      vertex -17.4354724884 4.74468898773 18.2445850372
      vertex -17.6856479645 4.74731302261 12.821015358
    endloop
  endfacet
  facet normal 0.642259895802 -0.575562059879 -0.506192147732
    outer loop
      vertex 19.9838466644 2.42223405838 -23.7230949402
      vertex 19.0543651581 4.73799991608 -22.7236328125
      vertex 22.7595500946 4.73784017563 -18.589220047
    endloop
  endfacet
  facet normal 0.743746161461 0.487083226442 -0.457811772823
    outer loop
      vertex -0.510537981987 4.74507808685 -0.169522970915
      vertex -0.0174419991672 2.42224311829 1.26079297066
      vertex 4.13938808441 2.4222240448 -5.08641290665
    endloop
  endfacet
  facet normal 0.745168089867 -0.666876733303 -3.13888949677e-06
    outer loop
      vertex 19.9838466644 2.42223405838 -23.7230949402
      vertex 23.8525371552 2.42223310471 -19.400220871
      vertex 23.8525447845 6.58421868138e-08 -19.4002246857
    endloop
  endfacet
  facet normal -0.709217965603 0.650536477566 -0.271683901548
    outer loop
      vertex -20.0383396149 2.42223405838 19.8792762756
      vertex -19.408700943 4.7385802269 19.5983333588
      vertex -20.0877017975 4.76034498215 18.8489933014
    endloop
  endfacet
  facet normal 3.28502073899e-06 -5.33488901056e-06 1
    outer loop
      vertex 15.8442831039 4.91204582431e-06 -0.480308026075
      vertex 4.13938808441 -8.96571873454e-06 -5.08641290665
      vertex 3.55085611343 6.58421868138e-08 -7.14173221588
    endloop
  endfacet
  facet normal -0.746739566326 -0.489046365023 -0.450792312622
    outer loop
      vertex 4.59782314301 4.7450799942 -3.64525294304
      vertex 4.13938808441 2.4222240448 -5.08641290665
      vertex -0.0174419991672 2.42224311829 1.26079297066
    endloop
  endfacet
  facet normal 0.00286109047011 -0.00230861734599 -0.999993264675
    outer loop
      vertex -6.94908285141 4.74469280243 14.3629217148
      vertex -9.80472660065 4.73697900772 7.4825963974
      vertex -13.9696903229 4.74524688721 5.9022860527
    endloop
  endfacet
  facet normal -0.324302762747 0.863978564739 -0.385186642408
    outer loop
      vertex -7.88765048981 4.74698400497 5.733730793
      vertex -9.35630893707 2.42224311829 6.21889209747
      vertex -1.70375204086 2.42223310471 9.09135818481
    endloop
  endfacet
  facet normal -0.409929513931 0.826049625874 -0.386781334877
    outer loop
      vertex 15.2651958466 2.42223310471 -10.8146419525
      vertex 14.6317892075 4.7465338707 -12.2172794342
      vertex 8.38604640961 4.73683691025 -15.3122062683
    endloop
  endfacet
  facet normal 0.354174137115 -0.802373588085 -0.480372011662
    outer loop
      vertex 14.0428304672 4.74380016327 -9.96430683136
      vertex 15.2651958466 2.42223310471 -10.8146419525
      vertex 7.84729623795 2.42222809792 -14.0889644623
    endloop
  endfacet
  facet normal -0.600747287273 0.799439013004 0
    outer loop
      vertex -15.4006242752 2.42223405838 23.3643379211
      vertex -20.0383396149 2.42223405838 19.8792762756
      vertex -20.0383396149 6.58421868138e-08 19.8792762756
    endloop
  endfacet
  facet normal 0.256767094135 -0.826503396034 -0.500961899757
    outer loop
      vertex -9.35630893707 2.42224311829 6.21889209747
      vertex -9.80472660065 4.73697900772 7.4825963974
      vertex -3.1870970726 4.74721908569 9.5446805954
    endloop
  endfacet
  facet normal 0.861635684967 0.260747402906 -0.435424804688
    outer loop
      vertex 17.5331401825 2.42223310471 -17.9233722687
      vertex 16.1581249237 4.74583005905 -17.2598590851
      vertex 14.6317892075 4.7465338707 -12.2172794342
    endloop
  endfacet
  facet normal 6.17975288719e-08 4.65479246259e-07 1
    outer loop
      vertex 15.2651958466 6.58421868138e-08 -10.8146409988
      vertex 15.8442831039 4.91204582431e-06 -0.480308026075
      vertex 7.84729623795 -1.91669550986e-06 -14.0889644623
    endloop
  endfacet
  facet normal 0.0115308500826 0.0185898113996 -0.999760687351
    outer loop
      vertex -18.6593952179 4.73754119873 19.1894245148
      vertex -20.0877017975 4.76034498215 18.8489933014
      vertex -19.408700943 4.7385802269 19.5983333588
    endloop
  endfacet
  facet normal 0.643112659454 -0.575543701649 -0.505129218102
    outer loop
      vertex 22.7595500946 4.73784017563 -18.589220047
      vertex 23.8525371552 2.42223310471 -19.400220871
      vertex 19.9838466644 2.42223405838 -23.7230949402
    endloop
  endfacet
  facet normal 1.25452970678e-06 -2.41101156462e-06 1
    outer loop
      vertex -5.08419895172 6.89458329362e-06 -0.461959958076
      vertex -0.0174419991672 9.09740356292e-06 1.26079297066
      vertex 6.68456888199 -8.96571873454e-06 12.2399997711
    endloop
  endfacet
  facet normal 0.00137817615177 0.000531168247107 -0.999998927116
    outer loop
      vertex -7.88765048981 4.74698400497 5.733730793
      vertex -1.2366579771 4.73669719696 7.84318876266
      vertex -4.58464193344 4.74496507645 0.964534044266
    endloop
  endfacet
  facet normal -0.867951989174 -0.276908278465 -0.412287652493
    outer loop
      vertex 18.1948604584 4.74637413025 -16.5370883942
      vertex 17.5331401825 2.42223310471 -17.9233722687
      vertex 15.2651958466 2.42223310471 -10.8146419525
    endloop
  endfacet
  facet normal 5.2272952189e-08 2.88007231575e-06 1
    outer loop
      vertex -0.0174419991672 9.09740356292e-06 1.26079297066
      vertex 4.13938808441 -8.96571873454e-06 -5.08641290665
      vertex 15.8442831039 4.91204582431e-06 -0.480308026075
    endloop
  endfacet
  facet normal 0 0 1
    outer loop
      vertex -10.1721277237 6.58421868138e-08 25.8776760101
      vertex -20.0383396149 6.58421868138e-08 19.8792762756
      vertex -18.6578235626 6.58421868138e-08 19.1241168976
    endloop
  endfacet
  facet normal 0.871032238007 0.277890980244 -0.405067205429
    outer loop
      vertex 14.6317892075 4.7465338707 -12.2172794342
      vertex 15.2651958466 2.42223310471 -10.8146419525
      vertex 17.5331401825 2.42223310471 -17.9233722687
    endloop
  endfacet
  facet normal -0.75905674696 -0.54671806097 -0.353457480669
    outer loop
      vertex -0.0174419991672 2.42224311829 1.26079297066
      vertex 1.44270896912 4.74723911285 0.736665070057
      vertex 4.59782314301 4.7450799942 -3.64525294304
    endloop
  endfacet
  facet normal 0 -0 1
    outer loop
      vertex 23.8525447845 6.58421868138e-08 -19.4002246857
      vertex 26.8035488129 6.58421868138e-08 -14.405670166
      vertex 17.5331401825 6.58421868138e-08 -17.923374176
    endloop
  endfacet
  facet normal -0.581380069256 0.773666262627 -0.251868516207
    outer loop
      vertex -19.408700943 4.7385802269 19.5983333588
      vertex -20.0383396149 2.42223405838 19.8792762756
      vertex -15.4006242752 2.42223405838 23.3643379211
    endloop
  endfacet
  facet normal -0.600748121738 0.799438357353 -2.61898253484e-06
    outer loop
      vertex -20.0383396149 6.58421868138e-08 19.8792762756
      vertex -15.4006280899 6.58421868138e-08 23.3643417358
      vertex -15.4006242752 2.42223405838 23.3643379211
    endloop
  endfacet
  facet normal -0.000189608050277 0.000492559978738 -0.999999880791
    outer loop
      vertex -7.99739265442 4.74748897552 16.1931247711
      vertex -17.6856479645 4.74731302261 12.821015358
      vertex -17.4354724884 4.74468898773 18.2445850372
    endloop
  endfacet
  facet normal 0.00182471424341 0.000313828117214 -0.999998271465
    outer loop
      vertex -1.2366579771 4.73669719696 7.84318876266
      vertex -0.431421011686 4.73689413071 2.53372502327
      vertex -4.58464193344 4.74496507645 0.964534044266
    endloop
  endfacet
  facet normal -2.28428916671e-07 6.87636429575e-07 1
    outer loop
      vertex -6.49341678619 -5.00064334119e-06 15.7970924377
      vertex -11.4284296036 6.58421868138e-08 21.525680542
      vertex -18.6578235626 6.58421868138e-08 19.1241168976
    endloop
  endfacet
  facet normal 0.310176461935 -0.883473098278 -0.35109230876
    outer loop
      vertex -7.99739265442 4.74748897552 16.1931247711
      vertex -6.49341678619 2.42222809792 15.7970924377
      vertex -18.5814571381 2.42223405838 11.5531339645
    endloop
  endfacet
  facet normal 0.325521945953 -0.867223918438 -0.376773387194
    outer loop
      vertex -3.1870970726 4.74721908569 9.5446805954
      vertex -1.70375204086 2.42223310471 9.09135818481
      vertex -9.35630893707 2.42224311829 6.21889209747
    endloop
  endfacet
  facet normal -0.307185471058 0.809544980526 -0.500273883343
    outer loop
      vertex 18.0049724579 4.73686218262 -19.174703598
      vertex 17.5331401825 2.42223310471 -17.9233722687
      vertex 26.8035564423 2.42223310471 -14.4056711197
    endloop
  endfacet
  facet normal -9.32188925162e-07 -3.84947469456e-07 1
    outer loop
      vertex -5.08419895172 6.89458329362e-06 -0.461959958076
      vertex 6.68456888199 -8.96571873454e-06 12.2399997711
      vertex -1.70375204086 6.58421868138e-08 9.09135913849
    endloop
  endfacet
  facet normal -0.279089599848 0.840137779713 -0.465056449175
    outer loop
      vertex -17.4354724884 4.74468898773 18.2445850372
      vertex -18.6578235626 2.42223405838 19.1241168976
      vertex -11.4284296036 2.42223405838 21.525686264
    endloop
  endfacet
  facet normal -0.000567895825952 0.00015028922644 -0.999999821186
    outer loop
      vertex 8.29888820648 4.74558782578 -12.6353530884
      vertex 5.23077201843 4.74285888672 -6.07146215439
      vertex 14.9305858612 4.74771690369 -1.74389994144
    endloop
  endfacet
  facet normal 0.373456627131 -0.927271664143 -0.0264089293778
    outer loop
      vertex -18.6578235626 2.42223405838 19.1241168976
      vertex -18.6593952179 4.73754119873 19.1894245148
      vertex -12.1933269501 4.7426071167 21.7937641144
    endloop
  endfacet
  facet normal -0.275918394327 0.841078281403 -0.465248733759
    outer loop
      vertex -6.49341678619 2.42222809792 15.7970924377
      vertex -6.94908285141 4.74469280243 14.3629217148
      vertex -17.1326007843 4.74680995941 11.0210142136
    endloop
  endfacet
  facet normal -0.863733112812 -0.269158869982 -0.426050007343
    outer loop
      vertex 15.2651958466 2.42223310471 -10.8146419525
      vertex 16.6270427704 4.74589490891 -11.5067081451
      vertex 18.1948604584 4.74637413025 -16.5370883942
    endloop
  endfacet
  facet normal -0.318516850471 0.809404075146 -0.493368029594
    outer loop
      vertex 5.23077201843 4.74285888672 -6.07146215439
      vertex 4.13938808441 2.4222240448 -5.08641290665
      vertex 15.8442831039 2.4222381115 -0.480309009552
    endloop
  endfacet
  facet normal 0 0 1
    outer loop
      vertex -10.1721277237 6.58421868138e-08 25.8776760101
      vertex -15.4006280899 6.58421868138e-08 23.3643417358
      vertex -20.0383396149 6.58421868138e-08 19.8792762756
    endloop
  endfacet
  facet normal 0.860951006413 -0.508687913418 -3.24565803567e-06
    outer loop
      vertex 26.8035488129 6.58421868138e-08 -14.405670166
      vertex 23.8525447845 6.58421868138e-08 -19.4002246857
      vertex 23.8525371552 2.42223310471 -19.400220871
    endloop
  endfacet
  facet normal -0.261380046606 0.826546311378 -0.498499453068
    outer loop
      vertex -1.70375204086 2.42223310471 9.09135818481
      vertex -1.2366579771 4.73669719696 7.84318876266
      vertex -7.88765048981 4.74698400497 5.733730793
    endloop
  endfacet
  facet normal 0 0 1
    outer loop
      vertex 28.7234706879 6.58421868138e-08 -8.93136787415
      vertex 15.2651958466 6.58421868138e-08 -10.8146409988
      vertex 17.5331401825 6.58421868138e-08 -17.923374176
    endloop
  endfacet
  facet normal 0.352597624063 -0.844416856766 -0.40328040719
    outer loop
      vertex 17.5331401825 2.42223310471 -17.9233722687
      vertex 18.1948604584 4.74637413025 -16.5370883942
      vertex 25.7518901825 4.74267578125 -13.3833150864
    endloop
  endfacet
  facet normal -0.00137602572795 -0.000550030148588 -0.999998927116
    outer loop
      vertex -6.94908285141 4.74469280243 14.3629217148
      vertex -3.1870970726 4.74721908569 9.5446805954
      vertex -9.80472660065 4.73697900772 7.4825963974
    endloop
  endfacet
  facet normal 0.302285313606 -0.835567355156 -0.458749115467
    outer loop
      vertex 4.13938808441 2.4222240448 -5.08641290665
      vertex 4.59782314301 4.7450799942 -3.64525294304
      vertex 14.3301677704 4.74752616882 -0.12301505357
    endloop
  endfacet
  facet normal 0 -0 1
    outer loop
      vertex -11.4284296036 6.58421868138e-08 21.525680542
      vertex -10.1721277237 6.58421868138e-08 25.8776760101
      vertex -18.6578235626 6.58421868138e-08 19.1241168976
    endloop
  endfacet
  facet normal 0.000560954445973 -0.00053705641767 -0.999999701977
    outer loop
      vertex 14.0428304672 4.74380016327 -9.96430683136
      vertex 8.29888820648 4.74558782578 -12.6353530884
      vertex 14.9305858612 4.74771690369 -1.74389994144
    endloop
  endfacet
  facet normal 0.000295528530842 -0.00407041143626 -0.99999165535
    outer loop
      vertex 18.0049724579 4.73686218262 -19.174703598
      vertex 25.5838451385 4.74985980988 -15.4312477112
      vertex 22.7595500946 4.73784017563 -18.589220047
    endloop
  endfacet
  facet normal -0.536463916302 0.775577187538 -0.332695752382
    outer loop
      vertex -15.4006242752 2.42223405838 23.3643379211
      vertex -14.8675088882 4.73797702789 22.7397174835
      vertex -19.408700943 4.7385802269 19.5983333588
    endloop
  endfacet
  facet normal 9.88217725535e-05 -0.0023594496306 -0.999997198582
    outer loop
      vertex -18.6593952179 4.73754119873 19.1894245148
      vertex -19.408700943 4.7385802269 19.5983333588
      vertex -11.1997766495 4.74971818924 24.6627788544
    endloop
  endfacet
  facet normal -0.276771068573 0.885412991047 -0.373418778181
    outer loop
      vertex 1.44270896912 4.74723911285 0.736665070057
      vertex -0.0174419991672 2.42224311829 1.26079297066
      vertex 11.1717061996 2.42223310471 4.75841093063
    endloop
  endfacet
  facet normal 0.308303058147 -0.92807841301 -0.208853274584
    outer loop
      vertex -12.1933269501 4.7426071167 21.7937641144
      vertex -11.4284296036 2.42223405838 21.525686264
      vertex -18.6578235626 2.42223405838 19.1241168976
    endloop
  endfacet
  facet normal 0.227692767978 -0.835451841354 -0.500176250935
    outer loop
      vertex -0.0174419991672 2.42224311829 1.26079297066
      vertex -0.431421011686 4.73689413071 2.53372502327
      vertex 9.72504329681 4.7470240593 5.30781698227
    endloop
  endfacet
  facet normal 0.642367303371 -0.57641607523 -0.505082905293
    outer loop
      vertex 23.8525371552 2.42223310471 -19.400220871
      vertex 22.7595500946 4.73784017563 -18.589220047
      vertex 25.5838451385 4.74985980988 -15.4312477112
    endloop
  endfacet
  facet normal -0.273557573557 0.836680531502 -0.474480748177
    outer loop
      vertex -11.4284296036 2.42223405838 21.525686264
      vertex -11.8216638565 4.74427700043 20.0802879333
      vertex -17.4354724884 4.74468898773 18.2445850372
    endloop
  endfacet
  facet normal -0.00014891185856 0.000679789227434 -0.999999761581
    outer loop
      vertex -17.4354724884 4.74468898773 18.2445850372
      vertex -11.8216638565 4.74427700043 20.0802879333
      vertex -7.99739265442 4.74748897552 16.1931247711
    endloop
  endfacet
  facet normal 0 -0 1
    outer loop
      vertex 26.8035488129 6.58421868138e-08 -14.405670166
      vertex 28.7234706879 6.58421868138e-08 -8.93136787415
      vertex 17.5331401825 6.58421868138e-08 -17.923374176
    endloop
  endfacet
  facet normal -4.05066259646e-07 -1.28636543195e-06 1
    outer loop
      vertex 15.8442831039 4.91204582431e-06 -0.480308026075
      vertex 11.1717061996 6.58421868138e-08 4.75841093063
      vertex -0.0174419991672 9.09740356292e-06 1.26079297066
    endloop
  endfacet
  facet normal 0.736023485661 0.574859797955 -0.357499092817
    outer loop
      vertex -1.70375204086 2.42223310471 9.09135818481
      vertex -3.1870970726 4.74721908569 9.5446805954
      vertex -6.94908285141 4.74469280243 14.3629217148
    endloop
  endfacet
  facet normal -0.437322378159 0.884829998016 -0.160701692104
    outer loop
      vertex 26.8035564423 2.42223310471 -14.4056711197
      vertex 25.5838451385 4.74985980988 -15.4312477112
      vertex 18.0049724579 4.73686218262 -19.174703598
    endloop
  endfacet
  facet normal 0.866367340088 -0.0937962159514 -0.490520060062
    outer loop
      vertex 15.2651958466 2.42223310471 -10.8146419525
      vertex 14.0428304672 4.74380016327 -9.96430683136
      vertex 14.9305858612 4.74771690369 -1.74389994144
    endloop
  endfacet
  facet normal 0.722386002541 0.515974700451 -0.460357010365
    outer loop
      vertex -6.94908285141 4.74469280243 14.3629217148
      vertex -6.49341678619 2.42222809792 15.7970924377
      vertex -1.70375204086 2.42223310471 9.09135818481
    endloop
  endfacet
  facet normal 0.307857424021 -0.811315774918 -0.496981412172
    outer loop
      vertex 25.7518901825 4.74267578125 -13.3833150864
      vertex 26.8035564423 2.42223310471 -14.4056711197
      vertex 17.5331401825 2.42223310471 -17.9233722687
    endloop
  endfacet
  facet normal 0.860949575901 -0.508690237999 3.31689329869e-06
    outer loop
      vertex 23.8525371552 2.42223310471 -19.400220871
      vertex 26.8035564423 2.42223310471 -14.4056711197
      vertex 26.8035488129 6.58421868138e-08 -14.405670166
    endloop
  endfacet
  facet normal -0.723503232002 -0.516772031784 -0.457700490952
    outer loop
      vertex -1.26510000229 4.74483394623 10.5343341827
      vertex -1.70375204086 2.42223310471 9.09135818481
      vertex -6.49341678619 2.42222809792 15.7970924377
    endloop
  endfacet
  facet normal -0.0136377820745 0.0199067443609 -0.99970883131
    outer loop
      vertex -19.408700943 4.7385802269 19.5983333588
      vertex -14.8675088882 4.73797702789 22.7397174835
      vertex -11.1997766495 4.74971818924 24.6627788544
    endloop
  endfacet
  facet normal -0.934262812138 0.0523515641689 -0.352721244097
    outer loop
      vertex 16.2121562958 4.74745321274 -9.58152580261
      vertex 15.2651958466 2.42223310471 -10.8146419525
      vertex 15.8442831039 2.4222381115 -0.480309009552
    endloop
  endfacet
  facet normal -3.61961554063e-07 -1.42426063121e-06 1
    outer loop
      vertex -0.0174419991672 9.09740356292e-06 1.26079297066
      vertex 11.1717061996 6.58421868138e-08 4.75841093063
      vertex 6.68456888199 -8.96571873454e-06 12.2399997711
    endloop
  endfacet
  facet normal -0.433244436979 0.901276469231 -2.59752528109e-06
    outer loop
      vertex -10.1721277237 2.42223405838 25.8776798248
      vertex -15.4006242752 2.42223405838 23.3643379211
      vertex -15.4006280899 6.58421868138e-08 23.3643417358
    endloop
  endfacet
  facet normal 0.839586734772 -0.496068030596 -0.221383497119
    outer loop
      vertex 25.5838451385 4.74985980988 -15.4312477112
      vertex 26.8035564423 2.42223310471 -14.4056711197
      vertex 23.8525371552 2.42223310471 -19.400220871
    endloop
  endfacet
  facet normal 0.66815584898 0.575595915318 -0.471441447735
    outer loop
      vertex -11.8216638565 4.74427700043 20.0802879333
      vertex -11.4284296036 2.42223405838 21.525686264
      vertex -6.49341678619 2.42222809792 15.7970924377
    endloop
  endfacet
  facet normal 4.90694219479e-07 -4.05060035291e-07 1
    outer loop
      vertex 2.21082210541 -1.91669550986e-06 18.7279472351
      vertex -6.49341678619 -5.00064334119e-06 15.7970924377
      vertex -1.70375204086 6.58421868138e-08 9.09135913849
    endloop
  endfacet
  facet normal 0.674462616444 0.663817405701 -0.323182046413
    outer loop
      vertex -6.49341678619 2.42222809792 15.7970924377
      vertex -7.99739265442 4.74748897552 16.1931247711
      vertex -11.8216638565 4.74427700043 20.0802879333
    endloop
  endfacet
  facet normal 0.000249684002483 -0.00256505818106 -0.99999666214
    outer loop
      vertex -12.1933269501 4.7426071167 21.7937641144
      vertex -18.6593952179 4.73754119873 19.1894245148
      vertex -11.1997766495 4.74971818924 24.6627788544
    endloop
  endfacet
  facet normal -0.000967438449152 -0.000109631633677 -0.999999523163
    outer loop
      vertex -1.2366579771 4.73669719696 7.84318876266
      vertex 9.72504329681 4.7470240593 5.30781698227
      vertex -0.431421011686 4.73689413071 2.53372502327
    endloop
  endfacet
  facet normal 0.342142224312 -0.869442880154 -0.35638153553
    outer loop
      vertex 14.3301677704 4.74752616882 -0.12301505357
      vertex 15.8442831039 2.4222381115 -0.480309009552
      vertex 4.13938808441 2.4222240448 -5.08641290665
    endloop
  endfacet
  facet normal -0.386347055435 0.865602076054 -0.318541914225
    outer loop
      vertex 15.8442831039 2.4222381115 -0.480309009552
      vertex 14.9305858612 4.74771690369 -1.74389994144
      vertex 5.23077201843 4.74285888672 -6.07146215439
    endloop
  endfacet
  facet normal -0.668226242065 -0.57565754652 -0.471266388893
    outer loop
      vertex -6.10128879547 4.74429702759 17.2428874969
      vertex -6.49341678619 2.42222809792 15.7970924377
      vertex -11.4284296036 2.42223405838 21.525686264
    endloop
  endfacet
  facet normal -0.737254619598 -0.578168928623 -0.349537342787
    outer loop
      vertex -6.49341678619 2.42222809792 15.7970924377
      vertex -5.01607704163 4.74731302261 15.3189077377
      vertex -1.26510000229 4.74483394623 10.5343341827
    endloop
  endfacet
  facet normal -0.409828275442 0.852563858032 -0.324307918549
    outer loop
      vertex -14.8675088882 4.73797702789 22.7397174835
      vertex -15.4006242752 2.42223405838 23.3643379211
      vertex -10.1721277237 2.42223405838 25.8776798248
    endloop
  endfacet
  facet normal -0.000237866654061 2.11519000004e-05 -1
    outer loop
      vertex 18.1948604584 4.74637413025 -16.5370883942
      vertex 16.6270427704 4.74589490891 -11.5067081451
      vertex 28.0955944061 4.7485370636 -7.45486783981
    endloop
  endfacet
  facet normal -0.433242738247 0.901277303696 1.9671276732e-06
    outer loop
      vertex -15.4006280899 6.58421868138e-08 23.3643417358
      vertex -10.1721277237 6.58421868138e-08 25.8776760101
      vertex -10.1721277237 2.42223405838 25.8776798248
    endloop
  endfacet
  facet normal 0.275934040546 -0.882733106613 -0.380319178104
    outer loop
      vertex 9.72504329681 4.7470240593 5.30781698227
      vertex 11.1717061996 2.42223310471 4.75841093063
      vertex -0.0174419991672 2.42224311829 1.26079297066
    endloop
  endfacet
  facet normal -0.283972889185 0.860606193542 -0.422748535872
    outer loop
      vertex 16.6270427704 4.74589490891 -11.5067081451
      vertex 15.2651958466 2.42223310471 -10.8146419525
      vertex 29.1042156219 2.42223310471 -6.24820184708
    endloop
  endfacet
  facet normal -0.304539591074 0.811327517033 -0.499002337456
    outer loop
      vertex -1.2366579771 4.73669719696 7.84318876266
      vertex -1.70375204086 2.42223310471 9.09135818481
      vertex 6.68456888199 2.4222240448 12.2400016785
    endloop
  endfacet
  facet normal 0.938846349716 -0.0526087395847 -0.34029379487
    outer loop
      vertex 14.9305858612 4.74771690369 -1.74389994144
      vertex 15.8442831039 2.4222381115 -0.480309009552
      vertex 15.2651958466 2.42223310471 -10.8146419525
    endloop
  endfacet
  facet normal -0.233163014054 0.84364002943 -0.483638852835
    outer loop
      vertex 11.1717061996 2.42223310471 4.75841093063
      vertex 10.7763347626 4.74401712418 3.31811523438
      vertex 1.44270896912 4.74723911285 0.736665070057
    endloop
  endfacet
  facet normal -0.674862086773 -0.647497296333 -0.353989213705
    outer loop
      vertex -11.4284296036 2.42223405838 21.525686264
      vertex -9.91096591949 4.74710416794 21.2151050568
      vertex -6.10128879547 4.74429702759 17.2428874969
    endloop
  endfacet
  facet normal -0.00138875527773 0.0062693906948 -0.999979376793
    outer loop
      vertex 1.44270896912 4.74723911285 0.736665070057
      vertex 10.7763347626 4.74401712418 3.31811523438
      vertex 6.30895090103 4.75548505783 0.499381095171
    endloop
  endfacet
  facet normal -0.0210334695876 0.0374004431069 -0.999078989029
    outer loop
      vertex 6.30895090103 4.75548505783 0.499381095171
      vertex 10.7763347626 4.74401712418 3.31811523438
      vertex 6.40958976746 4.75697898865 0.516070961952
    endloop
  endfacet
  facet normal 0.00139168428723 0.00245700986125 -0.999996006489
    outer loop
      vertex 10.7763347626 4.74401712418 3.31811523438
      vertex 14.3301677704 4.74752616882 -0.12301505357
      vertex 6.40958976746 4.75697898865 0.516070961952
    endloop
  endfacet
  facet normal 0.891832649708 -0.309662103653 -0.329763382673
    outer loop
      vertex -11.4284296036 2.42223405838 21.525686264
      vertex -12.1933269501 4.7426071167 21.7937641144
      vertex -11.1997766495 4.74971818924 24.6627788544
    endloop
  endfacet
  facet normal 0.322709232569 -0.884271800518 -0.337523519993
    outer loop
      vertex 15.2651958466 2.42223310471 -10.8146419525
      vertex 16.2121562958 4.74745321274 -9.58152580261
      vertex 27.9580059052 4.74387693405 -5.29631996155
    endloop
  endfacet
  facet normal -2.58313633594e-07 4.83416783936e-07 1
    outer loop
      vertex 29.5385036469 6.58421868138e-08 -3.18770194054
      vertex 15.8442831039 4.91204582431e-06 -0.480308026075
      vertex 15.2651958466 6.58421868138e-08 -10.8146409988
    endloop
  endfacet
  facet normal 0.943647623062 -0.330951929092 3.55306588062e-06
    outer loop
      vertex 28.7234706879 6.58421868138e-08 -8.93136787415
      vertex 26.8035488129 6.58421868138e-08 -14.405670166
      vertex 26.8035564423 2.42223310471 -14.4056711197
    endloop
  endfacet
  facet normal 9.75255388767e-05 0.000938973273151 -0.999999582767
    outer loop
      vertex 25.7518901825 4.74267578125 -13.3833150864
      vertex 18.1948604584 4.74637413025 -16.5370883942
      vertex 27.4024944305 4.73801183701 -8.58759593964
    endloop
  endfacet
  facet normal 0 -0 1
    outer loop
      vertex 28.7234706879 6.58421868138e-08 -8.93136787415
      vertex 29.1042156219 6.58421868138e-08 -6.24820280075
      vertex 15.2651958466 6.58421868138e-08 -10.8146409988
    endloop
  endfacet
  facet normal 0.323835223913 -0.829847991467 -0.454404115677
    outer loop
      vertex -1.70375204086 2.42223310471 9.09135818481
      vertex -1.26510000229 4.74483394623 10.5343341827
      vertex 5.55566978455 4.74329519272 13.1951904297
    endloop
  endfacet
  facet normal -0.922901332378 0.266416311264 -0.27798473835
    outer loop
      vertex -10.3860559464 4.74881696701 22.7089958191
      vertex -11.4284296036 2.42223405838 21.525686264
      vertex -10.1721277237 2.42223405838 25.8776798248
    endloop
  endfacet
  facet normal -3.01658417357e-07 6.24551319106e-07 1
    outer loop
      vertex 1.23855400085 6.58421868138e-08 27.6438369751
      vertex -11.4284296036 6.58421868138e-08 21.525680542
      vertex -6.49341678619 -5.00064334119e-06 15.7970924377
    endloop
  endfacet
  facet normal 0.925321817398 -0.267115056515 -0.269126474857
    outer loop
      vertex -11.1997766495 4.74971818924 24.6627788544
      vertex -10.1721277237 2.42223405838 25.8776798248
      vertex -11.4284296036 2.42223405838 21.525686264
    endloop
  endfacet
  facet normal -0.450391978025 0.857485055923 -0.248729735613
    outer loop
      vertex -10.1721277237 2.42223405838 25.8776798248
      vertex -11.1997766495 4.74971818924 24.6627788544
      vertex -14.8675088882 4.73797702789 22.7397174835
    endloop
  endfacet
  facet normal -0.869038939476 0.0892009809613 -0.486635923386
    outer loop
      vertex 15.8442831039 2.4222381115 -0.480309009552
      vertex 17.0548305511 4.74397420883 -1.35281300545
      vertex 16.2121562958 4.74745321274 -9.58152580261
    endloop
  endfacet
  facet normal -0.296524971724 0.880638718605 -0.369524538517
    outer loop
      vertex -5.01607704163 4.74731302261 15.3189077377
      vertex -6.49341678619 2.42222809792 15.7970924377
      vertex 2.21082210541 2.42223095894 18.7279453278
    endloop
  endfacet
  facet normal 0.273767709732 -0.83653229475 -0.474620878696
    outer loop
      vertex -6.49341678619 2.42222809792 15.7970924377
      vertex -6.10128879547 4.74429702759 17.2428874969
      vertex 0.93765103817 4.74514102936 19.5469646454
    endloop
  endfacet
  facet normal -0.00101875572 -0.000331502727931 -0.999999403954
    outer loop
      vertex -1.2366579771 4.73669719696 7.84318876266
      vertex 6.18679714203 4.74524307251 10.8089170456
      vertex 9.72504329681 4.7470240593 5.30781698227
    endloop
  endfacet
  facet normal 0 -0 1
    outer loop
      vertex 29.1042156219 6.58421868138e-08 -6.24820280075
      vertex 29.5385036469 6.58421868138e-08 -3.18770194054
      vertex 15.2651958466 6.58421868138e-08 -10.8146409988
    endloop
  endfacet
  facet normal 0.00122398661915 0.000441438431153 -0.999999165535
    outer loop
      vertex -1.26510000229 4.74483394623 10.5343341827
      vertex -5.01607704163 4.74731302261 15.3189077377
      vertex 2.64196610451 4.73699522018 17.4583587646
    endloop
  endfacet
  facet normal -0.333279043436 0.832951188087 -0.44172090292
    outer loop
      vertex 6.68456888199 2.4222240448 12.2400016785
      vertex 6.18679714203 4.74524307251 10.8089170456
      vertex -1.2366579771 4.73669719696 7.84318876266
    endloop
  endfacet
  facet normal 0.307111829519 -0.81817740202 -0.486074119806
    outer loop
      vertex 5.55566978455 4.74329519272 13.1951904297
      vertex 6.68456888199 2.4222240448 12.2400016785
      vertex -1.70375204086 2.42223310471 9.09135818481
    endloop
  endfacet
  facet normal -0 0 1
    outer loop
      vertex -10.1721277237 6.58421868138e-08 25.8776760101
      vertex -11.4284296036 6.58421868138e-08 21.525680542
      vertex 1.23855400085 6.58421868138e-08 27.6438369751
    endloop
  endfacet
  facet normal 0.656656265259 0.585692584515 -0.475149214268
    outer loop
      vertex 10.7763347626 4.74401712418 3.31811523438
      vertex 11.1717061996 2.42223310471 4.75841093063
      vertex 15.8442831039 2.4222381115 -0.480309009552
    endloop
  endfacet
  facet normal 0.0189241804183 -0.0208677370101 -0.999603152275
    outer loop
      vertex 18.1948604584 4.74637413025 -16.5370883942
      vertex 28.0955944061 4.7485370636 -7.45486783981
      vertex 27.4024944305 4.73801183701 -8.58759593964
    endloop
  endfacet
  facet normal -1.58816965268e-06 1.36265680339e-06 1
    outer loop
      vertex 6.68456888199 -8.96571873454e-06 12.2399997711
      vertex 8.33329582214 6.58421868138e-08 20.7894878387
      vertex -1.70375204086 6.58421868138e-08 9.09135913849
    endloop
  endfacet
  facet normal 0.820996940136 -0.282090365887 -0.496375918388
    outer loop
      vertex 26.8035564423 2.42223310471 -14.4056711197
      vertex 25.7518901825 4.74267578125 -13.3833150864
      vertex 27.4024944305 4.73801183701 -8.58759593964
    endloop
  endfacet
  facet normal 0.657943427563 0.679822564125 -0.323962569237
    outer loop
      vertex 15.8442831039 2.4222381115 -0.480309009552
      vertex 14.3301677704 4.74752616882 -0.12301505357
      vertex 10.7763347626 4.74401712418 3.31811523438
    endloop
  endfacet
  facet normal -0.73230355978 0.434462159872 -0.524379730225
    outer loop
      vertex -10.1721277237 2.42223405838 25.8776798248
      vertex -9.15431404114 4.74381494522 24.791185379
      vertex -10.3860559464 4.74881696701 22.7089958191
    endloop
  endfacet
  facet normal 0.943648159504 -0.330950289965 -5.41749272998e-07
    outer loop
      vertex 26.8035564423 2.42223310471 -14.4056711197
      vertex 28.7234706879 2.42223310471 -8.93136405945
      vertex 28.7234706879 6.58421868138e-08 -8.93136787415
    endloop
  endfacet
  facet normal 4.55372372699e-07 -3.90711591081e-07 1
    outer loop
      vertex 8.33329582214 6.58421868138e-08 20.7894878387
      vertex 2.21082210541 -1.91669550986e-06 18.7279472351
      vertex -1.70375204086 6.58421868138e-08 9.09135913849
    endloop
  endfacet
  facet normal 1.41959457522e-08 -9.12412360776e-07 1
    outer loop
      vertex 11.1717061996 6.58421868138e-08 4.75841093063
      vertex 15.8442831039 4.91204582431e-06 -0.480308026075
      vertex 23.8682765961 2.04837988349e-06 2.78310012817
    endloop
  endfacet
  facet normal -0.660134017467 -0.588793635368 -0.466417342424
    outer loop
      vertex 16.1812496185 4.7444190979 0.981430113316
      vertex 15.8442831039 2.4222381115 -0.480309009552
      vertex 11.1717061996 2.42223310471 4.75841093063
    endloop
  endfacet
  facet normal -0.249086380005 0.968481242657 2.11380711335e-06
    outer loop
      vertex -4.55376577377 2.42223405838 27.3226833344
      vertex -10.1721277237 2.42223405838 25.8776798248
      vertex -10.1721277237 6.58421868138e-08 25.8776760101
    endloop
  endfacet
  facet normal 2.69535007646e-07 2.51752595659e-07 1
    outer loop
      vertex -6.49341678619 -5.00064334119e-06 15.7970924377
      vertex 2.21082210541 -1.91669550986e-06 18.7279472351
      vertex 1.23855400085 6.58421868138e-08 27.6438369751
    endloop
  endfacet
  facet normal 0.275250405073 -0.834171950817 -0.477906256914
    outer loop
      vertex 27.9580059052 4.74387693405 -5.29631996155
      vertex 29.1042156219 2.42223310471 -6.24820184708
      vertex 15.2651958466 2.42223310471 -10.8146419525
    endloop
  endfacet
  facet normal 0.782058894634 0.503130555153 -0.367754667997
    outer loop
      vertex 11.1717061996 2.42223310471 4.75841093063
      vertex 9.72504329681 4.7470240593 5.30781698227
      vertex 6.18679714203 4.74524307251 10.8089170456
    endloop
  endfacet
  facet normal -0.40323510766 0.834855437279 -0.374723702669
    outer loop
      vertex -9.91096591949 4.74710416794 21.2151050568
      vertex -11.4284296036 2.42223405838 21.525686264
      vertex 1.23854696751 2.42223405838 27.6438350677
    endloop
  endfacet
  facet normal 0.284384518862 -0.844584107399 -0.453655332327
    outer loop
      vertex 0.93765103817 4.74514102936 19.5469646454
      vertex 2.21082210541 2.42223095894 18.7279453278
      vertex -6.49341678619 2.42222809792 15.7970924377
    endloop
  endfacet
  facet normal -0.315012097359 0.891415119171 -0.325801223516
    outer loop
      vertex 29.1042156219 2.42223310471 -6.24820184708
      vertex 28.0955944061 4.7485370636 -7.45486783981
      vertex 16.6270427704 4.74589490891 -11.5067081451
    endloop
  endfacet
  facet normal 0.813656628132 -0.285360485315 -0.506490111351
    outer loop
      vertex 27.4024944305 4.73801183701 -8.58759593964
      vertex 28.7234706879 2.42223310471 -8.93136405945
      vertex 26.8035564423 2.42223310471 -14.4056711197
    endloop
  endfacet
  facet normal 0.395356476307 -0.87810832262 -0.26947927475
    outer loop
      vertex -11.4284296036 2.42223405838 21.525686264
      vertex -10.3860559464 4.74881696701 22.7089958191
      vertex -0.323922991753 4.75125694275 27.2400856018
    endloop
  endfacet
  facet normal 0.76685667038 0.459928303957 -0.447657048702
    outer loop
      vertex 6.18679714203 4.74524307251 10.8089170456
      vertex 6.68456888199 2.4222240448 12.2400016785
      vertex 11.1717061996 2.42223310471 4.75841093063
    endloop
  endfacet
  facet normal -0.660362780094 -0.680113375187 -0.318381488323
    outer loop
      vertex 11.1717061996 2.42223310471 4.75841093063
      vertex 12.6828289032 4.74763393402 4.37976121902
      vertex 16.1812496185 4.7444190979 0.981430113316
    endloop
  endfacet
  facet normal -0.766501486301 -0.459714204073 -0.448484480381
    outer loop
      vertex 11.6723079681 4.74526309967 6.19002008438
      vertex 11.1717061996 2.42223310471 4.75841093063
      vertex 6.68456888199 2.4222240448 12.2400016785
    endloop
  endfacet
  facet normal 0.000843589194119 0.000336388126016 -0.999999582767
    outer loop
      vertex 16.2121562958 4.74745321274 -9.58152580261
      vertex 17.0548305511 4.74397420883 -1.35281300545
      vertex 24.3726863861 4.73682594299 1.54527401924
    endloop
  endfacet
  facet normal 1.17739512007e-06 -5.01020281263e-07 1
    outer loop
      vertex 6.68456888199 -8.96571873454e-06 12.2399997711
      vertex 11.1717061996 6.58421868138e-08 4.75841093063
      vertex 20.2526836395 9.09740356292e-06 8.07232475281
    endloop
  endfacet
  facet normal -0.232295885682 0.833904385567 -0.500641644001
    outer loop
      vertex 2.21082210541 2.42223095894 18.7279453278
      vertex 2.64196610451 4.73699522018 17.4583587646
      vertex -5.01607704163 4.74731302261 15.3189077377
    endloop
  endfacet
  facet normal 0.000219659792492 -0.000495999935083 -0.999999880791
    outer loop
      vertex -6.10128879547 4.74429702759 17.2428874969
      vertex -9.91096591949 4.74710416794 21.2151050568
      vertex 0.4827260077 4.74733686447 26.2870693207
    endloop
  endfacet
  facet normal -0.249087244272 0.968481063843 0
    outer loop
      vertex -10.1721277237 6.58421868138e-08 25.8776760101
      vertex -4.55376577377 6.58421868138e-08 27.3226833344
      vertex -4.55376577377 2.42223405838 27.3226833344
    endloop
  endfacet
  facet normal -0.217102184892 0.844122409821 -0.490228503942
    outer loop
      vertex -9.15431404114 4.74381494522 24.791185379
      vertex -10.1721277237 2.42223405838 25.8776798248
      vertex -4.55376577377 2.42223405838 27.3226833344
    endloop
  endfacet
  facet normal 0.990081548691 -0.140493690968 -2.29981210964e-07
    outer loop
      vertex 29.1042156219 6.58421868138e-08 -6.24820280075
      vertex 28.7234706879 6.58421868138e-08 -8.93136787415
      vertex 28.7234706879 2.42223310471 -8.93136405945
    endloop
  endfacet
  facet normal -0.33086514473 0.813524127007 -0.47823292017
    outer loop
      vertex 17.0548305511 4.74397420883 -1.35281300545
      vertex 15.8442831039 2.4222381115 -0.480309009552
      vertex 23.8682765961 2.42223310471 2.78310012817
    endloop
  endfacet
  facet normal 0 0 1
    outer loop
      vertex 1.23855400085 6.58421868138e-08 27.6438369751
      vertex -4.55376577377 6.58421868138e-08 27.3226833344
      vertex -10.1721277237 6.58421868138e-08 25.8776760101
    endloop
  endfacet
  facet normal -0.000701571872924 0.00275758514181 -0.999995946884
    outer loop
      vertex 27.9580059052 4.74387693405 -5.29631996155
      vertex 16.2121562958 4.74745321274 -9.58152580261
      vertex 28.173078537 4.73807001114 -3.135835886
    endloop
  endfacet
  facet normal -0.779528677464 -0.49557030201 -0.383073300123
    outer loop
      vertex 6.68456888199 2.4222240448 12.2400016785
      vertex 8.14346218109 4.74671316147 11.7419910431
      vertex 11.6723079681 4.74526309967 6.19002008438
    endloop
  endfacet
  facet normal -0.00180510664359 0.0034700660035 -0.999992370605
    outer loop
      vertex -0.323922991753 4.75125694275 27.2400856018
      vertex -10.3860559464 4.74881696701 22.7089958191
      vertex -9.15431404114 4.74381494522 24.791185379
    endloop
  endfacet
  facet normal 0.000586545618717 -0.000925275089685 -0.999999403954
    outer loop
      vertex 5.55566978455 4.74329519272 13.1951904297
      vertex -1.26510000229 4.74483394623 10.5343341827
      vertex 7.30033683777 4.74820804596 19.6106376648
    endloop
  endfacet
  facet normal 0.2991938591 -0.826501905918 -0.476841330528
    outer loop
      vertex 15.8442831039 2.4222381115 -0.480309009552
      vertex 16.1812496185 4.7444190979 0.981430113316
      vertex 22.3859539032 4.74704885483 3.22905135155
    endloop
  endfacet
  facet normal 0.990081548691 -0.14049385488 -5.11069941922e-08
    outer loop
      vertex 28.7234706879 2.42223310471 -8.93136405945
      vertex 29.1042156219 2.42223310471 -6.24820184708
      vertex 29.1042156219 6.58421868138e-08 -6.24820280075
    endloop
  endfacet
  facet normal -0.00396331353113 0.00336849712767 -0.999986469746
    outer loop
      vertex -1.26510000229 4.74483394623 10.5343341827
      vertex 2.64196610451 4.73699522018 17.4583587646
      vertex 7.30033683777 4.74820804596 19.6106376648
    endloop
  endfacet
  facet normal 4.06746238468e-07 1.61075627148e-06 1
    outer loop
      vertex 23.8682765961 2.04837988349e-06 2.78310012817
      vertex 20.2526836395 9.09740356292e-06 8.07232475281
      vertex 11.1717061996 6.58421868138e-08 4.75841093063
    endloop
  endfacet
  facet normal -0.320910543203 0.879376530647 -0.351729005575
    outer loop
      vertex 12.6828289032 4.74763393402 4.37976121902
      vertex 11.1717061996 2.42223310471 4.75841093063
      vertex 20.2526836395 2.42224311829 8.07232475281
    endloop
  endfacet
  facet normal 0.741159617901 -0.458065390587 -0.490773409605
    outer loop
      vertex 28.7234706879 2.42223310471 -8.93136405945
      vertex 27.4024944305 4.73801183701 -8.58759593964
      vertex 28.0955944061 4.7485370636 -7.45486783981
    endloop
  endfacet
  facet normal -0.20259603858 0.835942089558 -0.510054528713
    outer loop
      vertex -4.55376577377 2.42223405838 27.3226833344
      vertex -4.3225569725 4.73852014542 25.965423584
      vertex -9.15431404114 4.74381494522 24.791185379
    endloop
  endfacet
  facet normal -1.29662430481e-05 -0.000326652079821 -0.999999940395
    outer loop
      vertex 0.4827260077 4.74733686447 26.2870693207
      vertex 0.93765103817 4.74514102936 19.5469646454
      vertex -6.10128879547 4.74429702759 17.2428874969
    endloop
  endfacet
  facet normal 0.932621538639 -0.132340192795 -0.335712939501
    outer loop
      vertex 28.0955944061 4.7485370636 -7.45486783981
      vertex 29.1042156219 2.42223310471 -6.24820184708
      vertex 28.7234706879 2.42223310471 -8.93136405945
    endloop
  endfacet
  facet normal -5.91057359998e-05 -0.00100683839992 -0.999999463558
    outer loop
      vertex 22.3859539032 4.74704885483 3.22905135155
      vertex 16.1812496185 4.7444190979 0.981430113316
      vertex 12.6828289032 4.74763393402 4.37976121902
    endloop
  endfacet
  facet normal 0.990081548691 -0.140493705869 -5.11069409015e-08
    outer loop
      vertex 29.5385036469 6.58421868138e-08 -3.18770194054
      vertex 29.1042156219 6.58421868138e-08 -6.24820280075
      vertex 29.1042156219 2.42223310471 -6.24820184708
    endloop
  endfacet
  facet normal 0.326086491346 -0.834561467171 -0.444043666124
    outer loop
      vertex 11.1717061996 2.42223310471 4.75841093063
      vertex 11.6723079681 4.74526309967 6.19002008438
      vertex 19.6421947479 4.73825407028 9.30034923553
    endloop
  endfacet
  facet normal -3.61732446663e-07 -3.96840675876e-08 1
    outer loop
      vertex 29.5385036469 6.58421868138e-08 -3.18770194054
      vertex 28.6692638397 6.58421868138e-08 4.73568487167
      vertex 15.8442831039 4.91204582431e-06 -0.480308026075
    endloop
  endfacet
  facet normal -0.0158718507737 0.0390244685113 0.999112188816
    outer loop
      vertex 28.6692638397 6.58421868138e-08 4.73568487167
      vertex 23.8682765961 2.04837988349e-06 2.78310012817
      vertex 15.8442831039 4.91204582431e-06 -0.480308026075
    endloop
  endfacet
  facet normal 0.430976569653 -0.89229118824 -0.134445458651
    outer loop
      vertex -0.323922991753 4.75125694275 27.2400856018
      vertex 1.23854696751 2.42223405838 27.6438350677
      vertex -11.4284296036 2.42223405838 21.525686264
    endloop
  endfacet
  facet normal 0.00075418263441 5.62250279472e-05 -0.999999701977
    outer loop
      vertex 16.2121562958 4.74745321274 -9.58152580261
      vertex 27.8673686981 4.73798894882 2.40661096573
      vertex 28.173078537 4.73807001114 -3.135835886
    endloop
  endfacet
  facet normal 0.835548400879 -0.227608546615 -0.500053286552
    outer loop
      vertex 6.68456888199 2.4222240448 12.2400016785
      vertex 5.55566978455 4.74329519272 13.1951904297
      vertex 7.30033683777 4.74820804596 19.6106376648
    endloop
  endfacet
  facet normal -0.00069351750426 0.00146372010931 -0.999998688698
    outer loop
      vertex 16.2121562958 4.74745321274 -9.58152580261
      vertex 24.3726863861 4.73682594299 1.54527401924
      vertex 27.8673686981 4.73798894882 2.40661096573
    endloop
  endfacet
  facet normal 0.347607523203 -0.854688584805 -0.385585844517
    outer loop
      vertex 22.3859539032 4.74704885483 3.22905135155
      vertex 23.8682765961 2.42223310471 2.78310012817
      vertex 15.8442831039 2.4222381115 -0.480309009552
    endloop
  endfacet
  facet normal -0.0148054538295 0.0564201176167 0.998297333717
    outer loop
      vertex -9.15431404114 4.74381494522 24.791185379
      vertex -4.3225569725 4.73852014542 25.965423584
      vertex -0.323922991753 4.75125694275 27.2400856018
    endloop
  endfacet
  facet normal -0.933009028435 0.179925873876 -0.311642229557
    outer loop
      vertex 7.69209861755 4.74801301956 13.4361619949
      vertex 6.68456888199 2.4222240448 12.2400016785
      vertex 8.33329582214 2.42223310471 20.7894878387
    endloop
  endfacet
  facet normal -0.409706890583 0.839573025703 -0.356731593609
    outer loop
      vertex 1.23854696751 2.42223405838 27.6438350677
      vertex 0.4827260077 4.74733686447 26.2870693207
      vertex -9.91096591949 4.74710416794 21.2151050568
    endloop
  endfacet
  facet normal -0.0553594492376 0.998466491699 -1.80089941391e-17
    outer loop
      vertex 1.23854696751 2.42223405838 27.6438350677
      vertex -4.55376577377 2.42223405838 27.3226833344
      vertex -4.55376577377 6.58421868138e-08 27.3226833344
    endloop
  endfacet
  facet normal -0.27613401413 0.820076704025 -0.501222729683
    outer loop
      vertex 2.64196610451 4.73699522018 17.4583587646
      vertex 2.21082210541 2.42223095894 18.7279453278
      vertex 8.33329582214 2.42223310471 20.7894878387
    endloop
  endfacet
  facet normal 0.884062588215 0.0595189966261 -0.463563233614
    outer loop
      vertex 2.21082210541 2.42223095894 18.7279453278
      vertex 0.93765103817 4.74514102936 19.5469646454
      vertex 0.4827260077 4.74733686447 26.2870693207
    endloop
  endfacet
  facet normal -0.318438589573 0.805311441422 -0.500070333481
    outer loop
      vertex 23.8682765961 2.42223310471 2.78310012817
      vertex 24.3726863861 4.73682594299 1.54527401924
      vertex 17.0548305511 4.74397420883 -1.35281300545
    endloop
  endfacet
  facet normal 0.990081548691 -0.140493661165 -1.08602215221e-07
    outer loop
      vertex 29.1042156219 2.42223310471 -6.24820184708
      vertex 29.5385036469 2.42223310471 -3.18770003319
      vertex 29.5385036469 6.58421868138e-08 -3.18770194054
    endloop
  endfacet
  facet normal 0.000786313088611 0.000238593085669 -0.999999642372
    outer loop
      vertex 19.6421947479 4.73825407028 9.30034923553
      vertex 11.6723079681 4.74526309967 6.19002008438
      vertex 8.14346218109 4.74671316147 11.7419910431
    endloop
  endfacet
  facet normal 0.878847718239 -0.0862266793847 -0.469245821238
    outer loop
      vertex 29.1042156219 2.42223310471 -6.24820184708
      vertex 27.9580059052 4.74387693405 -5.29631996155
      vertex 28.173078537 4.73807001114 -3.135835886
    endloop
  endfacet
  facet normal -0.918116927147 -0.100120529532 -0.383454322815
    outer loop
      vertex 3.03944301605 4.74692392349 20.0328006744
      vertex 2.21082210541 2.42223095894 18.7279453278
      vertex 1.23854696751 2.42223405838 27.6438350677
    endloop
  endfacet
  facet normal 0.295454025269 -0.809621810913 -0.507168114185
    outer loop
      vertex 19.6421947479 4.73825407028 9.30034923553
      vertex 20.2526836395 2.42224311829 8.07232475281
      vertex 11.1717061996 2.42223310471 4.75841093063
    endloop
  endfacet
  facet normal -0.0476670600474 0.859726071358 -0.508526265621
    outer loop
      vertex -4.3225569725 4.73852014542 25.965423584
      vertex -4.55376577377 2.42223405838 27.3226833344
      vertex 1.23854696751 2.42223405838 27.6438350677
    endloop
  endfacet
  facet normal -0.0553596876562 0.998466491699 -5.65313541756e-07
    outer loop
      vertex -4.55376577377 6.58421868138e-08 27.3226833344
      vertex 1.23855400085 6.58421868138e-08 27.6438369751
      vertex 1.23854696751 2.42223405838 27.6438350677
    endloop
  endfacet
  facet normal 0.000149936153321 0.000755864137318 -0.999999701977
    outer loop
      vertex 12.6828289032 4.74763393402 4.37976121902
      vertex 19.791135788 4.74486303329 6.63563489914
      vertex 22.3859539032 4.74704885483 3.22905135155
    endloop
  endfacet
  facet normal 3.20494244477e-08 2.25855046665e-07 1
    outer loop
      vertex 6.98222208023 6.58421868138e-08 26.8287944794
      vertex 1.23855400085 6.58421868138e-08 27.6438369751
      vertex 2.21082210541 -1.91669550986e-06 18.7279472351
    endloop
  endfacet
  facet normal -0.26715606451 0.842389285564 -0.467982858419
    outer loop
      vertex 20.2526836395 2.42224311829 8.07232475281
      vertex 19.791135788 4.74486303329 6.63563489914
      vertex 12.6828289032 4.74763393402 4.37976121902
    endloop
  endfacet
  facet normal 0.85388225317 -0.121166825294 -0.506165623665
    outer loop
      vertex 28.173078537 4.73807001114 -3.135835886
      vertex 29.5385036469 2.42223310471 -3.18770003319
      vertex 29.1042156219 2.42223310471 -6.24820184708
    endloop
  endfacet
  facet normal 3.01129716718e-07 6.73667273077e-08 1
    outer loop
      vertex 6.98222208023 6.58421868138e-08 26.8287944794
      vertex 2.21082210541 -1.91669550986e-06 18.7279472351
      vertex 8.33329582214 6.58421868138e-08 20.7894878387
    endloop
  endfacet
  facet normal 0.929617762566 -0.179272562265 -0.321981579065
    outer loop
      vertex 7.30033683777 4.74820804596 19.6106376648
      vertex 8.33329582214 2.42223310471 20.7894878387
      vertex 6.68456888199 2.4222240448 12.2400016785
    endloop
  endfacet
  facet normal 0.36910405755 -0.860402941704 -0.351381450891
    outer loop
      vertex 2.21082210541 2.42223095894 18.7279453278
      vertex 3.03944301605 4.74692392349 20.0328006744
      vertex 7.59079647064 4.739757061 21.9823589325
    endloop
  endfacet
  facet normal 6.34243633613e-07 -2.26928227676e-06 1
    outer loop
      vertex 25.2590236664 6.58421868138e-08 13.4514703751
      vertex 6.68456888199 -8.96571873454e-06 12.2399997711
      vertex 20.2526836395 9.09740356292e-06 8.07232475281
    endloop
  endfacet
  facet normal 0.92728549242 0.101120106876 -0.360439091921
    outer loop
      vertex 0.4827260077 4.74733686447 26.2870693207
      vertex 1.23854696751 2.42223405838 27.6438350677
      vertex 2.21082210541 2.42223095894 18.7279453278
    endloop
  endfacet
  facet normal 0.998466491699 0.0553594492376 4.27930970659e-08
    outer loop
      vertex 29.2173519135 6.58421868138e-08 2.60461091995
      vertex 29.5385036469 6.58421868138e-08 -3.18770194054
      vertex 29.5385036469 2.42223310471 -3.18770003319
    endloop
  endfacet
  facet normal -1.38799407523e-07 1.08315293801e-06 1
    outer loop
      vertex 17.4510784149 6.58421868138e-08 21.9578762054
      vertex 8.33329582214 6.58421868138e-08 20.7894878387
      vertex 6.68456888199 -8.96571873454e-06 12.2399997711
    endloop
  endfacet
  facet normal -0.405090868473 0.875400662422 -0.263770848513
    outer loop
      vertex 8.33329582214 2.42223310471 20.7894878387
      vertex 7.30033683777 4.74820804596 19.6106376648
      vertex 2.64196610451 4.73699522018 17.4583587646
    endloop
  endfacet
  facet normal -0.332443863153 0.857620060444 -0.392388701439
    outer loop
      vertex 8.14346218109 4.74671316147 11.7419910431
      vertex 6.68456888199 2.4222240448 12.2400016785
      vertex 21.7739543915 2.42223405838 18.089176178
    endloop
  endfacet
  facet normal 0.27483612299 -0.816223204136 -0.508177936077
    outer loop
      vertex 7.59079647064 4.739757061 21.9823589325
      vertex 8.33329582214 2.42223310471 20.7894878387
      vertex 2.21082210541 2.42223095894 18.7279453278
    endloop
  endfacet
  facet normal -0.303380221128 0.952092349529 0.0384781248868
    outer loop
      vertex 1.23854696751 2.42223405838 27.6438350677
      vertex -0.323922991753 4.75125694275 27.2400856018
      vertex -4.3225569725 4.73852014542 25.965423584
    endloop
  endfacet
  facet normal 0.348121285439 -0.886417984962 -0.305081576109
    outer loop
      vertex 6.68456888199 2.4222240448 12.2400016785
      vertex 7.69209861755 4.74801301956 13.4361619949
      vertex 20.2363643646 4.74785995483 18.3625946045
    endloop
  endfacet
  facet normal 0.740804314613 0.564509212971 -0.364058047533
    outer loop
      vertex 23.8682765961 2.42223310471 2.78310012817
      vertex 22.3859539032 4.74704885483 3.22905135155
      vertex 19.791135788 4.74486303329 6.63563489914
    endloop
  endfacet
  facet normal -1.21117136587e-06 5.04785077737e-07 1
    outer loop
      vertex 27.7723522186 6.58421868138e-08 8.2229719162
      vertex 20.2526836395 9.09740356292e-06 8.07232475281
      vertex 23.8682765961 2.04837988349e-06 2.78310012817
    endloop
  endfacet
  facet normal 0.734499156475 0.502085804939 -0.456531316042
    outer loop
      vertex 19.791135788 4.74486303329 6.63563489914
      vertex 20.2526836395 2.42224311829 8.07232475281
      vertex 23.8682765961 2.42223310471 2.78310012817
    endloop
  endfacet
  facet normal 0 0 1
    outer loop
      vertex 29.5385036469 6.58421868138e-08 -3.18770194054
      vertex 29.2173519135 6.58421868138e-08 2.60461091995
      vertex 28.6692638397 6.58421868138e-08 4.73568487167
    endloop
  endfacet
  facet normal -0.823985874653 0.234932258725 -0.515610396862
    outer loop
      vertex 8.33329582214 2.42223310471 20.7894878387
      vertex 9.5905752182 4.74084377289 20.1104869843
      vertex 7.69209861755 4.74801301956 13.4361619949
    endloop
  endfacet
  facet normal -0.920877635479 -0.103055506945 -0.375983923674
    outer loop
      vertex 1.23854696751 2.42223405838 27.6438350677
      vertex 2.31262111664 4.74709320068 26.5281124115
      vertex 3.03944301605 4.74692392349 20.0328006744
    endloop
  endfacet
  facet normal -0.736774086952 -0.503642678261 -0.451118588448
    outer loop
      vertex 24.2991390228 4.74507808685 4.23339414597
      vertex 23.8682765961 2.42223310471 2.78310012817
      vertex 20.2526836395 2.42224311829 8.07232475281
    endloop
  endfacet
  facet normal 0.860911607742 0.0474933870137 -0.506532907486
    outer loop
      vertex 29.5385036469 2.42223310471 -3.18770003319
      vertex 28.173078537 4.73807001114 -3.135835886
      vertex 27.8673686981 4.73798894882 2.40661096573
    endloop
  endfacet
  facet normal 0.998466491699 0.0553594827652 -4.02758821849e-08
    outer loop
      vertex 29.5385036469 2.42223310471 -3.18770003319
      vertex 29.2173519135 2.42223310471 2.6046090126
      vertex 29.2173519135 6.58421868138e-08 2.60461091995
    endloop
  endfacet
  facet normal -0.32624605298 0.802167654037 -0.500090539455
    outer loop
      vertex 24.3726863861 4.73682594299 1.54527401924
      vertex 23.8682765961 2.42223310471 2.78310012817
      vertex 28.6692638397 2.42223310471 4.73568820953
    endloop
  endfacet
  facet normal 0.00151328905486 0.000143290308188 -0.999998867512
    outer loop
      vertex 7.59079647064 4.739757061 21.9823589325
      vertex 3.03944301605 4.74692392349 20.0328006744
      vertex 2.31262111664 4.74709320068 26.5281124115
    endloop
  endfacet
  facet normal -3.73839270651e-07 -9.61495487672e-08 1
    outer loop
      vertex 28.6692638397 6.58421868138e-08 4.73568487167
      vertex 27.7723522186 6.58421868138e-08 8.2229719162
      vertex 23.8682765961 2.04837988349e-06 2.78310012817
    endloop
  endfacet
  facet normal 0.140494972467 0.990081369877 -1.12917621209e-06
    outer loop
      vertex 6.98222208023 2.42223405838 26.828792572
      vertex 1.23854696751 2.42223405838 27.6438350677
      vertex 1.23855400085 6.58421868138e-08 27.6438369751
    endloop
  endfacet
  facet normal 4.63517523031e-07 3.48316888221e-07 1
    outer loop
      vertex 25.2590236664 6.58421868138e-08 13.4514703751
      vertex 21.7739543915 6.58421868138e-08 18.089176178
      vertex 6.68456888199 -8.96571873454e-06 12.2399997711
    endloop
  endfacet
  facet normal 0.861153960228 0.0477462597191 -0.506096959114
    outer loop
      vertex 27.8673686981 4.73798894882 2.40661096573
      vertex 29.2173519135 2.42223310471 2.6046090126
      vertex 29.5385036469 2.42223310471 -3.18770003319
    endloop
  endfacet
  facet normal 4.17639824946e-07 4.66669689558e-07 1
    outer loop
      vertex 21.7739543915 6.58421868138e-08 18.089176178
      vertex 17.4510784149 6.58421868138e-08 21.9578762054
      vertex 6.68456888199 -8.96571873454e-06 12.2399997711
    endloop
  endfacet
  facet normal -0.740604639053 -0.533309817314 -0.408760845661
    outer loop
      vertex 20.2526836395 2.42224311829 8.07232475281
      vertex 21.7544612885 4.74612092972 7.76797485352
      vertex 24.2991390228 4.74507808685 4.23339414597
    endloop
  endfacet
  facet normal 0.14049513638 0.990081369877 -7.20317132163e-07
    outer loop
      vertex 1.23855400085 6.58421868138e-08 27.6438369751
      vertex 6.98222208023 6.58421868138e-08 26.8287944794
      vertex 6.98222208023 2.42223405838 26.828792572
    endloop
  endfacet
  facet normal 0.968482255936 0.249082624912 -1.81215966677e-07
    outer loop
      vertex 28.6692638397 6.58421868138e-08 4.73568487167
      vertex 29.2173519135 6.58421868138e-08 2.60461091995
      vertex 29.2173519135 2.42223310471 2.6046090126
    endloop
  endfacet
  facet normal 0.326090633869 -0.827866375446 -0.456401318312
    outer loop
      vertex 23.8682765961 2.42223310471 2.78310012817
      vertex 24.2991390228 4.74507808685 4.23339414597
      vertex 27.3079662323 4.745677948 5.41887998581
    endloop
  endfacet
  facet normal 0.000581486849114 -0.000726020545699 -0.999999582767
    outer loop
      vertex 19.6421947479 4.73825407028 9.30034923553
      vertex 8.14346218109 4.74671316147 11.7419910431
      vertex 24.0914287567 4.73816204071 12.7370195389
    endloop
  endfacet
  facet normal 0 0 1
    outer loop
      vertex 12.4565258026 6.58421868138e-08 24.9088821411
      vertex 6.98222208023 6.58421868138e-08 26.8287944794
      vertex 8.33329582214 6.58421868138e-08 20.7894878387
    endloop
  endfacet
  facet normal -0.00370347849093 0.00212758569978 -0.999990880489
    outer loop
      vertex 7.69209861755 4.74801301956 13.4361619949
      vertex 9.5905752182 4.74084377289 20.1104869843
      vertex 12.647726059 4.74515390396 23.4062862396
    endloop
  endfacet
  facet normal 0.129982233047 0.91599714756 -0.379544228315
    outer loop
      vertex 2.31262111664 4.74709320068 26.5281124115
      vertex 1.23854696751 2.42223405838 27.6438350677
      vertex 6.98222208023 2.42223405838 26.828792572
    endloop
  endfacet
  facet normal 0.00213442882523 -0.010009970516 -0.999947607517
    outer loop
      vertex 24.3726863861 4.73682594299 1.54527401924
      vertex 27.9732189178 4.74720716476 3.35005068779
      vertex 27.8673686981 4.73798894882 2.40661096573
    endloop
  endfacet
  facet normal -1.18960247164e-06 -5.718408147e-07 1
    outer loop
      vertex 27.7723522186 6.58421868138e-08 8.2229719162
      vertex 26.0529232025 6.58421868138e-08 11.7999038696
      vertex 20.2526836395 9.09740356292e-06 8.07232475281
    endloop
  endfacet
  facet normal 0.337892204523 -0.83080303669 -0.442261427641
    outer loop
      vertex 27.3079662323 4.745677948 5.41887998581
      vertex 28.6692638397 2.42223310471 4.73568820953
      vertex 23.8682765961 2.42223310471 2.78310012817
    endloop
  endfacet
  facet normal -0.417184740305 0.830156564713 -0.369860738516
    outer loop
      vertex 28.6692638397 2.42223310471 4.73568820953
      vertex 27.9732189178 4.74720716476 3.35005068779
      vertex 24.3726863861 4.73682594299 1.54527401924
    endloop
  endfacet
  facet normal 0.968482375145 0.249082043767 3.62431080703e-07
    outer loop
      vertex 29.2173519135 2.42223310471 2.6046090126
      vertex 28.6692638397 2.42223310471 4.73568820953
      vertex 28.6692638397 6.58421868138e-08 4.73568487167
    endloop
  endfacet
  facet normal 0.00238527054898 0.00115577096585 -0.999996483326
    outer loop
      vertex 7.59079647064 4.739757061 21.9823589325
      vertex 2.31262111664 4.74709320068 26.5281124115
      vertex 6.6568441391 4.73791313171 25.5052909851
    endloop
  endfacet
  facet normal -1.18960485906e-06 -5.71837063035e-07 1
    outer loop
      vertex 26.0529232025 6.58421868138e-08 11.7999038696
      vertex 25.2590236664 6.58421868138e-08 13.4514703751
      vertex 20.2526836395 9.09740356292e-06 8.07232475281
    endloop
  endfacet
  facet normal 0.96848076582 0.249088317156 3.62440204071e-07
    outer loop
      vertex 27.7723522186 6.58421868138e-08 8.2229719162
      vertex 28.6692638397 6.58421868138e-08 4.73568487167
      vertex 28.6692638397 2.42223310471 4.73568820953
    endloop
  endfacet
  facet normal -0.491248309612 0.764400005341 -0.41757363081
    outer loop
      vertex 21.7544612885 4.74612092972 7.76797485352
      vertex 20.2526836395 2.42224311829 8.07232475281
      vertex 26.0529232025 2.42223310471 11.7999048233
    endloop
  endfacet
  facet normal 0.863201379776 -0.101679384708 -0.494514554739
    outer loop
      vertex 29.2173519135 2.42223310471 2.6046090126
      vertex 27.8673686981 4.73798894882 2.40661096573
      vertex 27.9732189178 4.74720716476 3.35005068779
    endloop
  endfacet
  facet normal -0.608612716198 0.609179019928 -0.508420586586
    outer loop
      vertex 9.5905752182 4.74084377289 20.1104869843
      vertex 8.33329582214 2.42223310471 20.7894878387
      vertex 12.4565258026 2.42223405838 24.9088840485
    endloop
  endfacet
  facet normal 0 0 1
    outer loop
      vertex 17.4510784149 6.58421868138e-08 21.9578762054
      vertex 12.4565258026 6.58421868138e-08 24.9088821411
      vertex 8.33329582214 6.58421868138e-08 20.7894878387
    endloop
  endfacet
  facet normal 0.437512367964 -0.741596400738 -0.508544743061
    outer loop
      vertex 20.2526836395 2.42224311829 8.07232475281
      vertex 19.6421947479 4.73825407028 9.30034923553
      vertex 24.5846996307 4.74585390091 12.2214422226
    endloop
  endfacet
  facet normal 0.52292573452 -0.678040146828 -0.516536772251
    outer loop
      vertex 8.33329582214 2.42223310471 20.7894878387
      vertex 7.59079647064 4.739757061 21.9823589325
      vertex 10.9276409149 4.74821901321 24.5622825623
    endloop
  endfacet
  facet normal 0.886992156506 0.228123739362 -0.401502728462
    outer loop
      vertex 27.9732189178 4.74720716476 3.35005068779
      vertex 28.6692638397 2.42223310471 4.73568820953
      vertex 29.2173519135 2.42223310471 2.6046090126
    endloop
  endfacet
  facet normal 0.198525562882 0.838643431664 -0.50721269846
    outer loop
      vertex 6.98222208023 2.42223405838 26.828792572
      vertex 6.6568441391 4.73791313171 25.5052909851
      vertex 2.31262111664 4.74709320068 26.5281124115
    endloop
  endfacet
  facet normal 0.341289877892 -0.880441725254 -0.329155862331
    outer loop
      vertex 20.2363643646 4.74785995483 18.3625946045
      vertex 21.7739543915 2.42223405838 18.089176178
      vertex 6.68456888199 2.4222240448 12.2400016785
    endloop
  endfacet
  facet normal 1.84864838957e-05 -0.000281723012449 -0.999999940395
    outer loop
      vertex 24.2991390228 4.74507808685 4.23339414597
      vertex 21.7544612885 4.74612092972 7.76797485352
      vertex 25.6292705536 4.74676704407 10.3163604736
    endloop
  endfacet
  facet normal 0.0014938180102 -0.000455716333818 -0.999998807907
    outer loop
      vertex 7.69209861755 4.74801301956 13.4361619949
      vertex 12.647726059 4.74515390396 23.4062862396
      vertex 16.6538829803 4.73800420761 20.8494033813
    endloop
  endfacet
  facet normal 0.000615998345893 -0.00127916410565 -0.999998986721
    outer loop
      vertex 8.14346218109 4.74671316147 11.7419910431
      vertex 21.3549633026 4.74484109879 16.6405715942
      vertex 24.0914287567 4.73816204071 12.7370195389
    endloop
  endfacet
  facet normal -0.308120310307 0.831179261208 -0.462820589542
    outer loop
      vertex 21.7739543915 2.42223405838 18.089176178
      vertex 21.3549633026 4.74484109879 16.6405715942
      vertex 8.14346218109 4.74671316147 11.7419910431
    endloop
  endfacet
  facet normal -0.00129572337028 0.00278264121152 -0.999995291233
    outer loop
      vertex 27.3079662323 4.745677948 5.41887998581
      vertex 24.2991390228 4.74507808685 4.23339414597
      vertex 26.4872188568 4.73810577393 7.7578368187
    endloop
  endfacet
  facet normal 0.330949693918 0.943648397923 -6.86535599925e-07
    outer loop
      vertex 12.4565258026 2.42223405838 24.9088840485
      vertex 6.98222208023 2.42223405838 26.828792572
      vertex 6.98222208023 6.58421868138e-08 26.8287944794
    endloop
  endfacet
  facet normal 0.968480706215 0.249088555574 -4.97269584491e-17
    outer loop
      vertex 28.6692638397 2.42223310471 4.73568820953
      vertex 27.7723522186 2.42223310471 8.2229719162
      vertex 27.7723522186 6.58421868138e-08 8.2229719162
    endloop
  endfacet
  facet normal 0.33095023036 0.943648219109 6.86535486238e-07
    outer loop
      vertex 6.98222208023 6.58421868138e-08 26.8287944794
      vertex 12.4565258026 6.58421868138e-08 24.9088821411
      vertex 12.4565258026 2.42223405838 24.9088840485
    endloop
  endfacet
  facet normal -0.00244037830271 -0.0001235397649 -0.999997019768
    outer loop
      vertex 10.9276409149 4.74821901321 24.5622825623
      vertex 7.59079647064 4.739757061 21.9823589325
      vertex 6.6568441391 4.73791313171 25.5052909851
    endloop
  endfacet
  facet normal -0.000986268511042 0.00254242913797 -0.999996304512
    outer loop
      vertex 20.2363643646 4.74785995483 18.3625946045
      vertex 7.69209861755 4.74801301956 13.4361619949
      vertex 16.6538829803 4.73800420761 20.8494033813
    endloop
  endfacet
  facet normal 0.665177702904 -0.665796816349 -0.338013589382
    outer loop
      vertex 10.9276409149 4.74821901321 24.5622825623
      vertex 12.4565258026 2.42223405838 24.9088840485
      vertex 8.33329582214 2.42223310471 20.7894878387
    endloop
  endfacet
  facet normal 0.901277124882 0.433243066072 -1.06554772766e-16
    outer loop
      vertex 26.0529232025 6.58421868138e-08 11.7999038696
      vertex 27.7723522186 6.58421868138e-08 8.2229719162
      vertex 27.7723522186 2.42223310471 8.2229719162
    endloop
  endfacet
  facet normal 0.858502626419 0.302591115236 -0.414019137621
    outer loop
      vertex 28.6692638397 2.42223310471 4.73568820953
      vertex 27.3079662323 4.745677948 5.41887998581
      vertex 26.4872188568 4.73810577393 7.7578368187
    endloop
  endfacet
  facet normal 0.484677284956 -0.754172921181 -0.443070113659
    outer loop
      vertex 24.5846996307 4.74585390091 12.2214422226
      vertex 26.0529232025 2.42223310471 11.7999048233
      vertex 20.2526836395 2.42224311829 8.07232475281
    endloop
  endfacet
  facet normal 0.285556048155 0.814215898514 -0.50548017025
    outer loop
      vertex 6.6568441391 4.73791313171 25.5052909851
      vertex 6.98222208023 2.42223405838 26.828792572
      vertex 12.4565258026 2.42223405838 24.9088840485
    endloop
  endfacet
  facet normal 0.0056093079038 -0.0015042348532 -0.999983131886
    outer loop
      vertex 24.2991390228 4.74507808685 4.23339414597
      vertex 25.6292705536 4.74676704407 10.3163604736
      vertex 26.4872188568 4.73810577393 7.7578368187
    endloop
  endfacet
  facet normal 0.835049033165 0.214770555496 -0.506524205208
    outer loop
      vertex 26.4872188568 4.73810577393 7.7578368187
      vertex 27.7723522186 2.42223310471 8.2229719162
      vertex 28.6692638397 2.42223310471 4.73568820953
    endloop
  endfacet
  facet normal -0.656029522419 0.607941627502 -0.447249621153
    outer loop
      vertex 12.4565258026 2.42223405838 24.9088840485
      vertex 12.647726059 4.74515390396 23.4062862396
      vertex 9.5905752182 4.74084377289 20.1104869843
    endloop
  endfacet
  facet normal -0.504287719727 0.766666412354 -0.397387117147
    outer loop
      vertex 26.0529232025 2.42223310471 11.7999048233
      vertex 25.6292705536 4.74676704407 10.3163604736
      vertex 21.7544612885 4.74612092972 7.76797485352
    endloop
  endfacet
  facet normal 0.901277184486 0.433242976665 1.57599401973e-07
    outer loop
      vertex 27.7723522186 2.42223310471 8.2229719162
      vertex 26.0529232025 2.42223310471 11.7999048233
      vertex 26.0529232025 6.58421868138e-08 11.7999038696
    endloop
  endfacet
  facet normal -0.00661426270381 0.00858984794468 -0.99994122982
    outer loop
      vertex 24.5846996307 4.74585390091 12.2214422226
      vertex 19.6421947479 4.73825407028 9.30034923553
      vertex 24.0914287567 4.73816204071 12.7370195389
    endloop
  endfacet
  facet normal 0.901278555393 0.433240026236 1.57598336159e-07
    outer loop
      vertex 25.2590236664 6.58421868138e-08 13.4514703751
      vertex 26.0529232025 6.58421868138e-08 11.7999038696
      vertex 26.0529232025 2.42223310471 11.7999048233
    endloop
  endfacet
  facet normal 0.206619530916 0.938774287701 -0.275701284409
    outer loop
      vertex 12.4565258026 2.42223405838 24.9088840485
      vertex 10.9276409149 4.74821901321 24.5622825623
      vertex 6.6568441391 4.73791313171 25.5052909851
    endloop
  endfacet
  facet normal 0.817113339901 0.27228218317 -0.508122265339
    outer loop
      vertex 27.7723522186 2.42223310471 8.2229719162
      vertex 26.4872188568 4.73810577393 7.7578368187
      vertex 25.6292705536 4.74676704407 10.3163604736
    endloop
  endfacet
  facet normal 0.50868844986 0.860950708389 2.2761054197e-07
    outer loop
      vertex 12.4565258026 6.58421868138e-08 24.9088821411
      vertex 17.4510784149 6.58421868138e-08 21.9578762054
      vertex 17.4510860443 2.42223310471 21.9578723907
    endloop
  endfacet
  facet normal 0.508688569069 0.86095058918 6.26370194823e-07
    outer loop
      vertex 17.4510860443 2.42223310471 21.9578723907
      vertex 12.4565258026 2.42223405838 24.9088840485
      vertex 12.4565258026 6.58421868138e-08 24.9088821411
    endloop
  endfacet
  facet normal 0.824721038342 0.396442532539 -0.403321951628
    outer loop
      vertex 25.6292705536 4.74676704407 10.3163604736
      vertex 26.0529232025 2.42223310471 11.7999048233
      vertex 27.7723522186 2.42223310471 8.2229719162
    endloop
  endfacet
  facet normal 0.799437701702 0.600748956203 -3.34515380018e-06
    outer loop
      vertex 21.7739543915 6.58421868138e-08 18.089176178
      vertex 25.2590236664 6.58421868138e-08 13.4514703751
      vertex 25.259016037 2.42223310471 13.4514684677
    endloop
  endfacet
  facet normal 0.901276409626 0.433244496584 -3.59374416803e-06
    outer loop
      vertex 26.0529232025 2.42223310471 11.7999048233
      vertex 25.259016037 2.42223310471 13.4514684677
      vertex 25.2590236664 6.58421868138e-08 13.4514703751
    endloop
  endfacet
  facet normal 0.666877567768 0.745167315006 0
    outer loop
      vertex 17.4510784149 6.58421868138e-08 21.9578762054
      vertex 21.7739543915 6.58421868138e-08 18.089176178
      vertex 21.7739543915 2.42223405838 18.089176178
    endloop
  endfacet
  facet normal 0.452231436968 0.765397250652 -0.457879602909
    outer loop
      vertex 12.647726059 4.74515390396 23.4062862396
      vertex 12.4565258026 2.42223405838 24.9088840485
      vertex 17.4510860443 2.42223310471 21.9578723907
    endloop
  endfacet
  facet normal 0.776908695698 0.373460829258 -0.506892323494
    outer loop
      vertex 24.0914287567 4.73816204071 12.7370195389
      vertex 25.259016037 2.42223310471 13.4514684677
      vertex 26.0529232025 2.42223310471 11.7999048233
    endloop
  endfacet
  facet normal 0.799438595772 0.600747823715 0
    outer loop
      vertex 25.259016037 2.42223310471 13.4514684677
      vertex 21.7739543915 2.42223405838 18.089176178
      vertex 21.7739543915 6.58421868138e-08 18.089176178
    endloop
  endfacet
  facet normal 0.684009850025 0.659081280231 -0.312637776136
    outer loop
      vertex 26.0529232025 2.42223310471 11.7999048233
      vertex 24.5846996307 4.74585390091 12.2214422226
      vertex 24.0914287567 4.73816204071 12.7370195389
    endloop
  endfacet
  facet normal 0.666877806187 0.745167076588 8.56435860896e-07
    outer loop
      vertex 21.7739543915 2.42223405838 18.089176178
      vertex 17.4510860443 2.42223310471 21.9578723907
      vertex 17.4510784149 6.58421868138e-08 21.9578762054
    endloop
  endfacet
  facet normal 0.464265465736 0.725998401642 -0.507330179214
    outer loop
      vertex 17.4510860443 2.42223310471 21.9578723907
      vertex 16.6538829803 4.73800420761 20.8494033813
      vertex 12.647726059 4.74515390396 23.4062862396
    endloop
  endfacet
  facet normal 0.705670058727 0.493819028139 -0.508106827736
    outer loop
      vertex 25.259016037 2.42223310471 13.4514684677
      vertex 24.0914287567 4.73816204071 12.7370195389
      vertex 21.3549633026 4.74484109879 16.6405715942
    endloop
  endfacet
  facet normal 0.70959430933 0.533233225346 -0.460584640503
    outer loop
      vertex 21.3549633026 4.74484109879 16.6405715942
      vertex 21.7739543915 2.42223405838 18.089176178
      vertex 25.259016037 2.42223310471 13.4514684677
    endloop
  endfacet
  facet normal 0.575302124023 0.64284080267 -0.505750119686
    outer loop
      vertex 16.6538829803 4.73800420761 20.8494033813
      vertex 17.4510860443 2.42223310471 21.9578723907
      vertex 21.7739543915 2.42223405838 18.089176178
    endloop
  endfacet
  facet normal 0.548610270023 0.791393756866 -0.269671499729
    outer loop
      vertex 21.7739543915 2.42223405838 18.089176178
      vertex 20.2363643646 4.74785995483 18.3625946045
      vertex 16.6538829803 4.73800420761 20.8494033813
    endloop
  endfacet
  facet normal 0.00349686434492 0.000157499802299 -0.999993860722
    outer loop
      vertex -5.74733114243 4.74105119705 -4.56543397903
      vertex -5.83008003235 4.74133586884 -4.53521680832
      vertex -4.65511512756 4.736784935 -1.72692394257
    endloop
  endfacet
  facet normal -0.00140970991924 0.00614107307047 -0.999980151653
    outer loop
      vertex -6.76706790924 4.72998905182 -7.22196578979
      vertex -7.86804294586 4.74636697769 -10.1415653229
      vertex -6.8317117691 4.72972917557 -7.19447898865
    endloop
  endfacet
  facet normal 0.00200542458333 0.000781511131208 -0.999997675419
    outer loop
      vertex -5.83008003235 4.74133586884 -4.53521680832
      vertex -6.09127187729 4.74184083939 -4.51101303101
      vertex -4.65511512756 4.736784935 -1.72692394257
    endloop
  endfacet
  facet normal 0.0105651179329 0.00192995939869 -0.999942302704
    outer loop
      vertex -6.8317117691 4.72972917557 -7.19447898865
      vertex -7.86804294586 4.74636697769 -10.1415653229
      vertex -7.0321521759 4.73150777817 -7.01871299744
    endloop
  endfacet
  facet normal 0.00880083534867 0.002402279526 -0.999958395958
    outer loop
      vertex -7.86804294586 4.74636697769 -10.1415653229
      vertex -9.24868869781 4.74606180191 -4.95652723312
      vertex -7.0321521759 4.73150777817 -7.01871299744
    endloop
  endfacet
  facet normal -0.00646731164306 -0.0140081113204 -0.999880969524
    outer loop
      vertex -7.0321521759 4.73150777817 -7.01871299744
      vertex -9.24868869781 4.74606180191 -4.95652723312
      vertex -7.18588399887 4.7336730957 -6.79317617416
    endloop
  endfacet
  facet normal -0.000525851093698 -0.00733567075804 -0.999972939491
    outer loop
      vertex -7.18588399887 4.7336730957 -6.79317617416
      vertex -9.24868869781 4.74606180191 -4.95652723312
      vertex -7.29368686676 4.73550987244 -6.53507423401
    endloop
  endfacet
  facet normal 0.00142223306466 -0.00492309732363 -0.999986886978
    outer loop
      vertex -7.29368686676 4.73550987244 -6.53507423401
      vertex -9.24868869781 4.74606180191 -4.95652723312
      vertex -7.3577132225 4.73697519302 -6.2559337616
    endloop
  endfacet
  facet normal 0.00216130632907 -0.00384757714346 -0.999990284443
    outer loop
      vertex -7.3577132225 4.73697519302 -6.2559337616
      vertex -9.24868869781 4.74606180191 -4.95652723312
      vertex -7.3792052269 4.73813581467 -5.96634817123
    endloop
  endfacet
  facet normal 0.00238028098829 -0.00344219664112 -0.999991238117
    outer loop
      vertex -7.3792052269 4.73813581467 -5.96634817123
      vertex -9.24868869781 4.74606180191 -4.95652723312
      vertex -7.35852193832 4.73908376694 -5.67667913437
    endloop
  endfacet
  facet normal 0.00236019864678 -0.0034949046094 -0.999991118908
    outer loop
      vertex -7.35852193832 4.73908376694 -5.67667913437
      vertex -9.24868869781 4.74606180191 -4.95652723312
      vertex -7.29534292221 4.73991107941 -5.39727592468
    endloop
  endfacet
  facet normal 0.00226367102005 -0.00392268504947 -0.999989748001
    outer loop
      vertex -7.29534292221 4.73991107941 -5.39727592468
      vertex -9.24868869781 4.74606180191 -4.95652723312
      vertex -7.18834114075 4.74068307877 -5.13870382309
    endloop
  endfacet
  facet normal 0.00218383222818 -0.00482551800087 -0.999985992908
    outer loop
      vertex -7.18834114075 4.74068307877 -5.13870382309
      vertex -9.24868869781 4.74606180191 -4.95652723312
      vertex -7.03527212143 4.74144077301 -4.91244506836
    endloop
  endfacet
  facet normal 0.0020897409413 -9.98397081275e-05 -0.999997794628
    outer loop
      vertex -9.24868869781 4.74606180191 -4.95652723312
      vertex -4.65511512756 4.736784935 -1.72692394257
      vertex -7.03527212143 4.74144077301 -4.91244506836
    endloop
  endfacet
  facet normal -0.012350987643 0.010689788498 -0.999866604805
    outer loop
      vertex -7.03527212143 4.74144077301 -4.91244506836
      vertex -4.65511512756 4.736784935 -1.72692394257
      vertex -6.83529806137 4.74202203751 -4.73576879501
    endloop
  endfacet
  facet normal -0.00307521084324 0.00396885164082 -0.99998742342
    outer loop
      vertex -6.83529806137 4.74202203751 -4.73576879501
      vertex -4.65511512756 4.736784935 -1.72692394257
      vertex -6.60387611389 4.74223709106 -4.61062479019
    endloop
  endfacet
  facet normal -0.000289577350486 0.00208638282493 -0.999997794628
    outer loop
      vertex -6.60387611389 4.74223709106 -4.61062479019
      vertex -4.65511512756 4.736784935 -1.72692394257
      vertex -6.35243415833 4.7421541214 -4.53602790833
    endloop
  endfacet
  facet normal 0.00107965630013 0.00125906511676 -0.999998629093
    outer loop
      vertex -4.65511512756 4.736784935 -1.72692394257
      vertex -6.09127187729 4.74184083939 -4.51101303101
      vertex -6.35243415833 4.7421541214 -4.53602790833
    endloop
  endfacet
  facet normal -0.00295292073861 -0.0258196797222 -0.999662280083
    outer loop
      vertex 6.30895090103 4.75548505783 0.499381095171
      vertex 6.16651821136 4.75486516953 0.491670995951
      vertex 1.44270896912 4.74723911285 0.736665070057
    endloop
  endfacet
  facet normal -0.00298248766921 -0.0263902340084 -0.999647259712
    outer loop
      vertex 6.16651821136 4.75486516953 0.491670995951
      vertex 5.93240213394 4.75222206116 0.418008059263
      vertex 1.44270896912 4.74723911285 0.736665070057
    endloop
  endfacet
  facet normal -0.00265118782409 -0.0217206403613 -0.999760568142
    outer loop
      vertex 5.93240213394 4.75222206116 0.418008059263
      vertex 5.71697092056 4.74895906448 0.294121921062
      vertex 1.44270896912 4.74723911285 0.736665070057
    endloop
  endfacet
  facet normal -0.00333981378935 0.022527422756 -0.999740660191
    outer loop
      vertex 6.41076517105 4.72158622742 -2.33384990692
      vertex 4.59782314301 4.7450799942 -3.64525294304
      vertex 6.16827201843 4.72022294998 -2.30929803848
    endloop
  endfacet
  facet normal -0.00241510756314 -0.0194402951747 -0.999808073044
    outer loop
      vertex 5.71697092056 4.74895906448 0.294121921062
      vertex 5.53124904633 4.74511194229 0.119333006442
      vertex 1.44270896912 4.74723911285 0.736665070057
    endloop
  endfacet
  facet normal 0.00275138020515 0.0153696248308 -0.999878108501
    outer loop
      vertex 6.16827201843 4.72022294998 -2.30929803848
      vertex 4.59782314301 4.7450799942 -3.64525294304
      vertex 5.93466806412 4.71973609924 -2.23580908775
    endloop
  endfacet
  facet normal -0.00179000315256 -0.0153005328029 -0.999881327152
    outer loop
      vertex 5.53124904633 4.74511194229 0.119333006442
      vertex 5.3902797699 4.74145078659 -0.103425048292
      vertex 1.44270896912 4.74723911285 0.736665070057
    endloop
  endfacet
  facet normal 0.00835344567895 0.0100567704067 -0.999914526939
    outer loop
      vertex 5.93466806412 4.71973609924 -2.23580908775
      vertex 4.59782314301 4.7450799942 -3.64525294304
      vertex 5.71964120865 4.72029209137 -2.11248207092
    endloop
  endfacet
  facet normal 0.011476601474 0.00777079584077 -0.999903917313
    outer loop
      vertex 4.59782314301 4.7450799942 -3.64525294304
      vertex 1.44270896912 4.74723911285 0.736665070057
      vertex 5.71964120865 4.72029209137 -2.11248207092
    endloop
  endfacet
  facet normal -0.00197858875617 -0.0124273151159 -0.999920845032
    outer loop
      vertex 5.71964120865 4.72029209137 -2.11248207092
      vertex 1.44270896912 4.74723911285 0.736665070057
      vertex 5.5339422226 4.72208595276 -1.93858802319
    endloop
  endfacet
  facet normal -0.00485998298973 -0.0168330986053 -0.99984651804
    outer loop
      vertex 5.5339422226 4.72208595276 -1.93858802319
      vertex 1.44270896912 4.74723911285 0.736665070057
      vertex 5.39251613617 4.7251329422 -1.71676194668
    endloop
  endfacet
  facet normal -0.00232169101946 -0.0127472933382 -0.99991607666
    outer loop
      vertex 5.39251613617 4.7251329422 -1.71676194668
      vertex 1.44270896912 4.74723911285 0.736665070057
      vertex 5.29399013519 4.72812080383 -1.46445894241
    endloop
  endfacet
  facet normal -0.0008727615932 -0.0102123906836 -0.999947488308
    outer loop
      vertex 5.29399013519 4.72812080383 -1.46445894241
      vertex 1.44270896912 4.74723911285 0.736665070057
      vertex 5.23554801941 4.73084783554 -1.19244098663
    endloop
  endfacet
  facet normal -0.000244272872806 -0.0089768152684 -0.99995970726
    outer loop
      vertex 5.23554801941 4.73084783554 -1.19244098663
      vertex 1.44270896912 4.74723911285 0.736665070057
      vertex 5.21598720551 4.73337316513 -0.910605072975
    endloop
  endfacet
  facet normal -0.00014202404418 -0.00874261930585 -0.999961793423
    outer loop
      vertex 5.21598720551 4.73337316513 -0.910605072975
      vertex 1.44270896912 4.74723911285 0.736665070057
      vertex 5.23479318619 4.73584079742 -0.628672003746
    endloop
  endfacet
  facet normal -0.000976641546004 -0.0114789195359 -0.99993366003
    outer loop
      vertex 5.3902797699 4.74145078659 -0.103425048292
      vertex 5.2923951149 4.7384519577 -0.356333971024
      vertex 1.44270896912 4.74723911285 0.736665070057
    endloop
  endfacet
  facet normal -0.000414743903093 -0.00950001273304 -0.999954760075
    outer loop
      vertex 5.2923951149 4.7384519577 -0.356333971024
      vertex 5.23479318619 4.73584079742 -0.628672003746
      vertex 1.44270896912 4.74723911285 0.736665070057
    endloop
  endfacet
  facet normal 0.00847159698606 0.00241474620998 -0.999961197376
    outer loop
      vertex -6.76706790924 4.72998905182 -7.22196578979
      vertex -6.60007619858 4.72880792618 -7.31869697571
      vertex -7.86804294586 4.74636697769 -10.1415653229
    endloop
  endfacet
  facet normal 0.000818124215584 0.00118824618403 -0.999998986721
    outer loop
      vertex -5.74733114243 4.74105119705 -4.56543397903
      vertex -4.65511512756 4.736784935 -1.72692394257
      vertex -5.57846212387 4.74096488953 -4.60903215408
    endloop
  endfacet
  facet normal -6.43808889436e-05 0.00147097604349 -0.999998927116
    outer loop
      vertex -4.65511512756 4.736784935 -1.72692394257
      vertex 2.69295406342 4.74252891541 -5.31025314331
      vertex -5.57846212387 4.74096488953 -4.60903215408
    endloop
  endfacet
  facet normal -0.000583673303481 -0.0046544810757 -0.999988973141
    outer loop
      vertex -5.57846212387 4.74096488953 -4.60903215408
      vertex 2.69295406342 4.74252891541 -5.31025314331
      vertex -5.34671211243 4.74052095413 -4.7334561348
    endloop
  endfacet
  facet normal -0.00059189152671 -0.0047690323554 -0.999988436699
    outer loop
      vertex -5.34671211243 4.74052095413 -4.7334561348
      vertex 2.69295406342 4.74252891541 -5.31025314331
      vertex -5.14631795883 4.73979997635 -4.90950584412
    endloop
  endfacet
  facet normal -0.000551639532205 -0.00398161401972 -0.999991893768
    outer loop
      vertex -5.14631795883 4.73979997635 -4.90950584412
      vertex 2.69295406342 4.74252891541 -5.31025314331
      vertex -4.99267721176 4.73898601532 -5.13527107239
    endloop
  endfacet
  facet normal -0.000532175006811 -0.00312662450597 -0.99999499321
    outer loop
      vertex -4.99267721176 4.73898601532 -5.13527107239
      vertex 2.69295406342 4.74252891541 -5.31025314331
      vertex -4.88503408432 4.73823595047 -5.39348602295
    endloop
  endfacet
  facet normal -0.000536300940439 -0.0027510332875 -0.999996066093
    outer loop
      vertex -4.88503408432 4.73823595047 -5.39348602295
      vertex 2.69295406342 4.74252891541 -5.31025314331
      vertex -4.82112979889 4.73750209808 -5.6726641655
    endloop
  endfacet
  facet normal -0.00053430267144 -0.00279246340506 -0.999995946884
    outer loop
      vertex -4.82112979889 4.73750209808 -5.6726641655
      vertex 2.69295406342 4.74252891541 -5.31025314331
      vertex -4.79972219467 4.73670482635 -5.96224212646
    endloop
  endfacet
  facet normal 0.00299486634322 0.00487490557134 -0.999983608723
    outer loop
      vertex -6.60007619858 4.72880792618 -7.31869697571
      vertex -6.34860420227 4.72841405869 -7.39239406586
      vertex -7.86804294586 4.74636697769 -10.1415653229
    endloop
  endfacet
  facet normal -0.000495880725794 -0.00323399761692 -0.999994635582
    outer loop
      vertex -4.79972219467 4.73670482635 -5.96224212646
      vertex 2.69295406342 4.74252891541 -5.31025314331
      vertex -4.82048892975 4.73575782776 -6.25188016891
    endloop
  endfacet
  facet normal -0.000375686737243 -0.00419302564114 -0.999991118908
    outer loop
      vertex -4.82048892975 4.73575782776 -6.25188016891
      vertex 2.69295406342 4.74252891541 -5.31025314331
      vertex -4.88379096985 4.73456287384 -6.53120994568
    endloop
  endfacet
  facet normal 0.000888075563125 0.00603929208592 -0.999981343746
    outer loop
      vertex -6.34860420227 4.72841405869 -7.39239406586
      vertex -6.08756399155 4.728328228 -7.41655492783
      vertex -7.86804294586 4.74636697769 -10.1415653229
    endloop
  endfacet
  facet normal -0.000115064140118 -0.00581028778106 -0.999983131886
    outer loop
      vertex -4.88379096985 4.73456287384 -6.53120994568
      vertex 2.69295406342 4.74252891541 -5.31025314331
      vertex -4.99090719223 4.73304891586 -6.78965616226
    endloop
  endfacet
  facet normal -0.00143072823994 0.00755428988487 -0.999970436096
    outer loop
      vertex -6.08756399155 4.728328228 -7.41655492783
      vertex -5.826608181 4.72851276398 -7.39156723022
      vertex -7.86804294586 4.74636697769 -10.1415653229
    endloop
  endfacet
  facet normal -0.00394684961066 0.00942196138203 -0.999947845936
    outer loop
      vertex -7.86804294586 4.74636697769 -10.1415653229
      vertex -5.826608181 4.72851276398 -7.39156723022
      vertex 2.69295406342 4.74252891541 -5.31025314331
    endloop
  endfacet
  facet normal -0.000304483110085 -0.00548779638484 -0.999984920025
    outer loop
      vertex -5.826608181 4.72851276398 -7.39156723022
      vertex -5.57534885406 4.7289981842 -7.3170800209
      vertex 2.69295406342 4.74252891541 -5.31025314331
    endloop
  endfacet
  facet normal 0.000128464074805 -0.00727150030434 -0.999973535538
    outer loop
      vertex -5.57534885406 4.7289981842 -7.3170800209
      vertex -5.34401798248 4.72987699509 -7.19212388992
      vertex 2.69295406342 4.74252891541 -5.31025314331
    endloop
  endfacet
  facet normal 0.000348345347447 -0.00821050535887 -0.999966204166
    outer loop
      vertex -5.34401798248 4.72987699509 -7.19212388992
      vertex -5.14405202866 4.73125600815 -7.01569414139
      vertex 2.69295406342 4.74252891541 -5.31025314331
    endloop
  endfacet
  facet normal 0.000337364705047 -0.00816004909575 -0.999966621399
    outer loop
      vertex 2.69295406342 4.74252891541 -5.31025314331
      vertex -5.14405202866 4.73125600815 -7.01569414139
      vertex -4.99090719223 4.73304891586 -6.78965616226
    endloop
  endfacet
  facet normal 0.00160589977168 -0.00820650905371 -0.999965012074
    outer loop
      vertex 7.58556938171 4.7542181015 -0.627424001694
      vertex 14.3301677704 4.74752616882 -0.12301505357
      vertex 7.60500192642 4.75187301636 -0.909375011921
    endloop
  endfacet
  facet normal 0.00179229595233 -0.00980070047081 -0.999950349331
    outer loop
      vertex 7.60500192642 4.75187301636 -0.909375011921
      vertex 14.3301677704 4.74752616882 -0.12301505357
      vertex 7.58604955673 4.74914312363 -1.19137394428
    endloop
  endfacet
  facet normal 0.00225282809697 -0.0127079039812 -0.999916732311
    outer loop
      vertex 7.58604955673 4.74914312363 -1.19137394428
      vertex 14.3301677704 4.74752616882 -0.12301505357
      vertex 7.52823448181 4.74581193924 -1.46372997761
    endloop
  endfacet
  facet normal 0.0032767765224 -0.0179026611149 -0.999834358692
    outer loop
      vertex 7.52823448181 4.74581193924 -1.46372997761
      vertex 14.3301677704 4.74752616882 -0.12301505357
      vertex 7.43016767502 4.7416062355 -1.71656894684
    endloop
  endfacet
  facet normal -0.0126101784408 0.0353352241218 -0.999295949936
    outer loop
      vertex 6.41076517105 4.72158622742 -2.33384990692
      vertex 6.65345621109 4.72379779816 -2.30978608131
      vertex 4.59782314301 4.7450799942 -3.64525294304
    endloop
  endfacet
  facet normal -0.0135782528669 0.036824285984 -0.999229490757
    outer loop
      vertex 4.59782314301 4.7450799942 -3.64525294304
      vertex 6.65345621109 4.72379779816 -2.30978608131
      vertex 14.3301677704 4.74752616882 -0.12301505357
    endloop
  endfacet
  facet normal 0.0960005000234 -0.347134649754 -0.932888746262
    outer loop
      vertex 6.65345621109 4.72379779816 -2.30978608131
      vertex 6.88741922379 4.72694301605 -2.2366309166
      vertex 14.3301677704 4.74752616882 -0.12301505357
    endloop
  endfacet
  facet normal 0.0136648267508 -0.0578395687044 -0.998232364655
    outer loop
      vertex 6.88741922379 4.72694301605 -2.2366309166
      vertex 7.10286617279 4.73113822937 -2.11332988739
      vertex 14.3301677704 4.74752616882 -0.12301505357
    endloop
  endfacet
  facet normal 0.00838214531541 -0.0386650189757 -0.999217092991
    outer loop
      vertex 7.10286617279 4.73113822937 -2.11332988739
      vertex 7.2888469696 4.73632192612 -1.93904995918
      vertex 14.3301677704 4.74752616882 -0.12301505357
    endloop
  endfacet
  facet normal 0.00542099401355 -0.0271861907095 -0.99961566925
    outer loop
      vertex 14.3301677704 4.74752616882 -0.12301505357
      vertex 7.2888469696 4.73632192612 -1.93904995918
      vertex 7.43016767502 4.7416062355 -1.71656894684
    endloop
  endfacet
  facet normal 0.0310570634902 0.371182203293 -0.928040504456
    outer loop
      vertex 6.40958976746 4.75697898865 0.516070961952
      vertex 14.3301677704 4.74752616882 -0.12301505357
      vertex 6.65258598328 4.75862503052 0.491624087095
    endloop
  endfacet
  facet normal 0.00357365841046 0.0265885479748 -0.99964004755
    outer loop
      vertex 6.65258598328 4.75862503052 0.491624087095
      vertex 14.3301677704 4.74752616882 -0.12301505357
      vertex 6.88661003113 4.75974702835 0.417982071638
    endloop
  endfacet
  facet normal 0.00218342733569 0.00745296385139 -0.99996984005
    outer loop
      vertex 6.88661003113 4.75974702835 0.417982071638
      vertex 14.3301677704 4.74752616882 -0.12301505357
      vertex 7.10192680359 4.76019906998 0.29425495863
    endloop
  endfacet
  facet normal 0.00169995822944 -0.00092288327869 -0.999998152256
    outer loop
      vertex 7.10192680359 4.76019906998 0.29425495863
      vertex 14.3301677704 4.74752616882 -0.12301505357
      vertex 7.28775596619 4.75972223282 0.119792953134
    endloop
  endfacet
  facet normal 0.00152857415378 -0.00589287513867 -0.999981462955
    outer loop
      vertex 7.28775596619 4.75972223282 0.119792953134
      vertex 14.3301677704 4.74752616882 -0.12301505357
      vertex 7.42902994156 4.75819587708 -0.102570019662
    endloop
  endfacet
  facet normal 0.00152567925397 -0.00686677219346 -0.999975264072
    outer loop
      vertex 7.42902994156 4.75819587708 -0.102570019662
      vertex 14.3301677704 4.74752616882 -0.12301505357
      vertex 7.52740287781 4.75631093979 -0.355209976435
    endloop
  endfacet
  facet normal 0.0015424353769 -0.00735781807452 -0.999971747398
    outer loop
      vertex 14.3301677704 4.74752616882 -0.12301505357
      vertex 7.58556938171 4.7542181015 -0.627424001694
      vertex 7.52740287781 4.75631093979 -0.355209976435
    endloop
  endfacet
  facet normal 0.633455276489 0.579007327557 -0.51330780983
    outer loop
      vertex -6.57780599594 1.08872103691 -6.41626501083
      vertex -6.82397603989 1.44409799576 -6.46199893951
      vertex -6.81684303284 1.09227800369 -6.15790319443
    endloop
  endfacet
  facet normal 0.359589278698 0.32062843442 -0.876295030117
    outer loop
      vertex -6.57780599594 1.08872103691 -6.41626501083
      vertex -6.81684303284 1.09227800369 -6.15790319443
      vertex -6.08094882965 0.577771067619 -5.57704305649
    endloop
  endfacet
  facet normal 0.314253479242 0.785590112209 -0.533003687859
    outer loop
      vertex -6.2556848526 1.08765900135 -6.54440021515
      vertex -6.48450613022 1.44163405895 -6.69302988052
      vertex -6.57780599594 1.08872103691 -6.41626501083
    endloop
  endfacet
  facet normal 0.175567418337 0.434038221836 -0.883621454239
    outer loop
      vertex -6.2556848526 1.08765900135 -6.54440021515
      vertex -6.57780599594 1.08872103691 -6.41626501083
      vertex -6.08094882965 0.577771067619 -5.57704305649
    endloop
  endfacet
  facet normal 0.841008782387 0.281094640493 -0.462266236544
    outer loop
      vertex -6.81684303284 1.09227800369 -6.15790319443
      vertex -7.03472995758 1.44976699352 -6.09390497208
      vertex -6.93477010727 1.09622299671 -5.81156396866
    endloop
  endfacet
  facet normal 0.481543630362 0.154136478901 -0.862761676311
    outer loop
      vertex -6.81684303284 1.09227800369 -6.15790319443
      vertex -6.93477010727 1.09622299671 -5.81156396866
      vertex -6.08094882965 0.577771067619 -5.57704305649
    endloop
  endfacet
  facet normal 0.313655555248 0.889692366123 -0.331764429808
    outer loop
      vertex -6.82397603989 1.44409799576 -6.46199893951
      vertex -6.57780599594 1.08872103691 -6.41626501083
      vertex -6.76574087143 2.46538591385 -6.86336517334
    endloop
  endfacet
  facet normal 0.615272581577 0.745002627373 -0.257702738047
    outer loop
      vertex -6.82397603989 1.44409799576 -6.46199893951
      vertex -6.76574087143 2.46538591385 -6.86336517334
      vertex -6.95276784897 2.46588301659 -6.70907783508
    endloop
  endfacet
  facet normal 0.929362177849 0.269767194986 -0.252015113831
    outer loop
      vertex -7.09025001526 2.46988391876 -6.5029540062
      vertex -6.81684303284 1.09227800369 -6.15790319443
      vertex -6.82397603989 1.44409799576 -6.46199893951
    endloop
  endfacet
  facet normal 0.811296761036 0.536622166634 -0.232022002339
    outer loop
      vertex -7.09025001526 2.46988391876 -6.5029540062
      vertex -6.82397603989 1.44409799576 -6.46199893951
      vertex -6.95276784897 2.46588301659 -6.70907783508
    endloop
  endfacet
  facet normal 0.718405365944 0.626820266247 -0.301645576954
    outer loop
      vertex -6.76574087143 2.46538591385 -6.86336517334
      vertex -6.57780599594 1.08872103691 -6.41626501083
      vertex -6.48450613022 1.44163405895 -6.69302988052
    endloop
  endfacet
  facet normal 0.470123767853 0.840605199337 -0.269010365009
    outer loop
      vertex -6.76574087143 2.46538591385 -6.86336517334
      vertex -6.48450613022 1.44163405895 -6.69302988052
      vertex -6.55597782135 2.46278810501 -6.97984790802
    endloop
  endfacet
  facet normal 0.6887794137 0.659165501595 -0.301800966263
    outer loop
      vertex -7.03472995758 1.44976699352 -6.09390497208
      vertex -6.81684303284 1.09227800369 -6.15790319443
      vertex -7.09025001526 2.46988391876 -6.5029540062
    endloop
  endfacet
  facet normal 0.892520606518 0.399730116129 -0.208860620856
    outer loop
      vertex -7.03472995758 1.44976699352 -6.09390497208
      vertex -7.09025001526 2.46988391876 -6.5029540062
      vertex -7.19352912903 2.47118496895 -6.27303123474
    endloop
  endfacet
  facet normal 5.61458073207e-05 0.844556391239 -0.535466611385
    outer loop
      vertex -5.90895223618 1.08771502972 -6.54445886612
      vertex -6.08333015442 1.44129002094 -6.76862096786
      vertex -6.2556848526 1.08765900135 -6.54440021515
    endloop
  endfacet
  facet normal -6.42321247142e-05 0.466294378042 -0.884629607201
    outer loop
      vertex -5.90895223618 1.08771502972 -6.54445886612
      vertex -6.2556848526 1.08765900135 -6.54440021515
      vertex -6.08094882965 0.577771067619 -5.57704305649
    endloop
  endfacet
  facet normal -0.0914392843843 0.937879502773 -0.334695249796
    outer loop
      vertex -6.48450613022 1.44163405895 -6.69302988052
      vertex -6.2556848526 1.08765900135 -6.54440021515
      vertex -6.32455587387 2.46357393265 -7.04212903976
    endloop
  endfacet
  facet normal 0.248751983047 0.92781072855 -0.278010249138
    outer loop
      vertex -6.48450613022 1.44163405895 -6.69302988052
      vertex -6.32455587387 2.46357393265 -7.04212903976
      vertex -6.55597782135 2.46278810501 -6.97984790802
    endloop
  endfacet
  facet normal 0.903973042965 0.00181518425234 -0.427585601807
    outer loop
      vertex -6.93477010727 1.09622299671 -5.81156396866
      vertex -7.10411214828 1.45359194279 -5.6603012085
      vertex -6.93647909164 1.09825098515 -5.43822002411
    endloop
  endfacet
  facet normal 0.519475221634 -0.0022637497168 -0.854482531548
    outer loop
      vertex -6.93477010727 1.09622299671 -5.81156396866
      vertex -6.93647909164 1.09825098515 -5.43822002411
      vertex -6.08094882965 0.577771067619 -5.57704305649
    endloop
  endfacet
  facet normal 0.974355101585 -0.0831307843328 -0.20909665525
    outer loop
      vertex -7.24836111069 2.47423291206 -6.0210108757
      vertex -6.93477010727 1.09622299671 -5.81156396866
      vertex -7.03472995758 1.44976699352 -6.09390497208
    endloop
  endfacet
  facet normal 0.960625529289 0.206757307053 -0.185607194901
    outer loop
      vertex -7.24836111069 2.47423291206 -6.0210108757
      vertex -7.03472995758 1.44976699352 -6.09390497208
      vertex -7.19352912903 2.47118496895 -6.27303123474
    endloop
  endfacet
  facet normal 0.427219897509 0.84317690134 -0.326398402452
    outer loop
      vertex -6.32455587387 2.46357393265 -7.04212903976
      vertex -6.2556848526 1.08765900135 -6.54440021515
      vertex -6.08333015442 1.44129002094 -6.76862096786
    endloop
  endfacet
  facet normal 0.107217684388 0.953847646713 -0.280497848988
    outer loop
      vertex -6.32455587387 2.46357393265 -7.04212903976
      vertex -6.08333015442 1.44129002094 -6.76862096786
      vertex -6.08614492416 2.46208310127 -7.06848907471
    endloop
  endfacet
  facet normal 0.887727618217 0.380067288876 -0.259785652161
    outer loop
      vertex -7.10411214828 1.45359194279 -5.6603012085
      vertex -6.93477010727 1.09622299671 -5.81156396866
      vertex -7.24836111069 2.47423291206 -6.0210108757
    endloop
  endfacet
  facet normal 0.981536626816 0.0880067422986 -0.16982524097
    outer loop
      vertex -7.10411214828 1.45359194279 -5.6603012085
      vertex -7.24836111069 2.47423291206 -6.0210108757
      vertex -7.27179908752 2.47508406639 -5.76125001907
    endloop
  endfacet
  facet normal -0.175852417946 0.434388905764 -0.883392453194
    outer loop
      vertex -5.90895223618 1.08771502972 -6.54445886612
      vertex -6.08094882965 0.577771067619 -5.57704305649
      vertex -5.58674001694 1.08889496326 -6.41641807556
    endloop
  endfacet
  facet normal -0.314447909594 0.786403179169 -0.531688392162
    outer loop
      vertex -5.90895223618 1.08771502972 -6.54445886612
      vertex -5.58674001694 1.08889496326 -6.41641807556
      vertex -5.68209981918 1.44178295135 -6.69313621521
    endloop
  endfacet
  facet normal 0.493348002434 -0.163032576442 -0.854416847229
    outer loop
      vertex -6.82166385651 1.09852695465 -5.08933401108
      vertex -6.08094882965 0.577771067619 -5.57704305649
      vertex -6.93647909164 1.09825098515 -5.43822002411
    endloop
  endfacet
  facet normal 0.864133179188 -0.284707158804 -0.41498875618
    outer loop
      vertex -6.82166385651 1.09852695465 -5.08933401108
      vertex -6.93647909164 1.09825098515 -5.43822002411
      vertex -7.03780508041 1.45509696007 -5.22562217712
    endloop
  endfacet
  facet normal -0.42739289999 0.843917667866 -0.324250280857
    outer loop
      vertex -6.08333015442 1.44129002094 -6.76862096786
      vertex -5.90895223618 1.08771502972 -6.54445886612
      vertex -5.84775686264 2.46366500854 -7.04213476181
    endloop
  endfacet
  facet normal -0.107324868441 0.953996539116 -0.279950022697
    outer loop
      vertex -6.08333015442 1.44129002094 -6.76862096786
      vertex -5.84775686264 2.46366500854 -7.04213476181
      vertex -6.08614492416 2.46208310127 -7.06848907471
    endloop
  endfacet
  facet normal 0.904493927956 -0.383205592632 -0.187200993299
    outer loop
      vertex -7.24873495102 2.47733902931 -5.50154590607
      vertex -6.93647909164 1.09825098515 -5.43822002411
      vertex -7.10411214828 1.45359194279 -5.6603012085
    endloop
  endfacet
  facet normal 0.984264135361 -0.0887379348278 -0.152806162834
    outer loop
      vertex -7.24873495102 2.47733902931 -5.50154590607
      vertex -7.10411214828 1.45359194279 -5.6603012085
      vertex -7.27179908752 2.47508406639 -5.76125001907
    endloop
  endfacet
  facet normal 0.091560125351 0.937723517418 -0.335098981857
    outer loop
      vertex -5.84775686264 2.46366500854 -7.04213476181
      vertex -5.90895223618 1.08771502972 -6.54445886612
      vertex -5.68209981918 1.44178295135 -6.69313621521
    endloop
  endfacet
  facet normal -0.248909384012 0.928176522255 -0.276645064354
    outer loop
      vertex -5.84775686264 2.46366500854 -7.04213476181
      vertex -5.68209981918 1.44178295135 -6.69313621521
      vertex -5.61631917953 2.46297693253 -6.97986507416
    endloop
  endfacet
  facet normal -0.360377311707 0.321116179228 -0.875792562962
    outer loop
      vertex -5.58674001694 1.08889496326 -6.41641807556
      vertex -6.08094882965 0.577771067619 -5.57704305649
      vertex -5.34758090973 1.09256994724 -6.15804100037
    endloop
  endfacet
  facet normal -0.634611546993 0.580147564411 -0.510584950447
    outer loop
      vertex -5.58674001694 1.08889496326 -6.41641807556
      vertex -5.34758090973 1.09256994724 -6.15804100037
      vertex -5.34251594543 1.44440901279 -6.46215200424
    endloop
  endfacet
  facet normal 0.970743477345 0.0870252922177 -0.223793774843
    outer loop
      vertex -7.03780508041 1.45509696007 -5.22562217712
      vertex -6.93647909164 1.09825098515 -5.43822002411
      vertex -7.24873495102 2.47733902931 -5.50154590607
    endloop
  endfacet
  facet normal 0.967426419258 -0.208697721362 -0.143287688494
    outer loop
      vertex -7.03780508041 1.45509696007 -5.22562217712
      vertex -7.24873495102 2.47733902931 -5.50154590607
      vertex -7.19436788559 2.47787094116 -5.24915885925
    endloop
  endfacet
  facet normal 0.378214776516 -0.343470364809 -0.859640419483
    outer loop
      vertex -6.58314704895 1.09881794453 -4.82596111298
      vertex -6.08094882965 0.577771067619 -5.57704305649
      vertex -6.82166385651 1.09852695465 -5.08933401108
    endloop
  endfacet
  facet normal 0.673371076584 -0.610282361507 -0.417284995317
    outer loop
      vertex -6.58314704895 1.09881794453 -4.82596111298
      vertex -6.82166385651 1.09852695465 -5.08933401108
      vertex -6.82910299301 1.45512402058 -4.85371685028
    endloop
  endfacet
  facet normal 0.631248056889 0.764782905579 -0.128969013691
    outer loop
      vertex -7.01626014709 4.27333402634 -6.96147108078
      vertex -6.95276784897 2.46588301659 -6.70907783508
      vertex -6.76574087143 2.46538591385 -6.86336517334
    endloop
  endfacet
  facet normal 0.653345763683 0.745640873909 -0.130992278457
    outer loop
      vertex -7.01626014709 4.27333402634 -6.96147108078
      vertex -6.76574087143 2.46538591385 -6.86336517334
      vertex -6.81929922104 4.2716550827 -7.13375711441
    endloop
  endfacet
  facet normal 0.828051745892 0.55021071434 -0.10769623518
    outer loop
      vertex -7.16731405258 4.27553701401 -6.74040699005
      vertex -7.09025001526 2.46988391876 -6.5029540062
      vertex -6.95276784897 2.46588301659 -6.70907783508
    endloop
  endfacet
  facet normal 0.821405291557 0.560202598572 -0.107081241906
    outer loop
      vertex -7.16731405258 4.27553701401 -6.74040699005
      vertex -6.95276784897 2.46588301659 -6.70907783508
      vertex -7.01626014709 4.27333402634 -6.96147108078
    endloop
  endfacet
  facet normal 0.48179730773 0.864422023296 -0.143686726689
    outer loop
      vertex -6.81929922104 4.2716550827 -7.13375711441
      vertex -6.76574087143 2.46538591385 -6.86336517334
      vertex -6.55597782135 2.46278810501 -6.97984790802
    endloop
  endfacet
  facet normal 0.467429429293 0.872505187988 -0.142282918096
    outer loop
      vertex -6.81929922104 4.2716550827 -7.13375711441
      vertex -6.55597782135 2.46278810501 -6.97984790802
      vertex -6.59175300598 4.2705988884 -7.25548887253
    endloop
  endfacet
  facet normal -0.719156742096 0.627743542194 -0.29791200161
    outer loop
      vertex -5.68209981918 1.44178295135 -6.69313621521
      vertex -5.58674001694 1.08889496326 -6.41641807556
      vertex -5.40655708313 2.46566295624 -6.86337709427
    endloop
  endfacet
  facet normal -0.470542818308 0.841172397137 -0.266492813826
    outer loop
      vertex -5.68209981918 1.44178295135 -6.69313621521
      vertex -5.40655708313 2.46566295624 -6.86337709427
      vertex -5.61631917953 2.46297693253 -6.97986507416
    endloop
  endfacet
  facet normal -0.48274242878 0.154467582703 -0.862032175064
    outer loop
      vertex -5.34758090973 1.09256994724 -6.15804100037
      vertex -6.08094882965 0.577771067619 -5.57704305649
      vertex -5.22956180573 1.09658503532 -5.81161403656
    endloop
  endfacet
  facet normal -0.842840850353 0.281821548939 -0.458471238613
    outer loop
      vertex -5.34758090973 1.09256994724 -6.15804100037
      vertex -5.22956180573 1.09658503532 -5.81161403656
      vertex -5.13163089752 1.45019805431 -6.09399604797
    endloop
  endfacet
  facet normal 0.908807814121 0.40772742033 -0.0884683951735
    outer loop
      vertex -7.27314090729 4.27749300003 -6.48751115799
      vertex -7.19352912903 2.47118496895 -6.27303123474
      vertex -7.09025001526 2.46988391876 -6.5029540062
    endloop
  endfacet
  facet normal 0.919015884399 0.383878678083 -0.0897049680352
    outer loop
      vertex -7.27314090729 4.27749300003 -6.48751115799
      vertex -7.09025001526 2.46988391876 -6.5029540062
      vertex -7.16731405258 4.27553701401 -6.74040699005
    endloop
  endfacet
  facet normal 0.188319817185 -0.471679002047 -0.861425876617
    outer loop
      vertex -6.2577829361 1.09961700439 -4.69459915161
      vertex -6.08094882965 0.577771067619 -5.57704305649
      vertex -6.58314704895 1.09881794453 -4.82596111298
    endloop
  endfacet
  facet normal 0.341974526644 -0.849463164806 -0.401828050613
    outer loop
      vertex -6.2577829361 1.09961700439 -4.69459915161
      vertex -6.58314704895 1.09881794453 -4.82596111298
      vertex -6.48808383942 1.45653998852 -4.61847496033
    endloop
  endfacet
  facet normal 0.256434351206 0.954749584198 -0.150647491217
    outer loop
      vertex -6.59175300598 4.2705988884 -7.25548887253
      vertex -6.55597782135 2.46278810501 -6.97984790802
      vertex -6.32455587387 2.46357393265 -7.04212903976
    endloop
  endfacet
  facet normal 0.277829200029 0.948358952999 -0.153056487441
    outer loop
      vertex -6.59175300598 4.2705988884 -7.25548887253
      vertex -6.32455587387 2.46357393265 -7.04212903976
      vertex -6.34478902817 4.27004909515 -7.32775020599
    endloop
  endfacet
  facet normal 0.714406132698 -0.677752137184 -0.173999622464
    outer loop
      vertex -7.09138584137 2.47982096672 -5.01902294159
      vertex -6.82166385651 1.09852695465 -5.08933401108
      vertex -7.03780508041 1.45509696007 -5.22562217712
    endloop
  endfacet
  facet normal 0.904726326466 -0.405943781137 -0.129150629044
    outer loop
      vertex -7.09138584137 2.47982096672 -5.01902294159
      vertex -7.03780508041 1.45509696007 -5.22562217712
      vertex -7.19436788559 2.47787094116 -5.24915885925
    endloop
  endfacet
  facet normal -0.313789308071 0.890268921852 -0.330087155104
    outer loop
      vertex -5.40655708313 2.46566295624 -6.86337709427
      vertex -5.58674001694 1.08889496326 -6.41641807556
      vertex -5.34251594543 1.44440901279 -6.46215200424
    endloop
  endfacet
  facet normal -0.61589038372 0.745652139187 -0.25432652235
    outer loop
      vertex -5.40655708313 2.46566295624 -6.86337709427
      vertex -5.34251594543 1.44440901279 -6.46215200424
      vertex -5.21951389313 2.46625995636 -6.70908784866
    endloop
  endfacet
  facet normal 0.974925220013 0.211267769337 -0.069905616343
    outer loop
      vertex -7.33593893051 4.27914476395 -6.21409082413
      vertex -7.24836111069 2.47423291206 -6.0210108757
      vertex -7.19352912903 2.47118496895 -6.27303123474
    endloop
  endfacet
  facet normal 0.972370743752 0.222910806537 -0.0693248361349
    outer loop
      vertex -7.33593893051 4.27914476395 -6.21409082413
      vertex -7.19352912903 2.47118496895 -6.27303123474
      vertex -7.27314090729 4.27749300003 -6.48751115799
    endloop
  endfacet
  facet normal 0.109510309994 0.981599748135 -0.156426936388
    outer loop
      vertex -6.34478902817 4.27004909515 -7.32775020599
      vertex -6.32455587387 2.46357393265 -7.04212903976
      vertex -6.08614492416 2.46208310127 -7.06848907471
    endloop
  endfacet
  facet normal 0.0914246812463 0.983807563782 -0.154156252742
    outer loop
      vertex -6.34478902817 4.27004909515 -7.32775020599
      vertex -6.08614492416 2.46208310127 -7.06848907471
      vertex -6.08841896057 4.26989507675 -7.35155010223
    endloop
  endfacet
  facet normal -0.520833075047 -0.00231169001199 -0.853655397892
    outer loop
      vertex -5.22956180573 1.09658503532 -5.81161403656
      vertex -6.08094882965 0.577771067619 -5.57704305649
      vertex -5.22786903381 1.0986289978 -5.43817186356
    endloop
  endfacet
  facet normal -0.905993282795 0.00178964040242 -0.423288226128
    outer loop
      vertex -5.22956180573 1.09658503532 -5.81161403656
      vertex -5.22786903381 1.0986289978 -5.43817186356
      vertex -5.0622420311 1.45407104492 -5.66030311584
    endloop
  endfacet
  facet normal 0.9424675107 -0.269534021616 -0.197753369808
    outer loop
      vertex -6.82910299301 1.45512402058 -4.85371685028
      vertex -6.82166385651 1.09852695465 -5.08933401108
      vertex -7.09138584137 2.47982096672 -5.01902294159
    endloop
  endfacet
  facet normal 0.827425539494 -0.547847747803 -0.123408950865
    outer loop
      vertex -6.82910299301 1.45512402058 -4.85371685028
      vertex -7.09138584137 2.47982096672 -5.01902294159
      vertex -6.9543170929 2.48031997681 -4.8118929863
    endloop
  endfacet
  facet normal -9.74559370661e-05 -0.509034216404 -0.860746264458
    outer loop
      vertex -5.90685415268 1.09969103336 -4.69454097748
      vertex -6.08094882965 0.577771067619 -5.57704305649
      vertex -6.2577829361 1.09961700439 -4.69459915161
    endloop
  endfacet
  facet normal 6.92220783094e-05 -0.919313251972 -0.39352658391
    outer loop
      vertex -5.90685415268 1.09969103336 -4.69454097748
      vertex -6.2577829361 1.09961700439 -4.69459915161
      vertex -6.08333015442 1.45733094215 -4.54146099091
    endloop
  endfacet
  facet normal -0.494590997696 -0.163406744599 -0.85362637043
    outer loop
      vertex -5.22786903381 1.0986289978 -5.43817186356
      vertex -6.08094882965 0.577771067619 -5.57704305649
      vertex -5.34276008606 1.09886395931 -5.08919811249
    endloop
  endfacet
  facet normal -0.865919828415 -0.28535965085 -0.41079518199
    outer loop
      vertex -5.22786903381 1.0986289978 -5.43817186356
      vertex -5.34276008606 1.09886395931 -5.08919811249
      vertex -5.12861013412 1.45556402206 -5.22553920746
    endloop
  endfacet
  facet normal 0.994447410107 0.0895470008254 -0.0552786290646
    outer loop
      vertex -7.35691976547 4.28055286407 -5.93049716949
      vertex -7.27179908752 2.47508406639 -5.76125001907
      vertex -7.24836111069 2.47423291206 -6.0210108757
    endloop
  endfacet
  facet normal 0.995720744133 0.0733870863914 -0.0561649240553
    outer loop
      vertex -7.35691976547 4.28055286407 -5.93049716949
      vertex -7.24836111069 2.47423291206 -6.0210108757
      vertex -7.33593893051 4.27914476395 -6.21409082413
    endloop
  endfacet
  facet normal -0.188684210181 -0.472061693668 -0.861136496067
    outer loop
      vertex -5.58139896393 1.09904003143 -4.82581377029
      vertex -6.08094882965 0.577771067619 -5.57704305649
      vertex -5.90685415268 1.09969103336 -4.69454097748
    endloop
  endfacet
  facet normal -0.342126488686 -0.850193619728 -0.40015026927
    outer loop
      vertex -5.58139896393 1.09904003143 -4.82581377029
      vertex -5.90685415268 1.09969103336 -4.69454097748
      vertex -5.67852210999 1.45673000813 -4.61838102341
    endloop
  endfacet
  facet normal -0.930563628674 0.270264387131 -0.246998921037
    outer loop
      vertex -5.34251594543 1.44440901279 -6.46215200424
      vertex -5.34758090973 1.09256994724 -6.15804100037
      vertex -5.08205604553 2.4703130722 -6.50293779373
    endloop
  endfacet
  facet normal -0.812234520912 0.537111580372 -0.22756588459
    outer loop
      vertex -5.34251594543 1.44440901279 -6.46215200424
      vertex -5.08205604553 2.4703130722 -6.50293779373
      vertex -5.21951389313 2.46625995636 -6.70908784866
    endloop
  endfacet
  facet normal -0.379058331251 -0.344018995762 -0.859049320221
    outer loop
      vertex -5.34276008606 1.09886395931 -5.08919811249
      vertex -6.08094882965 0.577771067619 -5.57704305649
      vertex -5.58139896393 1.09904003143 -4.82581377029
    endloop
  endfacet
  facet normal -0.674416482449 -0.611329734325 -0.414051115513
    outer loop
      vertex -5.34276008606 1.09886395931 -5.08919811249
      vertex -5.58139896393 1.09904003143 -4.82581377029
      vertex -5.33738899231 1.45549201965 -4.85358095169
    endloop
  endfacet
  facet normal -0.109561942518 0.981677830219 -0.155899882317
    outer loop
      vertex -6.08614492416 2.46208310127 -7.06848907471
      vertex -5.84775686264 2.46366500854 -7.04213476181
      vertex -5.83212423325 4.27009296417 -7.32726812363
    endloop
  endfacet
  facet normal -0.0933146253228 0.983669877052 -0.153902292252
    outer loop
      vertex -6.08614492416 2.46208310127 -7.06848907471
      vertex -5.83212423325 4.27009296417 -7.32726812363
      vertex -6.08841896057 4.26989507675 -7.35155010223
    endloop
  endfacet
  facet normal 0.333355158567 -0.929517745972 -0.15770585835
    outer loop
      vertex -6.76715183258 2.48222303391 -4.65723705292
      vertex -6.58314704895 1.09881794453 -4.82596111298
      vertex -6.82910299301 1.45512402058 -4.85371685028
    endloop
  endfacet
  facet normal 0.632562279701 -0.76686578989 -0.108544051647
    outer loop
      vertex -6.76715183258 2.48222303391 -4.65723705292
      vertex -6.82910299301 1.45512402058 -4.85371685028
      vertex -6.9543170929 2.48031997681 -4.8118929863
    endloop
  endfacet
  facet normal -0.689485192299 0.66009914875 -0.298126339912
    outer loop
      vertex -5.08205604553 2.4703130722 -6.50293779373
      vertex -5.34758090973 1.09256994724 -6.15804100037
      vertex -5.13163089752 1.45019805431 -6.09399604797
    endloop
  endfacet
  facet normal -0.893498957157 0.40014141798 -0.203829556704
    outer loop
      vertex -5.08205604553 2.4703130722 -6.50293779373
      vertex -5.13163089752 1.45019805431 -6.09399604797
      vertex -4.97877597809 2.47166800499 -6.27300786972
    endloop
  endfacet
  facet normal 0.995200514793 -0.0887405052781 -0.0412432923913
    outer loop
      vertex -7.33647298813 4.28181409836 -5.64684915543
      vertex -7.24873495102 2.47733902931 -5.50154590607
      vertex -7.27179908752 2.47508406639 -5.76125001907
    endloop
  endfacet
  facet normal 0.996591389179 -0.072019085288 -0.0402342937887
    outer loop
      vertex -7.33647298813 4.28181409836 -5.64684915543
      vertex -7.27179908752 2.47508406639 -5.76125001907
      vertex -7.35691976547 4.28055286407 -5.93049716949
    endloop
  endfacet
  facet normal 0.742262303829 -0.64616394043 -0.177535459399
    outer loop
      vertex -6.48808383942 1.45653998852 -4.61847496033
      vertex -6.58314704895 1.09881794453 -4.82596111298
      vertex -6.76715183258 2.48222303391 -4.65723705292
    endloop
  endfacet
  facet normal 0.485633134842 -0.868503391743 -0.0993091538548
    outer loop
      vertex -6.48808383942 1.45653998852 -4.61847496033
      vertex -6.76715183258 2.48222303391 -4.65723705292
      vertex -6.55713796616 2.48249793053 -4.53977394104
    endloop
  endfacet
  facet normal -0.25648188591 0.954916238785 -0.149505794048
    outer loop
      vertex -5.84775686264 2.46366500854 -7.04213476181
      vertex -5.61631917953 2.46297693253 -6.97986507416
      vertex -5.58525180817 4.27068376541 -7.25454282761
    endloop
  endfacet
  facet normal -0.279629200697 0.947991013527 -0.152054354548
    outer loop
      vertex -5.84775686264 2.46366500854 -7.04213476181
      vertex -5.58525180817 4.27068376541 -7.25454282761
      vertex -5.83212423325 4.27009296417 -7.32726812363
    endloop
  endfacet
  facet normal 0.97715908289 -0.21055290103 -0.028767356649
    outer loop
      vertex -7.27424812317 4.28301477432 -5.37324476242
      vertex -7.19436788559 2.47787094116 -5.24915885925
      vertex -7.24873495102 2.47733902931 -5.50154590607
    endloop
  endfacet
  facet normal 0.974647223949 -0.221789821982 -0.0295302979648
    outer loop
      vertex -7.27424812317 4.28301477432 -5.37324476242
      vertex -7.24873495102 2.47733902931 -5.50154590607
      vertex -7.33647298813 4.28181409836 -5.64684915543
    endloop
  endfacet
  facet normal -0.975494742393 -0.0832789316773 -0.203653290868
    outer loop
      vertex -5.13163089752 1.45019805431 -6.09399604797
      vertex -5.22956180573 1.09658503532 -5.81161403656
      vertex -4.92397499084 2.47472500801 -6.02097511292
    endloop
  endfacet
  facet normal -0.96162956953 0.206907346845 -0.180160671473
    outer loop
      vertex -5.13163089752 1.45019805431 -6.09399604797
      vertex -4.92397499084 2.47472500801 -6.02097511292
      vertex -4.97877597809 2.47166800499 -6.27300786972
    endloop
  endfacet
  facet normal -0.481977075338 0.864638268948 -0.141770139337
    outer loop
      vertex -5.61631917953 2.46297693253 -6.97986507416
      vertex -5.40655708313 2.46566295624 -6.86337709427
      vertex -5.35789585114 4.27177190781 -7.13239002228
    endloop
  endfacet
  facet normal -0.469114154577 0.871882736683 -0.140543282032
    outer loop
      vertex -5.61631917953 2.46297693253 -6.97986507416
      vertex -5.35789585114 4.27177190781 -7.13239002228
      vertex -5.58525180817 4.27068376541 -7.25454282761
    endloop
  endfacet
  facet normal -0.0931396633387 -0.984314084053 -0.149836063385
    outer loop
      vertex -6.32514286041 2.48360610008 -4.47754907608
      vertex -6.2577829361 1.09961700439 -4.69459915161
      vertex -6.48808383942 1.45653998852 -4.61847496033
    endloop
  endfacet
  facet normal 0.257575839758 -0.961951375008 -0.0911277085543
    outer loop
      vertex -6.32514286041 2.48360610008 -4.47754907608
      vertex -6.48808383942 1.45653998852 -4.61847496033
      vertex -6.55713796616 2.48249793053 -4.53977394104
    endloop
  endfacet
  facet normal -0.888888061047 0.380644798279 -0.254926621914
    outer loop
      vertex -4.92397499084 2.47472500801 -6.02097511292
      vertex -5.22956180573 1.09658503532 -5.81161403656
      vertex -5.0622420311 1.45407104492 -5.66030311584
    endloop
  endfacet
  facet normal -0.982481479645 0.0880921259522 -0.164225265384
    outer loop
      vertex -4.92397499084 2.47472500801 -6.02097511292
      vertex -5.0622420311 1.45407104492 -5.66030311584
      vertex -4.90053701401 2.47560095787 -5.76120710373
    endloop
  endfacet
  facet normal 0.822723925114 0.559845387936 -0.0984810590744
    outer loop
      vertex -7.01626014709 4.27333402634 -6.96147108078
      vertex -7.0321521759 4.73150777817 -7.01871299744
      vertex -7.18588399887 4.7336730957 -6.79317617416
    endloop
  endfacet
  facet normal 0.822142362595 0.560797572136 -0.0979186743498
    outer loop
      vertex -7.01626014709 4.27333402634 -6.96147108078
      vertex -7.18588399887 4.7336730957 -6.79317617416
      vertex -7.16731405258 4.27553701401 -6.74040699005
    endloop
  endfacet
  facet normal 0.65539509058 0.7462195158 -0.116677686572
    outer loop
      vertex -6.81929922104 4.2716550827 -7.13375711441
      vertex -6.8317117691 4.72972917557 -7.19447898865
      vertex -7.0321521759 4.73150777817 -7.01871299744
    endloop
  endfacet
  facet normal 0.654498875141 0.747104823589 -0.116041377187
    outer loop
      vertex -6.81929922104 4.2716550827 -7.13375711441
      vertex -7.0321521759 4.73150777817 -7.01871299744
      vertex -7.01626014709 4.27333402634 -6.96147108078
    endloop
  endfacet
  facet normal 0.919884800911 0.383632481098 -0.081474378705
    outer loop
      vertex -7.16731405258 4.27553701401 -6.74040699005
      vertex -7.18588399887 4.7336730957 -6.79317617416
      vertex -7.29368686676 4.73550987244 -6.53507423401
    endloop
  endfacet
  facet normal 0.919668734074 0.384218007326 -0.0811536386609
    outer loop
      vertex -7.16731405258 4.27553701401 -6.74040699005
      vertex -7.29368686676 4.73550987244 -6.53507423401
      vertex -7.27314090729 4.27749300003 -6.48751115799
    endloop
  endfacet
  facet normal 0.497827887535 0.857870101929 -0.127382576466
    outer loop
      vertex -6.59175300598 4.2705988884 -7.25548887253
      vertex -6.60007619858 4.72880792618 -7.31869697571
      vertex -6.76706790924 4.72998905182 -7.22196578979
    endloop
  endfacet
  facet normal 0.389709293842 0.917299211025 -0.0817850902677
    outer loop
      vertex -6.59175300598 4.2705988884 -7.25548887253
      vertex -6.76706790924 4.72998905182 -7.22196578979
      vertex -6.8317117691 4.72972917557 -7.19447898865
    endloop
  endfacet
  facet normal 0.468264132738 0.874184429646 -0.128569960594
    outer loop
      vertex -6.59175300598 4.2705988884 -7.25548887253
      vertex -6.8317117691 4.72972917557 -7.19447898865
      vertex -6.81929922104 4.2716550827 -7.13375711441
    endloop
  endfacet
  facet normal 0.445524603128 -0.880886614323 -0.159832894802
    outer loop
      vertex -6.08333015442 1.45733094215 -4.54146099091
      vertex -6.2577829361 1.09961700439 -4.69459915161
      vertex -6.32514286041 2.48360610008 -4.47754907608
    endloop
  endfacet
  facet normal 0.111437641084 -0.98987621069 -0.0879021063447
    outer loop
      vertex -6.08333015442 1.45733094215 -4.54146099091
      vertex -6.32514286041 2.48360610008 -4.47754907608
      vertex -6.08619785309 2.48324799538 -4.45068120956
    endloop
  endfacet
  facet normal 0.912605166435 -0.408513844013 -0.0163786672056
    outer loop
      vertex -7.16897678375 4.28423213959 -5.120013237
      vertex -7.09138584137 2.47982096672 -5.01902294159
      vertex -7.19436788559 2.47787094116 -5.24915885925
    endloop
  endfacet
  facet normal 0.923268198967 -0.38388338685 -0.0144678307697
    outer loop
      vertex -7.16897678375 4.28423213959 -5.120013237
      vertex -7.19436788559 2.47787094116 -5.24915885925
      vertex -7.27424812317 4.28301477432 -5.37324476242
    endloop
  endfacet
  facet normal 0.972590863705 0.222733691335 -0.0667582526803
    outer loop
      vertex -7.27314090729 4.27749300003 -6.48751115799
      vertex -7.29368686676 4.73550987244 -6.53507423401
      vertex -7.3577132225 4.73697519302 -6.2559337616
    endloop
  endfacet
  facet normal 0.972545981407 0.222967326641 -0.0666322410107
    outer loop
      vertex -7.27314090729 4.27749300003 -6.48751115799
      vertex -7.3577132225 4.73697519302 -6.2559337616
      vertex -7.33593893051 4.27914476395 -6.21409082413
    endloop
  endfacet
  facet normal 0.27880358696 0.95061403513 -0.136387303472
    outer loop
      vertex -6.34478902817 4.27004909515 -7.32775020599
      vertex -6.34860420227 4.72841405869 -7.39239406586
      vertex -6.60007619858 4.72880792618 -7.31869697571
    endloop
  endfacet
  facet normal 0.278486281633 0.950732707977 -0.136208385229
    outer loop
      vertex -6.34478902817 4.27004909515 -7.32775020599
      vertex -6.60007619858 4.72880792618 -7.31869697571
      vertex -6.59175300598 4.2705988884 -7.25548887253
    endloop
  endfacet
  facet normal -0.631460547447 0.765022337437 -0.126484662294
    outer loop
      vertex -5.40655708313 2.46566295624 -6.86337709427
      vertex -5.21951389313 2.46625995636 -6.70908784866
      vertex -5.16119480133 4.27347707748 -6.95974588394
    endloop
  endfacet
  facet normal -0.654806375504 0.744780004025 -0.128574177623
    outer loop
      vertex -5.40655708313 2.46566295624 -6.86337709427
      vertex -5.16119480133 4.27347707748 -6.95974588394
      vertex -5.35789585114 4.27177190781 -7.13239002228
    endloop
  endfacet
  facet normal -0.905342400074 -0.383659183979 -0.182101115584
    outer loop
      vertex -5.0622420311 1.45407104492 -5.66030311584
      vertex -5.22786903381 1.0986289978 -5.43817186356
      vertex -4.92361593246 2.47784090042 -5.50150203705
    endloop
  endfacet
  facet normal -0.985116124153 -0.0888126567006 -0.147168189287
    outer loop
      vertex -5.0622420311 1.45407104492 -5.66030311584
      vertex -4.92361593246 2.47784090042 -5.50150203705
      vertex -4.90053701401 2.47560095787 -5.76120710373
    endloop
  endfacet
  facet normal -0.445568561554 -0.881309330463 -0.157361254096
    outer loop
      vertex -5.84727621078 2.483700037 -4.47754192352
      vertex -5.90685415268 1.09969103336 -4.69454097748
      vertex -6.08333015442 1.45733094215 -4.54146099091
    endloop
  endfacet
  facet normal -0.111457705498 -0.989928662777 -0.0872837156057
    outer loop
      vertex -5.84727621078 2.483700037 -4.47754192352
      vertex -6.08333015442 1.45733094215 -4.54146099091
      vertex -6.08619785309 2.48324799538 -4.45068120956
    endloop
  endfacet
  facet normal -0.971963047981 0.0870840400457 -0.218412935734
    outer loop
      vertex -4.92361593246 2.47784090042 -5.50150203705
      vertex -5.22786903381 1.0986289978 -5.43817186356
      vertex -5.12861013412 1.45556402206 -5.22553920746
    endloop
  endfacet
  facet normal -0.968190789223 -0.208873018622 -0.137763172388
    outer loop
      vertex -4.92361593246 2.47784090042 -5.50150203705
      vertex -5.12861013412 1.45556402206 -5.22553920746
      vertex -4.97799110413 2.47837305069 -5.249106884
    endloop
  endfacet
  facet normal 0.995813012123 0.0736889019608 -0.0540956519544
    outer loop
      vertex -7.33593893051 4.27914476395 -6.21409082413
      vertex -7.3577132225 4.73697519302 -6.2559337616
      vertex -7.3792052269 4.73813581467 -5.96634817123
    endloop
  endfacet
  facet normal 0.995825648308 0.0734043493867 -0.0542504303157
    outer loop
      vertex -7.33593893051 4.27914476395 -6.21409082413
      vertex -7.3792052269 4.73813581467 -5.96634817123
      vertex -7.35691976547 4.28055286407 -5.93049716949
    endloop
  endfacet
  facet normal 0.0932635739446 -0.984231114388 -0.150303095579
    outer loop
      vertex -5.67852210999 1.45673000813 -4.61838102341
      vertex -5.90685415268 1.09969103336 -4.69454097748
      vertex -5.84727621078 2.483700037 -4.47754192352
    endloop
  endfacet
  facet normal -0.257607281208 -0.962085485458 -0.0896101370454
    outer loop
      vertex -5.67852210999 1.45673000813 -4.61838102341
      vertex -5.84727621078 2.483700037 -4.47754192352
      vertex -5.61528921127 2.48269701004 -4.53975200653
    endloop
  endfacet
  facet normal 0.833929538727 -0.551862001419 -0.00313769769855
    outer loop
      vertex -7.01836490631 4.28549718857 -4.8984131813
      vertex -6.9543170929 2.48031997681 -4.8118929863
      vertex -7.09138584137 2.47982096672 -5.01902294159
    endloop
  endfacet
  facet normal 0.827041089535 -0.562126517296 -0.00410188036039
    outer loop
      vertex -7.01836490631 4.28549718857 -4.8984131813
      vertex -7.09138584137 2.47982096672 -5.01902294159
      vertex -7.16897678375 4.28423213959 -5.120013237
    endloop
  endfacet
  facet normal 0.09130512923 0.985983788967 -0.139639914036
    outer loop
      vertex -6.08841896057 4.26989507675 -7.35155010223
      vertex -6.08756399155 4.728328228 -7.41655492783
      vertex -6.34860420227 4.72841405869 -7.39239406586
    endloop
  endfacet
  facet normal 0.091613188386 0.985931098461 -0.139810025692
    outer loop
      vertex -6.08841896057 4.26989507675 -7.35155010223
      vertex -6.34860420227 4.72841405869 -7.39239406586
      vertex -6.34478902817 4.27004909515 -7.32775020599
    endloop
  endfacet
  facet normal -0.0934994295239 0.985734283924 -0.139949247241
    outer loop
      vertex -6.08756399155 4.728328228 -7.41655492783
      vertex -6.08841896057 4.26989507675 -7.35155010223
      vertex -5.83212423325 4.27009296417 -7.32726812363
    endloop
  endfacet
  facet normal -0.0944864302874 0.985718548298 -0.139395982027
    outer loop
      vertex -6.08756399155 4.728328228 -7.41655492783
      vertex -5.83212423325 4.27009296417 -7.32726812363
      vertex -5.826608181 4.72851276398 -7.39156723022
    endloop
  endfacet
  facet normal -0.714897572994 -0.678261876106 -0.169948071241
    outer loop
      vertex -5.12861013412 1.45556402206 -5.22553920746
      vertex -5.34276008606 1.09886395931 -5.08919811249
      vertex -5.08098697662 2.480271101 -5.01898002625
    endloop
  endfacet
  facet normal -0.905331134796 -0.406213819981 -0.123959325254
    outer loop
      vertex -5.12861013412 1.45556402206 -5.22553920746
      vertex -5.08098697662 2.480271101 -5.01898002625
      vertex -4.97799110413 2.47837305069 -5.249106884
    endloop
  endfacet
  facet normal -0.828386843204 0.550298810005 -0.104625590146
    outer loop
      vertex -5.21951389313 2.46625995636 -6.70908784866
      vertex -5.08205604553 2.4703130722 -6.50293779373
      vertex -5.01046085358 4.27569389343 -6.73841094971
    endloop
  endfacet
  facet normal -0.822528779507 0.559116542339 -0.10409168154
    outer loop
      vertex -5.21951389313 2.46625995636 -6.70908784866
      vertex -5.01046085358 4.27569389343 -6.73841094971
      vertex -5.16119480133 4.27347707748 -6.95974588394
    endloop
  endfacet
  facet normal -0.742745578289 -0.646736502647 -0.173380926251
    outer loop
      vertex -5.40526008606 2.48251390457 -4.65721082687
      vertex -5.58139896393 1.09904003143 -4.82581377029
      vertex -5.67852210999 1.45673000813 -4.61838102341
    endloop
  endfacet
  facet normal -0.485762506723 -0.868745625019 -0.0965184345841
    outer loop
      vertex -5.40526008606 2.48251390457 -4.65721082687
      vertex -5.67852210999 1.45673000813 -4.61838102341
      vertex -5.61528921127 2.48269701004 -4.53975200653
    endloop
  endfacet
  facet normal -0.943461239338 -0.269859731197 -0.192500904202
    outer loop
      vertex -5.08098697662 2.480271101 -5.01898002625
      vertex -5.34276008606 1.09886395931 -5.08919811249
      vertex -5.33738899231 1.45549201965 -4.85358095169
    endloop
  endfacet
  facet normal -0.827901303768 -0.548176527023 -0.118667311966
    outer loop
      vertex -5.08098697662 2.480271101 -5.01898002625
      vertex -5.33738899231 1.45549201965 -4.85358095169
      vertex -5.21807193756 2.48072004318 -4.81184577942
    endloop
  endfacet
  facet normal -0.333349108696 -0.929847836494 -0.155760645866
    outer loop
      vertex -5.33738899231 1.45549201965 -4.85358095169
      vertex -5.58139896393 1.09904003143 -4.82581377029
      vertex -5.40526008606 2.48251390457 -4.65721082687
    endloop
  endfacet
  facet normal -0.632774651051 -0.767201125622 -0.104874402285
    outer loop
      vertex -5.33738899231 1.45549201965 -4.85358095169
      vertex -5.40526008606 2.48251390457 -4.65721082687
      vertex -5.21807193756 2.48072004318 -4.81184577942
    endloop
  endfacet
  facet normal 0.996530115604 -0.0712970048189 -0.0429476164281
    outer loop
      vertex -7.35691976547 4.28055286407 -5.93049716949
      vertex -7.3792052269 4.73813581467 -5.96634817123
      vertex -7.35852193832 4.73908376694 -5.67667913437
    endloop
  endfacet
  facet normal 0.996460437775 -0.0720234960318 -0.043349519372
    outer loop
      vertex -7.35691976547 4.28055286407 -5.93049716949
      vertex -7.35852193832 4.73908376694 -5.67667913437
      vertex -7.33647298813 4.28181409836 -5.64684915543
    endloop
  endfacet
  facet normal 0.637010514736 -0.770791471004 0.00990502350032
    outer loop
      vertex -6.82166385651 4.28659582138 -4.72547483444
      vertex -6.76715183258 2.48222303391 -4.65723705292
      vertex -6.9543170929 2.48031997681 -4.8118929863
    endloop
  endfacet
  facet normal 0.660274147987 -0.75091958046 0.0125642474741
    outer loop
      vertex -6.82166385651 4.28659582138 -4.72547483444
      vertex -6.9543170929 2.48031997681 -4.8118929863
      vertex -7.01836490631 4.28549718857 -4.8984131813
    endloop
  endfacet
  facet normal -0.28023058176 0.950157642365 -0.136643067002
    outer loop
      vertex -5.826608181 4.72851276398 -7.39156723022
      vertex -5.83212423325 4.27009296417 -7.32726812363
      vertex -5.58525180817 4.27068376541 -7.25454282761
    endloop
  endfacet
  facet normal -0.281840056181 0.949817657471 -0.135692849755
    outer loop
      vertex -5.826608181 4.72851276398 -7.39156723022
      vertex -5.58525180817 4.27068376541 -7.25454282761
      vertex -5.57534885406 4.7289981842 -7.3170800209
    endloop
  endfacet
  facet normal -0.909082114697 0.407840967178 -0.0850615128875
    outer loop
      vertex -5.08205604553 2.4703130722 -6.50293779373
      vertex -4.97877597809 2.47166800499 -6.27300786972
      vertex -4.90504598618 4.27766084671 -6.48533010483
    endloop
  endfacet
  facet normal -0.919911086559 0.38249707222 -0.0863690003753
    outer loop
      vertex -5.08205604553 2.4703130722 -6.50293779373
      vertex -4.90504598618 4.27766084671 -6.48533010483
      vertex -5.01046085358 4.27569389343 -6.73841094971
    endloop
  endfacet
  facet normal 0.97483509779 -0.220527917147 -0.0326191782951
    outer loop
      vertex -7.33647298813 4.28181409836 -5.64684915543
      vertex -7.35852193832 4.73908376694 -5.67667913437
      vertex -7.29534292221 4.73991107941 -5.39727592468
    endloop
  endfacet
  facet normal 0.974527180195 -0.221779182553 -0.0333285182714
    outer loop
      vertex -7.33647298813 4.28181409836 -5.64684915543
      vertex -7.29534292221 4.73991107941 -5.39727592468
      vertex -7.27424812317 4.28301477432 -5.37324476242
    endloop
  endfacet
  facet normal 0.488062262535 -0.872565865517 0.0205928832293
    outer loop
      vertex -6.59417915344 4.28731107712 -4.60308694839
      vertex -6.55713796616 2.48249793053 -4.53977394104
      vertex -6.76715183258 2.48222303391 -4.65723705292
    endloop
  endfacet
  facet normal 0.47374856472 -0.880455493927 0.0189845915884
    outer loop
      vertex -6.59417915344 4.28731107712 -4.60308694839
      vertex -6.76715183258 2.48222303391 -4.65723705292
      vertex -6.82166385651 4.28659582138 -4.72547483444
    endloop
  endfacet
  facet normal -0.469796597958 0.873253047466 -0.129306837916
    outer loop
      vertex -5.57534885406 4.7289981842 -7.3170800209
      vertex -5.58525180817 4.27068376541 -7.25454282761
      vertex -5.35789585114 4.27177190781 -7.13239002228
    endloop
  endfacet
  facet normal -0.471724003553 0.872399449348 -0.128045395017
    outer loop
      vertex -5.57534885406 4.7289981842 -7.3170800209
      vertex -5.35789585114 4.27177190781 -7.13239002228
      vertex -5.34401798248 4.72987699509 -7.19212388992
    endloop
  endfacet
  facet normal -0.975185573101 0.211236268282 -0.0662746727467
    outer loop
      vertex -4.97877597809 2.47166800499 -6.27300786972
      vertex -4.92397499084 2.47472500801 -6.02097511292
      vertex -4.84266805649 4.27932214737 -6.21180295944
    endloop
  endfacet
  facet normal -0.972945153713 0.221480041742 -0.0657591447234
    outer loop
      vertex -4.97877597809 2.47166800499 -6.27300786972
      vertex -4.84266805649 4.27932214737 -6.21180295944
      vertex -4.90504598618 4.27766084671 -6.48533010483
    endloop
  endfacet
  facet normal 0.923750460148 -0.38233101368 -0.0225396975875
    outer loop
      vertex -7.27424812317 4.28301477432 -5.37324476242
      vertex -7.29534292221 4.73991107941 -5.39727592468
      vertex -7.18834114075 4.74068307877 -5.13870382309
    endloop
  endfacet
  facet normal 0.923095822334 -0.383854866028 -0.023443505168
    outer loop
      vertex -7.27424812317 4.28301477432 -5.37324476242
      vertex -7.18834114075 4.74068307877 -5.13870382309
      vertex -7.16897678375 4.28423213959 -5.120013237
    endloop
  endfacet
  facet normal 0.259090185165 -0.965528547764 0.0250369608402
    outer loop
      vertex -6.3471159935 4.28770303726 -4.5302271843
      vertex -6.32514286041 2.48360610008 -4.47754907608
      vertex -6.55713796616 2.48249793053 -4.53977394104
    endloop
  endfacet
  facet normal 0.282791286707 -0.958777666092 0.0278301034123
    outer loop
      vertex -6.3471159935 4.28770303726 -4.5302271843
      vertex -6.55713796616 2.48249793053 -4.53977394104
      vertex -6.59417915344 4.28731107712 -4.60308694839
    endloop
  endfacet
  facet normal -0.655685424805 0.745894670486 -0.117122910917
    outer loop
      vertex -5.34401798248 4.72987699509 -7.19212388992
      vertex -5.35789585114 4.27177190781 -7.13239002228
      vertex -5.16119480133 4.27347707748 -6.95974588394
    endloop
  endfacet
  facet normal -0.657609939575 0.744435191154 -0.115608900785
    outer loop
      vertex -5.34401798248 4.72987699509 -7.19212388992
      vertex -5.16119480133 4.27347707748 -6.95974588394
      vertex -5.14405202866 4.73125600815 -7.01569414139
    endloop
  endfacet
  facet normal -0.994647920132 0.0895699560642 -0.0515051744878
    outer loop
      vertex -4.92397499084 2.47472500801 -6.02097511292
      vertex -4.90053701401 2.47560095787 -5.76120710373
      vertex -4.82209920883 4.28073978424 -5.92818021774
    endloop
  endfacet
  facet normal -0.996024668217 0.0719719454646 -0.0524870455265
    outer loop
      vertex -4.92397499084 2.47472500801 -6.02097511292
      vertex -4.82209920883 4.28073978424 -5.92818021774
      vertex -4.84266805649 4.27932214737 -6.21180295944
    endloop
  endfacet
  facet normal 0.111644782126 -0.993291437626 0.0301252938807
    outer loop
      vertex -6.09059286118 4.28783607483 -4.50590610504
      vertex -6.08619785309 2.48324799538 -4.45068120956
      vertex -6.32514286041 2.48360610008 -4.47754907608
    endloop
  endfacet
  facet normal 0.0943648815155 -0.995146453381 0.0279080588371
    outer loop
      vertex -6.09059286118 4.28783607483 -4.50590610504
      vertex -6.32514286041 2.48360610008 -4.47754907608
      vertex -6.3471159935 4.28770303726 -4.5302271843
    endloop
  endfacet
  facet normal 0.828183174133 -0.560324907303 -0.012190845795
    outer loop
      vertex -7.16897678375 4.28423213959 -5.120013237
      vertex -7.18834114075 4.74068307877 -5.13870382309
      vertex -7.03527212143 4.74144077301 -4.91244506836
    endloop
  endfacet
  facet normal 0.826949596405 -0.562117218971 -0.0133652947843
    outer loop
      vertex -7.16897678375 4.28423213959 -5.120013237
      vertex -7.03527212143 4.74144077301 -4.91244506836
      vertex -7.01836490631 4.28549718857 -4.8984131813
    endloop
  endfacet
  facet normal -0.995347201824 -0.0887755677104 -0.0374539084733
    outer loop
      vertex -4.90053701401 2.47560095787 -5.76120710373
      vertex -4.92361593246 2.47784090042 -5.50150203705
      vertex -4.84296607971 4.28200912476 -5.64457798004
    endloop
  endfacet
  facet normal -0.996627271175 -0.0734932646155 -0.0365080200136
    outer loop
      vertex -4.90053701401 2.47560095787 -5.76120710373
      vertex -4.84296607971 4.28200912476 -5.64457798004
      vertex -4.82209920883 4.28073978424 -5.92818021774
    endloop
  endfacet
  facet normal -0.822920024395 0.559432089329 -0.0991887971759
    outer loop
      vertex -5.14405202866 4.73125600815 -7.01569414139
      vertex -5.16119480133 4.27347707748 -6.95974588394
      vertex -5.01046085358 4.27569389343 -6.73841094971
    endloop
  endfacet
  facet normal -0.824278175831 0.557686924934 -0.0977282896638
    outer loop
      vertex -5.14405202866 4.73125600815 -7.01569414139
      vertex -5.01046085358 4.27569389343 -6.73841094971
      vertex -4.99090719223 4.73304891586 -6.78965616226
    endloop
  endfacet
  facet normal -0.111611157656 -0.993278622627 0.0306686386466
    outer loop
      vertex -5.84727621078 2.483700037 -4.47754192352
      vertex -6.08619785309 2.48324799538 -4.45068120956
      vertex -6.09059286118 4.28783607483 -4.50590610504
    endloop
  endfacet
  facet normal -0.0925408899784 -0.995311498642 0.0281286668032
    outer loop
      vertex -5.84727621078 2.483700037 -4.47754192352
      vertex -6.09059286118 4.28783607483 -4.50590610504
      vertex -5.83401584625 4.287733078 -4.52975893021
    endloop
  endfacet
  facet normal -0.977256000042 -0.210588172078 -0.0249666906893
    outer loop
      vertex -4.92361593246 2.47784090042 -5.50150203705
      vertex -4.97799110413 2.47837305069 -5.249106884
      vertex -4.90559482574 4.2832069397 -5.37109279633
    endloop
  endfacet
  facet normal -0.974416673183 -0.223257005215 -0.0258534718305
    outer loop
      vertex -4.92361593246 2.47784090042 -5.50150203705
      vertex -4.90559482574 4.2832069397 -5.37109279633
      vertex -4.84296607971 4.28200912476 -5.64457798004
    endloop
  endfacet
  facet normal -0.259027957916 -0.965518653393 0.0260426029563
    outer loop
      vertex -5.61528921127 2.48269701004 -4.53975200653
      vertex -5.84727621078 2.483700037 -4.47754192352
      vertex -5.83401584625 4.287733078 -4.52975893021
    endloop
  endfacet
  facet normal -0.281083643436 -0.959252536297 0.0287499092519
    outer loop
      vertex -5.61528921127 2.48269701004 -4.53975200653
      vertex -5.83401584625 4.287733078 -4.52975893021
      vertex -5.58686208725 4.28737306595 -4.60216999054
    endloop
  endfacet
  facet normal 0.662099719048 -0.749414265156 -0.00148831529077
    outer loop
      vertex -7.01836490631 4.28549718857 -4.8984131813
      vertex -7.03527212143 4.74144077301 -4.91244506836
      vertex -6.83529806137 4.74202203751 -4.73576879501
    endloop
  endfacet
  facet normal 0.660275280476 -0.751018464565 -0.00279144966044
    outer loop
      vertex -7.01836490631 4.28549718857 -4.8984131813
      vertex -6.83529806137 4.74202203751 -4.73576879501
      vertex -6.82166385651 4.28659582138 -4.72547483444
    endloop
  endfacet
  facet normal -0.912638008595 -0.408567488194 -0.0128260497004
    outer loop
      vertex -4.97799110413 2.47837305069 -5.249106884
      vertex -5.08098697662 2.480271101 -5.01898002625
      vertex -5.01127815247 4.2844119072 -5.11805486679
    endloop
  endfacet
  facet normal -0.922677755356 -0.385416150093 -0.0109610715881
    outer loop
      vertex -4.97799110413 2.47837305069 -5.249106884
      vertex -5.01127815247 4.2844119072 -5.11805486679
      vertex -4.90559482574 4.2832069397 -5.37109279633
    endloop
  endfacet
  facet normal -0.487996935844 -0.872555494308 0.0224920716137
    outer loop
      vertex -5.40526008606 2.48251390457 -4.65721082687
      vertex -5.61528921127 2.48269701004 -4.53975200653
      vertex -5.58686208725 4.28737306595 -4.60216999054
    endloop
  endfacet
  facet normal -0.472121179104 -0.881292283535 0.0206282399595
    outer loop
      vertex -5.40526008606 2.48251390457 -4.65721082687
      vertex -5.58686208725 4.28737306595 -4.60216999054
      vertex -5.35914802551 4.28669881821 -4.72414398193
    endloop
  endfacet
  facet normal -0.920223712921 0.382659554482 -0.0822189152241
    outer loop
      vertex -4.99090719223 4.73304891586 -6.78965616226
      vertex -5.01046085358 4.27569389343 -6.73841094971
      vertex -4.90504598618 4.27766084671 -6.48533010483
    endloop
  endfacet
  facet normal -0.920921325684 0.381212979555 -0.0811206698418
    outer loop
      vertex -4.99090719223 4.73304891586 -6.78965616226
      vertex -4.90504598618 4.27766084671 -6.48533010483
      vertex -4.88379096985 4.73456287384 -6.53120994568
    endloop
  endfacet
  facet normal -0.833912193775 -0.551897108555 0.000142127479194
    outer loop
      vertex -5.08098697662 2.480271101 -5.01898002625
      vertex -5.21807193756 2.48072004318 -4.81184577942
      vertex -5.16220188141 4.28564691544 -4.89672994614
    endloop
  endfacet
  facet normal -0.826189398766 -0.563391625881 -0.000983624486253
    outer loop
      vertex -5.08098697662 2.480271101 -5.01898002625
      vertex -5.16220188141 4.28564691544 -4.89672994614
      vertex -5.01127815247 4.2844119072 -5.11805486679
    endloop
  endfacet
  facet normal -0.636906206608 -0.770842850208 0.0123190572485
    outer loop
      vertex -5.21807193756 2.48072004318 -4.81184577942
      vertex -5.40526008606 2.48251390457 -4.65721082687
      vertex -5.35914802551 4.28669881821 -4.72414398193
    endloop
  endfacet
  facet normal -0.659033715725 -0.751964509487 0.0149643458426
    outer loop
      vertex -5.21807193756 2.48072004318 -4.81184577942
      vertex -5.35914802551 4.28669881821 -4.72414398193
      vertex -5.16220188141 4.28564691544 -4.89672994614
    endloop
  endfacet
  facet normal 0.475664049387 -0.879608929157 0.00564180407673
    outer loop
      vertex -6.82166385651 4.28659582138 -4.72547483444
      vertex -6.83529806137 4.74202203751 -4.73576879501
      vertex -6.60387611389 4.74223709106 -4.61062479019
    endloop
  endfacet
  facet normal 0.473793834448 -0.880624353886 0.00449193362147
    outer loop
      vertex -6.82166385651 4.28659582138 -4.72547483444
      vertex -6.60387611389 4.74223709106 -4.61062479019
      vertex -6.59417915344 4.28731107712 -4.60308694839
    endloop
  endfacet
  facet normal -0.972834587097 0.221444308758 -0.0674924701452
    outer loop
      vertex -4.88379096985 4.73456287384 -6.53120994568
      vertex -4.90504598618 4.27766084671 -6.48533010483
      vertex -4.84266805649 4.27932214737 -6.21180295944
    endloop
  endfacet
  facet normal -0.973164319992 0.220254331827 -0.0666277781129
    outer loop
      vertex -4.88379096985 4.73456287384 -6.53120994568
      vertex -4.84266805649 4.27932214737 -6.21180295944
      vertex -4.82048892975 4.73575782776 -6.25188016891
    endloop
  endfacet
  facet normal 0.28440657258 -0.958653450012 0.00982182659209
    outer loop
      vertex -6.59417915344 4.28731107712 -4.60308694839
      vertex -6.60387611389 4.74223709106 -4.61062479019
      vertex -6.35243415833 4.7421541214 -4.53602790833
    endloop
  endfacet
  facet normal 0.282862007618 -0.959119021893 0.00893225520849
    outer loop
      vertex -6.59417915344 4.28731107712 -4.60308694839
      vertex -6.35243415833 4.7421541214 -4.53602790833
      vertex -6.3471159935 4.28770303726 -4.5302271843
    endloop
  endfacet
  facet normal -0.995906412601 0.0719522535801 -0.0547112412751
    outer loop
      vertex -4.82048892975 4.73575782776 -6.25188016891
      vertex -4.84266805649 4.27932214737 -6.21180295944
      vertex -4.82209920883 4.28073978424 -5.92818021774
    endloop
  endfacet
  facet normal -0.995985925198 0.0712343007326 -0.0542007759213
    outer loop
      vertex -4.82048892975 4.73575782776 -6.25188016891
      vertex -4.82209920883 4.28073978424 -5.92818021774
      vertex -4.79972219467 4.73670482635 -5.96224212646
    endloop
  endfacet
  facet normal 0.0953259393573 -0.995378673077 0.0115896500647
    outer loop
      vertex -6.3471159935 4.28770303726 -4.5302271843
      vertex -6.35243415833 4.7421541214 -4.53602790833
      vertex -6.09127187729 4.74184083939 -4.51101303101
    endloop
  endfacet
  facet normal 0.0943872109056 -0.995474159718 0.011056765914
    outer loop
      vertex -6.3471159935 4.28770303726 -4.5302271843
      vertex -6.09127187729 4.74184083939 -4.51101303101
      vertex -6.09059286118 4.28783607483 -4.50590610504
    endloop
  endfacet
  facet normal -0.996349871159 -0.0735037326813 -0.0434063374996
    outer loop
      vertex -4.79972219467 4.73670482635 -5.96224212646
      vertex -4.82209920883 4.28073978424 -5.92818021774
      vertex -4.84296607971 4.28200912476 -5.64457798004
    endloop
  endfacet
  facet normal -0.996338069439 -0.0737761557102 -0.0432148911059
    outer loop
      vertex -4.79972219467 4.73670482635 -5.96224212646
      vertex -4.84296607971 4.28200912476 -5.64457798004
      vertex -4.82112979889 4.73750209808 -5.6726641655
    endloop
  endfacet
  facet normal -0.974206864834 -0.223239973187 -0.0329379066825
    outer loop
      vertex -4.82112979889 4.73750209808 -5.6726641655
      vertex -4.84296607971 4.28200912476 -5.64457798004
      vertex -4.90559482574 4.2832069397 -5.37109279633
    endloop
  endfacet
  facet normal -0.974237442017 -0.223091095686 -0.0330424197018
    outer loop
      vertex -4.82112979889 4.73750209808 -5.6726641655
      vertex -4.90559482574 4.2832069397 -5.37109279633
      vertex -4.88503408432 4.73823595047 -5.39348602295
    endloop
  endfacet
  facet normal -0.0925649777055 -0.995643913746 0.0111767714843
    outer loop
      vertex -5.83008003235 4.74133586884 -4.53521680832
      vertex -5.83401584625 4.287733078 -4.52975893021
      vertex -6.09059286118 4.28783607483 -4.50590610504
    endloop
  endfacet
  facet normal -0.0922868475318 -0.995667934418 0.0113380942494
    outer loop
      vertex -5.83008003235 4.74133586884 -4.53521680832
      vertex -6.09059286118 4.28783607483 -4.50590610504
      vertex -6.09127187729 4.74184083939 -4.51101303101
    endloop
  endfacet
  facet normal -0.922475159168 -0.385387510061 -0.022716473788
    outer loop
      vertex -4.88503408432 4.73823595047 -5.39348602295
      vertex -4.90559482574 4.2832069397 -5.37109279633
      vertex -5.01127815247 4.2844119072 -5.11805486679
    endloop
  endfacet
  facet normal -0.922737061977 -0.38473200798 -0.0231871530414
    outer loop
      vertex -4.88503408432 4.73823595047 -5.39348602295
      vertex -5.01127815247 4.2844119072 -5.11805486679
      vertex -4.99267721176 4.73898601532 -5.13527107239
    endloop
  endfacet
  facet normal -0.281161606312 -0.959615290165 0.0093107316643
    outer loop
      vertex -5.57846212387 4.74096488953 -4.60903215408
      vertex -5.58686208725 4.28737306595 -4.60216999054
      vertex -5.83401584625 4.287733078 -4.52975893021
    endloop
  endfacet
  facet normal -0.281500428915 -0.95951795578 0.00910266023129
    outer loop
      vertex -5.57846212387 4.74096488953 -4.60903215408
      vertex -5.83401584625 4.287733078 -4.52975893021
      vertex -5.83008003235 4.74133586884 -4.53521680832
    endloop
  endfacet
  facet normal 0.00655171880499 0.0273566022515 0.999604284763
    outer loop
      vertex -5.57846212387 4.74096488953 -4.60903215408
      vertex -5.83008003235 4.74133586884 -4.53521680832
      vertex -5.74733114243 4.74105119705 -4.56543397903
    endloop
  endfacet
  facet normal -0.826095759869 -0.5633918643 -0.0124662127346
    outer loop
      vertex -4.99267721176 4.73898601532 -5.13527107239
      vertex -5.01127815247 4.2844119072 -5.11805486679
      vertex -5.16220188141 4.28564691544 -4.89672994614
    endloop
  endfacet
  facet normal -0.826628386974 -0.562596023083 -0.013084131293
    outer loop
      vertex -4.99267721176 4.73898601532 -5.13527107239
      vertex -5.16220188141 4.28564691544 -4.89672994614
      vertex -5.14631795883 4.73979997635 -4.90950584412
    endloop
  endfacet
  facet normal -0.47217977047 -0.881487250328 0.00514882849529
    outer loop
      vertex -5.34671211243 4.74052095413 -4.7334561348
      vertex -5.35914802551 4.28669881821 -4.72414398193
      vertex -5.58686208725 4.28737306595 -4.60216999054
    endloop
  endfacet
  facet normal -0.473027616739 -0.881035745144 0.00456869415939
    outer loop
      vertex -5.34671211243 4.74052095413 -4.7334561348
      vertex -5.58686208725 4.28737306595 -4.60216999054
      vertex -5.57846212387 4.74096488953 -4.60903215408
    endloop
  endfacet
  facet normal -0.659055411816 -0.752092003822 -0.00189263175707
    outer loop
      vertex -5.14631795883 4.73979997635 -4.90950584412
      vertex -5.16220188141 4.28564691544 -4.89672994614
      vertex -5.35914802551 4.28669881821 -4.72414398193
    endloop
  endfacet
  facet normal -0.659992039204 -0.751267850399 -0.00266970344819
    outer loop
      vertex -5.14631795883 4.73979997635 -4.90950584412
      vertex -5.35914802551 4.28669881821 -4.72414398193
      vertex -5.34671211243 4.74052095413 -4.7334561348
    endloop
  endfacet
  facet normal 0.669497191906 0.586026847363 -0.456449359655
    outer loop
      vertex 6.17593193054 1.28359901905 -1.23577702045
      vertex 5.90110588074 1.79143404961 -1.31735301018
      vertex 5.94210720062 1.28836095333 -0.972356915474
    endloop
  endfacet
  facet normal 0.453751176596 0.388271868229 -0.802094042301
    outer loop
      vertex 6.17593193054 1.28359901905 -1.23577702045
      vertex 5.94210720062 1.28836095333 -0.972356915474
      vertex 6.7155752182 0.543955981731 -0.338468998671
    endloop
  endfacet
  facet normal 0.339993685484 0.812160849571 -0.47412982583
    outer loop
      vertex 6.49272823334 1.2830799818 -1.36809396744
      vertex 6.23308420181 1.78873002529 -1.55459201336
      vertex 6.17593193054 1.28359901905 -1.23577702045
    endloop
  endfacet
  facet normal 0.225034326315 0.535589754581 -0.813942968845
    outer loop
      vertex 6.49272823334 1.2830799818 -1.36809396744
      vertex 6.17593193054 1.28359901905 -1.23577702045
      vertex 6.7155752182 0.543955981731 -0.338468998671
    endloop
  endfacet
  facet normal 0.871588766575 0.278939127922 -0.403145134449
    outer loop
      vertex 5.94210720062 1.28836095333 -0.972356915474
      vertex 5.69686698914 1.79867994785 -0.943619072437
      vertex 5.82776498795 1.29411697388 -0.623396039009
    endloop
  endfacet
  facet normal 0.599408626556 0.18355371058 -0.779113173485
    outer loop
      vertex 5.94210720062 1.28836095333 -0.972356915474
      vertex 5.82776498795 1.29411697388 -0.623396039009
      vertex 6.7155752182 0.543955981731 -0.338468998671
    endloop
  endfacet
  facet normal 0.00161303835921 0.886143386364 -0.463408380747
    outer loop
      vertex 6.83460092545 1.28529202938 -1.36987304688
      vertex 6.62618923187 1.79006004333 -1.63346195221
      vertex 6.49272823334 1.2830799818 -1.36809396744
    endloop
  endfacet
  facet normal -0.00221827952191 0.583473265171 -0.812129318714
    outer loop
      vertex 6.83460092545 1.28529202938 -1.36987304688
      vertex 6.49272823334 1.2830799818 -1.36809396744
      vertex 6.7155752182 0.543955981731 -0.338468998671
    endloop
  endfacet
  facet normal 0.337817728519 0.883420884609 -0.324725657701
    outer loop
      vertex 5.90110588074 1.79143404961 -1.31735301018
      vertex 6.17593193054 1.28359901905 -1.23577702045
      vertex 5.857213974 3.24702692032 -1.83561205864
    endloop
  endfacet
  facet normal 0.629836797714 0.725535094738 -0.277316510677
    outer loop
      vertex 5.90110588074 1.79143404961 -1.31735301018
      vertex 5.857213974 3.24702692032 -1.83561205864
      vertex 5.67469596863 3.24696302414 -1.6771440506
    endloop
  endfacet
  facet normal 0.931225419044 0.260692298412 -0.254673719406
    outer loop
      vertex 5.54296684265 3.2519299984 -1.46481394768
      vertex 5.94210720062 1.28836095333 -0.972356915474
      vertex 5.90110588074 1.79143404961 -1.31735301018
    endloop
  endfacet
  facet normal 0.824685275555 0.50570756197 -0.253286510706
    outer loop
      vertex 5.54296684265 3.2519299984 -1.46481394768
      vertex 5.90110588074 1.79143404961 -1.31735301018
      vertex 5.67469596863 3.24696302414 -1.6771440506
    endloop
  endfacet
  facet normal 0.726892411709 0.614887177944 -0.305845022202
    outer loop
      vertex 5.857213974 3.24702692032 -1.83561205864
      vertex 6.17593193054 1.28359901905 -1.23577702045
      vertex 6.23308420181 1.78873002529 -1.55459201336
    endloop
  endfacet
  facet normal 0.494735836983 0.820746481419 -0.285677552223
    outer loop
      vertex 5.857213974 3.24702692032 -1.83561205864
      vertex 6.23308420181 1.78873002529 -1.55459201336
      vertex 6.06091880798 3.24448204041 -1.95751702785
    endloop
  endfacet
  facet normal 0.707127094269 0.638464927673 -0.303864777088
    outer loop
      vertex 5.69686698914 1.79867994785 -0.943619072437
      vertex 5.94210720062 1.28836095333 -0.972356915474
      vertex 5.54296684265 3.2519299984 -1.46481394768
    endloop
  endfacet
  facet normal 0.894955694675 0.381364911795 -0.231549352407
    outer loop
      vertex 5.69686698914 1.79867994785 -0.943619072437
      vertex 5.54296684265 3.2519299984 -1.46481394768
      vertex 5.44264793396 3.25352692604 -1.23036301136
    endloop
  endfacet
  facet normal 0.646065831184 -0.00352943898179 -0.763273537159
    outer loop
      vertex 5.82534599304 1.29789805412 -0.248538002372
      vertex 6.7155752182 0.543955981731 -0.338468998671
      vertex 5.82776498795 1.29411697388 -0.623396039009
    endloop
  endfacet
  facet normal 0.932462275028 0.00237375334837 -0.361259549856
    outer loop
      vertex 5.82534599304 1.29789805412 -0.248538002372
      vertex 5.82776498795 1.29411697388 -0.623396039009
      vertex 5.62985086441 1.8041960001 -0.506901025772
    endloop
  endfacet
  facet normal -0.0839009359479 0.948128700256 -0.306614726782
    outer loop
      vertex 6.23308420181 1.78873002529 -1.55459201336
      vertex 6.49272823334 1.2830799818 -1.36809396744
      vertex 6.28683280945 3.24669504166 -2.02132606506
    endloop
  endfacet
  facet normal 0.257870107889 0.922898828983 -0.285938352346
    outer loop
      vertex 6.23308420181 1.78873002529 -1.55459201336
      vertex 6.28683280945 3.24669504166 -2.02132606506
      vertex 6.06091880798 3.24448204041 -1.95751702785
    endloop
  endfacet
  facet normal 0.435142338276 0.839673936367 -0.324959695339
    outer loop
      vertex 6.28683280945 3.24669504166 -2.02132606506
      vertex 6.49272823334 1.2830799818 -1.36809396744
      vertex 6.62618923187 1.79006004333 -1.63346195221
    endloop
  endfacet
  facet normal 0.118862368166 0.952244877815 -0.281249791384
    outer loop
      vertex 6.28683280945 3.24669504166 -2.02132606506
      vertex 6.62618923187 1.79006004333 -1.63346195221
      vertex 6.51940822601 3.24633002281 -2.05024909973
    endloop
  endfacet
  facet normal -0.236163988709 0.549016952515 -0.801752448082
    outer loop
      vertex 6.83460092545 1.28529202938 -1.36987304688
      vertex 6.7155752182 0.543955981731 -0.338468998671
      vertex 7.15425014496 1.29059803486 -1.24012196064
    endloop
  endfacet
  facet normal -0.345093369484 0.832427680492 -0.433560550213
    outer loop
      vertex 6.83460092545 1.28529202938 -1.36987304688
      vertex 7.15425014496 1.29059803486 -1.24012196064
      vertex 7.02068185806 1.79413700104 -1.55775702
    endloop
  endfacet
  facet normal 0.975973010063 -0.0789675563574 -0.20307841897
    outer loop
      vertex 5.3908829689 3.25758099556 -0.973514974117
      vertex 5.82776498795 1.29411697388 -0.623396039009
      vertex 5.69686698914 1.79867994785 -0.943619072437
    endloop
  endfacet
  facet normal 0.960040330887 0.190246015787 -0.205253511667
    outer loop
      vertex 5.3908829689 3.25758099556 -0.973514974117
      vertex 5.69686698914 1.79867994785 -0.943619072437
      vertex 5.44264793396 3.25352692604 -1.23036301136
    endloop
  endfacet
  facet normal 0.621577680111 -0.198946967721 -0.757668316364
    outer loop
      vertex 5.93523311615 1.30030596256 0.103957109153
      vertex 6.7155752182 0.543955981731 -0.338468998671
      vertex 5.82534599304 1.29789805412 -0.248538002372
    endloop
  endfacet
  facet normal 0.899320602417 -0.282634586096 -0.333676695824
    outer loop
      vertex 5.93523311615 1.30030596256 0.103957109153
      vertex 5.82534599304 1.29789805412 -0.248538002372
      vertex 5.69267082214 1.80776298046 -0.0687569603324
    endloop
  endfacet
  facet normal 0.893477022648 0.363585263491 -0.263637244701
    outer loop
      vertex 5.62985086441 1.8041960001 -0.506901025772
      vertex 5.82776498795 1.29411697388 -0.623396039009
      vertex 5.3908829689 3.25758099556 -0.973514974117
    endloop
  endfacet
  facet normal 0.978340804577 0.0857676565647 -0.188396453857
    outer loop
      vertex 5.62985086441 1.8041960001 -0.506901025772
      vertex 5.3908829689 3.25758099556 -0.973514974117
      vertex 5.36743021011 3.25905609131 -0.709230005741
    endloop
  endfacet
  facet normal -0.439827293158 0.857695996761 -0.266288489103
    outer loop
      vertex 6.62618923187 1.79006004333 -1.63346195221
      vertex 6.83460092545 1.28529202938 -1.36987304688
      vertex 6.75199699402 3.25010108948 -2.02224588394
    endloop
  endfacet
  facet normal -0.119494013488 0.956794977188 -0.26507461071
    outer loop
      vertex 6.62618923187 1.79006004333 -1.63346195221
      vertex 6.75199699402 3.25010108948 -2.02224588394
      vertex 6.51940822601 3.24633002281 -2.05024909973
    endloop
  endfacet
  facet normal -0.483189582825 0.406871497631 -0.775231182575
    outer loop
      vertex 7.15425014496 1.29059803486 -1.24012196064
      vertex 6.7155752182 0.543955981731 -0.338468998671
      vertex 7.39168453217 1.29999804497 -0.976061940193
    endloop
  endfacet
  facet normal -0.696774423122 0.613273322582 -0.372023165226
    outer loop
      vertex 7.15425014496 1.29059803486 -1.24012196064
      vertex 7.39168453217 1.29999804497 -0.976061940193
      vertex 7.35597801208 1.80267596245 -1.32156395912
    endloop
  endfacet
  facet normal 0.49000120163 -0.431053310633 -0.757688522339
    outer loop
      vertex 6.16802120209 1.30375504494 0.374642014503
      vertex 6.7155752182 0.543955981731 -0.338468998671
      vertex 5.93523311615 1.30030596256 0.103957109153
    endloop
  endfacet
  facet normal 0.718894779682 -0.622195541859 -0.30994027853
    outer loop
      vertex 6.16802120209 1.30375504494 0.374642014503
      vertex 5.93523311615 1.30030596256 0.103957109153
      vertex 5.89363002777 1.8109459877 0.310258001089
    endloop
  endfacet
  facet normal 0.08618362993 0.944433748722 -0.317202329636
    outer loop
      vertex 6.75199699402 3.25010108948 -2.02224588394
      vertex 6.83460092545 1.28529202938 -1.36987304688
      vertex 7.02068185806 1.79413700104 -1.55775702
    endloop
  endfacet
  facet normal -0.26065787673 0.932651400566 -0.249437019229
    outer loop
      vertex 6.75199699402 3.25010108948 -2.02224588394
      vertex 7.02068185806 1.79413700104 -1.55775702
      vertex 6.97875118256 3.25166988373 -1.95929205418
    endloop
  endfacet
  facet normal 0.915233254433 -0.367114245892 -0.166057854891
    outer loop
      vertex 5.39010477066 3.262403965 -0.445003956556
      vertex 5.82534599304 1.29789805412 -0.248538002372
      vertex 5.62985086441 1.8041960001 -0.506901025772
    endloop
  endfacet
  facet normal 0.982468426228 -0.0864050835371 -0.165196731687
    outer loop
      vertex 5.39010477066 3.262403965 -0.445003956556
      vertex 5.62985086441 1.8041960001 -0.506901025772
      vertex 5.36743021011 3.25905609131 -0.709230005741
    endloop
  endfacet
  facet normal -0.644196271896 0.194138869643 -0.739811599255
    outer loop
      vertex 7.39168453217 1.29999804497 -0.976061940193
      vertex 6.7155752182 0.543955981731 -0.338468998671
      vertex 7.50718545914 1.30834698677 -0.62462002039
    endloop
  endfacet
  facet normal -0.912521600723 0.293121695518 -0.285278767347
    outer loop
      vertex 7.39168453217 1.29999804497 -0.976061940193
      vertex 7.50718545914 1.30834698677 -0.62462002039
      vertex 7.56207847595 1.81403803825 -0.945891022682
    endloop
  endfacet
  facet normal 0.971175312996 0.0829623118043 -0.223463132977
    outer loop
      vertex 5.69267082214 1.80776298046 -0.0687569603324
      vertex 5.82534599304 1.29789805412 -0.248538002372
      vertex 5.39010477066 3.262403965 -0.445003956556
    endloop
  endfacet
  facet normal 0.969438016415 -0.192742779851 -0.151789873838
    outer loop
      vertex 5.69267082214 1.80776298046 -0.0687569603324
      vertex 5.39010477066 3.262403965 -0.445003956556
      vertex 5.44104623795 3.26400089264 -0.187528043985
    endloop
  endfacet
  facet normal 0.250002503395 -0.609569728374 -0.752278864384
    outer loop
      vertex 6.48959207535 1.30795896053 0.511716008186
      vertex 6.7155752182 0.543955981731 -0.338468998671
      vertex 6.16802120209 1.30375504494 0.374642014503
    endloop
  endfacet
  facet normal 0.375036805868 -0.88798648119 -0.26613420248
    outer loop
      vertex 6.48959207535 1.30795896053 0.511716008186
      vertex 6.16802120209 1.30375504494 0.374642014503
      vertex 6.22776603699 1.8162419796 0.553470015526
    endloop
  endfacet
  facet normal -0.743810474873 0.636443853378 -0.204169496894
    outer loop
      vertex 7.02068185806 1.79413700104 -1.55775702
      vertex 7.15425014496 1.29059803486 -1.24012196064
      vertex 7.18286705017 3.2573800087 -1.8376159668
    endloop
  endfacet
  facet normal -0.504419565201 0.836053669453 -0.215812757611
    outer loop
      vertex 7.02068185806 1.79413700104 -1.55775702
      vertex 7.18286705017 3.2573800087 -1.8376159668
      vertex 6.97875118256 3.25166988373 -1.95929205418
    endloop
  endfacet
  facet normal -0.695508003235 -0.00473226746544 -0.718502759933
    outer loop
      vertex 7.50718545914 1.30834698677 -0.62462002039
      vertex 6.7155752182 0.543955981731 -0.338468998671
      vertex 7.50923728943 1.31281805038 -0.247382953763
    endloop
  endfacet
  facet normal -0.973020911217 0.00255885673687 -0.230702668428
    outer loop
      vertex 7.50718545914 1.30834698677 -0.62462002039
      vertex 7.50923728943 1.31281805038 -0.247382953763
      vertex 7.62907361984 1.82112300396 -0.507000029087
    endloop
  endfacet
  facet normal -0.342454761267 0.897569417953 -0.277657777071
    outer loop
      vertex 7.18286705017 3.2573800087 -1.8376159668
      vertex 7.15425014496 1.29059803486 -1.24012196064
      vertex 7.35597801208 1.80267596245 -1.32156395912
    endloop
  endfacet
  facet normal -0.644200623035 0.741774857044 -0.186482161283
    outer loop
      vertex 7.18286705017 3.2573800087 -1.8376159668
      vertex 7.35597801208 1.80267596245 -1.32156395912
      vertex 7.36642313004 3.26127791405 -1.67918503284
    endloop
  endfacet
  facet normal -0.00394664378837 -0.668977081776 -0.743272542953
    outer loop
      vertex 6.83762979507 1.31107604504 0.513126015663
      vertex 6.7155752182 0.543955981731 -0.338468998671
      vertex 6.48959207535 1.30795896053 0.511716008186
    endloop
  endfacet
  facet normal 0.00186803727411 -0.972835659981 -0.231489300728
    outer loop
      vertex 6.83762979507 1.31107604504 0.513126015663
      vertex 6.48959207535 1.30795896053 0.511716008186
      vertex 6.62603616714 1.82065200806 0.633974909782
    endloop
  endfacet
  facet normal 0.740540325642 -0.659407436848 -0.129544869065
    outer loop
      vertex 5.54071712494 3.26757597923 0.0473829656839
      vertex 5.93523311615 1.30030596256 0.103957109153
      vertex 5.69267082214 1.80776298046 -0.0687569603324
    endloop
  endfacet
  facet normal 0.912544429302 -0.389102518559 -0.125944033265
    outer loop
      vertex 5.54071712494 3.26757597923 0.0473829656839
      vertex 5.69267082214 1.80776298046 -0.0687569603324
      vertex 5.44104623795 3.26400089264 -0.187528043985
    endloop
  endfacet
  facet normal -0.667276918888 -0.212205246091 -0.713940083981
    outer loop
      vertex 7.50923728943 1.31281805038 -0.247382953763
      vertex 6.7155752182 0.543955981731 -0.338468998671
      vertex 7.39764976501 1.31391704082 0.107200980186
    endloop
  endfacet
  facet normal -0.933264672756 -0.29433709383 -0.205870628357
    outer loop
      vertex 7.50923728943 1.31281805038 -0.247382953763
      vertex 7.39764976501 1.31391704082 0.107200980186
      vertex 7.56521558762 1.824442029 -0.067025102675
    endloop
  endfacet
  facet normal -0.264421403408 -0.624275922775 -0.735092401505
    outer loop
      vertex 7.16153621674 1.31298899651 0.378183066845
      vertex 6.7155752182 0.543955981731 -0.338468998671
      vertex 6.83762979507 1.31107604504 0.513126015663
    endloop
  endfacet
  facet normal -0.376847863197 -0.901542127132 -0.212620452046
    outer loop
      vertex 7.16153621674 1.31298899651 0.378183066845
      vertex 6.83762979507 1.31107604504 0.513126015663
      vertex 7.02524423599 1.82334804535 0.555517077446
    endloop
  endfacet
  facet normal 0.947961688042 -0.26081520319 -0.182603731751
    outer loop
      vertex 5.89363002777 1.8109459877 0.310258001089
      vertex 5.93523311615 1.30030596256 0.103957109153
      vertex 5.54071712494 3.26757597923 0.0473829656839
    endloop
  endfacet
  facet normal 0.846975028515 -0.519831717014 -0.111392460763
    outer loop
      vertex 5.89363002777 1.8109459877 0.310258001089
      vertex 5.54071712494 3.26757597923 0.0473829656839
      vertex 5.67171287537 3.27023601532 0.261388003826
    endloop
  endfacet
  facet normal -0.521572709084 -0.451980531216 -0.723654270172
    outer loop
      vertex 7.39764976501 1.31391704082 0.107200980186
      vertex 6.7155752182 0.543955981731 -0.338468998671
      vertex 7.16153621674 1.31298899651 0.378183066845
    endloop
  endfacet
  facet normal -0.73789024353 -0.64223086834 -0.207503020763
    outer loop
      vertex 7.39764976501 1.31391704082 0.107200980186
      vertex 7.16153621674 1.31298899651 0.378183066845
      vertex 7.36196804047 1.82452702522 0.31317409873
    endloop
  endfacet
  facet normal 0.671146273613 0.714675843716 -0.196979954839
    outer loop
      vertex 5.857213974 3.24702692032 -1.83561205864
      vertex 5.71964120865 4.72029209137 -2.11248207092
      vertex 5.5339422226 4.72208595276 -1.93858802319
    endloop
  endfacet
  facet normal 0.643278777599 0.740982890129 -0.192709088326
    outer loop
      vertex 5.857213974 3.24702692032 -1.83561205864
      vertex 5.5339422226 4.72208595276 -1.93858802319
      vertex 5.67469596863 3.24696302414 -1.6771440506
    endloop
  endfacet
  facet normal 0.831583499908 0.52780354023 -0.1728939116
    outer loop
      vertex 5.67469596863 3.24696302414 -1.6771440506
      vertex 5.5339422226 4.72208595276 -1.93858802319
      vertex 5.39251613617 4.7251329422 -1.71676194668
    endloop
  endfacet
  facet normal 0.838617622852 0.516207635403 -0.173925921321
    outer loop
      vertex 5.67469596863 3.24696302414 -1.6771440506
      vertex 5.39251613617 4.7251329422 -1.71676194668
      vertex 5.54296684265 3.2519299984 -1.46481394768
    endloop
  endfacet
  facet normal 0.487661808729 0.849352657795 -0.201955527067
    outer loop
      vertex 6.06091880798 3.24448204041 -1.95751702785
      vertex 5.93466806412 4.71973609924 -2.23580908775
      vertex 5.71964120865 4.72029209137 -2.11248207092
    endloop
  endfacet
  facet normal 0.504514455795 0.838776350021 -0.204742118716
    outer loop
      vertex 6.06091880798 3.24448204041 -1.95751702785
      vertex 5.71964120865 4.72029209137 -2.11248207092
      vertex 5.857213974 3.24702692032 -1.83561205864
    endloop
  endfacet
  facet normal 0.920826137066 0.357750475407 -0.155222028494
    outer loop
      vertex 5.54296684265 3.2519299984 -1.46481394768
      vertex 5.39251613617 4.7251329422 -1.71676194668
      vertex 5.29399013519 4.72812080383 -1.46445894241
    endloop
  endfacet
  facet normal 0.908895552158 0.387863248587 -0.153202563524
    outer loop
      vertex 5.54296684265 3.2519299984 -1.46481394768
      vertex 5.29399013519 4.72812080383 -1.46445894241
      vertex 5.44264793396 3.25352692604 -1.23036301136
    endloop
  endfacet
  facet normal 0.264469921589 0.94330483675 -0.200578168035
    outer loop
      vertex 5.93466806412 4.71973609924 -2.23580908775
      vertex 6.06091880798 3.24448204041 -1.95751702785
      vertex 6.28683280945 3.24669504166 -2.02132606506
    endloop
  endfacet
  facet normal 0.293258845806 0.933566093445 -0.206042796373
    outer loop
      vertex 5.93466806412 4.71973609924 -2.23580908775
      vertex 6.28683280945 3.24669504166 -2.02132606506
      vertex 6.16827201843 4.72022294998 -2.30929803848
    endloop
  endfacet
  facet normal -0.954760551453 0.272360920906 -0.119380988181
    outer loop
      vertex 7.35597801208 1.80267596245 -1.32156395912
      vertex 7.39168453217 1.29999804497 -0.976061940193
      vertex 7.49796962738 3.26794910431 -1.46607005596
    endloop
  endfacet
  facet normal -0.845247745514 0.51757133007 -0.132951498032
    outer loop
      vertex 7.35597801208 1.80267596245 -1.32156395912
      vertex 7.49796962738 3.26794910431 -1.46607005596
      vertex 7.36642313004 3.26127791405 -1.67918503284
    endloop
  endfacet
  facet normal 0.969583153725 0.207002237439 -0.130608454347
    outer loop
      vertex 5.44264793396 3.25352692604 -1.23036301136
      vertex 5.29399013519 4.72812080383 -1.46445894241
      vertex 5.23554801941 4.73084783554 -1.19244098663
    endloop
  endfacet
  facet normal 0.972200512886 0.193863838911 -0.13131262362
    outer loop
      vertex 5.44264793396 3.25352692604 -1.23036301136
      vertex 5.23554801941 4.73084783554 -1.19244098663
      vertex 5.3908829689 3.25758099556 -0.973514974117
    endloop
  endfacet
  facet normal 0.121230237186 0.972313582897 -0.199773743749
    outer loop
      vertex 6.16827201843 4.72022294998 -2.30929803848
      vertex 6.28683280945 3.24669504166 -2.02132606506
      vertex 6.51940822601 3.24633002281 -2.05024909973
    endloop
  endfacet
  facet normal 0.0977184846997 0.975960493088 -0.194813355803
    outer loop
      vertex 6.16827201843 4.72022294998 -2.30929803848
      vertex 6.51940822601 3.24633002281 -2.05024909973
      vertex 6.41076517105 4.72158622742 -2.33384990692
    endloop
  endfacet
  facet normal -0.727232933044 0.65581792593 -0.202571183443
    outer loop
      vertex 7.49796962738 3.26794910431 -1.46607005596
      vertex 7.39168453217 1.29999804497 -0.976061940193
      vertex 7.56207847595 1.81403803825 -0.945891022682
    endloop
  endfacet
  facet normal -0.915474772453 0.389967024326 -0.0991548970342
    outer loop
      vertex 7.49796962738 3.26794910431 -1.46607005596
      vertex 7.56207847595 1.81403803825 -0.945891022682
      vertex 7.59841823578 3.27165389061 -1.23120200634
    endloop
  endfacet
  facet normal 0.364779561758 -0.92768651247 -0.0795836374164
    outer loop
      vertex 5.85464286804 3.27446603775 0.420478969812
      vertex 6.16802120209 1.30375504494 0.374642014503
      vertex 5.89363002777 1.8109459877 0.310258001089
    endloop
  endfacet
  facet normal 0.653446793556 -0.753332674503 -0.0741425827146
    outer loop
      vertex 5.85464286804 3.27446603775 0.420478969812
      vertex 5.89363002777 1.8109459877 0.310258001089
      vertex 5.67171287537 3.27023601532 0.261388003826
    endloop
  endfacet
  facet normal 0.991101801395 0.067761644721 -0.11456682533
    outer loop
      vertex 5.3908829689 3.25758099556 -0.973514974117
      vertex 5.23554801941 4.73084783554 -1.19244098663
      vertex 5.21598720551 4.73337316513 -0.910605072975
    endloop
  endfacet
  facet normal 0.989696323872 0.0871929973364 -0.113571941853
    outer loop
      vertex 5.3908829689 3.25758099556 -0.973514974117
      vertex 5.21598720551 4.73337316513 -0.910605072975
      vertex 5.36743021011 3.25905609131 -0.709230005741
    endloop
  endfacet
  facet normal -0.120465315878 0.976474702358 -0.178844377398
    outer loop
      vertex 6.41076517105 4.72158622742 -2.33384990692
      vertex 6.51940822601 3.24633002281 -2.05024909973
      vertex 6.75199699402 3.25010108948 -2.02224588394
    endloop
  endfacet
  facet normal -0.0986440256238 0.977924048901 -0.184211567044
    outer loop
      vertex 6.41076517105 4.72158622742 -2.33384990692
      vertex 6.75199699402 3.25010108948 -2.02224588394
      vertex 6.65345621109 4.72379779816 -2.30978608131
    endloop
  endfacet
  facet normal 0.756359577179 -0.640040278435 -0.135161504149
    outer loop
      vertex 6.22776603699 1.8162419796 0.553470015526
      vertex 6.16802120209 1.30375504494 0.374642014503
      vertex 5.85464286804 3.27446603775 0.420478969812
    endloop
  endfacet
  facet normal 0.515225708485 -0.855362772942 -0.0538237765431
    outer loop
      vertex 6.22776603699 1.8162419796 0.553470015526
      vertex 5.85464286804 3.27446603775 0.420478969812
      vertex 6.05886697769 3.27734398842 0.543674051762
    endloop
  endfacet
  facet normal -0.995212972164 -0.0785769075155 -0.0581108294427
    outer loop
      vertex 7.56207847595 1.81403803825 -0.945891022682
      vertex 7.50718545914 1.30834698677 -0.62462002039
      vertex 7.64963388443 3.275785923 -0.973793923855
    endloop
  endfacet
  facet normal -0.979058384895 0.193798989058 -0.0623425208032
    outer loop
      vertex 7.56207847595 1.81403803825 -0.945891022682
      vertex 7.64963388443 3.275785923 -0.973793923855
      vertex 7.59841823578 3.27165389061 -1.23120200634
    endloop
  endfacet
  facet normal 0.993414998055 -0.0670787245035 -0.0928821563721
    outer loop
      vertex 5.36743021011 3.25905609131 -0.709230005741
      vertex 5.21598720551 4.73337316513 -0.910605072975
      vertex 5.23479318619 4.73584079742 -0.628672003746
    endloop
  endfacet
  facet normal 0.991844177246 -0.0863049253821 -0.0937898531556
    outer loop
      vertex 5.36743021011 3.25905609131 -0.709230005741
      vertex 5.23479318619 4.73584079742 -0.628672003746
      vertex 5.39010477066 3.262403965 -0.445003956556
    endloop
  endfacet
  facet normal -0.264805018902 0.949628949165 -0.16758017242
    outer loop
      vertex 6.65345621109 4.72379779816 -2.30978608131
      vertex 6.75199699402 3.25010108948 -2.02224588394
      vertex 6.97875118256 3.25166988373 -1.95929205418
    endloop
  endfacet
  facet normal -0.296591430902 0.941730082035 -0.158675730228
    outer loop
      vertex 6.65345621109 4.72379779816 -2.30978608131
      vertex 6.97875118256 3.25166988373 -1.95929205418
      vertex 6.88741922379 4.72694301605 -2.2366309166
    endloop
  endfacet
  facet normal -0.918261945248 0.37307703495 -0.132697254419
    outer loop
      vertex 7.64963388443 3.275785923 -0.973793923855
      vertex 7.50718545914 1.30834698677 -0.62462002039
      vertex 7.62907361984 1.82112300396 -0.507000029087
    endloop
  endfacet
  facet normal -0.995299994946 0.087229333818 -0.0420590415597
    outer loop
      vertex 7.64963388443 3.275785923 -0.973793923855
      vertex 7.62907361984 1.82112300396 -0.507000029087
      vertex 7.6729183197 3.27820396423 -0.709278047085
    endloop
  endfacet
  facet normal -0.0816726908088 -0.995866775513 -0.0397364720702
    outer loop
      vertex 6.28590202332 3.28027200699 0.6071190238
      vertex 6.48959207535 1.30795896053 0.511716008186
      vertex 6.22776603699 1.8162419796 0.553470015526
    endloop
  endfacet
  facet normal 0.268762886524 -0.962891876698 -0.0246124844998
    outer loop
      vertex 6.28590202332 3.28027200699 0.6071190238
      vertex 6.22776603699 1.8162419796 0.553470015526
      vertex 6.05886697769 3.27734398842 0.543674051762
    endloop
  endfacet
  facet normal 0.455709248781 -0.885577261448 -0.0898996815085
    outer loop
      vertex 6.62603616714 1.82065200806 0.633974909782
      vertex 6.48959207535 1.30795896053 0.511716008186
      vertex 6.28590202332 3.28027200699 0.6071190238
    endloop
  endfacet
  facet normal 0.123578250408 -0.99227887392 -0.0105401845649
    outer loop
      vertex 6.62603616714 1.82065200806 0.633974909782
      vertex 6.28590202332 3.28027200699 0.6071190238
      vertex 6.51927804947 3.28228902817 0.636205077171
    endloop
  endfacet
  facet normal 0.97530156374 -0.20702187717 -0.0769984275103
    outer loop
      vertex 5.39010477066 3.262403965 -0.445003956556
      vertex 5.23479318619 4.73584079742 -0.628672003746
      vertex 5.2923951149 4.7384519577 -0.356333971024
    endloop
  endfacet
  facet normal 0.978027462959 -0.193974554539 -0.0763950869441
    outer loop
      vertex 5.39010477066 3.262403965 -0.445003956556
      vertex 5.2923951149 4.7384519577 -0.356333971024
      vertex 5.44104623795 3.26400089264 -0.187528043985
    endloop
  endfacet
  facet normal -0.510454893112 0.850287556648 -0.128245338798
    outer loop
      vertex 6.88741922379 4.72694301605 -2.2366309166
      vertex 6.97875118256 3.25166988373 -1.95929205418
      vertex 7.18286705017 3.2573800087 -1.8376159668
    endloop
  endfacet
  facet normal -0.494202643633 0.858977258205 -0.133872196078
    outer loop
      vertex 6.88741922379 4.72694301605 -2.2366309166
      vertex 7.18286705017 3.2573800087 -1.8376159668
      vertex 7.10286617279 4.73113822937 -2.11332988739
    endloop
  endfacet
  facet normal -0.927897930145 -0.371712177992 -0.0289054550231
    outer loop
      vertex 7.62907361984 1.82112300396 -0.507000029087
      vertex 7.50923728943 1.31281805038 -0.247382953763
      vertex 7.64963388443 3.28080391884 -0.44481498003
    endloop
  endfacet
  facet normal -0.995973825455 -0.0878653749824 -0.0177719462663
    outer loop
      vertex 7.62907361984 1.82112300396 -0.507000029087
      vertex 7.64963388443 3.28080391884 -0.44481498003
      vertex 7.6729183197 3.27820396423 -0.709278047085
    endloop
  endfacet
  facet normal -0.993350684643 0.0835153162479 -0.0792441368103
    outer loop
      vertex 7.64963388443 3.28080391884 -0.44481498003
      vertex 7.50923728943 1.31281805038 -0.247382953763
      vertex 7.56521558762 1.824442029 -0.067025102675
    endloop
  endfacet
  facet normal -0.980825543404 -0.194785162807 -0.00632513593882
    outer loop
      vertex 7.64963388443 3.28080391884 -0.44481498003
      vertex 7.56521558762 1.824442029 -0.067025102675
      vertex 7.59850168228 3.2825729847 -0.187287062407
    endloop
  endfacet
  facet normal -0.453759849072 -0.890831053257 -0.0228489115834
    outer loop
      vertex 6.75262308121 3.28403306007 0.607030034065
      vertex 6.83762979507 1.31107604504 0.513126015663
      vertex 6.62603616714 1.82065200806 0.633974909782
    endloop
  endfacet
  facet normal -0.124004513025 -0.992253005505 0.0075433626771
    outer loop
      vertex 6.75262308121 3.28403306007 0.607030034065
      vertex 6.62603616714 1.82065200806 0.633974909782
      vertex 6.51927804947 3.28228902817 0.636205077171
    endloop
  endfacet
  facet normal 0.0854597613215 -0.995033383369 -0.0510412976146
    outer loop
      vertex 7.02524423599 1.82334804535 0.555517077446
      vertex 6.83762979507 1.31107604504 0.513126015663
      vertex 6.75262308121 3.28403306007 0.607030034065
    endloop
  endfacet
  facet normal -0.269251763821 -0.962931990623 0.0162939596921
    outer loop
      vertex 7.02524423599 1.82334804535 0.555517077446
      vertex 6.75262308121 3.28403306007 0.607030034065
      vertex 6.97965908051 3.28521490097 0.543526947498
    endloop
  endfacet
  facet normal 0.931089043617 -0.360988289118 -0.0525419041514
    outer loop
      vertex 5.44104623795 3.26400089264 -0.187528043985
      vertex 5.2923951149 4.7384519577 -0.356333971024
      vertex 5.3902797699 4.74145078659 -0.103425048292
    endloop
  endfacet
  facet normal 0.918936371803 -0.39071688056 -0.0538166128099
    outer loop
      vertex 5.44104623795 3.26400089264 -0.187528043985
      vertex 5.3902797699 4.74145078659 -0.103425048292
      vertex 5.54071712494 3.26757597923 0.0473829656839
    endloop
  endfacet
  facet normal -0.651044428349 0.751701653004 -0.105288870633
    outer loop
      vertex 7.10286617279 4.73113822937 -2.11332988739
      vertex 7.18286705017 3.2573800087 -1.8376159668
      vertex 7.36642313004 3.26127791405 -1.67918503284
    endloop
  endfacet
  facet normal -0.682248771191 0.725321114063 -0.0919018089771
    outer loop
      vertex 7.10286617279 4.73113822937 -2.11332988739
      vertex 7.36642313004 3.26127791405 -1.67918503284
      vertex 7.2888469696 4.73632192612 -1.93904995918
    endloop
  endfacet
  facet normal -0.746499538422 -0.665141761303 -0.0180261302739
    outer loop
      vertex 7.56521558762 1.824442029 -0.067025102675
      vertex 7.39764976501 1.31391704082 0.107200980186
      vertex 7.4983124733 3.28421807289 0.0476230755448
    endloop
  endfacet
  facet normal -0.919802427292 -0.392217636108 0.0113515025005
    outer loop
      vertex 7.56521558762 1.824442029 -0.067025102675
      vertex 7.4983124733 3.28421807289 0.0476230755448
      vertex 7.59850168228 3.2825729847 -0.187287062407
    endloop
  endfacet
  facet normal -0.760377645493 -0.649092018604 -0.0224797222763
    outer loop
      vertex 7.1837978363 3.28563690186 0.420423001051
      vertex 7.16153621674 1.31298899651 0.378183066845
      vertex 7.02524423599 1.82334804535 0.555517077446
    endloop
  endfacet
  facet normal -0.516236484051 -0.856133937836 0.0231196917593
    outer loop
      vertex 7.1837978363 3.28563690186 0.420423001051
      vertex 7.02524423599 1.82334804535 0.555517077446
      vertex 6.97965908051 3.28521490097 0.543526947498
    endloop
  endfacet
  facet normal -0.962407886982 -0.268488198519 -0.041050888598
    outer loop
      vertex 7.4983124733 3.28421807289 0.0476230755448
      vertex 7.39764976501 1.31391704082 0.107200980186
      vertex 7.36196804047 1.82452702522 0.31317409873
    endloop
  endfacet
  facet normal -0.852055490017 -0.523219048977 0.0155980624259
    outer loop
      vertex 7.4983124733 3.28421807289 0.0476230755448
      vertex 7.36196804047 1.82452702522 0.31317409873
      vertex 7.36698818207 3.2854180336 0.261447042227
    endloop
  endfacet
  facet normal -0.363429158926 -0.931311547756 -0.0240432880819
    outer loop
      vertex 7.36196804047 1.82452702522 0.31317409873
      vertex 7.16153621674 1.31298899651 0.378183066845
      vertex 7.1837978363 3.28563690186 0.420423001051
    endloop
  endfacet
  facet normal -0.655247151852 -0.755017757416 0.0244818776846
    outer loop
      vertex 7.36196804047 1.82452702522 0.31317409873
      vertex 7.1837978363 3.28563690186 0.420423001051
      vertex 7.36698818207 3.2854180336 0.261447042227
    endloop
  endfacet
  facet normal 0.844357669353 -0.534855723381 -0.0314560234547
    outer loop
      vertex 5.54071712494 3.26757597923 0.0473829656839
      vertex 5.3902797699 4.74145078659 -0.103425048292
      vertex 5.53124904633 4.74511194229 0.119333006442
    endloop
  endfacet
  facet normal 0.852322280407 -0.522104203701 -0.0308861136436
    outer loop
      vertex 5.54071712494 3.26757597923 0.0473829656839
      vertex 5.53124904633 4.74511194229 0.119333006442
      vertex 5.67171287537 3.27023601532 0.261388003826
    endloop
  endfacet
  facet normal -0.850650548935 0.523581027985 -0.0475037023425
    outer loop
      vertex 7.2888469696 4.73632192612 -1.93904995918
      vertex 7.36642313004 3.26127791405 -1.67918503284
      vertex 7.49796962738 3.26794910431 -1.46607005596
    endloop
  endfacet
  facet normal -0.843519568443 0.534569561481 -0.0520588159561
    outer loop
      vertex 7.2888469696 4.73632192612 -1.93904995918
      vertex 7.49796962738 3.26794910431 -1.46607005596
      vertex 7.43016767502 4.7416062355 -1.71656894684
    endloop
  endfacet
  facet normal 0.685392916203 -0.728157222271 0.00485821533948
    outer loop
      vertex 5.67171287537 3.27023601532 0.261388003826
      vertex 5.53124904633 4.74511194229 0.119333006442
      vertex 5.71697092056 4.74895906448 0.294121921062
    endloop
  endfacet
  facet normal 0.656270444393 -0.754518151283 0.00338335311972
    outer loop
      vertex 5.67171287537 3.27023601532 0.261388003826
      vertex 5.71697092056 4.74895906448 0.294121921062
      vertex 5.85464286804 3.27446603775 0.420478969812
    endloop
  endfacet
  facet normal -0.919305384159 0.392783403397 -0.0244705136865
    outer loop
      vertex 7.43016767502 4.7416062355 -1.71656894684
      vertex 7.49796962738 3.26794910431 -1.46607005596
      vertex 7.59841823578 3.27165389061 -1.23120200634
    endloop
  endfacet
  facet normal -0.932323932648 0.361404061317 -0.0126192001626
    outer loop
      vertex 7.43016767502 4.7416062355 -1.71656894684
      vertex 7.59841823578 3.27165389061 -1.23120200634
      vertex 7.52823448181 4.74581193924 -1.46372997761
    endloop
  endfacet
  facet normal 0.498634755611 -0.866369903088 0.0276867933571
    outer loop
      vertex 5.85464286804 3.27446603775 0.420478969812
      vertex 5.71697092056 4.74895906448 0.294121921062
      vertex 5.93240213394 4.75222206116 0.418008059263
    endloop
  endfacet
  facet normal 0.516614794731 -0.855739653111 0.0286151301116
    outer loop
      vertex 5.85464286804 3.27446603775 0.420478969812
      vertex 5.93240213394 4.75222206116 0.418008059263
      vertex 6.05886697769 3.27734398842 0.543674051762
    endloop
  endfacet
  facet normal -0.980602860451 0.195361763239 0.0158701874316
    outer loop
      vertex 7.52823448181 4.74581193924 -1.46372997761
      vertex 7.59841823578 3.27165389061 -1.23120200634
      vertex 7.64963388443 3.275785923 -0.973793923855
    endloop
  endfacet
  facet normal -0.978109300137 0.207772135735 0.0115280905738
    outer loop
      vertex 7.52823448181 4.74581193924 -1.46372997761
      vertex 7.64963388443 3.275785923 -0.973793923855
      vertex 7.58604955673 4.74914312363 -1.19137394428
    endloop
  endfacet
  facet normal 0.300244778395 -0.95225250721 0.0553912967443
    outer loop
      vertex 6.05886697769 3.27734398842 0.543674051762
      vertex 5.93240213394 4.75222206116 0.418008059263
      vertex 6.16651821136 4.75486516953 0.491670995951
    endloop
  endfacet
  facet normal 0.269393414259 -0.961544632912 0.0534705296159
    outer loop
      vertex 6.05886697769 3.27734398842 0.543674051762
      vertex 6.16651821136 4.75486516953 0.491670995951
      vertex 6.28590202332 3.28027200699 0.6071190238
    endloop
  endfacet
  facet normal -0.995676040649 0.0879210233688 0.0299853701144
    outer loop
      vertex 7.58604955673 4.74914312363 -1.19137394428
      vertex 7.64963388443 3.275785923 -0.973793923855
      vertex 7.6729183197 3.27820396423 -0.709278047085
    endloop
  endfacet
  facet normal -0.99704939127 0.0673645585775 0.0368037968874
    outer loop
      vertex 7.58604955673 4.74914312363 -1.19137394428
      vertex 7.6729183197 3.27820396423 -0.709278047085
      vertex 7.60500192642 4.75187301636 -0.909375011921
    endloop
  endfacet
  facet normal 0.0542251393199 -0.995814502239 0.0735736638308
    outer loop
      vertex 6.28590202332 3.28027200699 0.6071190238
      vertex 6.16651821136 4.75486516953 0.491670995951
      vertex 6.30895090103 4.75548505783 0.499381095171
    endloop
  endfacet
  facet normal 0.16422611475 -0.983612835407 0.07440122962
    outer loop
      vertex 6.28590202332 3.28027200699 0.6071190238
      vertex 6.30895090103 4.75548505783 0.499381095171
      vertex 6.40958976746 4.75697898865 0.516070961952
    endloop
  endfacet
  facet normal 0.123966805637 -0.989713847637 0.0714052990079
    outer loop
      vertex 6.28590202332 3.28027200699 0.6071190238
      vertex 6.40958976746 4.75697898865 0.516070961952
      vertex 6.51927804947 3.28228902817 0.636205077171
    endloop
  endfacet
  facet normal -0.99453920126 -0.0869975909591 0.0576476305723
    outer loop
      vertex 7.60500192642 4.75187301636 -0.909375011921
      vertex 7.6729183197 3.27820396423 -0.709278047085
      vertex 7.64963388443 3.28080391884 -0.44481498003
    endloop
  endfacet
  facet normal -0.996324658394 -0.06823720783 0.05177731812
    outer loop
      vertex 7.60500192642 4.75187301636 -0.909375011921
      vertex 7.64963388443 3.28080391884 -0.44481498003
      vertex 7.58556938171 4.7542181015 -0.627424001694
    endloop
  endfacet
  facet normal -0.0991205051541 -0.991166234016 0.0881169512868
    outer loop
      vertex 6.51927804947 3.28228902817 0.636205077171
      vertex 6.40958976746 4.75697898865 0.516070961952
      vertex 6.65258598328 4.75862503052 0.491624087095
    endloop
  endfacet
  facet normal -0.122976049781 -0.988700509071 0.0857214033604
    outer loop
      vertex 6.51927804947 3.28228902817 0.636205077171
      vertex 6.65258598328 4.75862503052 0.491624087095
      vertex 6.75262308121 3.28403306007 0.607030034065
    endloop
  endfacet
  facet normal -0.978763997555 -0.19387498498 0.0665848180652
    outer loop
      vertex 7.58556938171 4.7542181015 -0.627424001694
      vertex 7.64963388443 3.28080391884 -0.44481498003
      vertex 7.59850168228 3.2825729847 -0.187287062407
    endloop
  endfacet
  facet normal -0.97558349371 -0.207919046283 0.0707571357489
    outer loop
      vertex 7.58556938171 4.7542181015 -0.627424001694
      vertex 7.59850168228 3.2825729847 -0.187287062407
      vertex 7.52740287781 4.75631093979 -0.355209976435
    endloop
  endfacet
  facet normal -0.298408389091 -0.949741125107 0.094573751092
    outer loop
      vertex 6.75262308121 3.28403306007 0.607030034065
      vertex 6.65258598328 4.75862503052 0.491624087095
      vertex 6.88661003113 4.75974702835 0.417982071638
    endloop
  endfacet
  facet normal -0.267580926418 -0.958488166332 0.0984932631254
    outer loop
      vertex 6.75262308121 3.28403306007 0.607030034065
      vertex 6.88661003113 4.75974702835 0.417982071638
      vertex 6.97965908051 3.28521490097 0.543526947498
    endloop
  endfacet
  facet normal -0.916433155537 -0.39023911953 0.0886776819825
    outer loop
      vertex 7.52740287781 4.75631093979 -0.355209976435
      vertex 7.59850168228 3.2825729847 -0.187287062407
      vertex 7.4983124733 3.28421807289 0.0476230755448
    endloop
  endfacet
  facet normal -0.92903149128 -0.361144781113 0.0804671570659
    outer loop
      vertex 7.52740287781 4.75631093979 -0.355209976435
      vertex 7.4983124733 3.28421807289 0.0476230755448
      vertex 7.42902994156 4.75819587708 -0.102570019662
    endloop
  endfacet
  facet normal -0.495326191187 -0.862376749516 0.104681834579
    outer loop
      vertex 6.97965908051 3.28521490097 0.543526947498
      vertex 6.88661003113 4.75974702835 0.417982071638
      vertex 7.10192680359 4.76019906998 0.29425495863
    endloop
  endfacet
  facet normal -0.513593196869 -0.852019131184 0.101417168975
    outer loop
      vertex 6.97965908051 3.28521490097 0.543526947498
      vertex 7.10192680359 4.76019906998 0.29425495863
      vertex 7.1837978363 3.28563690186 0.420423001051
    endloop
  endfacet
  facet normal -0.848663806915 -0.520701885223 0.0929478928447
    outer loop
      vertex 7.42902994156 4.75819587708 -0.102570019662
      vertex 7.4983124733 3.28421807289 0.0476230755448
      vertex 7.36698818207 3.2854180336 0.261447042227
    endloop
  endfacet
  facet normal -0.840423583984 -0.533286273479 0.0964054167271
    outer loop
      vertex 7.42902994156 4.75819587708 -0.102570019662
      vertex 7.36698818207 3.2854180336 0.261447042227
      vertex 7.28775596619 4.75972223282 0.119792953134
    endloop
  endfacet
  facet normal -0.65172535181 -0.750845611095 0.107167899609
    outer loop
      vertex 7.28775596619 4.75972223282 0.119792953134
      vertex 7.36698818207 3.2854180336 0.261447042227
      vertex 7.1837978363 3.28563690186 0.420423001051
    endloop
  endfacet
  facet normal -0.681171178818 -0.725279510021 0.099877230823
    outer loop
      vertex 7.28775596619 4.75972223282 0.119792953134
      vertex 7.1837978363 3.28563690186 0.420423001051
      vertex 7.10192680359 4.76019906998 0.29425495863
    endloop
  endfacet
endsolid "hornet_base"
