# This file uses centimeters as units for non-parametric coordinates.

v 16.321581 -2.492689 -8.896414
v 15.946164 -1.036186 -11.224836
v 10.440926 -6.862468 -11.224838
v -8.408972 10.664182 -8.903749
v 2.426597 13.066223 -8.903940
v -6.421963 16.349897 -8.895843
v 20.585268 -9.495409 -11.224831
v 20.085629 -8.067224 -8.895968
v 12.902456 -5.989144 -8.893190
v 15.946165 -1.036186 -13.653578
v 2.495573 4.869398 -13.653582
v 7.579781 12.398527 -13.653583
v -7.793754 19.024485 -8.895398
v -13.016968 25.113939 -8.898170
v -17.308283 22.394812 -8.902850
v 1.959586 6.289882 -8.895685
v 6.113947 11.905993 -8.894096
v 14.437685 -1.433325 -8.893299
v 1.851269 3.634661 -11.224847
v 28.126532 -9.452705 -13.653582
v 26.495197 -13.082359 -13.653582
v 20.585268 -9.495409 -13.653571
v 20.004974 -10.742054 -8.902596
v 25.034374 -13.542709 -8.894974
v 10.007524 -5.428964 -8.896818
v 24.553215 -14.072208 -8.902688
v 25.741962 -14.758265 -11.224838
v 26.495197 -13.082361 -11.224839
v 2.495573 4.869397 -11.224838
v 7.579782 12.398527 -11.224845
v -6.908580 17.784752 -13.653581
v -5.452972 24.111433 -13.653582
v 2.901232 14.321624 -13.653585
v 3.951045 4.706678 -8.898447
v 8.069887 10.953127 -8.895243
v 22.082743 -9.151657 -8.894707
v -6.908580 17.784752 -11.224838
v 24.073133 -4.100585 -13.653579
v 4.207019 3.839880 -8.897979
v -7.766435 28.637846 -13.653582
v -13.204179 26.572399 -13.653582
v -13.204177 26.572395 -11.224839
v 14.997765 0.206845 -8.893107
v 28.126532 -9.452707 -11.224838
v -5.452972 24.111435 -11.224840
v -5.570928 18.516727 -8.895329
v 2.901234 14.321623 -11.224845
v 22.598801 -4.585771 -8.893777
v 24.073133 -4.100584 -11.224838
v 26.032326 -11.606230 -8.894060
v -4.690029 22.770367 -8.894310
v -6.778484 23.346365 -8.895002
v 24.542368 -5.543197 -8.895754
v -11.604162 26.614668 -8.890778
v 28.935720 -5.934098 -13.653582
v 15.099507 9.307576 -13.653581
v -7.766436 28.637848 -11.224838
v 2.294336 15.723338 -8.895177
v -7.417358 27.318644 -8.903028
v 17.137089 -0.130442 -8.896861
v 5.650887 20.522446 -13.653585
v 26.826389 -9.019579 -8.902744
v 15.099511 9.307578 -11.224838
v 28.935717 -5.934100 -11.224839
v -5.044346 25.390688 -8.903897
v 4.329220 14.892138 -8.894591
v 16.080467 8.095949 -8.893372
v 29.602911 2.030346 -13.653582
v 3.566276 21.247877 -13.653585
v 1.056601 29.511059 -13.653581
v 24.546843 -2.846851 -8.904027
v 13.896160 8.423749 -8.897036
v 10.562665 18.813175 -13.653582
v 5.650887 20.522446 -11.224845
v -2.030224 29.602753 -13.653581
v 3.148246 19.956697 -8.903312
v 27.588820 -6.653970 -8.895151
v 8.088296 13.638529 -8.904016
v 3.566274 21.247879 -11.224845
v 6.260289 19.120483 -8.895105
v 29.430210 -3.783888 -11.224838
v 29.430210 -3.783884 -13.653581
v -1.928040 28.236397 -8.902794
v 4.230844 19.910370 -8.894096
v 28.202345 -4.563129 -8.893619
v -2.030222 29.602751 -11.224838
v 2.458789 22.364256 -8.892550
v 10.120632 17.548639 -8.904053
v 0.148648 28.309303 -8.896338
v 14.428476 10.697201 -8.894294
v 28.071945 -3.620193 -8.902863
v 17.189671 16.491478 -13.653582
v 4.626780 22.271622 -8.897982
v 29.602911 2.030347 -11.224838
v 1.056598 29.511065 -11.224839
v 29.088757 5.086871 -13.653582
v 27.964365 4.103217 -8.896957
v 10.562666 18.813175 -11.224838
v 17.189669 16.491476 -11.224838
v 6.095563 21.793402 -8.903752
v 28.235607 1.943186 -8.902781
v 2.186321 28.421150 -8.892730
v 28.637995 7.766549 -13.653582
v 16.446730 10.036354 -8.894934
v 29.088757 5.086870 -11.224839
v 17.888660 15.118971 -8.894455
v 14.758342 25.741800 -13.653582
v 3.784010 29.430042 -13.653582
v 15.828509 15.790977 -8.895000
v 10.052528 20.243721 -8.895642
v 3.784015 29.430042 -11.224838
v 12.020161 19.336500 -8.893977
v 9.452785 28.126368 -13.653581
v 28.046669 6.270395 -8.892284
v 13.313466 25.174482 -8.893780
v 28.637995 7.766550 -11.224838
v 14.758343 25.741798 -11.224839
v 26.572536 13.204290 -13.653582
v 15.065008 24.232079 -8.894440
v 17.630381 17.757908 -8.903992
v 9.452785 28.126369 -11.224838
v 23.485920 18.134592 -13.653582
v 27.322763 7.387940 -8.902840
v 25.544731 12.152436 -8.898163
v 26.572536 13.204290 -11.224839
v 19.496754 22.367992 -13.653581
v 23.485920 18.134592 -11.224838
v 25.323540 14.200865 -8.890959
v 19.496754 22.367992 -11.224838
v 22.411238 17.293522 -8.903011
v 18.590832 21.342232 -8.902850
v -18.134487 23.485781 -11.224838
v 25.741966 -14.758263 -13.653582
v 10.440926 -6.862468 -13.653582
v -18.134487 23.485783 -13.653582
v 21.910860 -18.055447 -8.895991
v 2.347907 2.201914 -8.895751
v -20.867569 19.996185 -8.892033
v -8.821089 9.381851 -13.653582
v -8.323419 17.114941 -8.892993
v -12.245553 11.768661 -8.896051
v 0.585407 -3.081866 -8.893586
v 8.542047 -13.485653 -8.894114
v -11.736450 10.345682 -11.224838
v 11.936193 -7.829699 -8.895567
v 1.440083 3.837066 -8.897844
v 0.395660 3.821769 -8.898309
v 1.851270 3.634662 -13.653590
v 22.368156 -19.496670 -11.224839
v 22.368156 -19.496670 -13.653582
v -10.264880 10.856096 -8.893467
v -22.367889 19.496620 -11.224839
v 3.515731 1.199273 -8.895231
v 3.404408 1.310238 -8.895288
v 3.409750 1.305351 -12.513634
v 3.601987 1.067721 -8.895168
v 3.520936 1.193978 -8.895228
v 3.527917 1.185143 -12.513634
v 3.398758 1.314726 -8.895290
v 3.277055 1.410475 -8.895340
v 3.281531 1.407207 -12.513634
v 3.271372 1.414185 -8.895343
v 3.148003 1.494078 -8.895386
v 3.152604 1.491386 -12.513633
v 3.657133 0.938469 -8.895108
v 3.605607 1.061917 -8.895165
v 3.610136 1.053314 -12.513635
v 3.142576 1.496984 -8.895388
v 3.023403 1.560087 -8.895424
v 3.029523 1.557316 -12.513634
v 3.688615 0.820745 -8.895055
v 3.659411 0.932849 -8.895105
v 3.661902 0.925632 -12.513635
v 3.018464 1.562091 -8.895425
v 2.908104 1.605440 -8.895452
v 2.917524 1.602753 -12.513633
v 3.703932 0.722411 -8.895011
v 3.689897 0.815681 -8.895053
v 3.691036 0.810524 -12.513636
v 2.903315 1.606533 -8.895452
v 2.795084 1.628550 -8.895470
v 2.808940 1.627533 -12.513633
v 3.714137 0.647832 -8.894978
v 3.704541 0.718251 -8.895009
v 3.704887 0.715939 -12.513636
v -8.070898 8.037004 -8.894463
v 2.790270 1.628502 -8.895471
v 2.682535 1.623014 -8.895475
v 2.699812 1.626442 -12.513633
v 3.719294 0.585950 -8.894951
v 3.714576 0.644572 -8.894977
v 3.714866 0.641800 -12.513635
v 3.720157 0.534035 -8.894928
v 3.719505 0.583251 -8.894950
v 3.719655 0.580410 -12.513636
v 3.718439 0.490855 -8.894910
v 3.720181 0.531818 -8.894927
v 3.720199 0.529984 -12.513636
v 2.677979 1.621502 -8.895475
v 2.581107 1.583911 -8.895466
v 2.596511 1.592163 -12.513633
v 3.718152 0.452009 -8.894893
v 3.718358 0.489059 -8.894909
v 3.718358 0.489132 -12.513636
v 3.717972 0.413227 -8.894876
v 3.718143 0.450303 -8.894892
v 3.718143 0.450325 -12.513636
v 3.717825 0.374480 -8.894859
v 3.717964 0.411523 -8.894876
v 3.717964 0.411545 -12.513635
v 3.717712 0.335682 -8.894842
v 3.717818 0.372777 -8.894858
v 3.717820 0.372787 -12.513636
v 2.577477 1.581199 -8.895465
v 2.504768 1.521835 -8.895445
v 2.514222 1.530670 -12.513634
v -8.821089 9.381850 -11.224838
v 3.717621 0.296940 -8.894825
v 3.717707 0.333980 -8.894841
v 3.717707 0.334045 -12.513635
v 3.717554 0.257779 -8.894809
v 3.717618 0.295235 -8.894825
v 3.717618 0.295246 -12.513635
v 3.717501 0.217902 -8.894792
v 3.717551 0.256058 -8.894808
v 3.717551 0.256062 -12.513636
v 2.502218 1.518691 -8.895443
v 2.451933 1.453386 -8.895419
v 2.456402 1.459377 -12.513634
v 3.717458 0.176898 -8.894773
v 3.717499 0.216149 -8.894791
v 3.717499 0.216160 -12.513636
v 3.717429 0.134488 -8.894755
v 3.717456 0.175095 -8.894773
v 3.717456 0.175102 -12.513636
v 3.717405 0.090920 -8.894736
v 3.717428 0.132622 -8.894754
v 3.717428 0.132622 -12.513636
v 2.450053 1.450264 -8.895417
v 2.412001 1.385663 -8.895392
v 2.413753 1.388569 -12.513634
v 3.717392 0.046606 -8.894717
v 3.717404 0.089005 -8.894735
v 3.717404 0.089005 -12.513636
v 3.717385 0.001963 -8.894697
v 3.717392 0.044661 -8.894716
v 3.717392 0.044712 -12.513636
v 2.410415 1.382639 -8.895391
v 2.377556 1.319624 -8.895366
v 2.377784 1.320000 -12.513634
v 3.717390 -0.042746 -8.894678
v 3.717385 0.000000 -8.894696
v 3.717385 0.000000 -12.513636
v 3.717403 -0.087058 -8.894659
v 3.717390 -0.044706 -8.894677
v 3.717390 -0.044655 -12.513636
v 2.375889 1.316652 -8.895365
v 2.339512 1.251714 -8.895339
v 2.339966 1.252579 -12.513634
v 3.717425 -0.130704 -8.894640
v 3.717404 -0.089005 -8.894658
v 3.717404 -0.089005 -12.513636
v 3.717456 -0.173231 -8.894622
v 3.717426 -0.132618 -8.894639
v 3.717426 -0.132618 -12.513636
v 3.717496 -0.214365 -8.894604
v 3.717458 -0.175094 -8.894621
v 3.717458 -0.175087 -12.513636
v 2.337797 1.248524 -8.895338
v 2.300410 1.178893 -8.895310
v 2.301068 1.180195 -12.513634
v 3.717551 -0.254318 -8.894587
v 3.717498 -0.216167 -8.894603
v 3.717498 -0.216156 -12.513636
v 3.717615 -0.293524 -8.894569
v 3.717553 -0.256069 -8.894586
v 3.717553 -0.256065 -12.513636
v 3.717703 -0.332350 -8.894552
v 3.717618 -0.295242 -8.894568
v 3.717618 -0.295231 -12.513636
v 2.298723 1.175555 -8.895309
v 2.261912 1.102623 -8.895280
v 2.262792 1.104454 -12.513634
v 3.717813 -0.371093 -8.894536
v 3.717707 -0.334050 -8.894551
v 3.717707 -0.333984 -12.513636
v 3.717951 -0.409903 -8.894519
v 3.717818 -0.372794 -8.894535
v 3.717818 -0.372780 -12.513636
v 3.718118 -0.448668 -8.894502
v 3.717957 -0.411603 -8.894518
v 3.717957 -0.411541 -12.513635
v 2.260326 1.099192 -8.895279
v 2.225681 1.023925 -8.895248
v 2.226795 1.026562 -12.513635
v 3.718319 -0.487466 -8.894485
v 3.718126 -0.450368 -8.894501
v 3.718126 -0.450306 -12.513636
v 3.720078 -0.528202 -8.894467
v 3.718328 -0.489167 -8.894485
v 3.718328 -0.489098 -12.513636
v 2.224342 1.020476 -8.895247
v 2.195522 0.945851 -8.895217
v 2.196404 0.948265 -12.513635
v 3.719603 -0.578250 -8.894445
v 3.720158 -0.530081 -8.894466
v 3.720137 -0.531967 -12.513636
v 3.714970 -0.639128 -8.894420
v 3.719571 -0.580502 -8.894444
v 3.719421 -0.583340 -12.513636
v 2.194408 0.942522 -8.895216
v 2.170426 0.870496 -8.895186
v 2.171105 0.872673 -12.513635
v 3.705202 -0.712662 -8.894388
v 3.714752 -0.641812 -8.894419
v 3.714463 -0.644577 -12.513635
v 2.169507 0.867313 -8.895185
v 2.149725 0.798510 -8.895157
v 2.150233 0.800385 -12.513635
v 3.691545 -0.806326 -8.894349
v 3.704762 -0.715888 -8.894387
v 3.704419 -0.718201 -12.513635
v 2.148972 0.795502 -8.895155
v 2.132773 0.730546 -8.895128
v 2.133135 0.732067 -12.513635
v 3.663070 -0.920687 -8.894301
v 3.690903 -0.810598 -8.894347
v 3.689764 -0.815716 -12.513635
v 2.132132 0.727722 -8.895127
v 2.118216 0.666237 -8.895102
v 2.118563 0.667908 -12.513636
v 2.117686 0.663509 -8.895101
v 2.106223 0.604117 -8.895075
v 2.106532 0.605919 -12.513635
v 3.612273 -1.047907 -8.894250
v 3.661733 -0.925824 -8.894299
v 3.659248 -0.932995 -12.513635
v 2.105798 0.601450 -8.895074
v 2.096635 0.543546 -8.895050
v 2.096886 0.545307 -12.513636
v 2.096307 0.540915 -8.895048
v 2.089247 0.483846 -8.895024
v 2.089432 0.485523 -12.513635
v 2.089012 0.481231 -8.895023
v 2.083965 0.424723 -8.895000
v 2.084077 0.426098 -12.513636
v 3.531322 -1.179661 -8.894198
v 3.609915 -1.053563 -8.894247
v 3.605385 -1.062160 -12.513635
v 2.083798 0.422129 -8.894998
v 2.080214 0.366102 -8.894974
v 2.080275 0.367123 -12.513636
v -1.395781 -2.223858 -8.895754
v 2.080096 0.363514 -8.894973
v 2.077572 0.307621 -8.894949
v 2.077602 0.308289 -12.513636
v 2.077486 0.305021 -8.894948
v 2.075635 0.248792 -8.894923
v 2.075647 0.249146 -12.513636
v 2.075547 0.246141 -8.894922
v 2.073640 0.188467 -8.894897
v 2.073652 0.188843 -12.513636
v 3.414614 -1.300478 -8.894155
v 3.527612 -1.185447 -8.894197
v 3.520626 -1.194336 -12.513634
v 2.073570 0.185749 -8.894897
v 2.072048 0.126515 -8.894871
v 2.072058 0.127014 -12.513636
v 3.227388 1.168430 -12.513635
v 3.127859 1.253216 -12.513634
v 3.314471 1.072643 -12.513635
v 2.072001 0.123745 -8.894870
v 2.070971 0.063482 -8.894843
v 2.070977 0.064007 -12.513636
v 3.030198 1.320770 -12.513634
v 3.374793 0.972080 -12.513636
v 2.938741 1.370193 -12.513634
v 2.070951 0.060683 -8.894842
v 2.070518 -0.000289 -8.894815
v 2.070518 0.000317 -12.513636
v 3.413704 0.872181 -12.513636
v 3.286899 -1.402956 -8.894119
v 3.409517 -1.305560 -8.894153
v 3.404168 -1.310448 -12.513634
v 2.070538 -0.003091 -8.894814
v 2.070977 -0.063983 -8.894788
v 2.070971 -0.063457 -12.513636
v 2.857824 1.400555 -12.513634
v 3.436553 0.778351 -12.513636
v 2.071024 -0.066752 -8.894787
v 2.072057 -0.126991 -8.894760
v 2.072048 -0.126492 -12.513636
v 3.154837 1.175854 -12.513635
v 3.071122 1.255875 -12.513634
v 3.229235 1.084160 -12.513636
v 2.992910 1.317402 -12.513634
v 2.788194 1.413845 -12.513634
v 2.936109 1.354153 -12.513634
v 2.072127 -0.129712 -8.894759
v 2.073652 -0.188818 -8.894733
v 2.073641 -0.188442 -12.513636
v 3.279497 0.987656 -12.513636
v 2.978642 1.267120 -12.513634
v 2.920519 1.326862 -12.513634
v 3.040545 1.191944 -12.513635
v 3.455459 0.630596 -12.513636
v 2.876729 1.371296 -12.513634
v 3.448688 0.696014 -12.513636
v 2.073740 -0.191467 -8.894732
v 2.075643 -0.249129 -8.894708
v 2.075632 -0.248775 -12.513636
v 3.310578 0.891323 -12.513636
v 3.094348 1.106602 -12.513636
v 3.128168 1.016384 -12.513636
v 3.458249 0.577911 -12.513636
v 2.804434 1.384251 -12.513634
v 2.730600 1.412033 -12.513634
v 2.833570 1.340103 -12.513634
v 3.158046 -1.487834 -8.894092
v 3.281328 -1.407338 -8.894117
v 3.276850 -1.410606 -12.513634
v 2.869466 1.282654 -12.513634
v 2.075728 -0.251712 -8.894706
v 2.077601 -0.308254 -8.894682
v 2.077572 -0.307594 -12.513636
v 2.905985 1.213169 -12.513635
v 3.327435 0.800213 -12.513636
v 3.458442 0.533813 -12.513636
v 3.146363 0.925655 -12.513636
v 2.742074 1.385983 -12.513634
v -0.864680 -3.644841 -13.653571
v 2.077717 -0.310821 -8.894680
v 2.080272 -0.367072 -8.894656
v 2.080211 -0.366051 -12.513636
v 2.752605 1.348072 -12.513634
v 2.684711 1.396061 -12.513634
v 3.457422 0.494095 -12.513636
v 2.935277 1.135223 -12.513636
v 2.949493 1.052364 -12.513636
v 2.762641 1.298130 -12.513634
v 3.335024 0.719345 -12.513636
v 3.153289 0.838776 -12.513636
v 2.702867 1.380333 -12.513634
v 2.650195 1.366871 -12.513634
v 2.080436 -0.369644 -8.894654
v 2.084071 -0.426027 -8.894630
v 2.083960 -0.424652 -12.513636
v 2.688016 1.355442 -12.513634
v 3.338302 0.653736 -12.513636
v 3.456571 0.454590 -12.513636
v 2.772629 1.235981 -12.513635
v 2.952289 0.968159 -12.513636
v 2.084303 -0.428621 -8.894629
v 2.089425 -0.485435 -8.894604
v 2.089240 -0.483757 -12.513635
v 3.153301 0.760090 -12.513636
v 2.674679 1.312641 -12.513634
v 3.455874 0.415253 -12.513636
v 3.338452 0.599716 -12.513636
v 3.034712 -1.554562 -8.894072
v 3.152401 -1.491491 -8.894091
v 3.147802 -1.494190 -12.513634
v 2.777492 1.165264 -12.513635
v 2.622088 1.325283 -12.513634
v 3.455316 0.376026 -12.513636
v 2.089751 -0.488049 -8.894603
v 2.096924 -0.545009 -8.894577
v 2.096687 -0.543331 -12.513635
v 2.772156 1.089619 -12.513635
v 3.336660 0.553604 -12.513636
v 2.661951 1.256809 -12.513634
v 2.947321 0.886196 -12.513636
v 3.150757 0.693985 -12.513636
v 3.454881 0.336842 -12.513636
v 2.097339 -0.547642 -8.894576
v 2.106417 -0.604953 -8.894550
v 2.106140 -0.603348 -12.513636
v 3.334108 0.511711 -12.513636
v 3.454552 0.297672 -12.513636
v 2.595424 1.272125 -12.513634
v 7.092546 -14.022419 -13.653589
v -0.864680 -3.644841 -11.224831
v 3.146508 0.637585 -12.513637
v 2.646463 1.192005 -12.513634
v 2.759584 1.011826 -12.513636
v 2.938246 0.810024 -12.513636
v 2.106922 -0.607628 -8.894549
v 2.117955 -0.665807 -8.894524
v 2.117654 -0.664337 -12.513636
v 3.454307 0.258133 -12.513636
v 3.331981 0.470364 -12.513636
v 3.141406 0.588001 -12.513636
v 2.624844 1.122234 -12.513636
v 3.454125 0.217854 -12.513636
v 2.118553 -0.668544 -8.894523
v 2.131596 -0.728051 -8.894495
v 2.131292 -0.726738 -12.513636
v 2.922138 -1.600907 -8.894059
v 3.029259 -1.557450 -8.894071
v 3.023132 -1.560223 -12.513633
v 2.567657 1.210693 -12.513635
v 3.330241 0.429413 -12.513636
v 2.742739 0.934662 -12.513636
v 2.928718 0.743214 -12.513636
v 3.136302 0.542385 -12.513636
v 3.453984 0.176483 -12.513636
v 2.132268 -0.730923 -8.894494
v 2.147114 -0.794129 -8.894465
v 2.146612 -0.792221 -12.513635
v 3.328846 0.388744 -12.513636
v 2.599478 1.049633 -12.513636
v 3.132049 0.497845 -12.513637
v 3.453862 0.133640 -12.513636
v 2.919193 0.683865 -12.513637
v 3.327756 0.348206 -12.513636
v 2.536240 1.144253 -12.513634
v 2.147955 -0.797192 -8.894464
v 2.166517 -0.864425 -8.894434
v 2.165797 -0.862080 -12.513635
v 2.724583 0.860886 -12.513636
v 3.128567 0.454121 -12.513637
v 3.453765 0.089710 -12.513636
v 3.326933 0.307674 -12.513636
v 2.910121 0.630066 -12.513636
v 2.167572 -0.867670 -8.894432
v 2.190809 -0.938756 -8.894400
v 2.189854 -0.936119 -12.513635
v 2.813232 -1.626562 -8.894056
v 2.917087 -1.602891 -8.894059
v 2.907646 -1.605587 -12.513633
v 3.125777 0.410934 -12.513637
v 2.572749 0.976334 -12.513636
v 3.453701 0.045033 -12.513636
v 3.326323 0.266766 -12.513636
v 2.708080 0.793285 -12.513636
v 2.503199 1.074574 -12.513635
v 2.192119 -0.942167 -8.894399
v 2.220950 -1.016773 -8.894363
v 2.219761 -1.013939 -12.513634
v 2.901957 0.579899 -12.513636
v 3.123599 0.368023 -12.513637
v 3.325868 0.225101 -12.513636
v 3.453677 0.000000 -12.513636
v -21.762657 18.137299 -8.897280
v 2.222574 -1.020278 -8.894362
v 2.257716 -1.095804 -8.894327
v 2.256822 -1.093918 -12.513634
v 3.121954 0.325115 -12.513637
v 2.895153 0.531483 -12.513637
v 3.325515 0.182323 -12.513636
v 2.547041 0.904419 -12.513636
v 3.453701 -0.045040 -12.513636
v 2.693284 0.730915 -12.513636
v 2.703970 -1.626532 -8.894064
v 2.808280 -1.627568 -8.894056
v 2.794437 -1.628586 -12.513633
v 2.259457 -1.099233 -8.894325
v 2.297194 -1.173458 -8.894290
v 2.296546 -1.172211 -12.513634
v 3.120731 0.281815 -12.513637
v 2.470559 1.003361 -12.513636
v 3.325209 0.138050 -12.513636
v 2.889583 0.484375 -12.513637
v 3.453765 -0.089706 -12.513636
v 2.298968 -1.176751 -8.894289
v 2.337478 -1.248205 -8.894255
v 2.337040 -1.247402 -12.513634
v 3.119822 0.237743 -12.513637
v 2.680249 0.672810 -12.513637
v 3.324967 0.092651 -12.513636
v 2.524738 0.836044 -12.513636
v 3.453862 -0.133648 -12.513636
v 2.339198 -1.251273 -8.894254
v 2.376539 -1.317843 -8.894222
v 2.376320 -1.317471 -12.513634
v 2.885118 0.438126 -12.513636
v 2.600254 -1.593564 -8.894086
v 2.699042 -1.626281 -8.894065
v 2.681767 -1.622852 -12.513633
v 3.119116 0.192509 -12.513637
v 2.378077 -1.320783 -8.894220
v 2.413169 -1.387470 -8.894189
v 2.411447 -1.384624 -12.513634
v 3.324807 0.046509 -12.513636
v 3.453984 -0.176487 -12.513636
v 2.669028 0.618073 -12.513636
v 2.881634 0.392303 -12.513637
v 2.440347 0.932384 -12.513636
v 2.414923 -1.390452 -8.894188
v 2.455989 -1.458749 -8.894155
v 2.451524 -1.452766 -12.513634
v 3.118503 0.145741 -12.513637
v 2.517059 -1.532983 -8.894118
v 2.595819 -1.591844 -8.894087
v 2.580395 -1.583542 -12.513633
v 2.505560 0.771061 -12.513636
v 2.458296 -1.461751 -8.894154
v 2.513727 -1.530263 -8.894120
v 2.504242 -1.521366 -12.513633
v 3.454125 -0.217861 -12.513636
v 3.324748 0.000000 -12.513636
v 2.879001 0.346485 -12.513636
v -24.262859 15.250555 -8.893391
v 2.659675 0.565723 -12.513636
v 3.118020 0.097805 -12.513637
v 3.454307 -0.258129 -12.513636
v 3.324807 -0.046520 -12.513636
v 2.877045 0.300262 -12.513637
v 2.414586 0.863373 -12.513636
v 2.489230 0.709316 -12.513636
v 2.652017 0.515163 -12.513637
v 3.454552 -0.297680 -12.513636
v 3.117701 0.049091 -12.513637
v -22.367891 19.496620 -13.653582
v 3.324967 -0.092655 -12.513636
v 2.875591 0.253235 -12.513636
v 3.454881 -0.336849 -12.513636
v 3.117583 0.000000 -12.513637
v 2.645878 0.465805 -12.513637
v 3.325209 -0.138046 -12.513636
v 2.475467 0.650665 -12.513636
v 2.874461 0.205006 -12.513637
v 2.392799 0.796650 -12.513636
v 3.455316 -0.376026 -12.513636
v 3.325515 -0.182327 -12.513636
v 2.641086 0.417042 -12.513637
v 3.455866 -0.415237 -12.513636
v 2.873481 0.155151 -12.513636
v 3.117701 -0.049099 -12.513637
v 2.463994 0.594986 -12.513637
v 3.325868 -0.225109 -12.513636
v 2.637467 0.368259 -12.513637
v 3.456537 -0.454540 -12.513636
v 2.374506 0.732586 -12.513636
v 2.872707 0.104115 -12.513636
v 3.118020 -0.097809 -12.513637
v 3.326323 -0.266754 -12.513636
v 2.454597 0.541515 -12.513636
v 3.457337 -0.493946 -12.513636
v 2.634778 0.319061 -12.513637
v 2.872197 0.052250 -12.513636
v 3.118503 -0.145737 -12.513637
v 3.326933 -0.307667 -12.513636
v 2.359229 0.671494 -12.513636
v 3.458274 -0.533520 -12.513636
v 2.447064 0.489513 -12.513636
v 2.632777 0.269024 -12.513637
v 3.327756 -0.348206 -12.513636
v 3.119116 -0.192516 -12.513637
v 2.872008 0.000000 -12.513636
v 2.346490 0.613724 -12.513636
v 3.457989 -0.577465 -12.513636
v 3.328846 -0.388744 -12.513636
v 2.631224 0.217724 -12.513637
v 2.441183 0.438244 -12.513636
v 3.119822 -0.237747 -12.513637
v 2.336053 0.558426 -12.513636
v 3.330220 -0.429379 -12.513636
v 3.120731 -0.281815 -12.513637
v 2.872197 -0.052258 -12.513636
v 2.629876 0.164764 -12.513637
v 2.436740 0.386932 -12.513636
v 3.455123 -0.630016 -12.513636
v 3.331897 -0.470215 -12.513636
v 3.121954 -0.325115 -12.513637
v 2.327684 0.504761 -12.513636
v 2.872707 -0.104107 -12.513636
v 2.628813 0.110535 -12.513637
v 2.433440 0.335194 -12.513636
v 3.333897 -0.511349 -12.513637
v 3.123599 -0.368027 -12.513637
v 2.873481 -0.155155 -12.513636
v 2.321149 0.451893 -12.513636
v 3.336239 -0.552876 -12.513636
v 2.628112 0.055470 -12.513637
v 2.430985 0.282562 -12.513636
v 3.448319 -0.695377 -12.513636
v 3.125777 -0.410934 -12.513637
v 3.436216 -0.777771 -12.513636
v 2.874461 -0.204998 -12.513636
v 3.337801 -0.598598 -12.513636
v 3.128525 -0.454044 -12.513637
v 2.627852 0.000000 -12.513637
v 2.316213 0.398983 -12.513636
v 2.429079 0.228642 -12.513636
v 2.875591 -0.253235 -12.513636
v 3.131881 -0.497559 -12.513637
v 3.337461 -0.652287 -12.513636
v 2.312545 0.345592 -12.513636
v 2.427425 0.172985 -12.513636
v 2.877045 -0.300266 -12.513636
v 3.135881 -0.541656 -12.513636
v 2.628112 -0.055481 -12.513637
v 3.413443 -0.871735 -12.513636
v 2.879001 -0.346485 -12.513636
v 2.309817 0.291306 -12.513636
v 3.140564 -0.586559 -12.513637
v 2.426119 0.116043 -12.513637
v 3.334099 -0.717747 -12.513636
v 2.628813 -0.110535 -12.513637
v 2.881634 -0.392307 -12.513636
v 3.326593 -0.798756 -12.513636
v 3.145204 -0.635334 -12.513636
v 2.307700 0.235683 -12.513636
v 2.425259 0.058231 -12.513636
v 2.629876 -0.164761 -12.513637
v 2.885118 -0.438114 -12.513636
v 3.149075 -0.691086 -12.513637
v 2.305862 0.178303 -12.513636
v 2.424940 0.000000 -12.513637
v 2.889515 -0.484249 -12.513637
v 2.631224 -0.217724 -12.513637
v 3.374625 -0.971798 -12.513636
v 3.309926 -0.890198 -12.513636
v 9.005004 -7.450434 -8.893803
v 6.556739 -12.600783 -8.895589
v 2.894884 -0.531017 -12.513637
v 2.304411 0.119602 -12.513636
v 2.632777 -0.269016 -12.513637
v 3.151451 -0.756908 -12.513636
v 2.901285 -0.578747 -12.513637
v 2.425259 -0.058239 -12.513636
v 2.634778 -0.319065 -12.513637
v 2.303455 0.060024 -12.513636
v 2.908777 -0.627747 -12.513636
v 20.833988 -19.810341 -8.892965
v 17.307121 -22.395294 -8.902846
v 2.426119 -0.116047 -12.513637
v 2.637467 -0.368267 -12.513637
v 3.151607 -0.835865 -12.513636
v 3.279076 -0.986927 -12.513636
v 2.303101 0.000000 -12.513636
v 2.917109 -0.680279 -12.513636
v 3.314386 -1.072495 -12.513635
v 2.641086 -0.417034 -12.513637
v 2.427425 -0.172985 -12.513636
v 2.926029 -0.738586 -12.513637
v 2.645878 -0.465805 -12.513637
v 2.429079 -0.228638 -12.513637
v 3.145060 -0.923405 -12.513636
v 7.092546 -14.022420 -11.224848
v 2.303455 -0.060017 -12.513636
v 2.651924 -0.515011 -12.513636
v 2.935288 -0.804928 -12.513636
v 3.229025 -1.083805 -12.513636
v 2.430985 -0.282566 -12.513636
v 2.659306 -0.565090 -12.513636
v 2.304411 -0.119598 -12.513636
v 2.433440 -0.335186 -12.513637
v 2.668105 -0.616474 -12.513637
v -11.736450 10.345682 -13.653582
v 3.127327 -1.014935 -12.513636
v 2.944632 -0.881565 -12.513636
v 2.305862 -0.178295 -12.513636
v 2.436740 -0.386936 -12.513636
v 2.678404 -0.669636 -12.513636
v 3.227354 -1.168365 -12.513634
v 2.307700 -0.235676 -12.513636
v 2.441183 -0.438236 -12.513636
v 2.690424 -0.725979 -12.513636
v 2.950205 -0.964569 -12.513636
v 2.447064 -0.489517 -12.513636
v 2.309817 -0.291306 -12.513636
v 3.093927 -1.105877 -12.513636
v 2.704390 -0.786926 -12.513636
v 3.154753 -1.175705 -12.513635
v 2.454484 -0.541321 -12.513636
v 2.312545 -0.345596 -12.513636
v 2.720524 -0.853886 -12.513636
v 2.463542 -0.594208 -12.513637
v 2.948149 -1.050037 -12.513636
v 3.040377 -1.191654 -12.513635
v 2.316213 -0.398975 -12.513636
v 3.127851 -1.253201 -12.513634
v 2.474338 -0.648716 -12.513636
v 2.739048 -0.928295 -12.513636
v 2.321149 -0.451900 -12.513636
v 2.486972 -0.705414 -12.513636
v 2.327684 -0.504761 -12.513636
v 2.934605 -1.134060 -12.513635
v 3.071101 -1.255840 -12.513634
v 2.756724 -1.006908 -12.513636
v 2.502060 -0.765026 -12.513636
v 2.335928 -0.558208 -12.513636
v 2.978600 -1.267059 -12.513635
v 2.905716 -1.212708 -12.513635
v 2.520222 -0.828266 -12.513636
v 2.345990 -0.612854 -12.513636
v 3.030198 -1.320770 -12.513634
v 2.770311 -1.086437 -12.513636
v 2.542074 -0.895855 -12.513636
v 2.357981 -0.669338 -12.513636
v 2.992910 -1.317410 -12.513634
v 2.372008 -0.728275 -12.513636
v 2.568233 -0.968536 -12.513636
v 2.869398 -1.282536 -12.513635
v 2.920519 -1.326870 -12.513634
v 2.776569 -1.163666 -12.513635
v 2.772260 -1.235336 -12.513634
v 2.388927 -0.789989 -12.513636
v 2.595978 -1.043610 -12.513635
v 2.938741 -1.370190 -12.513634
v 2.409590 -0.854755 -12.513636
v 2.936109 -1.354145 -12.513634
v 2.622585 -1.118336 -12.513636
v 2.833570 -1.340107 -12.513634
v 2.876729 -1.371296 -12.513634
v 2.434851 -0.922916 -12.513636
v 2.762549 -1.297970 -12.513634
v 2.465564 -0.994755 -12.513635
v 2.857824 -1.400555 -12.513634
v 2.645333 -1.190056 -12.513635
v 2.661499 -1.256039 -12.513634
v 2.804434 -1.384258 -12.513634
v 2.499327 -1.067898 -12.513636
v 2.752605 -1.348080 -12.513634
v -2.483827 1.530257 -8.901004
v -2.487293 1.533087 -8.901012
v -2.474388 1.521439 -12.513634
v 2.674566 -1.312439 -12.513634
v 2.533742 -1.139950 -12.513634
v -2.428638 1.462207 -8.900849
v 2.788194 -1.413849 -12.513634
v -2.565828 1.591785 -8.901112
v -2.570450 1.593578 -8.901111
v -2.550446 1.583546 -12.513633
v -2.385542 1.391505 -8.900713
v -2.426243 1.459096 -8.900843
v -2.421782 1.453117 -12.513634
v 2.742074 -1.385986 -12.513634
v 2.566408 -1.208538 -12.513635
v -2.349395 1.323037 -8.900590
v -2.383731 1.388431 -8.900707
v -2.381984 1.385529 -12.513634
v 2.688016 -1.355438 -12.513634
v -2.669077 1.626301 -8.901084
v -2.651810 1.622879 -12.513634
v -2.311737 1.255573 -8.900466
v -2.347831 1.320040 -8.900585
v -2.347602 1.319614 -12.513634
v 2.730600 -1.412037 -12.513634
v -2.674216 1.626562 -8.901084
v 2.594924 -1.271271 -12.513634
v 2.702867 -1.380325 -12.513634
v -2.310009 1.252487 -8.900460
v -2.309561 1.251675 -12.513634
v -2.272868 1.183454 -8.900335
v 2.621963 -1.325069 -12.513634
v 2.684711 -1.396069 -12.513634
v 2.650195 -1.366879 -12.513634
v -2.234555 1.107825 -8.900202
v -2.271092 1.180148 -8.900329
v -2.270433 1.178848 -12.513634
v -2.778327 1.627577 -8.901093
v -2.764520 1.628586 -12.513633
v -10.157957 8.640779 -8.895105
v -2.232809 1.104363 -8.900196
v -2.231931 1.102531 -12.513634
v -2.198448 1.030005 -8.900070
v -2.167786 0.951697 -8.899948
v -2.196805 1.026437 -8.900064
v -2.195694 1.023804 -12.513635
v -2.142272 0.875930 -8.899836
v -2.166420 0.948162 -8.899942
v -2.165537 0.945747 -12.513634
v -2.783489 1.626529 -8.901095
v -2.887131 1.602897 -8.901133
v -2.877711 1.605591 -12.513634
v -2.892398 1.600828 -8.901135
v -2.121203 0.803566 -8.899734
v -2.141137 0.872519 -8.899831
v -2.140459 0.870396 -12.513635
v -2.120267 0.800311 -8.899730
v -2.119758 0.798431 -12.513635
v -2.103946 0.735075 -8.899643
v -2.089264 0.670743 -8.899560
v -2.103180 0.732003 -8.899639
v -2.102820 0.730484 -12.513636
v -2.999305 1.557460 -8.901196
v -2.993191 1.560226 -12.513634
v -2.077119 0.608589 -8.899483
v -2.088606 0.667836 -8.899556
v -2.088259 0.666168 -12.513636
v -3.004993 1.554447 -8.901199
v -2.076577 0.605783 -8.899479
v -2.076271 0.604034 -12.513635
v -2.067367 0.547959 -8.899410
v -2.066934 0.545224 -8.899407
v -2.066679 0.543465 -12.513636
v -2.059821 0.488138 -8.899343
v -12.144103 9.066499 -8.903912
v -3.122441 1.491507 -8.901282
v -3.117854 1.494198 -12.513634
v -2.054369 0.428707 -8.899280
v -2.059488 0.485444 -8.899341
v -2.059305 0.483768 -12.513635
v -2.054131 0.426041 -8.899277
v -2.054018 0.424667 -12.513636
v -3.128332 1.487693 -8.901287
v -2.050502 0.369718 -8.899220
v -10.844378 5.475912 -8.894423
v -2.050333 0.367074 -8.899217
v -2.050270 0.366055 -12.513636
v -2.047783 0.310893 -8.899161
v -2.047664 0.308257 -8.899158
v -2.047637 0.307598 -12.513636
v -2.045790 0.251784 -8.899103
v -3.251377 1.407367 -8.901389
v -3.246907 1.410629 -12.513634
v -2.045703 0.249133 -8.899101
v -2.045693 0.248779 -12.513636
v -2.043800 0.191543 -8.899045
v -3.257192 1.402792 -8.901395
v -2.043711 0.188825 -8.899042
v -2.043701 0.188450 -12.513636
v -2.042192 0.129785 -8.898986
v -2.041085 0.066820 -8.898927
v -2.042121 0.126994 -8.898983
v -2.042112 0.126495 -12.513636
v -2.041036 0.063982 -8.898924
v -2.041028 0.063457 -12.513636
v -2.040602 0.003158 -8.898868
v -3.379554 1.305585 -8.901517
v -3.374221 1.310463 -12.513634
v -2.040582 0.000288 -8.898865
v -2.040582 -0.000317 -12.513636
v -2.041008 -0.060617 -8.898809
v -3.384877 1.300279 -8.901523
v -2.041028 -0.063482 -8.898807
v -2.041037 -0.064007 -12.513636
v -2.042064 -0.123670 -8.898753
v -2.042113 -0.126504 -8.898751
v -2.042122 -0.127003 -12.513636
v -2.043627 -0.185680 -8.898699
v -2.043698 -0.188460 -8.898697
v -2.043711 -0.188835 -12.513636
v -3.497643 1.185565 -8.901663
v -3.490678 1.194386 -12.513634
v -2.045604 -0.246070 -8.898647
v -2.045693 -0.248781 -8.898644
v -2.045703 -0.249134 -12.513636
v -3.501521 1.179523 -8.901670
v -2.047550 -0.304953 -8.898597
v -2.050153 -0.363440 -8.898547
v -2.047638 -0.307610 -8.898594
v -2.047666 -0.308270 -12.513636
v -2.053852 -0.422068 -8.898499
v -2.050273 -0.366083 -8.898545
v -2.050336 -0.367104 -12.513636
v -3.579976 1.053726 -8.901819
v -3.575460 1.062313 -12.513634
v -2.054023 -0.424717 -8.898498
v -2.054136 -0.426090 -12.513636
v -2.059073 -0.481168 -8.898455
v 8.133262 -15.195441 -8.892811
v -2.059314 -0.483836 -8.898452
v -2.059497 -0.485512 -12.513635
v -2.066420 -0.540729 -8.898412
v -2.066757 -0.543403 -8.898410
v -2.066994 -0.545086 -12.513636
v 18.134756 -23.485842 -13.653582
v -1.246846 -4.931436 -8.903960
v -11.038754 3.681737 -11.224834
v -2.075783 -0.600733 -8.898373
v -3.582444 1.047814 -8.901826
v -3.631843 0.925982 -8.901968
v -3.629358 0.933186 -12.513634
v -2.076209 -0.603423 -8.898371
v -2.076487 -0.605026 -12.513635
v -2.087214 -0.661665 -8.898335
v -2.100753 -0.723993 -8.898301
v -2.087733 -0.664395 -8.898335
v -2.088033 -0.665863 -12.513635
v -3.633243 0.920608 -8.901974
v -3.661040 0.810779 -8.902100
v -3.659902 0.815926 -12.513635
v -2.101364 -0.726784 -8.898300
v -2.101669 -0.728096 -12.513635
v -3.661713 0.806305 -8.902105
v -2.116001 -0.789334 -8.898267
v 18.134756 -23.485842 -11.224838
v -2.116698 -0.792299 -8.898265
v -2.117198 -0.794201 -12.513636
v -3.674931 0.716061 -8.902207
v -3.674585 0.718369 -12.513635
v -2.135017 -0.859036 -8.898234
v -3.675391 0.712681 -8.902211
v -2.135887 -0.862190 -8.898233
v -2.136607 -0.864532 -12.513635
v -2.158870 -0.932910 -8.898207
v -3.685137 0.639127 -8.902187
v -3.689709 0.580546 -8.902142
v -3.689563 0.583382 -12.513636
v -2.159959 -0.936243 -8.898206
v -2.160913 -0.938877 -12.513635
v -3.689741 0.578185 -8.902140
v -2.188532 -1.010563 -8.898185
v -3.690264 0.530079 -8.902096
v -3.690244 0.531914 -12.513636
v -3.690180 0.528114 -8.902094
v -3.688417 0.489136 -8.902056
v -3.688417 0.489063 -12.513636
v -3.688407 0.487359 -8.902054
v -3.688203 0.450332 -8.902020
v -3.688203 0.450310 -12.513636
v -2.225276 -1.090454 -8.898173
v -2.189884 -1.014060 -8.898184
v -2.191069 -1.016891 -12.513634
v -3.688195 0.448554 -8.902018
v -3.688022 0.411555 -8.901984
v -3.688022 0.411533 -12.513635
v -16.381567 7.505599 -8.904159
v -3.688015 0.409779 -8.901982
v -3.687881 0.372798 -8.901948
v -3.687881 0.372787 -12.513635
v -3.687876 0.371021 -8.901946
v -2.226923 -1.093995 -8.898172
v -2.227817 -1.095879 -12.513634
v -3.687770 0.334054 -8.901913
v -3.687770 0.333988 -12.513635
v -3.687766 0.332278 -8.901911
v -2.264867 -1.168778 -8.898167
v -11.038754 3.681737 -13.653577
v -3.687680 0.295246 -8.901876
v -3.687680 0.295235 -12.513635
v -3.687677 0.293452 -8.901875
v -3.687610 0.256077 -8.901841
v -3.687610 0.256073 -12.513636
v -3.687608 0.254249 -8.901839
v -2.266636 -1.172258 -8.898167
v -2.267283 -1.173504 -12.513634
v -3.687556 0.216171 -8.901804
v -3.687556 0.216160 -12.513635
v -2.620255 1.366871 -12.513634
v -2.592149 1.325291 -12.513634
v -2.305321 -1.244075 -8.898166
v -2.565484 1.272129 -12.513634
v -3.687554 0.214291 -8.901802
v -3.687517 0.175102 -8.901767
v -3.687518 0.175095 -12.513635
v -2.700660 1.412045 -12.513634
v -2.537717 1.210693 -12.513634
v -3.687516 0.173158 -8.901765
v -3.687489 0.132622 -8.901728
v -3.687488 0.132622 -12.513635
v -2.307126 -1.247425 -8.898166
v -2.307558 -1.248226 -12.513634
v -3.687488 0.130626 -8.901726
v -2.506301 1.144260 -12.513634
v -5.590242 -0.769551 -8.904069
v -10.277831 2.349330 -8.894767
v -2.654771 1.396076 -12.513634
v -2.758256 1.413849 -12.513634
v -3.687464 0.089005 -8.901688
v -3.687464 0.089005 -12.513636
v -2.344636 -1.314356 -8.898167
v -2.473260 1.074574 -12.513635
v -2.440619 1.003376 -12.513636
v -3.687464 0.086976 -8.901686
v -3.687449 0.044710 -8.901647
v -3.687449 0.044659 -12.513635
v -2.410406 0.932392 -12.513636
v -3.687449 0.042667 -8.901645
v -3.687443 0.000000 -8.901606
v -3.687443 0.000000 -12.513636
v -2.658077 1.355453 -12.513634
v -2.827884 1.400562 -12.513634
v -3.687444 -0.002045 -8.901604
v -2.644739 1.312641 -12.513634
v -2.672927 1.380333 -12.513634
v -2.379942 -1.381632 -8.898164
v -2.346386 -1.317477 -8.898167
v -2.346606 -1.317852 -12.513634
v -2.712134 1.385990 -12.513634
v -2.384646 0.863373 -12.513636
v -3.687456 -0.044657 -8.901566
v -3.687456 -0.044708 -12.513636
v -2.632011 1.256824 -12.513634
v -2.722667 1.348083 -12.513634
v -3.687456 -0.046682 -8.901564
v -2.774494 1.384251 -12.513634
v -2.616523 1.192005 -12.513635
v -2.362859 0.796661 -12.513636
v -3.687464 -0.089005 -8.901525
v -3.687464 -0.089005 -12.513636
v -2.732702 1.298130 -12.513634
v -3.687465 -0.090997 -8.901523
v -2.594905 1.122242 -12.513635
v -2.803630 1.340115 -12.513634
v -2.419879 -1.449835 -8.898168
v -2.381587 -1.384758 -8.898164
v -2.383309 -1.387600 -12.513634
v -3.687488 -0.132607 -8.901484
v -3.687488 -0.132607 -12.513636
v -2.344566 0.732594 -12.513636
v -2.846790 1.371304 -12.513634
v -2.742689 1.235981 -12.513635
v -2.908801 1.370193 -12.513634
v -2.569538 1.049641 -12.513635
v -3.687489 -0.134548 -8.901483
v -3.687519 -0.175087 -8.901445
v -3.687518 -0.175095 -12.513636
v -2.329289 0.671494 -12.513636
v -2.839526 1.282665 -12.513634
v -2.747554 1.165272 -12.513635
v -2.421804 -1.453035 -8.898168
v -2.426259 -1.459011 -12.513634
v -2.542809 0.976334 -12.513636
v -2.890580 1.326874 -12.513634
v -0.960605 -9.819296 -8.904159
v -3.687521 -0.176963 -8.901444
v -3.687556 -0.216145 -8.901408
v -3.687556 -0.216156 -12.513636
v -2.906169 1.354153 -12.513634
v -3.687558 -0.217968 -8.901406
v -2.472147 -1.518564 -8.898191
v -2.517102 0.904434 -12.513636
v -3.687610 -0.256054 -8.901372
v -3.687610 -0.256058 -12.513636
v -2.316550 0.613724 -12.513636
v -2.876045 1.213184 -12.513635
v -3.687613 -0.257844 -8.901370
v -2.474746 -1.521776 -8.898193
v -2.742216 1.089630 -12.513636
v -2.494798 0.836056 -12.513636
v -2.962970 1.317413 -12.513634
v -3.687680 -0.295231 -8.901336
v -3.687680 -0.295242 -12.513636
v -2.948703 1.267136 -12.513635
v -3.687684 -0.297003 -8.901335
v -2.306113 0.558430 -12.513636
v -3.000258 1.320770 -12.513634
v -2.475620 0.771061 -12.513636
v -3.687764 -0.333988 -8.901300
v -3.687770 -0.334053 -12.513636
v -2.729645 1.011829 -12.513636
v -2.905337 1.135223 -12.513636
v -2.297744 0.504761 -12.513636
v -2.547484 -1.581156 -8.898260
v -2.484221 -1.530663 -12.513633
v -25.741709 14.758212 -13.653581
v -3.687769 -0.335756 -8.901299
v -3.687879 -0.372773 -8.901265
v -3.687879 -0.372787 -12.513636
v -2.459290 0.709320 -12.513636
v -2.712799 0.934662 -12.513636
v -3.687886 -0.374544 -8.901263
v -3.041183 1.255875 -12.513634
v -3.688018 -0.411532 -8.901230
v -3.688018 -0.411594 -12.513635
v -3.010606 1.191956 -12.513635
v -2.291209 0.451904 -12.513636
v -2.445527 0.650669 -12.513636
v -2.694644 0.860889 -12.513636
v -3.688025 -0.413302 -8.901228
v -3.688185 -0.450301 -8.901195
v -3.688185 -0.450363 -12.513636
v -3.097919 1.253223 -12.513634
v -3.688195 -0.452072 -8.901194
v -2.286273 0.398991 -12.513636
v -2.919553 1.052364 -12.513636
v -2.678140 0.793285 -12.513636
v -3.688387 -0.489097 -8.901159
v -3.688387 -0.489166 -12.513636
v -2.434054 0.594990 -12.513637
v -2.647976 -1.621482 -8.898390
v -2.551177 -1.583914 -8.898264
v -2.566571 -1.592159 -12.513634
v -3.684620 0.644707 -12.513635
v -2.282605 0.345600 -12.513636
v -2.663345 0.730915 -12.513636
v -3.064408 1.106613 -12.513636
v -3.688471 -0.490959 -8.901158
v -3.690203 -0.531862 -8.901123
v -3.690222 -0.529980 -12.513636
v -3.124898 1.175854 -12.513635
v -2.424659 0.541523 -12.513636
v -2.922349 0.968170 -12.513636
v -2.650309 0.672821 -12.513636
v -2.279878 0.291309 -12.513636
v -3.690177 -0.534160 -8.901121
v -3.689489 -0.583208 -8.901075
v -3.689642 -0.580372 -12.513636
v -2.417125 0.489521 -12.513636
v -3.689269 -0.586003 -8.901073
v -2.917381 0.886200 -12.513636
v -2.639088 0.618073 -12.513636
v -3.197448 1.168430 -12.513635
v -2.277760 0.235691 -12.513636
v -2.411243 0.438244 -12.513636
v -3.684537 -0.644434 -8.901011
v -3.684822 -0.641674 -12.513636
v -2.760256 -1.628493 -8.898571
v -2.652612 -1.623021 -8.898396
v -2.669881 -1.626446 -12.513633
v -3.684083 -0.647811 -8.901007
v -2.629735 0.565723 -12.513636
v -2.908305 0.810032 -12.513636
v -2.406801 0.386944 -12.513636
v -2.765158 -1.628542 -8.898579
v -2.275922 0.178314 -12.513636
v -3.199295 1.084171 -12.513635
v -3.674498 -0.718079 -8.900927
v -3.674838 -0.715771 -12.513635
v -3.098229 1.016392 -12.513636
v -2.622077 0.515171 -12.513636
v -2.898780 0.743225 -12.513637
v -2.403500 0.335194 -12.513636
v -2.274472 0.119614 -12.513636
v -2.873272 -1.606559 -8.898779
v -2.778994 -1.627522 -12.513633
v -2.615939 0.465809 -12.513637
v -2.889252 0.683872 -12.513637
v -3.673869 -0.722388 -8.900922
v -3.659882 -0.815465 -8.900813
v -3.661020 -0.810364 -12.513635
v -2.401046 0.282574 -12.513636
v -3.116423 0.925659 -12.513636
v -2.611148 0.417053 -12.513637
v -3.284530 1.072651 -12.513636
v -2.878156 -1.605445 -8.898788
v -2.887572 -1.602753 -12.513633
v -2.273515 0.060024 -12.513636
v -2.880183 0.630070 -12.513636
v -2.988431 -1.562138 -8.899012
v -2.399140 0.228642 -12.513636
v -2.607527 0.368275 -12.513637
v -3.658557 -0.820706 -8.900806
v -3.629429 -0.932654 -8.900655
v -3.631914 -0.925495 -12.513635
v -2.872018 0.579914 -12.513636
v -3.123349 0.838776 -12.513636
v -3.249557 0.987656 -12.513636
v -3.627076 -0.938460 -8.900646
v -2.604838 0.319073 -12.513637
v -2.397485 0.172993 -12.513636
v -2.273515 -0.060017 -12.513636
v -3.112527 -1.497031 -8.899278
v -2.993478 -1.560092 -8.899022
v -2.999601 -1.557327 -12.513633
v -2.865214 0.531494 -12.513637
v -2.273161 0.000000 -12.513636
v -3.118079 -1.494055 -8.899290
v -3.122667 -1.491360 -12.513634
v -3.575655 -1.061741 -8.900448
v -3.580178 -1.053158 -12.513634
v -3.123361 0.760101 -12.513636
v -2.602838 0.269032 -12.513637
v -2.859643 0.484375 -12.513637
v -2.396180 0.116055 -12.513636
v -3.241299 -1.414263 -8.899568
v -2.274472 -0.119598 -12.513636
v -3.571922 -1.067730 -8.900435
v -3.344853 0.972095 -12.513636
v -3.247126 -1.410460 -8.899581
v -3.251604 -1.407196 -12.513634
v -2.855180 0.438126 -12.513637
v -3.368680 -1.314810 -8.899871
v -2.601285 0.217731 -12.513637
v -3.491019 -1.193903 -8.900186
v -3.497992 -1.185028 -12.513634
v -3.120817 0.693989 -12.513636
v -2.395320 0.058243 -12.513636
v -3.485659 -1.199358 -8.900171
v -3.374485 -1.310197 -8.899885
v -3.379822 -1.305317 -12.513634
v -3.280638 0.891331 -12.513636
v -2.275922 -0.178295 -12.513636
v -2.851694 0.392315 -12.513637
v -3.116568 0.637585 -12.513636
v -2.599937 0.164764 -12.513637
v -2.395000 0.000000 -12.513636
v -2.849061 0.346493 -12.513637
v -2.277760 -0.235676 -12.513636
v -2.395320 -0.058239 -12.513636
v -3.111466 0.588013 -12.513636
v -2.598873 0.110546 -12.513637
v -3.297496 0.800213 -12.513636
v -3.383765 0.872181 -12.513636
v -2.847106 0.300274 -12.513637
v -3.106362 0.542385 -12.513636
v -2.279878 -0.291294 -12.513636
v -2.396180 -0.116039 -12.513637
v -2.598172 0.055481 -12.513637
v -2.845651 0.253239 -12.513637
v -3.102109 0.497852 -12.513637
v -3.305084 0.719345 -12.513636
v -2.282605 -0.345585 -12.513636
v -2.397485 -0.172985 -12.513636
v -3.098627 0.454121 -12.513637
v -2.844521 0.205013 -12.513637
v -2.598172 -0.055466 -12.513637
v -3.406613 0.778351 -12.513636
v -2.597913 0.000000 -12.513637
v -3.308364 0.653744 -12.513636
v -3.095837 0.410946 -12.513637
v -2.286273 -0.398975 -12.513636
v -2.399140 -0.228626 -12.513637
v -2.843541 0.155163 -12.513637
v -2.598873 -0.110531 -12.513637
v -3.093659 0.368031 -12.513637
v -3.308513 0.599720 -12.513636
v -2.401046 -0.282558 -12.513636
v -2.291209 -0.451885 -12.513636
v -2.842767 0.104115 -12.513637
v -3.418750 0.696026 -12.513636
v -3.092014 0.325123 -12.513637
v -3.306720 0.553604 -12.513636
v -2.599937 -0.164745 -12.513637
v -2.842258 0.052265 -12.513636
v -2.403500 -0.335175 -12.513636
v -3.090791 0.281826 -12.513637
v -2.297744 -0.504761 -12.513636
v -3.304168 0.511711 -12.513636
v -2.601285 -0.217716 -12.513637
v -3.302043 0.470364 -12.513636
v -3.089883 0.237751 -12.513637
v -2.406801 -0.386929 -12.513636
v -2.842258 -0.052246 -12.513636
v -2.305989 -0.558197 -12.513636
v -3.425521 0.630604 -12.513636
v -2.602838 -0.269016 -12.513637
v -3.300300 0.429424 -12.513637
v -3.089176 0.192524 -12.513637
v -2.842068 0.000000 -12.513636
v -2.411243 -0.438229 -12.513636
v -2.842767 -0.104095 -12.513636
v -3.428310 0.577923 -12.513636
v -3.298907 0.388752 -12.513636
v -2.604838 -0.319061 -12.513637
v -2.316051 -0.612850 -12.513636
v -3.088565 0.145741 -12.513637
v -3.428503 0.533813 -12.513636
v -3.297817 0.348209 -12.513636
v -2.417125 -0.489506 -12.513636
v -2.843541 -0.155155 -12.513636
v -2.607527 -0.368256 -12.513637
v -3.088080 0.097809 -12.513637
v -3.296994 0.307674 -12.513636
v -2.328041 -0.669327 -12.513636
v -3.426633 0.454590 -12.513636
v -3.427482 0.494095 -12.513636
v -2.424544 -0.541321 -12.513636
v -2.844521 -0.204998 -12.513637
v -3.087762 0.049103 -12.513637
v -2.611148 -0.417034 -12.513637
v -3.296384 0.266773 -12.513636
v -3.425935 0.415264 -12.513636
v -2.845651 -0.253231 -12.513636
v -2.342068 -0.728275 -12.513636
v -3.295928 0.225101 -12.513636
v -2.433602 -0.594196 -12.513636
v -3.425378 0.376034 -12.513636
v -2.615939 -0.465801 -12.513637
v -3.087762 -0.049084 -12.513637
v -2.847106 -0.300259 -12.513637
v -3.424943 0.336853 -12.513636
v -3.295575 0.182331 -12.513636
v -3.087643 0.000000 -12.513637
v -2.621985 -0.514996 -12.513636
v -2.444400 -0.648716 -12.513636
v -3.088080 -0.097797 -12.513637
v -2.358987 -0.789978 -12.513636
v -3.424612 0.297684 -12.513636
v -3.295270 0.138050 -12.513636
v -2.849061 -0.346478 -12.513636
v -3.088565 -0.145737 -12.513637
v -3.424369 0.258144 -12.513636
v -2.629367 -0.565075 -12.513637
v -2.457032 -0.705410 -12.513636
v -3.295027 0.092663 -12.513636
v -2.851694 -0.392300 -12.513637
v -25.741714 14.758212 -11.224839
v -3.424186 0.217865 -12.513636
v -3.089176 -0.192505 -12.513637
v -2.379650 -0.854755 -12.513636
v -3.294868 0.046524 -12.513636
v -2.638165 -0.616467 -12.513637
v -2.855180 -0.438110 -12.513636
v -3.424045 0.176495 -12.513636
v -2.472121 -0.765015 -12.513636
v -3.089883 -0.237736 -12.513637
v -3.423922 0.133656 -12.513636
v -2.859576 -0.484249 -12.513636
v -3.294868 -0.046509 -12.513636
v -2.648464 -0.669628 -12.513636
v -3.090791 -0.281815 -12.513637
v -3.294810 0.000000 -12.513636
v -2.404911 -0.922909 -12.513636
v -3.423826 0.089710 -12.513636
v -2.490282 -0.828259 -12.513636
v -3.295027 -0.092655 -12.513636
v -2.864945 -0.531017 -12.513637
v -3.092014 -0.325104 -12.513637
v -2.660484 -0.725979 -12.513637
v -3.423762 0.045044 -12.513636
v -3.295270 -0.138046 -12.513636
v -2.871345 -0.578735 -12.513637
v -3.093659 -0.368015 -12.513637
v -2.512133 -0.895855 -12.513636
v -2.435624 -0.994751 -12.513636
v -3.423739 0.000000 -12.513636
v -3.295575 -0.182316 -12.513636
v -2.674451 -0.786915 -12.513636
v -3.095837 -0.410934 -12.513637
v -2.878837 -0.627735 -12.513636
v -3.423762 -0.045025 -12.513636
v -3.295928 -0.225098 -12.513636
v -3.098585 -0.454041 -12.513637
v -3.423826 -0.089706 -12.513636
v -2.538293 -0.968536 -12.513636
v -3.296384 -0.266754 -12.513636
v -2.690584 -0.853886 -12.513636
v -2.887170 -0.680267 -12.513637
v -2.469387 -1.067886 -12.513636
v -3.101941 -0.497547 -12.513637
v -3.423922 -0.133636 -12.513636
v -3.296994 -0.307667 -12.513636
v -2.896090 -0.738575 -12.513636
v -3.105942 -0.541645 -12.513636
v -3.424045 -0.176479 -12.513636
v -3.297817 -0.348206 -12.513636
v -2.566038 -1.043594 -12.513636
v -2.709109 -0.928295 -12.513636
v -2.503802 -1.139950 -12.513635
v -3.424186 -0.217846 -12.513636
v -3.110625 -0.586548 -12.513637
v -3.298907 -0.388737 -12.513636
v -2.905349 -0.804916 -12.513636
v -3.424369 -0.258129 -12.513636
v -3.300279 -0.429379 -12.513636
v -3.115266 -0.635326 -12.513636
v -2.726784 -1.006897 -12.513636
v -2.592645 -1.118336 -12.513636
v -3.424612 -0.297668 -12.513636
v -3.301957 -0.470211 -12.513636
v -2.536468 -1.208527 -12.513635
v -2.914693 -0.881561 -12.513636
v -3.119136 -0.691086 -12.513637
v -3.424943 -0.336849 -12.513636
v -3.303958 -0.511337 -12.513637
v -3.425378 -0.376019 -12.513636
v -2.740371 -1.086437 -12.513636
v -2.615393 -1.190044 -12.513635
v -3.306299 -0.552868 -12.513637
v -3.121512 -0.756897 -12.513636
v -2.564984 -1.271255 -12.513634
v -2.920266 -0.964569 -12.513636
v -3.425926 -0.415226 -12.513636
v -3.307861 -0.598587 -12.513636
v -3.426597 -0.454529 -12.513636
v -2.746630 -1.163666 -12.513635
v -2.631560 -1.256027 -12.513634
v -3.121667 -0.835865 -12.513636
v -3.427397 -0.493938 -12.513636
v -3.307523 -0.652279 -12.513636
v -2.592023 -1.325069 -12.513634
v -2.918209 -1.050037 -12.513636
v -3.428334 -0.533520 -12.513636
v -2.644626 -1.312439 -12.513634
v -3.304160 -0.717735 -12.513636
v -3.115121 -0.923405 -12.513636
v -3.428049 -0.577465 -12.513636
v -2.742320 -1.235336 -12.513634
v -2.904666 -1.134045 -12.513635
v -2.620255 -1.366867 -12.513634
v -2.658077 -1.355438 -12.513634
v -3.425183 -0.630005 -12.513636
v -3.296654 -0.798756 -12.513636
v -2.732610 -1.297955 -12.513634
v -3.097388 -1.014935 -12.513636
v -2.654771 -1.396057 -12.513634
v -2.672927 -1.380325 -12.513634
v -3.418380 -0.695370 -12.513636
v -2.875777 -1.212696 -12.513635
v -2.722667 -1.348064 -12.513634
v -3.279987 -0.890186 -12.513636
v -3.063987 -1.105877 -12.513636
v -2.712134 -1.385975 -12.513634
v -2.839459 -1.282536 -12.513635
v -2.700660 -1.412029 -12.513634
v -2.803630 -1.340099 -12.513634
v -2.774494 -1.384247 -12.513634
v -3.249137 -0.986919 -12.513636
v -3.406277 -0.777771 -12.513636
v -3.010438 -1.191650 -12.513635
v -2.758256 -1.413837 -12.513634
v -2.948661 -1.267044 -12.513635
v -2.890580 -1.326855 -12.513634
v -5.987753 -2.048549 -11.224832
v -2.846790 -1.371288 -12.513634
v -3.199085 -1.083801 -12.513636
v -3.383504 -0.871731 -12.513636
v -2.827884 -1.400547 -12.513634
v -2.906169 -1.354145 -12.513634
v -2.962970 -1.317394 -12.513634
v -3.124814 -1.175701 -12.513635
v -3.041163 -1.255829 -12.513634
v -2.908801 -1.370178 -12.513634
v -3.344685 -0.971786 -12.513636
v -25.118876 13.366269 -8.895296
v -3.000258 -1.320755 -12.513634
v -3.097913 -1.253185 -12.513634
v -3.197415 -1.168365 -12.513634
v -3.284447 -1.072495 -12.513635
v 13.357396 -25.061399 -8.895676
v -5.450270 -3.465535 -8.895866
v -16.147339 4.844293 -8.895375
v 10.208144 -21.836586 -8.899999
v -16.781418 6.229597 -11.224837
v -16.973446 3.209315 -8.894189
v -2.538397 1.571282 -8.901133
v -16.781418 6.229597 -13.653579
v 5.985593 -15.008938 -8.897541
v 7.899630 -21.394552 -8.892616
v 8.965396 -22.549572 -11.224838
v -1.396642 -11.082438 -11.224838
v -5.987754 -2.048549 -13.653574
v 13.204449 -26.572460 -11.224839
v -7.681602 -7.876197 -8.893843
v 13.204448 -26.572458 -13.653582
v -0.919788 -12.517514 -8.895998
v -26.590336 10.366364 -8.894221
v -7.440113 -2.593979 -8.893810
v -10.633719 -7.436938 -8.895801
v -18.378033 2.565046 -11.224837
v -9.141220 -8.400332 -11.224831
v 8.965396 -22.549572 -13.653582
v -3.677417 0.697629 -8.902228
v -3.684910 0.641941 -8.902189
v -1.396641 -11.082439 -13.653582
v -18.184452 5.585628 -8.894261
v -19.605843 3.107351 -8.903945
v 3.174850 -19.357204 -8.903858
v -17.741018 1.180058 -8.895319
v -27.999641 9.734426 -11.224839
v 8.251873 -23.764381 -8.901090
v 11.663038 -26.264427 -8.892604
v -13.948846 -5.509520 -8.903954
v -26.982418 8.503360 -8.907920
v -18.378033 2.565046 -13.653579
v -2.871807 -11.575039 -8.893608
v 7.406470 -27.319670 -8.902939
v -4.556353 -17.409985 -8.893513
v 2.775388 -20.640894 -11.224840
v -6.518537 -16.501537 -8.896141
v -9.141221 -8.400333 -13.653571
v -9.558146 -9.678566 -8.903874
v 3.639572 -21.927473 -8.893902
v -27.999640 9.734421 -13.653582
v -6.024857 -17.927351 -11.224845
v 2.775388 -20.640894 -13.653583
v -28.126287 9.452654 -11.224838
v -27.191511 8.313275 -8.887742
v 7.766709 -28.637918 -11.224838
v 3.078358 -28.456810 -8.893731
v 7.766709 -28.637917 -13.653582
v -28.072655 3.608865 -8.902840
v -22.122395 -3.190475 -8.895164
v -20.088736 -3.936148 -8.894192
v -14.343671 -6.791978 -11.224832
v -21.491976 -4.582058 -11.224835
v -13.773626 -8.201822 -8.895583
v -14.343672 -6.791979 -13.653574
v 1.520313 -21.494633 -8.895691
v 1.237947 -28.262337 -8.893487
v -28.126282 9.452654 -13.653581
v -29.429968 3.783834 -11.224838
v 2.030501 -29.602837 -11.224838
v -6.024856 -17.927353 -13.653585
v -5.594559 -19.366451 -8.896537
v -29.429966 3.783833 -13.653582
v -15.779143 -7.377098 -8.893906
v -16.812130 -13.414084 -8.894017
v -21.491976 -4.582057 -13.653578
v -18.821539 -12.578232 -8.895683
v -28.369171 -1.153235 -8.895926
v -21.890371 -5.864323 -8.903931
v -18.250696 -13.984779 -11.224838
v 2.030499 -29.602833 -13.653581
v -9.310888 -23.446165 -8.893723
v -7.522171 -18.363058 -8.893335
v -11.255318 -22.357895 -8.896558
v -29.602669 -2.030401 -11.224839
v -10.823923 -23.796560 -11.224838
v 0.453943 -29.238373 -8.889558
v -3.586945 -28.063713 -8.902329
v -18.250696 -13.984779 -13.653582
v -17.320112 -15.232573 -8.893513
v -28.571741 -3.214305 -8.892725
v -27.319118 -7.405257 -8.902889
v -8.460329 -27.011177 -8.897019
v -16.929636 -20.662476 -8.896143
v -3.783736 -29.430130 -11.224838
v -29.602674 -2.030402 -13.653582
v -9.748616 -24.955811 -8.892004
v -3.783733 -29.430128 -13.653581
v -10.823925 -23.796562 -13.653581
v -26.328094 -10.119390 -8.898074
v -28.637764 -7.766613 -11.224838
v -19.451456 -14.883682 -8.896647
v -19.062164 -20.315029 -8.892918
v -28.637762 -7.766612 -13.653582
v -18.132217 -21.575569 -11.224838
v -27.337048 -11.191011 -11.224839
v -11.583717 -24.084980 -8.898230
v -10.513919 -26.935156 -8.891102
v -9.452556 -28.126450 -11.224839
v -18.132217 -21.575569 -13.653581
v -25.830395 -12.414410 -8.889871
v -9.452555 -28.126446 -13.653581
v -18.132107 -21.641068 -8.903312
v -25.656069 -12.868896 -8.902313
v -22.395651 -17.291676 -8.902451
v -14.239834 -25.102047 -8.902873
v -18.872643 -22.070240 -8.902269
v -20.325071 -19.476841 -8.900437
v -26.572306 -13.204350 -11.224838
v -27.337049 -11.191012 -13.653582
v -19.572548 -21.336632 -8.880445
v -14.758121 -25.741877 -11.224838
v -23.485691 -18.134659 -11.224838
v -21.090441 -20.676563 -11.224839
v -19.496532 -22.368065 -11.224838
v -14.758118 -25.741879 -13.653581
v -26.572309 -13.204352 -13.653581
v -19.496531 -22.368065 -13.653582
v -23.485691 -18.134659 -13.653582
v -21.090441 -20.676563 -13.653582
vn -0.637735 0.602594 0.479765
vn -0.637735 0.602594 0.479765
vn -0.637735 0.602594 0.479765
vn 0.000353 -0.001514 0.999999
vn 0.000353 -0.001514 0.999999
vn 0.000353 -0.001514 0.999999
vn -0.245426 -0.848975 0.467983
vn -0.245426 -0.848975 0.467983
vn -0.245426 -0.848975 0.467983
vn 0.000000 -0.000000 -1.000000
vn 0.000000 -0.000000 -1.000000
vn 0.000000 -0.000000 -1.000000
vn -0.000893 -0.000311 1.000000
vn -0.000893 -0.000311 1.000000
vn -0.000893 -0.000311 1.000000
vn -0.000684 0.000223 1.000000
vn -0.000684 0.000223 1.000000
vn -0.000684 0.000223 1.000000
vn 0.295475 0.891636 0.343045
vn 0.295475 0.891636 0.343045
vn 0.295475 0.891636 0.343045
vn -0.000002 0.000001 -1.000000
vn -0.000002 0.000001 -1.000000
vn -0.000002 0.000001 -1.000000
vn 0.418315 0.752592 0.508545
vn 0.418315 0.752592 0.508545
vn 0.418315 0.752592 0.508545
vn 0.640179 -0.710056 0.293243
vn 0.640179 -0.710056 0.293243
vn 0.640179 -0.710056 0.293243
vn 0.786246 -0.353377 0.506894
vn 0.786246 -0.353377 0.506894
vn 0.786246 -0.353377 0.506894
vn 0.731646 -0.494059 0.469680
vn 0.731646 -0.494059 0.469680
vn 0.731646 -0.494059 0.469680
vn -0.006394 -0.008759 0.999941
vn -0.006394 -0.008759 0.999941
vn -0.006394 -0.008759 0.999941
vn 0.465142 0.766376 0.443069
vn 0.465142 0.766377 0.443069
vn 0.465142 0.766376 0.443069
vn -0.000001 -0.000000 -1.000000
vn -0.000001 -0.000000 -1.000000
vn -0.000001 -0.000000 -1.000000
vn -0.728248 0.479948 0.489188
vn -0.728248 0.479948 0.489188
vn -0.728248 0.479948 0.489188
vn -0.471448 -0.776768 0.417574
vn -0.471448 -0.776768 0.417574
vn -0.471448 -0.776768 0.417574
vn 0.700711 -0.641298 0.312636
vn 0.700711 -0.641298 0.312636
vn 0.700711 -0.641298 0.312636
vn -0.000006 -0.000019 -1.000000
vn -0.000006 -0.000019 -1.000000
vn -0.000006 -0.000019 -1.000000
vn 0.310956 0.836828 0.450584
vn 0.310956 0.836828 0.450584
vn 0.310956 0.836828 0.450584
vn -0.000001 -0.000001 -1.000000
vn -0.000001 -0.000001 -1.000000
vn -0.000001 -0.000001 -1.000000
vn -0.001105 0.000214 0.999999
vn -0.001105 0.000214 0.999999
vn -0.001105 0.000214 0.999999
vn -0.001093 0.005010 0.999987
vn -0.001093 0.005010 0.999987
vn -0.001093 0.005010 0.999987
vn -0.355083 0.934835 0.000000
vn -0.355083 0.934835 0.000000
vn -0.355083 0.934835 0.000000
vn -0.298873 -0.887233 0.351416
vn -0.298873 -0.887233 0.351416
vn -0.298873 -0.887233 0.351416
vn 0.912110 -0.409945 -0.000000
vn 0.912110 -0.409945 -0.000000
vn 0.912110 -0.409945 -0.000000
vn 0.875249 -0.201372 0.439760
vn 0.875249 -0.201372 0.439760
vn 0.875249 -0.201372 0.439760
vn -0.299235 -0.847626 0.438165
vn -0.299235 -0.847626 0.438165
vn -0.299235 -0.847626 0.438165
vn 0.000169 -0.000752 1.000000
vn 0.000169 -0.000752 1.000000
vn 0.000169 -0.000752 1.000000
vn 0.747156 -0.483051 0.456530
vn 0.747156 -0.483051 0.456530
vn 0.747156 -0.483051 0.456530
vn -0.484424 -0.779369 0.397389
vn -0.484424 -0.779369 0.397389
vn -0.484424 -0.779369 0.397389
vn -0.000000 0.000000 -1.000000
vn -0.000000 0.000000 -1.000000
vn -0.000000 0.000000 -1.000000
vn -0.000085 0.001005 1.000000
vn -0.000085 0.001005 1.000000
vn -0.000085 0.001005 1.000000
vn 0.912110 -0.409945 -0.000000
vn 0.912110 -0.409945 -0.000000
vn 0.912110 -0.409945 -0.000000
vn 0.288195 0.816353 0.500511
vn 0.288195 0.816353 0.500511
vn 0.288195 0.816353 0.500511
vn -0.876348 0.181379 0.446224
vn -0.876348 0.181379 0.446224
vn -0.876348 0.181379 0.446224
vn 0.235447 0.831889 0.502520
vn 0.235447 0.831889 0.502520
vn 0.235447 0.831889 0.502520
vn -0.000500 0.000026 1.000000
vn -0.000500 0.000026 1.000000
vn -0.000500 0.000026 1.000000
vn -0.754061 0.514107 0.408761
vn -0.754061 0.514107 0.408761
vn -0.754061 0.514107 0.408761
vn -0.734802 0.496191 0.462450
vn -0.734802 0.496191 0.462450
vn -0.734802 0.496191 0.462450
vn 0.834633 -0.375123 0.403324
vn 0.834633 -0.375123 0.403324
vn 0.834633 -0.375123 0.403324
vn -0.000491 -0.000118 1.000000
vn -0.000491 -0.000118 1.000000
vn -0.000491 -0.000118 1.000000
vn -0.295246 -0.929928 0.219235
vn -0.295246 -0.929928 0.219235
vn -0.295246 -0.929928 0.219235
vn -0.889349 0.204616 0.408889
vn -0.889349 0.204616 0.408889
vn -0.889349 0.204617 0.408889
vn -0.000000 -0.000000 -0.000000
vn -0.604327 -0.737215 -0.302163
vn -0.604327 -0.737215 -0.302163
vn 0.751497 -0.555999 0.355131
vn 0.751496 -0.555999 0.355131
vn 0.751496 -0.555999 0.355131
vn 0.272260 0.857527 0.436489
vn 0.272260 0.857527 0.436489
vn 0.272260 0.857527 0.436489
vn 0.878055 -0.206307 0.431805
vn 0.878055 -0.206307 0.431806
vn 0.878056 -0.206307 0.431806
vn 0.277862 0.833916 0.476841
vn 0.277862 0.833916 0.476841
vn 0.277862 0.833916 0.476841
vn 0.000000 -0.000000 -1.000000
vn 0.000000 -0.000000 -1.000000
vn 0.000000 -0.000000 -1.000000
vn -0.749470 0.484548 0.451118
vn -0.749470 0.484548 0.451118
vn -0.749470 0.484548 0.451118
vn -0.355084 0.934834 0.000000
vn -0.355084 0.934834 0.000000
vn -0.355084 0.934834 0.000000
vn -0.301748 -0.849601 0.432581
vn -0.301748 -0.849601 0.432581
vn -0.301748 -0.849601 0.432581
vn -0.164790 0.981725 0.095183
vn -0.164790 0.981725 0.095183
vn -0.164790 0.981725 0.095183
vn 0.000011 0.000282 1.000000
vn 0.000011 0.000282 1.000000
vn 0.000011 0.000282 1.000000
vn -0.309855 -0.821756 0.478233
vn -0.309855 -0.821756 0.478233
vn -0.309855 -0.821756 0.478233
vn 0.000000 -0.000000 0.000000
vn 0.000000 -1.000000 0.000000
vn 0.000000 -0.000000 0.000000
vn -0.000001 0.000000 -1.000000
vn -0.000001 0.000000 -1.000000
vn -0.000001 0.000000 -1.000000
vn 0.755062 -0.545290 0.364060
vn 0.755062 -0.545290 0.364060
vn 0.755062 -0.545290 0.364060
vn 0.000000 0.000000 -1.000000
vn 0.000000 0.000000 -1.000000
vn 0.000000 0.000000 -1.000000
vn 0.325534 0.863337 0.385586
vn 0.325534 0.863337 0.385586
vn 0.325534 0.863337 0.385586
vn 0.258723 0.826495 0.499969
vn 0.258723 0.826495 0.499968
vn 0.258723 0.826495 0.499968
vn 0.823838 -0.251200 0.508123
vn 0.823838 -0.251200 0.508123
vn 0.823838 -0.251200 0.508123
vn -0.000098 -0.000220 1.000000
vn -0.000098 -0.000220 1.000000
vn -0.000098 -0.000220 1.000000
vn -0.306553 0.807065 0.504649
vn -0.306553 0.807065 0.504649
vn -0.306553 0.807065 0.504649
vn 0.937185 0.076710 0.340294
vn 0.937185 0.076710 0.340294
vn 0.937185 0.076710 0.340294
vn 0.348682 0.848281 0.398548
vn 0.348682 0.848281 0.398548
vn 0.348682 0.848281 0.398548
vn 0.974561 -0.224124 -0.000000
vn 0.974561 -0.224124 -0.000000
vn 0.974561 -0.224124 -0.000000
vn 0.005569 0.001648 0.999983
vn 0.005569 0.001648 0.999983
vn 0.005569 0.001648 0.999983
vn -0.158113 -0.852732 0.497845
vn -0.158113 -0.852732 0.497844
vn -0.158113 -0.852732 0.497845
vn -0.345466 -0.840458 0.417473
vn -0.345466 -0.840458 0.417472
vn -0.345466 -0.840458 0.417472
vn 0.974561 -0.224123 0.000001
vn 0.974561 -0.224123 0.000001
vn 0.974561 -0.224123 0.000001
vn -0.866461 -0.111497 0.486636
vn -0.866461 -0.111497 0.486636
vn -0.866460 -0.111497 0.486636
vn 0.840291 -0.193245 0.506524
vn 0.840291 -0.193245 0.506524
vn 0.840291 -0.193245 0.506524
vn 0.002487 0.002610 0.999994
vn 0.002487 0.002610 0.999994
vn 0.002487 0.002610 0.999994
vn -0.000000 0.000000 -1.000000
vn -0.000000 0.000000 -1.000000
vn -0.000000 0.000000 -1.000000
vn -0.000013 -0.000014 -1.000000
vn -0.000013 -0.000014 -1.000000
vn -0.000013 -0.000014 -1.000000
vn 0.000000 0.000000 -1.000000
vn 0.000000 0.000000 -1.000000
vn 0.000000 0.000000 -1.000000
vn -0.297645 -0.813227 0.500069
vn -0.297645 -0.813227 0.500069
vn -0.297645 -0.813227 0.500069
vn 0.000547 0.000551 1.000000
vn 0.000547 0.000551 1.000000
vn 0.000547 0.000551 1.000000
vn -0.000000 -0.000000 -1.000000
vn -0.000000 -0.000000 -1.000000
vn -0.000000 -0.000000 -1.000000
vn 0.000000 0.000000 -1.000000
vn 0.000000 0.000000 -1.000000
vn 0.000000 0.000000 -1.000000
vn 0.823473 -0.365156 0.434228
vn 0.823473 -0.365156 0.434228
vn 0.823473 -0.365156 0.434228
vn -0.165883 0.986146 0.000000
vn -0.165883 0.986146 0.000000
vn -0.165883 0.986146 0.000000
vn 0.310696 0.864267 0.395615
vn 0.310696 0.864267 0.395615
vn 0.310696 0.864267 0.395615
vn 0.304714 0.835970 0.456402
vn 0.304714 0.835970 0.456402
vn 0.304714 0.835970 0.456402
vn -0.001224 -0.002815 0.999995
vn -0.001224 -0.002815 0.999995
vn -0.001224 -0.002815 0.999995
vn 0.000001 -0.000000 -1.000000
vn 0.000001 -0.000000 -1.000000
vn 0.000001 -0.000000 -1.000000
vn -0.272996 -0.822360 0.499197
vn -0.272996 -0.822360 0.499196
vn -0.272996 -0.822360 0.499197
vn -0.932609 -0.076336 0.352722
vn -0.932609 -0.076336 0.352722
vn -0.932609 -0.076336 0.352722
vn 0.358379 0.825196 0.436596
vn 0.358379 0.825196 0.436596
vn 0.358379 0.825196 0.436596
vn -0.261923 -0.824971 0.500819
vn -0.261923 -0.824971 0.500819
vn -0.261923 -0.824971 0.500819
vn 0.001714 0.001576 0.999997
vn 0.001714 0.001576 0.999997
vn 0.001714 0.001576 0.999997
vn 0.316438 0.839210 0.442261
vn 0.316438 0.839210 0.442261
vn 0.316438 0.839209 0.442261
vn 0.865994 -0.280437 0.414015
vn 0.865994 -0.280437 0.414015
vn 0.865994 -0.280437 0.414016
vn -0.827718 0.378066 0.414668
vn -0.827718 0.378066 0.414668
vn -0.827718 0.378066 0.414668
vn 0.863670 0.116023 0.490523
vn 0.863670 0.116023 0.490523
vn 0.863670 0.116023 0.490523
vn -0.000000 0.000000 -1.000000
vn -0.000000 0.000000 -1.000000
vn -0.000000 0.000000 -1.000000
vn -0.305531 -0.810285 0.500090
vn -0.305531 -0.810285 0.500090
vn -0.305531 -0.810285 0.500090
vn -0.329229 -0.800954 0.500081
vn -0.329229 -0.800954 0.500081
vn -0.329229 -0.800954 0.500081
vn 0.261244 0.822830 0.504680
vn 0.261244 0.822830 0.504680
vn 0.261244 0.822830 0.504680
vn 0.333442 0.811207 0.480374
vn 0.333442 0.811207 0.480374
vn 0.333442 0.811207 0.480374
vn 0.974561 -0.224122 0.000001
vn 0.974561 -0.224122 0.000001
vn 0.974561 -0.224122 0.000001
vn 0.974560 -0.224125 -0.000000
vn 0.974560 -0.224125 -0.000000
vn 0.974561 -0.224125 -0.000000
vn 0.000851 -0.000315 1.000000
vn 0.000851 -0.000315 1.000000
vn 0.000851 -0.000315 1.000000
vn -0.823147 0.365011 0.434966
vn -0.823147 0.365011 0.434967
vn -0.823147 0.365011 0.434967
vn -0.142343 0.851260 0.505069
vn -0.142343 0.851260 0.505069
vn -0.142343 0.851260 0.505069
vn 0.000001 0.000001 -1.000000
vn 0.000001 0.000001 -1.000000
vn 0.000001 0.000001 -1.000000
vn -0.008359 0.003607 0.999959
vn -0.008359 0.003607 0.999959
vn -0.008359 0.003607 0.999959
vn 0.829898 -0.383933 0.404803
vn 0.829898 -0.383933 0.404803
vn 0.829898 -0.383933 0.404803
vn -0.395720 -0.840600 0.369862
vn -0.395720 -0.840600 0.369862
vn -0.395720 -0.840600 0.369862
vn 0.000000 -0.000000 -1.000000
vn 0.000000 -0.000000 -1.000000
vn 0.000000 -0.000000 -1.000000
vn -0.165882 0.986146 0.000000
vn -0.165882 0.986146 0.000000
vn -0.165882 0.986146 0.000000
vn 0.000000 0.000001 -1.000000
vn 0.000000 0.000001 -1.000000
vn 0.000000 0.000001 -1.000000
vn 0.892559 -0.205265 0.401503
vn 0.892559 -0.205265 0.401503
vn 0.892559 -0.205265 0.401503
vn -0.361831 -0.896088 0.257107
vn -0.361831 -0.896088 0.257107
vn -0.361831 -0.896088 0.257107
vn 0.002139 -0.001103 0.999997
vn 0.002139 -0.001103 0.999997
vn 0.002139 -0.001103 0.999997
vn -0.000711 -0.001326 0.999999
vn -0.000711 -0.001326 0.999999
vn -0.000711 -0.001326 0.999999
vn -0.388572 -0.836309 0.386781
vn -0.388572 -0.836309 0.386781
vn -0.388572 -0.836309 0.386781
vn 0.033095 0.870905 0.490336
vn 0.033095 0.870905 0.490336
vn 0.033095 0.870905 0.490336
vn 0.001877 0.010062 0.999948
vn 0.001877 0.010062 0.999948
vn 0.001877 0.010062 0.999948
vn -0.143021 0.850237 0.506599
vn -0.143021 0.850237 0.506599
vn -0.143021 0.850237 0.506599
vn -0.000655 -0.001481 0.999999
vn -0.000655 -0.001481 0.999999
vn -0.000655 -0.001481 0.999999
vn 0.299909 0.861821 0.409046
vn 0.299909 0.861821 0.409046
vn 0.299909 0.861821 0.409046
vn 0.860304 0.123819 0.494515
vn 0.860304 0.123819 0.494515
vn 0.860304 0.123819 0.494515
vn 0.001996 -0.000790 0.999998
vn 0.001996 -0.000790 0.999998
vn 0.001996 -0.000790 0.999998
vn 0.000000 -0.000000 -1.000000
vn 0.000000 -0.000000 -1.000000
vn 0.000000 -0.000000 -1.000000
vn -0.286109 -0.822165 0.492125
vn -0.286109 -0.822165 0.492124
vn -0.286109 -0.822165 0.492124
vn 0.999559 -0.029689 -0.000000
vn 0.999559 -0.029689 -0.000000
vn 0.999559 -0.029689 -0.000000
vn -0.001489 0.000059 0.999999
vn -0.001489 0.000059 0.999999
vn -0.001489 0.000059 0.999999
vn 0.029692 0.999559 0.000002
vn 0.029692 0.999559 0.000002
vn 0.029692 0.999559 0.000002
vn -0.001232 0.000650 0.999999
vn -0.001232 0.000650 0.999999
vn -0.001232 0.000650 0.999999
vn -0.003921 0.023206 0.999723
vn -0.003921 0.023206 0.999723
vn -0.003921 0.023206 0.999723
vn 0.912569 0.277163 0.300664
vn 0.912569 0.277163 0.300664
vn 0.912569 0.277163 0.300664
vn 0.000000 -0.000000 -1.000000
vn 0.000000 -0.000000 -1.000000
vn 0.000000 -0.000000 -1.000000
vn 0.343663 0.841641 0.416578
vn 0.343663 0.841641 0.416578
vn 0.343663 0.841641 0.416578
vn 0.862096 -0.025607 0.506097
vn 0.862096 -0.025607 0.506097
vn 0.862096 -0.025608 0.506097
vn 0.999559 -0.029690 0.000000
vn 0.999559 -0.029690 0.000000
vn 0.999559 -0.029690 0.000000
vn 0.299885 0.892270 0.337525
vn 0.299885 0.892270 0.337524
vn 0.299885 0.892270 0.337524
vn 0.284647 0.817968 0.499905
vn 0.284647 0.817968 0.499905
vn 0.284647 0.817968 0.499905
vn 0.877884 -0.255421 0.405069
vn 0.877884 -0.255421 0.405069
vn 0.877884 -0.255421 0.405069
vn -0.266030 -0.823128 0.501685
vn -0.266030 -0.823128 0.501685
vn -0.266030 -0.823128 0.501685
vn -0.284290 -0.816936 0.501792
vn -0.284290 -0.816936 0.501792
vn -0.284290 -0.816936 0.501792
vn 0.000755 -0.000037 1.000000
vn 0.000755 -0.000037 1.000000
vn 0.000755 -0.000037 1.000000
vn 0.029689 0.999559 -0.000004
vn 0.029689 0.999559 -0.000004
vn 0.029689 0.999559 -0.000004
vn -0.801777 -0.318619 0.505605
vn -0.801777 -0.318619 0.505605
vn -0.801777 -0.318619 0.505605
vn -0.031799 0.860813 0.507927
vn -0.031799 0.860813 0.507927
vn -0.031799 0.860813 0.507927
vn 0.000000 -0.000000 -1.000000
vn 0.000000 -0.000000 -1.000000
vn 0.000000 -0.000000 -1.000000
vn -0.261770 -0.867618 0.422747
vn -0.261770 -0.867618 0.422747
vn -0.261770 -0.867618 0.422747
vn 0.000000 -0.000000 -1.000000
vn 0.000000 -0.000000 -1.000000
vn 0.000000 -0.000000 -1.000000
vn -0.909265 -0.276160 0.311404
vn -0.909265 -0.276160 0.311404
vn -0.909265 -0.276160 0.311404
vn 0.816446 0.317564 0.482254
vn 0.816446 0.317564 0.482254
vn 0.816446 0.317564 0.482254
vn -0.870364 0.246880 0.426047
vn -0.870364 0.246880 0.426047
vn -0.870364 0.246880 0.426047
vn 0.000001 -0.000000 -1.000000
vn 0.000001 -0.000000 -1.000000
vn 0.000001 -0.000000 -1.000000
vn 0.026260 0.884111 0.466538
vn 0.026260 0.884111 0.466538
vn 0.026260 0.884111 0.466538
vn 0.029691 0.999559 -0.000002
vn 0.029691 0.999559 -0.000002
vn 0.029691 0.999559 -0.000002
vn 0.000000 0.000001 -1.000000
vn 0.000000 0.000001 -1.000000
vn 0.000000 0.000001 -1.000000
vn 0.861848 -0.025360 0.506532
vn 0.861848 -0.025360 0.506532
vn 0.861848 -0.025360 0.506532
vn -0.001423 0.000530 0.999999
vn -0.001423 0.000530 0.999999
vn -0.001423 0.000530 0.999999
vn -0.328040 -0.835311 0.441186
vn -0.328040 -0.835311 0.441186
vn -0.328040 -0.835311 0.441186
vn 0.253729 0.840968 0.477907
vn 0.253729 0.840968 0.477907
vn 0.253729 0.840968 0.477907
vn 0.254210 0.828099 0.499629
vn 0.254210 0.828099 0.499629
vn 0.254210 0.828099 0.499629
vn -0.000631 -0.002775 0.999996
vn -0.000631 -0.002775 0.999996
vn -0.000631 -0.002775 0.999996
vn -0.874780 0.254518 0.412288
vn -0.874780 0.254518 0.412288
vn -0.874780 0.254518 0.412288
vn 0.029694 0.999559 -0.000002
vn 0.029694 0.999559 -0.000002
vn 0.029694 0.999559 -0.000002
vn 0.986145 0.165885 -0.000000
vn 0.986145 0.165885 -0.000000
vn 0.986145 0.165885 -0.000000
vn 0.868050 -0.238524 0.435425
vn 0.868051 -0.238524 0.435425
vn 0.868051 -0.238524 0.435425
vn 0.986145 0.165885 0.000000
vn 0.986145 0.165885 0.000000
vn 0.986145 0.165885 0.000000
vn 0.000000 0.000000 -1.000000
vn 0.000000 0.000000 -1.000000
vn 0.000000 0.000000 -1.000000
vn 0.027050 0.910575 0.412457
vn 0.027050 0.910575 0.412457
vn 0.027050 0.910575 0.412457
vn -0.304988 -0.870550 0.386167
vn -0.304988 -0.870550 0.386167
vn -0.304988 -0.870550 0.386167
vn 0.000000 -0.000001 -1.000000
vn 0.000000 -0.000001 -1.000000
vn 0.000000 -0.000001 -1.000000
vn 0.298433 0.851841 0.430470
vn 0.298434 0.851841 0.430470
vn 0.298434 0.851841 0.430470
vn 0.850487 0.143065 0.506166
vn 0.850487 0.143065 0.506166
vn 0.850487 0.143065 0.506166
vn 0.224124 0.974561 0.000000
vn 0.224124 0.974561 0.000000
vn 0.224124 0.974561 0.000000
vn -0.292007 -0.899214 0.325800
vn -0.292007 -0.899214 0.325800
vn -0.292007 -0.899214 0.325800
vn 0.001751 -0.006688 0.999976
vn 0.001751 -0.006688 0.999976
vn 0.001751 -0.006688 0.999976
vn -0.000237 -0.000027 1.000000
vn -0.000237 -0.000027 1.000000
vn -0.000237 -0.000027 1.000000
vn 0.876341 0.108778 0.469247
vn 0.876341 0.108778 0.469247
vn 0.876341 0.108778 0.469247
vn 0.986145 0.165887 0.000000
vn 0.986145 0.165887 0.000000
vn 0.986145 0.165887 0.000000
vn 0.986146 0.165882 0.000000
vn 0.986146 0.165882 0.000000
vn 0.986146 0.165882 0.000000
vn 0.763401 -0.462283 0.451124
vn 0.763401 -0.462283 0.451125
vn 0.763401 -0.462283 0.451124
vn -0.000000 0.000000 -1.000000
vn -0.000000 0.000000 -1.000000
vn -0.000000 0.000000 -1.000000
vn -0.000175 -0.000924 1.000000
vn -0.000175 -0.000924 1.000000
vn -0.000175 -0.000924 1.000000
vn -0.001745 0.000777 0.999998
vn -0.001745 0.000777 0.999998
vn -0.001745 0.000777 0.999998
vn 0.000000 0.000002 -1.000000
vn 0.000000 0.000002 -1.000000
vn 0.000000 0.000002 -1.000000
vn -0.785009 0.488280 0.381240
vn -0.785009 0.488280 0.381240
vn -0.785009 0.488280 0.381240
vn -0.233814 -0.834128 0.499562
vn -0.233814 -0.834128 0.499562
vn -0.233814 -0.834128 0.499562
vn 0.224124 0.974561 0.000000
vn 0.224124 0.974561 0.000000
vn 0.224124 0.974561 0.000000
vn 0.239463 0.820533 0.519021
vn 0.239463 0.820533 0.519021
vn 0.239463 0.820533 0.519021
vn 0.928913 0.156256 0.335716
vn 0.928913 0.156256 0.335716
vn 0.928913 0.156256 0.335716
vn 0.000000 0.000000 -1.000000
vn 0.000000 0.000000 -1.000000
vn 0.000000 0.000000 -1.000000
vn 0.000000 0.000000 -1.000000
vn 0.000000 0.000000 -1.000000
vn 0.000000 0.000000 -1.000000
vn 0.018384 0.021350 0.999603
vn 0.018384 0.021350 0.999603
vn 0.018384 0.021350 0.999603
vn 0.330787 0.853196 0.403281
vn 0.330787 0.853196 0.403281
vn 0.330787 0.853196 0.403281
vn 0.729148 0.476952 0.490774
vn 0.729148 0.476952 0.490774
vn 0.729148 0.476952 0.490774
vn 0.934834 0.355085 0.000000
vn 0.934834 0.355085 0.000000
vn 0.934834 0.355085 0.000000
vn 0.409945 0.912110 -0.000002
vn 0.409945 0.912110 -0.000002
vn 0.409945 0.912110 -0.000002
vn 0.934834 0.355085 0.000000
vn 0.934834 0.355085 0.000000
vn 0.934834 0.355085 0.000000
vn -0.286286 -0.817169 0.500274
vn -0.286286 -0.817169 0.500274
vn -0.286286 -0.817169 0.500274
vn -0.780591 0.472693 0.408949
vn -0.780591 0.472693 0.408949
vn -0.780591 0.472693 0.408949
vn 0.169682 0.737831 0.653310
vn 0.169682 0.737831 0.653310
vn 0.169682 0.737831 0.653310
vn 0.000122 -0.000936 1.000000
vn 0.000122 -0.000936 1.000000
vn 0.000122 -0.000936 1.000000
vn 0.001542 -0.000864 0.999999
vn 0.001542 -0.000864 0.999998
vn 0.001542 -0.000864 0.999998
vn 0.806057 0.306169 0.506490
vn 0.806057 0.306169 0.506490
vn 0.806057 0.306169 0.506490
vn 0.286913 0.818958 0.496980
vn 0.286913 0.818958 0.496980
vn 0.286913 0.818958 0.496980
vn 0.778938 -0.515282 0.357409
vn 0.778938 -0.515282 0.357409
vn 0.778938 -0.515282 0.357409
vn 0.409946 0.912110 0.000002
vn 0.409946 0.912110 0.000002
vn 0.409946 0.912110 0.000002
vn 0.000000 0.000001 -1.000000
vn 0.000000 0.000001 -1.000000
vn 0.000000 0.000001 -1.000000
vn 0.813479 0.303090 0.496376
vn 0.813479 0.303090 0.496376
vn 0.813479 0.303090 0.496376
vn 0.580012 0.814608 0.000001
vn 0.580012 0.814608 0.000001
vn 0.580012 0.814608 0.000001
vn 0.847598 0.530639 0.000000
vn 0.847598 0.530639 0.000000
vn 0.847598 0.530639 0.000000
vn 0.847598 0.530639 0.000000
vn 0.847598 0.530639 0.000000
vn 0.847598 0.530639 0.000000
vn 0.370139 0.823542 0.429855
vn 0.370139 0.823542 0.429855
vn 0.370139 0.823542 0.429855
vn -0.414445 -0.895773 0.160703
vn -0.414445 -0.895773 0.160703
vn -0.414445 -0.895773 0.160703
vn 0.727789 0.685801 0.000000
vn 0.727789 0.685801 0.000000
vn 0.727789 0.685801 0.000000
vn -0.000362 -0.001619 0.999999
vn -0.000362 -0.001619 0.999999
vn -0.000362 -0.001619 0.999999
vn 0.000191 0.004077 0.999992
vn 0.000191 0.004077 0.999992
vn 0.000191 0.004077 0.999992
vn 0.580011 0.814609 0.000000
vn 0.580011 0.814609 0.000000
vn 0.580011 0.814609 0.000000
vn 0.727789 0.685801 0.000000
vn 0.727789 0.685801 0.000000
vn 0.727789 0.685801 0.000000
vn 0.826567 0.517473 0.221382
vn 0.826567 0.517473 0.221382
vn 0.826567 0.517473 0.221382
vn 0.585575 0.713323 0.385061
vn 0.585575 0.713324 0.385061
vn 0.585575 0.713323 0.385061
vn 0.500387 0.702778 0.505684
vn 0.500387 0.702778 0.505684
vn 0.500387 0.702778 0.505684
vn 0.627345 0.592728 0.505086
vn 0.627345 0.592728 0.505086
vn 0.627345 0.592728 0.505086
vn 0.628112 0.591875 0.505132
vn 0.628112 0.591875 0.505132
vn 0.628112 0.591875 0.505132
vn 0.010384 0.009757 0.999898
vn 0.010384 0.009757 0.999899
vn 0.010384 0.009757 0.999898
vn 0.627262 0.591872 0.506192
vn 0.627262 0.591872 0.506192
vn 0.627262 0.591872 0.506192
vn -0.460210 0.735104 0.497824
vn -0.460211 0.735104 0.497824
vn -0.460211 0.735104 0.497824
vn 0.912110 -0.409945 -0.000000
vn 0.912110 -0.409945 -0.000000
vn 0.912110 -0.409945 -0.000000
vn 0.912109 -0.409947 0.000001
vn 0.912109 -0.409947 0.000001
vn 0.912109 -0.409947 0.000001
vn 0.000000 0.000001 -1.000000
vn 0.000000 0.000001 -1.000000
vn 0.000000 0.000001 -1.000000
vn -0.291845 -0.880678 0.373138
vn -0.291845 -0.880678 0.373138
vn -0.291845 -0.880678 0.373138
vn 0.000000 0.000000 -1.000000
vn 0.000000 0.000000 -1.000000
vn 0.000000 0.000000 -1.000000
vn 0.718123 -0.475526 0.508109
vn 0.718123 -0.475526 0.508109
vn 0.718123 -0.475526 0.508109
vn -0.530639 0.847598 0.000004
vn -0.530638 0.847598 0.000004
vn -0.530638 0.847598 0.000004
vn -0.641172 0.627398 0.441894
vn -0.641172 0.627398 0.441894
vn -0.641172 0.627398 0.441894
vn -0.000001 0.000001 -1.000000
vn -0.000001 0.000001 -1.000000
vn -0.000001 0.000001 -1.000000
vn 0.254578 0.846967 0.466730
vn 0.254578 0.846967 0.466730
vn 0.254578 0.846967 0.466730
vn -0.000000 -0.000000 -1.000000
vn -0.000000 -0.000000 -1.000000
vn -0.000000 -0.000000 -1.000000
vn 0.000001 -0.000002 -1.000000
vn 0.000001 -0.000002 -1.000000
vn 0.000001 -0.000002 -1.000000
vn -0.461909 0.728111 0.506453
vn -0.461909 0.728111 0.506453
vn -0.461909 0.728111 0.506453
vn -0.679601 -0.200311 0.705703
vn -0.679601 -0.200311 0.705703
vn -0.679601 -0.200311 0.705703
vn 0.217090 0.836419 0.503264
vn 0.217091 0.836420 0.503264
vn 0.217091 0.836420 0.503264
vn -0.066110 -0.891037 0.449090
vn -0.066110 -0.891037 0.449090
vn -0.066110 -0.891037 0.449090
vn 0.634661 -0.599690 0.487419
vn 0.634661 -0.599690 0.487419
vn 0.634661 -0.599690 0.487419
vn 0.000000 0.000000 -1.000000
vn 0.000000 0.000000 -1.000000
vn 0.000000 0.000000 -1.000000
vn -0.212774 -0.819784 0.531678
vn -0.212774 -0.819784 0.531677
vn -0.212774 -0.819784 0.531677
vn 0.768025 -0.563612 0.304102
vn 0.768025 -0.563612 0.304102
vn 0.768025 -0.563612 0.304102
vn -0.764561 0.398956 0.506242
vn -0.764561 0.398956 0.506242
vn -0.764561 0.398956 0.506242
vn -0.351756 -0.832993 0.427072
vn -0.351756 -0.832993 0.427072
vn -0.351756 -0.832993 0.427072
vn 0.000534 0.003718 0.999993
vn 0.000534 0.003718 0.999993
vn 0.000534 0.003718 0.999993
vn 0.000097 -0.000988 1.000000
vn 0.000097 -0.000988 1.000000
vn 0.000097 -0.000988 1.000000
vn 0.000563 0.000741 1.000000
vn 0.000563 0.000741 1.000000
vn 0.000563 0.000741 1.000000
vn -0.747062 0.484835 0.454789
vn -0.747062 0.484835 0.454789
vn -0.747062 0.484835 0.454789
vn 0.334691 0.926862 0.170025
vn 0.334691 0.926862 0.170025
vn 0.334691 0.926862 0.170025
vn 0.013597 -0.916274 -0.400321
vn 0.013597 -0.916274 -0.400321
vn 0.013597 -0.916274 -0.400321
vn 0.000000 -0.000000 -1.000000
vn 0.000000 -0.000000 -1.000000
vn 0.000000 -0.000000 -1.000000
vn 0.000002 0.000006 -1.000000
vn 0.000002 0.000006 -1.000000
vn 0.000002 0.000006 -1.000000
vn 0.723058 -0.514828 0.460585
vn 0.723058 -0.514828 0.460585
vn 0.723058 -0.514828 0.460585
vn 0.814608 -0.580012 0.000000
vn 0.814608 -0.580012 0.000000
vn 0.814608 -0.580012 0.000000
vn 0.005208 -0.003211 0.999981
vn 0.005208 -0.003211 0.999981
vn 0.005208 -0.003211 0.999981
vn 0.762934 -0.398114 0.509350
vn 0.762934 -0.398114 0.509350
vn 0.762934 -0.398114 0.509350
vn -0.530638 0.847598 0.000000
vn -0.530638 0.847598 0.000000
vn -0.530638 0.847598 0.000000
vn 0.103808 0.937456 0.332265
vn 0.103808 0.937456 0.332265
vn 0.103808 0.937456 0.332265
vn 0.515349 0.654794 -0.552865
vn 0.464890 0.739721 -0.486508
vn 0.464890 0.739721 -0.486508
vn 0.576153 0.516892 -0.633144
vn 0.515349 0.654794 -0.552865
vn 0.576153 0.516892 -0.633144
vn 0.464890 0.739721 -0.486508
vn 0.415369 0.796897 -0.438662
vn 0.415369 0.796897 -0.438662
vn 0.415369 0.796897 -0.438662
vn 0.354554 0.836785 -0.417232
vn 0.354554 0.836785 -0.417232
vn 0.608808 0.390615 -0.690488
vn 0.576153 0.516892 -0.633143
vn 0.608808 0.390615 -0.690488
vn 0.354554 0.836785 -0.417232
vn 0.272729 0.869367 -0.412093
vn 0.272729 0.869367 -0.412093
vn 0.623041 0.286400 -0.727870
vn 0.608808 0.390615 -0.690488
vn 0.623041 0.286400 -0.727870
vn 0.272729 0.869367 -0.412093
vn 0.145512 0.897214 -0.416934
vn 0.145512 0.897214 -0.416934
vn 0.626971 0.207842 -0.750805
vn 0.623041 0.286400 -0.727870
vn 0.626971 0.207842 -0.750805
vn 0.145512 0.897214 -0.416934
vn -0.036566 0.906618 -0.420366
vn -0.036566 0.906618 -0.420366
vn 0.621872 0.159306 -0.766744
vn 0.626971 0.207842 -0.750805
vn 0.621872 0.159306 -0.766744
vn -0.000419 -0.001754 0.999998
vn -0.000419 -0.001754 0.999998
vn -0.000419 -0.001754 0.999998
vn -0.036566 0.906618 -0.420366
vn -0.259936 0.872537 -0.413657
vn -0.259936 0.872537 -0.413657
vn 0.621537 0.100289 -0.776939
vn 0.621872 0.159306 -0.766744
vn 0.621537 0.100289 -0.776939
vn 0.000583 0.001295 0.999999
vn 0.000583 0.001295 0.999999
vn 0.000583 0.001295 0.999999
vn 0.620275 0.039722 -0.783378
vn 0.621537 0.100289 -0.776939
vn 0.620275 0.039722 -0.783378
vn 0.618303 -0.001465 -0.785938
vn 0.620275 0.039722 -0.783378
vn 0.618303 -0.001465 -0.785938
vn -0.259936 0.872537 -0.413657
vn -0.461559 0.779117 -0.424194
vn -0.461559 0.779117 -0.424194
vn 0.618302 -0.001761 -0.785938
vn 0.618303 -0.001465 -0.785938
vn 0.618302 -0.001761 -0.785938
vn 0.616842 -0.001985 -0.787085
vn 0.618302 -0.001761 -0.785938
vn 0.616842 -0.001985 -0.787085
vn 0.615396 -0.001922 -0.788216
vn 0.616842 -0.001985 -0.787085
vn 0.615396 -0.001922 -0.788216
vn 0.613785 -0.001758 -0.789471
vn 0.615396 -0.001922 -0.788216
vn 0.613785 -0.001758 -0.789471
vn -0.461559 0.779117 -0.424194
vn -0.582737 0.667806 -0.463091
vn -0.582737 0.667806 -0.463091
vn 0.320383 0.803480 0.501772
vn 0.320383 0.803480 0.501772
vn 0.320383 0.803480 0.501772
vn 0.612444 -0.001294 -0.790513
vn 0.613785 -0.001758 -0.789471
vn 0.612444 -0.001294 -0.790513
vn 0.000792 -0.000219 1.000000
vn 0.000792 -0.000219 1.000000
vn 0.000792 -0.000219 1.000000
vn 0.611313 -0.000928 -0.791388
vn 0.612444 -0.001294 -0.790513
vn 0.611313 -0.000928 -0.791388
vn 0.610671 -0.000683 -0.791884
vn 0.611313 -0.000928 -0.791388
vn 0.610671 -0.000683 -0.791884
vn -0.582737 0.667806 -0.463091
vn -0.627927 0.584933 -0.513382
vn -0.627927 0.584933 -0.513382
vn 0.610110 -0.000484 -0.792316
vn 0.610671 -0.000683 -0.791884
vn 0.610110 -0.000484 -0.792316
vn 0.609675 -0.000447 -0.792651
vn 0.610110 -0.000484 -0.792316
vn 0.609675 -0.000447 -0.792651
vn 0.609203 -0.000336 -0.793014
vn 0.609675 -0.000447 -0.792651
vn 0.609203 -0.000336 -0.793014
vn -0.627927 0.584933 -0.513382
vn -0.632226 0.539156 -0.556418
vn -0.632226 0.539156 -0.556418
vn 0.608872 -0.000232 -0.793268
vn 0.609203 -0.000336 -0.793014
vn 0.608872 -0.000232 -0.793268
vn 0.608778 -0.000065 -0.793340
vn 0.608872 -0.000232 -0.793268
vn 0.608778 -0.000065 -0.793340
vn -0.632226 0.539156 -0.556418
vn -0.619366 0.522689 -0.585817
vn -0.619366 0.522689 -0.585817
vn 0.608683 0.000083 -0.793413
vn 0.608779 -0.000065 -0.793340
vn 0.608683 0.000083 -0.793413
vn 0.608695 0.000218 -0.793404
vn 0.608683 0.000083 -0.793413
vn 0.608695 0.000218 -0.793404
vn 0.814608 -0.580012 0.000000
vn 0.814608 -0.580012 0.000000
vn 0.814608 -0.580012 0.000000
vn -0.619366 0.522689 -0.585817
vn -0.616136 0.501919 -0.607004
vn -0.616136 0.501919 -0.607004
vn 0.608933 0.000336 -0.793222
vn 0.608695 0.000218 -0.793404
vn 0.608933 0.000336 -0.793222
vn 0.609397 0.000428 -0.792865
vn 0.608933 0.000336 -0.793222
vn 0.609397 0.000428 -0.792865
vn 0.609597 0.000534 -0.792711
vn 0.609397 0.000428 -0.792865
vn 0.609597 0.000534 -0.792711
vn -0.616136 0.501919 -0.607004
vn -0.620814 0.476321 -0.622662
vn -0.620814 0.476321 -0.622662
vn 0.610078 0.000683 -0.792341
vn 0.609597 0.000534 -0.792712
vn 0.610078 0.000683 -0.792341
vn -0.762917 0.533819 0.364685
vn -0.762917 0.533819 0.364685
vn -0.762917 0.533819 0.364685
vn 0.610660 0.000966 -0.791892
vn 0.610078 0.000683 -0.792341
vn 0.610660 0.000966 -0.791892
vn 0.611312 0.001288 -0.791388
vn 0.610660 0.000966 -0.791892
vn 0.611312 0.001288 -0.791388
vn -0.620814 0.476321 -0.622662
vn -0.633275 0.443403 -0.634316
vn -0.633275 0.443403 -0.634316
vn 0.612364 0.001712 -0.790574
vn 0.611312 0.001288 -0.791388
vn 0.612364 0.001712 -0.790574
vn 0.613773 0.001930 -0.789480
vn 0.612364 0.001712 -0.790574
vn 0.613773 0.001930 -0.789480
vn 0.615240 0.001924 -0.788337
vn 0.613773 0.001930 -0.789480
vn 0.615240 0.001924 -0.788337
vn -0.633275 0.443403 -0.634316
vn -0.653288 0.399380 -0.643204
vn -0.653288 0.399380 -0.643204
vn 0.616730 0.001702 -0.787173
vn 0.615240 0.001924 -0.788337
vn 0.616730 0.001702 -0.787173
vn 0.618275 0.001326 -0.785961
vn 0.616730 0.001702 -0.787173
vn 0.618275 0.001326 -0.785961
vn -0.653288 0.399380 -0.643204
vn -0.672683 0.354850 -0.649292
vn -0.672683 0.354850 -0.649292
vn 0.620067 -0.039852 -0.783536
vn 0.618275 0.001326 -0.785961
vn 0.620067 -0.039852 -0.783536
vn 0.621019 -0.100380 -0.777341
vn 0.620067 -0.039852 -0.783536
vn 0.621019 -0.100380 -0.777341
vn -0.672683 0.354850 -0.649292
vn -0.690963 0.309540 -0.653265
vn -0.690963 0.309540 -0.653265
vn 0.620963 -0.159346 -0.767473
vn 0.621019 -0.100380 -0.777341
vn 0.620963 -0.159346 -0.767473
vn -0.320542 -0.803878 0.501032
vn -0.320542 -0.803878 0.501032
vn -0.320542 -0.803878 0.501032
vn -0.690963 0.309540 -0.653265
vn -0.707655 0.263154 -0.655724
vn -0.707655 0.263154 -0.655724
vn 0.625916 -0.207738 -0.751714
vn 0.620963 -0.159346 -0.767473
vn 0.625916 -0.207738 -0.751714
vn -0.707655 0.263154 -0.655724
vn -0.723599 0.215335 -0.655771
vn -0.723599 0.215335 -0.655771
vn 0.622010 -0.286140 -0.728853
vn 0.625916 -0.207738 -0.751714
vn 0.622010 -0.286140 -0.728853
vn -0.723599 0.215335 -0.655771
vn -0.735404 0.169118 -0.656186
vn -0.735404 0.169118 -0.656186
vn -0.735404 0.169118 -0.656186
vn -0.743927 0.127663 -0.655954
vn -0.743927 0.127663 -0.655954
vn 0.608050 -0.390241 -0.691366
vn 0.622010 -0.286140 -0.728853
vn 0.608050 -0.390241 -0.691366
vn -0.743927 0.127663 -0.655954
vn -0.749692 0.094184 -0.655051
vn -0.749692 0.094184 -0.655051
vn 0.745435 -0.483778 0.458569
vn 0.745435 -0.483778 0.458569
vn 0.745435 -0.483778 0.458569
vn -0.749692 0.094184 -0.655051
vn -0.752750 0.071100 -0.654456
vn -0.752750 0.071100 -0.654456
vn -0.752750 0.071100 -0.654456
vn -0.754942 0.052310 -0.653702
vn -0.754942 0.052310 -0.653702
vn 0.575760 -0.516547 -0.633782
vn 0.608050 -0.390241 -0.691366
vn 0.575760 -0.516547 -0.633782
vn -0.754942 0.052310 -0.653702
vn -0.756388 0.038198 -0.653007
vn -0.756388 0.038198 -0.653007
vn 0.813938 -0.240963 0.528623
vn 0.813938 -0.240963 0.528623
vn 0.813938 -0.240963 0.528623
vn -0.756388 0.038198 -0.653007
vn -0.757127 0.028881 -0.652629
vn -0.757127 0.028881 -0.652629
vn 0.375457 0.849944 0.369631
vn 0.375457 0.849944 0.369631
vn 0.375457 0.849944 0.369631
vn -0.757127 0.028881 -0.652629
vn -0.757439 0.024279 -0.652455
vn -0.757439 0.024279 -0.652455
vn -0.211412 -0.849351 0.483640
vn -0.211412 -0.849351 0.483640
vn -0.211412 -0.849351 0.483640
vn -0.757439 0.024279 -0.652455
vn -0.757769 0.018715 -0.652254
vn -0.757769 0.018715 -0.652254
vn 0.503478 -0.648447 -0.570988
vn 0.575760 -0.516547 -0.633782
vn 0.503478 -0.648447 -0.570988
vn -0.757769 0.018715 -0.652254
vn -0.757924 0.012146 -0.652229
vn -0.757924 0.012146 -0.652229
vn 0.515349 0.654794 -0.552865
vn 0.515349 0.654794 -0.552865
vn 0.515349 0.654794 -0.552865
vn 0.464890 0.739721 -0.486508
vn 0.464890 0.739721 -0.486508
vn 0.464890 0.739721 -0.486508
vn 0.576153 0.516892 -0.633143
vn 0.576153 0.516892 -0.633143
vn 0.576153 0.516892 -0.633144
vn -0.591701 0.627929 0.505564
vn -0.591701 0.627929 0.505564
vn -0.591701 0.627929 0.505564
vn -0.757924 0.012146 -0.652229
vn -0.758103 0.004491 -0.652119
vn -0.758103 0.004491 -0.652119
vn 0.415369 0.796896 -0.438662
vn 0.415369 0.796897 -0.438662
vn 0.415369 0.796897 -0.438662
vn 0.608808 0.390615 -0.690488
vn 0.608808 0.390615 -0.690488
vn 0.608808 0.390615 -0.690488
vn 0.354554 0.836785 -0.417232
vn 0.354554 0.836785 -0.417232
vn 0.354554 0.836785 -0.417232
vn -0.758104 0.004491 -0.652119
vn -0.758103 -0.004491 -0.652119
vn -0.758103 -0.004491 -0.652119
vn 0.511165 0.637395 -0.576575
vn 0.511165 0.637395 -0.576575
vn 0.511165 0.637395 -0.576575
vn 0.462929 0.721870 -0.514393
vn 0.462929 0.721870 -0.514393
vn 0.462929 0.721870 -0.514393
vn 0.416535 0.783758 -0.460676
vn 0.416535 0.783758 -0.460676
vn 0.416535 0.783758 -0.460676
vn 0.272729 0.869367 -0.412093
vn 0.272729 0.869367 -0.412093
vn 0.272729 0.869367 -0.412093
vn 0.570192 0.500704 -0.651289
vn 0.570192 0.500704 -0.651289
vn 0.570192 0.500704 -0.651289
vn 0.623041 0.286400 -0.727870
vn 0.623041 0.286400 -0.727870
vn 0.623041 0.286400 -0.727870
vn -0.105884 -0.956207 0.272867
vn -0.105884 -0.956207 0.272867
vn -0.105884 -0.956207 0.272867
vn 0.453458 -0.732430 -0.507860
vn 0.503478 -0.648447 -0.570988
vn 0.453458 -0.732430 -0.507860
vn -0.758103 -0.004491 -0.652119
vn -0.757959 -0.012146 -0.652189
vn -0.757959 -0.012146 -0.652189
vn 0.355846 0.833730 -0.422219
vn 0.355846 0.833730 -0.422219
vn 0.355846 0.833730 -0.422219
vn 0.602647 0.377365 -0.703144
vn 0.602647 0.377365 -0.703144
vn 0.602647 0.377365 -0.703144
vn 0.145512 0.897214 -0.416934
vn 0.145512 0.897214 -0.416934
vn 0.145512 0.897214 -0.416934
vn 0.626971 0.207842 -0.750805
vn 0.626971 0.207842 -0.750805
vn 0.626971 0.207842 -0.750805
vn -0.757959 -0.012146 -0.652189
vn -0.757670 -0.018716 -0.652370
vn -0.757670 -0.018716 -0.652370
vn 0.182100 0.430283 -0.884136
vn 0.182100 0.430283 -0.884136
vn 0.182100 0.430283 -0.884136
vn 0.202870 0.524867 -0.826655
vn 0.202870 0.524868 -0.826655
vn 0.202869 0.524867 -0.826655
vn 0.269859 0.869070 -0.414600
vn 0.269859 0.869070 -0.414600
vn 0.269859 0.869070 -0.414600
vn 0.183305 0.494432 -0.849668
vn 0.183305 0.494432 -0.849668
vn 0.183305 0.494432 -0.849668
vn 0.159852 0.323088 -0.932771
vn 0.159852 0.323088 -0.932771
vn 0.159852 0.323088 -0.932771
vn 0.212629 0.608878 -0.764236
vn 0.212629 0.608878 -0.764236
vn 0.212629 0.608878 -0.764236
vn 0.167025 0.409193 -0.897031
vn 0.167025 0.409193 -0.897030
vn 0.167025 0.409193 -0.897031
vn 0.197315 0.581808 -0.789029
vn 0.197315 0.581808 -0.789029
vn 0.197315 0.581808 -0.789029
vn 0.617619 0.275943 -0.736480
vn 0.617619 0.275943 -0.736480
vn 0.617619 0.275943 -0.736480
vn -0.036566 0.906618 -0.420366
vn -0.036566 0.906618 -0.420366
vn -0.036566 0.906618 -0.420366
vn 0.193715 0.661929 -0.724103
vn 0.193715 0.661929 -0.724103
vn 0.193715 0.661929 -0.724103
vn -0.757670 -0.018716 -0.652370
vn -0.757432 -0.024271 -0.652463
vn -0.757432 -0.024271 -0.652463
vn 0.191807 0.657166 -0.728932
vn 0.191807 0.657166 -0.728932
vn 0.191807 0.657166 -0.728932
vn 0.153129 0.314831 -0.936714
vn 0.153129 0.314831 -0.936714
vn 0.153129 0.314831 -0.936714
vn 0.083203 0.410501 -0.908056
vn 0.083203 0.410501 -0.908056
vn 0.083203 0.410501 -0.908056
vn 0.144854 0.250585 -0.957196
vn 0.144854 0.250585 -0.957196
vn 0.144854 0.250585 -0.957196
vn 0.145443 0.897219 -0.416946
vn 0.145443 0.897219 -0.416946
vn 0.145443 0.897219 -0.416946
vn 0.102128 0.492517 -0.864290
vn 0.102128 0.492517 -0.864290
vn 0.102128 0.492517 -0.864290
vn 0.066882 0.340422 -0.937891
vn 0.066882 0.340422 -0.937891
vn 0.066882 0.340422 -0.937891
vn 0.621872 0.159306 -0.766744
vn 0.621872 0.159306 -0.766744
vn 0.621872 0.159306 -0.766744
vn 0.150712 0.665854 -0.730702
vn 0.150712 0.665854 -0.730702
vn 0.150712 0.665854 -0.730702
vn 0.132746 0.599767 -0.789087
vn 0.132746 0.599767 -0.789087
vn 0.132746 0.599767 -0.789087
vn 0.089323 0.469754 -0.878267
vn 0.089323 0.469754 -0.878267
vn 0.089323 0.469754 -0.878267
vn 0.074112 0.395043 -0.915668
vn 0.074112 0.395043 -0.915668
vn 0.074112 0.395043 -0.915668
vn 0.109259 0.561748 -0.820062
vn 0.109259 0.561748 -0.820062
vn 0.109259 0.561748 -0.820062
vn 0.156971 0.672304 -0.723441
vn 0.156971 0.672304 -0.723442
vn 0.156971 0.672304 -0.723442
vn 0.622628 0.199183 -0.756744
vn 0.622628 0.199183 -0.756744
vn 0.622628 0.199183 -0.756743
vn -0.757432 -0.024271 -0.652463
vn -0.757094 -0.028856 -0.652668
vn -0.757094 -0.028856 -0.652668
vn 0.143343 0.248880 -0.957868
vn 0.143343 0.248880 -0.957868
vn 0.143343 0.248880 -0.957868
vn 0.062109 0.332773 -0.940959
vn 0.062109 0.332773 -0.940959
vn 0.062109 0.332773 -0.940959
vn 0.053575 0.269253 -0.961578
vn 0.053575 0.269253 -0.961578
vn 0.053575 0.269253 -0.961578
vn 0.076720 0.647673 -0.758046
vn 0.076720 0.647673 -0.758046
vn 0.076720 0.647673 -0.758046
vn 0.135295 0.198439 -0.970730
vn 0.135295 0.198439 -0.970730
vn 0.135295 0.198439 -0.970730
vn 0.621537 0.100289 -0.776939
vn 0.621537 0.100289 -0.776939
vn 0.621537 0.100289 -0.776939
vn 0.053639 0.523628 -0.850257
vn 0.053639 0.523628 -0.850257
vn 0.053639 0.523628 -0.850257
vn -0.032143 0.908231 -0.417232
vn -0.032143 0.908231 -0.417232
vn -0.032143 0.908231 -0.417232
vn 0.032256 0.425621 -0.904327
vn 0.032256 0.425621 -0.904327
vn 0.032256 0.425621 -0.904327
vn 0.052039 0.271365 -0.961069
vn 0.052039 0.271365 -0.961069
vn 0.052039 0.271365 -0.961069
vn -0.259936 0.872537 -0.413657
vn -0.259936 0.872537 -0.413657
vn -0.259936 0.872537 -0.413657
vn 0.626461 0.150704 -0.764745
vn 0.626461 0.150704 -0.764745
vn 0.626461 0.150704 -0.764745
vn 0.407669 -0.791215 -0.455835
vn 0.453458 -0.732430 -0.507860
vn 0.407669 -0.791215 -0.455835
vn 0.081710 0.654258 -0.751845
vn 0.081710 0.654258 -0.751845
vn 0.081710 0.654258 -0.751845
vn 0.019283 0.356601 -0.934058
vn 0.019283 0.356601 -0.934058
vn 0.019283 0.356601 -0.934058
vn 0.047436 0.514086 -0.856426
vn 0.047436 0.514086 -0.856426
vn 0.047436 0.514086 -0.856426
vn -0.757094 -0.028856 -0.652668
vn -0.756402 -0.038210 -0.652990
vn -0.756402 -0.038210 -0.652990
vn 0.029318 0.420782 -0.906688
vn 0.029318 0.420783 -0.906688
vn 0.029318 0.420783 -0.906688
vn 0.010522 0.303919 -0.952640
vn 0.010522 0.303919 -0.952640
vn 0.010522 0.303919 -0.952640
vn 0.137073 0.200382 -0.970082
vn 0.137073 0.200382 -0.970082
vn 0.137073 0.200382 -0.970082
vn 0.620275 0.039722 -0.783378
vn 0.620275 0.039722 -0.783378
vn 0.620275 0.039722 -0.783378
vn 0.049225 0.221893 -0.973828
vn 0.049225 0.221893 -0.973828
vn 0.049225 0.221893 -0.973828
vn -0.026245 0.620730 -0.783585
vn -0.026245 0.620730 -0.783585
vn -0.026245 0.620730 -0.783585
vn 0.019666 0.357221 -0.933813
vn 0.019666 0.357221 -0.933813
vn 0.019666 0.357221 -0.933813
vn -0.025863 0.477801 -0.878087
vn -0.025863 0.477801 -0.878087
vn -0.025863 0.477801 -0.878087
vn 0.129470 0.158061 -0.978905
vn 0.129470 0.158061 -0.978905
vn 0.129470 0.158061 -0.978905
vn 0.045878 0.228573 -0.972445
vn 0.045878 0.228573 -0.972445
vn 0.045878 0.228573 -0.972445
vn 0.624599 0.092484 -0.775450
vn 0.624599 0.092484 -0.775450
vn 0.624599 0.092484 -0.775450
vn 0.000000 -0.000003 -1.000000
vn 0.000000 -0.000003 -1.000000
vn 0.000000 -0.000003 -1.000000
vn -0.016760 0.635501 -0.771918
vn -0.016760 0.635501 -0.771918
vn -0.016760 0.635501 -0.771918
vn -0.756402 -0.038210 -0.652990
vn -0.754988 -0.052291 -0.653650
vn -0.754988 -0.052291 -0.653650
vn -0.027732 0.390957 -0.919991
vn -0.027732 0.390957 -0.919991
vn -0.027732 0.390957 -0.919991
vn -0.259010 0.873149 -0.412947
vn -0.259010 0.873149 -0.412947
vn -0.259010 0.873149 -0.412947
vn 0.618303 -0.001465 -0.785938
vn 0.618303 -0.001465 -0.785938
vn 0.618303 -0.001465 -0.785938
vn -0.013627 0.496421 -0.867975
vn -0.013627 0.496421 -0.867975
vn -0.013627 0.496421 -0.867975
vn 0.014028 0.309524 -0.950788
vn 0.014028 0.309524 -0.950788
vn 0.014028 0.309524 -0.950788
vn -0.123967 0.602223 -0.788644
vn -0.123967 0.602223 -0.788644
vn -0.123967 0.602223 -0.788645
vn 0.009963 0.256955 -0.966372
vn 0.009963 0.256955 -0.966372
vn 0.009963 0.256955 -0.966372
vn -0.030562 0.333956 -0.942093
vn -0.030562 0.333956 -0.942093
vn -0.030562 0.333956 -0.942093
vn 0.621942 0.034020 -0.782324
vn 0.621942 0.034020 -0.782324
vn 0.621942 0.034020 -0.782324
vn 0.618302 -0.001761 -0.785938
vn 0.618302 -0.001761 -0.785938
vn 0.618302 -0.001761 -0.785938
vn 0.133314 0.162519 -0.977658
vn 0.133314 0.162519 -0.977658
vn 0.133313 0.162519 -0.977658
vn 0.047570 0.185849 -0.981426
vn 0.047570 0.185849 -0.981426
vn 0.047570 0.185849 -0.981426
vn -0.017750 0.405855 -0.913765
vn -0.017750 0.405855 -0.913765
vn -0.017750 0.405855 -0.913765
vn -0.107447 0.473645 -0.874137
vn -0.107447 0.473645 -0.874137
vn -0.107447 0.473645 -0.874137
vn -0.122529 0.605752 -0.786162
vn -0.122529 0.605752 -0.786162
vn -0.122529 0.605752 -0.786162
vn -0.506447 0.764353 -0.399093
vn -0.506447 0.764353 -0.399093
vn -0.506447 0.764353 -0.399093
vn 0.005841 0.267187 -0.963627
vn 0.005841 0.267187 -0.963627
vn 0.005841 0.267187 -0.963627
vn -0.754988 -0.052291 -0.653651
vn -0.752769 -0.071130 -0.654431
vn -0.752769 -0.071130 -0.654431
vn 0.043881 0.196288 -0.979564
vn 0.043881 0.196288 -0.979564
vn 0.043881 0.196288 -0.979564
vn -0.461559 0.779117 -0.424194
vn -0.461559 0.779117 -0.424194
vn -0.461559 0.779117 -0.424194
vn -0.077548 0.507911 -0.857912
vn -0.077548 0.507911 -0.857912
vn -0.077548 0.507911 -0.857912
vn 0.129844 0.123900 -0.983763
vn 0.129844 0.123900 -0.983763
vn 0.129844 0.123900 -0.983763
vn 0.616842 -0.001985 -0.787085
vn 0.616842 -0.001985 -0.787085
vn 0.616842 -0.001985 -0.787085
vn -0.191368 0.551225 -0.812114
vn -0.191368 0.551225 -0.812114
vn -0.191368 0.551225 -0.812114
vn -0.100105 0.389986 -0.915363
vn -0.100105 0.389986 -0.915363
vn -0.100105 0.389986 -0.915363
vn -0.031848 0.293782 -0.955342
vn -0.031848 0.293782 -0.955342
vn -0.031848 0.293782 -0.955342
vn 0.619291 -0.005647 -0.785141
vn 0.619291 -0.005647 -0.785141
vn 0.619292 -0.005647 -0.785141
vn 0.127259 0.130352 -0.983267
vn 0.127259 0.130352 -0.983267
vn 0.127259 0.130352 -0.983267
vn -0.020986 0.348086 -0.937228
vn -0.020986 0.348086 -0.937228
vn -0.020986 0.348086 -0.937228
vn -0.182224 0.552677 -0.813230
vn -0.182224 0.552677 -0.813230
vn -0.182224 0.552677 -0.813230
vn 0.010091 0.221981 -0.974999
vn 0.010091 0.221981 -0.974999
vn 0.010091 0.221981 -0.974999
vn -0.752769 -0.071130 -0.654431
vn -0.749591 -0.094164 -0.655170
vn -0.749591 -0.094164 -0.655170
vn 0.047265 0.155807 -0.986656
vn 0.047265 0.155807 -0.986656
vn 0.047265 0.155807 -0.986656
vn -0.072333 0.420046 -0.904616
vn -0.072333 0.420046 -0.904616
vn -0.072333 0.420046 -0.904616
vn 0.615396 -0.001922 -0.788216
vn 0.615396 -0.001922 -0.788216
vn 0.615396 -0.001922 -0.788216
vn 0.005708 0.237030 -0.971486
vn 0.005708 0.237030 -0.971486
vn 0.005708 0.237030 -0.971486
vn 0.126916 0.082460 -0.988480
vn 0.126916 0.082460 -0.988480
vn 0.126916 0.082460 -0.988480
vn -0.091154 0.336815 -0.937148
vn -0.091154 0.336815 -0.937148
vn -0.091154 0.336815 -0.937148
vn -0.233580 0.451278 -0.861271
vn -0.233580 0.451278 -0.861271
vn -0.233580 0.451278 -0.861271
vn 0.352964 -0.835305 -0.421523
vn 0.407669 -0.791215 -0.455835
vn 0.352964 -0.835305 -0.421523
vn 0.043970 0.169475 -0.984553
vn 0.043970 0.169475 -0.984553
vn 0.043970 0.169475 -0.984553
vn 0.616700 -0.007055 -0.787167
vn 0.616700 -0.007055 -0.787167
vn 0.616700 -0.007055 -0.787167
vn -0.020337 0.310519 -0.950350
vn -0.020337 0.310519 -0.950350
vn -0.020337 0.310519 -0.950350
vn 0.124097 0.092654 -0.987935
vn 0.124097 0.092654 -0.987935
vn 0.124097 0.092654 -0.987935
vn -0.667596 0.619370 -0.413154
vn -0.667596 0.619370 -0.413154
vn -0.667596 0.619370 -0.413154
vn 0.613785 -0.001758 -0.789471
vn 0.613785 -0.001758 -0.789471
vn 0.613785 -0.001758 -0.789471
vn -0.182788 0.474145 -0.861264
vn -0.182788 0.474145 -0.861264
vn -0.182788 0.474145 -0.861264
vn -0.749591 -0.094164 -0.655170
vn -0.744372 -0.125687 -0.655830
vn -0.744372 -0.125687 -0.655830
vn -0.020873 0.262857 -0.964609
vn -0.020873 0.262857 -0.964609
vn -0.020873 0.262857 -0.964609
vn -0.086755 -0.865401 0.493512
vn -0.086755 -0.865401 0.493512
vn -0.086755 -0.865401 0.493512
vn 0.124720 0.040204 -0.991377
vn 0.124720 0.040204 -0.991377
vn 0.124720 0.040204 -0.991377
vn -0.067834 0.362816 -0.929389
vn -0.067834 0.362816 -0.929389
vn -0.067834 0.362816 -0.929389
vn 0.615073 -0.007804 -0.788432
vn 0.615073 -0.007804 -0.788432
vn 0.615073 -0.007804 -0.788432
vn -0.582737 0.667806 -0.463091
vn -0.582737 0.667806 -0.463091
vn -0.582737 0.667806 -0.463091
vn 0.011722 0.193992 -0.980933
vn 0.011722 0.193992 -0.980933
vn 0.011722 0.193992 -0.980933
vn 0.047326 0.127308 -0.990734
vn 0.047326 0.127308 -0.990734
vn 0.047326 0.127308 -0.990734
vn -0.026511 0.281959 -0.959060
vn -0.026511 0.281959 -0.959060
vn -0.026511 0.281959 -0.959060
vn -0.081398 0.305774 -0.948618
vn -0.081398 0.305774 -0.948618
vn -0.081398 0.305774 -0.948618
vn 0.121947 0.053774 -0.991079
vn 0.121947 0.053774 -0.991079
vn 0.121947 0.053774 -0.991079
vn 0.612444 -0.001294 -0.790513
vn 0.612444 -0.001294 -0.790513
vn 0.612444 -0.001294 -0.790513
vn -0.216662 0.384724 -0.897243
vn -0.216662 0.384724 -0.897243
vn -0.216662 0.384724 -0.897243
vn 0.007899 0.212350 -0.977162
vn 0.007899 0.212350 -0.977162
vn 0.007899 0.212350 -0.977162
vn 0.044793 0.144633 -0.988471
vn 0.044793 0.144633 -0.988471
vn 0.044793 0.144633 -0.988471
vn 0.613520 -0.007693 -0.789641
vn 0.613520 -0.007693 -0.789641
vn 0.613520 -0.007693 -0.789641
vn -0.744372 -0.125687 -0.655830
vn -0.736629 -0.163910 -0.656133
vn -0.736629 -0.163910 -0.656133
vn 0.124473 0.009763 -0.992175
vn 0.124473 0.009763 -0.992175
vn 0.124473 0.009763 -0.992175
vn 0.611313 -0.000928 -0.791388
vn 0.611313 -0.000928 -0.791388
vn 0.611313 -0.000928 -0.791388
vn -0.168082 0.412024 -0.895536
vn -0.168082 0.412024 -0.895536
vn -0.168082 0.412024 -0.895536
vn -0.713690 0.526879 -0.461569
vn -0.713690 0.526879 -0.461569
vn -0.713690 0.526879 -0.461569
vn 0.122074 0.023325 -0.992247
vn 0.122074 0.023325 -0.992247
vn 0.122074 0.023325 -0.992247
vn 0.000000 0.000002 -1.000000
vn 0.000000 0.000002 -1.000000
vn 0.000000 0.000002 -1.000000
vn -0.865413 0.322882 0.383156
vn -0.865413 0.322882 0.383156
vn -0.865413 0.322882 0.383156
vn 0.046626 0.093070 -0.994567
vn 0.046626 0.093070 -0.994567
vn 0.046626 0.093070 -0.994567
vn 0.123878 0.005191 -0.992284
vn 0.123878 0.005191 -0.992284
vn 0.123878 0.005191 -0.992284
vn -0.059849 0.330074 -0.942056
vn -0.059849 0.330074 -0.942056
vn -0.059849 0.330074 -0.942056
vn -0.016905 0.236265 -0.971542
vn -0.016905 0.236265 -0.971542
vn -0.016905 0.236265 -0.971542
vn 0.612232 -0.006830 -0.790648
vn 0.612232 -0.006830 -0.790648
vn 0.612232 -0.006830 -0.790648
vn 0.013790 0.169603 -0.985416
vn 0.013790 0.169603 -0.985416
vn 0.013790 0.169603 -0.985416
vn -0.736629 -0.163910 -0.656133
vn -0.726142 -0.206673 -0.655747
vn -0.726142 -0.206673 -0.655747
vn -0.021867 0.258555 -0.965749
vn -0.021867 0.258555 -0.965749
vn -0.021867 0.258555 -0.965749
vn -0.188109 0.352310 -0.916784
vn -0.188109 0.352310 -0.916784
vn -0.188109 0.352310 -0.916784
vn 0.044661 0.114756 -0.992389
vn 0.044661 0.114756 -0.992389
vn 0.044661 0.114756 -0.992389
vn 0.610671 -0.000683 -0.791884
vn 0.610671 -0.000683 -0.791884
vn 0.610671 -0.000683 -0.791884
vn -0.627927 0.584933 -0.513382
vn -0.627927 0.584933 -0.513382
vn -0.627927 0.584933 -0.513382
vn 0.125729 0.001668 -0.992063
vn 0.125729 0.001668 -0.992063
vn 0.125729 0.001668 -0.992063
vn 0.010874 0.190366 -0.981653
vn 0.010874 0.190366 -0.981653
vn 0.010874 0.190366 -0.981653
vn 0.127067 0.012176 -0.991819
vn 0.127067 0.012176 -0.991819
vn 0.127067 0.012176 -0.991819
vn 0.046062 0.057107 -0.997305
vn 0.046062 0.057107 -0.997305
vn 0.046062 0.057107 -0.997305
vn 0.611324 -0.005135 -0.791364
vn 0.611324 -0.005135 -0.791364
vn 0.611324 -0.005135 -0.791364
vn -0.056839 0.283568 -0.957266
vn -0.056839 0.283567 -0.957266
vn -0.056839 0.283567 -0.957266
vn -0.064679 0.310641 -0.948324
vn -0.064679 0.310641 -0.948324
vn -0.064679 0.310641 -0.948324
vn 0.610110 -0.000484 -0.792316
vn 0.610110 -0.000484 -0.792316
vn 0.610110 -0.000484 -0.792316
vn -0.726142 -0.206673 -0.655747
vn -0.713002 -0.251634 -0.654453
vn -0.713002 -0.251634 -0.654453
vn 0.272745 -0.869343 -0.412133
vn 0.352964 -0.835305 -0.421523
vn 0.272745 -0.869343 -0.412133
vn -0.148502 0.376378 -0.914487
vn -0.148502 0.376378 -0.914487
vn -0.148502 0.376378 -0.914487
vn 0.126323 -0.000495 -0.991989
vn 0.126323 -0.000495 -0.991989
vn 0.126323 -0.000495 -0.991989
vn 0.044472 0.082096 -0.995632
vn 0.044472 0.082096 -0.995632
vn 0.044472 0.082096 -0.995632
vn -0.701606 0.491565 -0.515861
vn -0.701606 0.491565 -0.515861
vn -0.701606 0.491565 -0.515861
vn 0.610644 -0.003748 -0.791896
vn 0.610644 -0.003748 -0.791896
vn 0.610644 -0.003748 -0.791896
vn 0.126815 0.004083 -0.991918
vn 0.126815 0.004083 -0.991918
vn 0.126815 0.004083 -0.991918
vn -0.012691 0.213556 -0.976848
vn -0.012691 0.213556 -0.976848
vn -0.012691 0.213556 -0.976848
vn 0.015456 0.145880 -0.989182
vn 0.015456 0.145880 -0.989182
vn 0.015456 0.145880 -0.989182
vn 0.046484 0.028125 -0.998523
vn 0.046484 0.028125 -0.998523
vn 0.046484 0.028125 -0.998523
vn 0.609675 -0.000447 -0.792651
vn 0.609675 -0.000447 -0.792651
vn 0.609675 -0.000447 -0.792651
vn -0.016625 0.237361 -0.971279
vn -0.016625 0.237361 -0.971279
vn -0.016625 0.237361 -0.971279
vn -0.161964 0.334627 -0.928328
vn -0.161964 0.334627 -0.928328
vn -0.161964 0.334627 -0.928328
vn -0.713001 -0.251634 -0.654454
vn -0.696834 -0.299817 -0.651561
vn -0.696834 -0.299817 -0.651561
vn 0.126006 -0.001448 -0.992028
vn 0.126006 -0.001448 -0.992028
vn 0.126006 -0.001448 -0.992028
vn 0.013626 0.168884 -0.985542
vn 0.013626 0.168884 -0.985542
vn 0.013626 0.168884 -0.985542
vn 0.609910 -0.002722 -0.792466
vn 0.609910 -0.002722 -0.792466
vn 0.609910 -0.002722 -0.792466
vn 0.125986 -0.001204 -0.992031
vn 0.125986 -0.001204 -0.992031
vn 0.125986 -0.001204 -0.992031
vn 0.045113 0.051794 -0.997638
vn 0.045113 0.051794 -0.997638
vn 0.045113 0.051794 -0.997638
vn -0.048972 0.262391 -0.963718
vn -0.048972 0.262391 -0.963718
vn -0.048972 0.262391 -0.963718
vn -0.632226 0.539156 -0.556418
vn -0.632226 0.539156 -0.556418
vn -0.632226 0.539156 -0.556418
vn 0.047852 0.016381 -0.998720
vn 0.047852 0.016381 -0.998720
vn 0.047852 0.016381 -0.998720
vn -0.055326 0.289412 -0.955604
vn -0.055326 0.289412 -0.955604
vn -0.055326 0.289412 -0.955604
vn 0.609203 -0.000336 -0.793014
vn 0.609203 -0.000336 -0.793014
vn 0.609203 -0.000336 -0.793014
vn 0.015954 0.117018 -0.993002
vn 0.015954 0.117018 -0.993002
vn 0.015954 0.117018 -0.993002
vn 0.125413 -0.001053 -0.992104
vn 0.125413 -0.001053 -0.992104
vn 0.125413 -0.001053 -0.992104
vn -0.131450 0.353390 -0.926195
vn -0.131450 0.353390 -0.926195
vn -0.131450 0.353390 -0.926195
vn 0.609512 -0.002076 -0.792774
vn 0.609512 -0.002076 -0.792774
vn 0.609512 -0.002076 -0.792774
vn -0.696834 -0.299817 -0.651561
vn -0.678308 -0.349140 -0.646529
vn -0.678308 -0.349140 -0.646529
vn 0.125195 -0.003366 -0.992126
vn 0.125195 -0.003366 -0.992127
vn 0.125195 -0.003366 -0.992127
vn -0.009018 0.192687 -0.981219
vn -0.009018 0.192687 -0.981219
vn -0.009018 0.192687 -0.981219
vn -0.667503 0.491511 -0.559336
vn -0.667503 0.491511 -0.559336
vn -0.667503 0.491511 -0.559336
vn 0.046868 0.030546 -0.998434
vn 0.046868 0.030546 -0.998434
vn 0.046868 0.030546 -0.998434
vn 0.048038 0.007493 -0.998818
vn 0.048038 0.007493 -0.998818
vn 0.048038 0.007493 -0.998818
vn 0.014757 0.142735 -0.989651
vn 0.014757 0.142735 -0.989651
vn 0.014757 0.142735 -0.989651
vn 0.608872 -0.000232 -0.793268
vn 0.608872 -0.000232 -0.793268
vn 0.608872 -0.000232 -0.793268
vn 0.124946 -0.000727 -0.992163
vn 0.124946 -0.000727 -0.992163
vn 0.124946 -0.000727 -0.992163
vn -0.011834 0.216901 -0.976122
vn -0.011834 0.216901 -0.976122
vn -0.011834 0.216901 -0.976122
vn -0.143710 0.315321 -0.938041
vn -0.143710 0.315321 -0.938041
vn -0.143710 0.315321 -0.938041
vn 0.609313 -0.001733 -0.792928
vn 0.609313 -0.001733 -0.792928
vn 0.609313 -0.001733 -0.792928
vn 0.124810 -0.002534 -0.992177
vn 0.124810 -0.002534 -0.992177
vn 0.124810 -0.002534 -0.992177
vn 0.015927 0.085100 -0.996245
vn 0.015927 0.085100 -0.996245
vn 0.015927 0.085100 -0.996245
vn -0.678308 -0.349140 -0.646529
vn -0.658919 -0.398183 -0.638182
vn -0.658919 -0.398183 -0.638182
vn 0.145372 -0.897234 -0.416939
vn 0.272745 -0.869343 -0.412133
vn 0.145372 -0.897234 -0.416939
vn 0.047531 0.014036 -0.998771
vn 0.047532 0.014036 -0.998771
vn 0.047532 0.014036 -0.998771
vn 0.047630 0.001505 -0.998864
vn 0.047630 0.001505 -0.998864
vn 0.047630 0.001505 -0.998864
vn -0.042432 0.242539 -0.969213
vn -0.042432 0.242539 -0.969213
vn -0.042432 0.242539 -0.969213
vn 0.608778 -0.000065 -0.793340
vn 0.608779 -0.000065 -0.793340
vn 0.608778 -0.000065 -0.793340
vn 0.124633 -0.000516 -0.992203
vn 0.124633 -0.000516 -0.992203
vn 0.124633 -0.000516 -0.992203
vn -0.619366 0.522689 -0.585817
vn -0.619366 0.522689 -0.585817
vn -0.619366 0.522689 -0.585817
vn -0.047381 0.268438 -0.962131
vn -0.047381 0.268438 -0.962131
vn -0.047381 0.268438 -0.962131
vn 0.124557 -0.001811 -0.992211
vn 0.124557 -0.001811 -0.992211
vn 0.124557 -0.001811 -0.992211
vn 0.608960 -0.001347 -0.793200
vn 0.608960 -0.001347 -0.793200
vn 0.608960 -0.001347 -0.793200
vn 0.015009 0.112369 -0.993553
vn 0.015009 0.112369 -0.993553
vn 0.015009 0.112369 -0.993553
vn -0.006465 0.171684 -0.985131
vn -0.006465 0.171684 -0.985131
vn -0.006465 0.171684 -0.985131
vn -0.118975 0.331006 -0.936098
vn -0.118975 0.331006 -0.936098
vn -0.118975 0.331006 -0.936098
vn -0.658919 -0.398183 -0.638182
vn -0.639963 -0.445784 -0.625879
vn -0.639963 -0.445784 -0.625879
vn 0.015912 0.055117 -0.998353
vn 0.015912 0.055117 -0.998353
vn 0.015912 0.055117 -0.998353
vn 0.047081 -0.001266 -0.998890
vn 0.047081 -0.001266 -0.998890
vn 0.047081 -0.001266 -0.998890
vn 0.047510 0.002931 -0.998866
vn 0.047510 0.002931 -0.998866
vn 0.047510 0.002931 -0.998866
vn 0.124364 -0.000424 -0.992237
vn 0.124364 -0.000424 -0.992237
vn 0.124364 -0.000424 -0.992237
vn -0.649157 0.480738 -0.589480
vn -0.649157 0.480738 -0.589480
vn -0.649157 0.480738 -0.589480
vn 0.608683 0.000083 -0.793413
vn 0.608683 0.000083 -0.793413
vn 0.608683 0.000083 -0.793413
vn -0.008244 0.195763 -0.980617
vn -0.008244 0.195763 -0.980617
vn -0.008244 0.195763 -0.980617
vn 0.065952 0.869017 0.490367
vn 0.065952 0.869017 0.490367
vn 0.065952 0.869017 0.490367
vn 0.124307 -0.001357 -0.992243
vn 0.124307 -0.001357 -0.992243
vn 0.124307 -0.001357 -0.992243
vn 0.608801 -0.000872 -0.793323
vn 0.608801 -0.000872 -0.793323
vn 0.608801 -0.000872 -0.793323
vn -0.130664 0.294748 -0.946600
vn -0.130664 0.294748 -0.946600
vn -0.130664 0.294748 -0.946600
vn -0.639963 -0.445784 -0.625879
vn -0.631103 -0.479825 -0.609489
vn -0.631103 -0.479825 -0.609489
vn 0.046945 -0.000953 -0.998897
vn 0.046945 -0.000953 -0.998897
vn 0.046945 -0.000953 -0.998897
vn 0.015030 0.080165 -0.996668
vn 0.015030 0.080165 -0.996668
vn 0.015030 0.080165 -0.996668
vn 0.047203 -0.002396 -0.998883
vn 0.047203 -0.002396 -0.998882
vn 0.047203 -0.002396 -0.998883
vn 0.015705 0.033542 -0.999314
vn 0.015705 0.033542 -0.999314
vn 0.015705 0.033542 -0.999314
vn 0.124193 -0.000354 -0.992258
vn 0.124193 -0.000354 -0.992258
vn 0.124193 -0.000354 -0.992258
vn -0.037636 0.222842 -0.974128
vn -0.037636 0.222842 -0.974128
vn -0.037636 0.222842 -0.974128
vn 0.608695 0.000218 -0.793404
vn 0.608695 0.000218 -0.793404
vn 0.608695 0.000218 -0.793404
vn -0.005542 0.145968 -0.989274
vn -0.005542 0.145968 -0.989274
vn -0.005542 0.145968 -0.989274
vn 0.124141 -0.001024 -0.992264
vn 0.124141 -0.001024 -0.992264
vn 0.124141 -0.001024 -0.992264
vn -0.041307 0.246700 -0.968211
vn -0.041307 0.246700 -0.968211
vn -0.041307 0.246700 -0.968211
vn 0.608609 -0.000328 -0.793471
vn 0.608609 -0.000328 -0.793471
vn 0.608609 -0.000328 -0.793471
vn -0.036554 -0.906618 -0.420365
vn 0.145372 -0.897234 -0.416939
vn -0.036554 -0.906618 -0.420365
vn -0.616136 0.501919 -0.607004
vn -0.616136 0.501919 -0.607004
vn -0.616136 0.501919 -0.607004
vn -0.631103 -0.479825 -0.609489
vn -0.631570 -0.505869 -0.587551
vn -0.631570 -0.505869 -0.587551
vn 0.046827 -0.000652 -0.998903
vn 0.046827 -0.000652 -0.998903
vn 0.046827 -0.000652 -0.998903
vn 0.047047 -0.001804 -0.998891
vn 0.047047 -0.001804 -0.998891
vn 0.047047 -0.001804 -0.998891
vn -0.110591 0.308227 -0.944863
vn -0.110591 0.308227 -0.944863
vn -0.110591 0.308227 -0.944863
vn -0.006815 0.170223 -0.985382
vn -0.006815 0.170223 -0.985382
vn -0.006815 0.170223 -0.985382
vn 0.123994 -0.000273 -0.992283
vn 0.123994 -0.000273 -0.992283
vn 0.123994 -0.000273 -0.992283
vn 0.014980 0.049311 -0.998671
vn 0.014980 0.049311 -0.998671
vn 0.014980 0.049311 -0.998671
vn 0.014915 0.016655 -0.999750
vn 0.014915 0.016655 -0.999750
vn 0.014915 0.016655 -0.999750
vn 0.608933 0.000336 -0.793222
vn 0.608933 0.000336 -0.793222
vn 0.608933 0.000336 -0.793222
vn -0.000001 0.000001 -1.000000
vn -0.000001 0.000001 -1.000000
vn -0.000001 0.000001 -1.000000
vn 0.123973 -0.000857 -0.992285
vn 0.123973 -0.000857 -0.992285
vn 0.123973 -0.000857 -0.992285
vn -0.631570 -0.505869 -0.587551
vn -0.641695 -0.526743 -0.557466
vn -0.641695 -0.526743 -0.557466
vn 0.608803 0.000325 -0.793322
vn 0.608802 0.000325 -0.793322
vn 0.608802 0.000325 -0.793322
vn -0.643308 0.461377 -0.610972
vn -0.643308 0.461377 -0.610972
vn -0.643308 0.461377 -0.610972
vn 0.046741 -0.000510 -0.998907
vn 0.046741 -0.000510 -0.998907
vn 0.046741 -0.000510 -0.998907
vn -0.005720 0.115818 -0.993254
vn -0.005720 0.115818 -0.993254
vn -0.005720 0.115818 -0.993254
vn 0.046897 -0.001324 -0.998899
vn 0.046897 -0.001324 -0.998899
vn 0.046897 -0.001324 -0.998899
vn -0.122029 0.272273 -0.954451
vn -0.122029 0.272273 -0.954451
vn -0.122029 0.272273 -0.954451
vn 0.123873 -0.000177 -0.992298
vn 0.123873 -0.000177 -0.992298
vn 0.123873 -0.000177 -0.992298
vn -0.034971 0.201878 -0.978786
vn -0.034971 0.201878 -0.978786
vn -0.034971 0.201878 -0.978786
vn 0.609397 0.000428 -0.792865
vn 0.609397 0.000428 -0.792865
vn 0.609397 0.000428 -0.792865
vn -0.641695 -0.526743 -0.557467
vn -0.662892 -0.543141 -0.515337
vn -0.662892 -0.543141 -0.515337
vn 0.013947 0.005105 -0.999890
vn 0.013947 0.005105 -0.999890
vn 0.013947 0.005105 -0.999890
vn 0.014461 0.024760 -0.999589
vn 0.014461 0.024760 -0.999589
vn 0.014461 0.024760 -0.999589
vn 0.123865 -0.000661 -0.992299
vn 0.123865 -0.000661 -0.992299
vn 0.123865 -0.000661 -0.992299
vn 0.608964 0.000872 -0.793197
vn 0.608964 0.000872 -0.793197
vn 0.608964 0.000872 -0.793197
vn -0.037558 0.223122 -0.974067
vn -0.037558 0.223122 -0.974067
vn -0.037558 0.223122 -0.974067
vn -0.006838 0.139926 -0.990138
vn -0.006838 0.139926 -0.990138
vn -0.006838 0.139926 -0.990138
vn -0.259793 -0.872661 -0.413486
vn -0.036554 -0.906618 -0.420365
vn -0.259793 -0.872661 -0.413486
vn 0.046679 -0.000385 -0.998910
vn 0.046679 -0.000385 -0.998910
vn 0.046679 -0.000385 -0.998910
vn 0.046807 -0.000965 -0.998904
vn 0.046807 -0.000965 -0.998904
vn 0.046807 -0.000965 -0.998904
vn -0.662892 -0.543141 -0.515337
vn -0.661637 -0.588780 -0.464300
vn -0.661637 -0.588780 -0.464300
vn 0.123784 -0.000066 -0.992309
vn 0.123784 -0.000066 -0.992309
vn 0.123784 -0.000066 -0.992309
vn -0.620814 0.476321 -0.622662
vn -0.620814 0.476321 -0.622662
vn -0.620814 0.476321 -0.622662
vn 0.609597 0.000534 -0.792711
vn 0.609597 0.000534 -0.792712
vn 0.609597 0.000534 -0.792711
vn -0.286665 -0.838821 0.462820
vn -0.286665 -0.838821 0.462820
vn -0.286665 -0.838821 0.462820
vn -0.006654 0.083686 -0.996470
vn -0.006654 0.083686 -0.996470
vn -0.006654 0.083686 -0.996470
vn 0.013220 -0.000671 -0.999912
vn 0.013220 -0.000671 -0.999912
vn 0.013220 -0.000671 -0.999912
vn -0.105963 0.284146 -0.952908
vn -0.105963 0.284146 -0.952908
vn -0.105963 0.284146 -0.952908
vn 0.123790 -0.000429 -0.992308
vn 0.123790 -0.000429 -0.992308
vn 0.123790 -0.000429 -0.992308
vn 0.013780 0.007659 -0.999876
vn 0.013780 0.007659 -0.999876
vn 0.013780 0.007659 -0.999876
vn 0.609212 0.001348 -0.793006
vn 0.609212 0.001348 -0.793006
vn 0.609212 0.001348 -0.793006
vn -0.661637 -0.588780 -0.464300
vn -0.608845 -0.673223 -0.419618
vn -0.608845 -0.673223 -0.419618
vn 0.046613 -0.000322 -0.998913
vn 0.046613 -0.000322 -0.998913
vn 0.046613 -0.000322 -0.998913
vn -0.471419 -0.784416 -0.403057
vn -0.259793 -0.872661 -0.413486
vn -0.471419 -0.784416 -0.403057
vn 0.046725 -0.000730 -0.998908
vn 0.046725 -0.000730 -0.998908
vn 0.046725 -0.000730 -0.998908
vn -0.647929 0.432989 -0.626665
vn -0.647929 0.432989 -0.626665
vn -0.647929 0.432989 -0.626665
vn -0.034325 0.176430 -0.983715
vn -0.034325 0.176430 -0.983715
vn -0.034325 0.176430 -0.983715
vn -0.608845 -0.673223 -0.419618
vn -0.471419 -0.784416 -0.403057
vn -0.471419 -0.784416 -0.403057
vn 0.610078 0.000683 -0.792341
vn 0.610078 0.000683 -0.792341
vn 0.610078 0.000683 -0.792341
vn 0.123734 0.000067 -0.992315
vn 0.123734 0.000067 -0.992315
vn 0.123734 0.000067 -0.992315
vn -0.117503 0.246566 -0.961976
vn -0.117503 0.246566 -0.961976
vn -0.117503 0.246566 -0.961976
vn -0.007719 0.105249 -0.994416
vn -0.007719 0.105249 -0.994416
vn -0.007719 0.105249 -0.994416
vn 0.013196 -0.000506 -0.999913
vn 0.013196 -0.000506 -0.999913
vn 0.013196 -0.000506 -0.999913
vn 0.000046 -0.000606 1.000000
vn 0.000046 -0.000606 1.000000
vn 0.000046 -0.000606 1.000000
vn 0.123743 -0.000157 -0.992314
vn 0.123743 -0.000157 -0.992314
vn 0.123743 -0.000157 -0.992314
vn 0.609527 0.001737 -0.792764
vn 0.609526 0.001737 -0.792764
vn 0.609526 0.001737 -0.792764
vn -0.036415 0.196100 -0.979908
vn -0.036415 0.196100 -0.979908
vn -0.036415 0.196100 -0.979908
vn 0.013250 -0.001049 -0.999912
vn 0.013250 -0.001049 -0.999912
vn 0.013250 -0.001049 -0.999912
vn -0.008592 0.052627 -0.998577
vn -0.008592 0.052627 -0.998577
vn -0.008592 0.052627 -0.998577
vn 0.046549 -0.000248 -0.998916
vn 0.046549 -0.000248 -0.998916
vn 0.046549 -0.000248 -0.998916
vn 0.046658 -0.000612 -0.998911
vn 0.046658 -0.000612 -0.998911
vn 0.046658 -0.000612 -0.998911
vn 0.610660 0.000966 -0.791892
vn 0.610660 0.000966 -0.791892
vn 0.610660 0.000966 -0.791892
vn 0.123802 0.000177 -0.992307
vn 0.123802 0.000177 -0.992307
vn 0.123802 0.000177 -0.992307
vn 0.013169 -0.000372 -0.999913
vn 0.013169 -0.000372 -0.999913
vn 0.013169 -0.000372 -0.999913
vn 0.610091 0.002118 -0.792328
vn 0.610091 0.002118 -0.792328
vn 0.610091 0.002118 -0.792328
vn 0.123792 0.000157 -0.992308
vn 0.123792 0.000157 -0.992308
vn 0.123792 0.000157 -0.992308
vn -0.105306 0.256826 -0.960703
vn -0.105306 0.256826 -0.960703
vn -0.105306 0.256826 -0.960703
vn -0.009422 0.066926 -0.997714
vn -0.009422 0.066926 -0.997714
vn -0.009422 0.066926 -0.997714
vn -0.633275 0.443403 -0.634316
vn -0.633275 0.443403 -0.634316
vn -0.633275 0.443403 -0.634316
vn 0.013216 -0.000718 -0.999913
vn 0.013216 -0.000718 -0.999912
vn 0.013216 -0.000718 -0.999912
vn -0.035187 0.146064 -0.988649
vn -0.035187 0.146064 -0.988649
vn -0.035187 0.146064 -0.988649
vn -0.010569 0.027715 -0.999560
vn -0.010569 0.027715 -0.999560
vn -0.010569 0.027715 -0.999560
vn 0.611312 0.001288 -0.791388
vn 0.611312 0.001288 -0.791388
vn 0.611312 0.001288 -0.791388
vn 0.046528 -0.000162 -0.998917
vn 0.046528 -0.000162 -0.998917
vn 0.046528 -0.000162 -0.998917
vn 0.046614 -0.000470 -0.998913
vn 0.046614 -0.000470 -0.998913
vn 0.046614 -0.000470 -0.998913
vn 0.000000 -0.000000 -1.000000
vn 0.000000 -0.000000 -1.000000
vn 0.000000 -0.000000 -1.000000
vn 0.123891 0.000274 -0.992296
vn 0.123891 0.000274 -0.992296
vn 0.123891 0.000274 -0.992296
vn -0.116456 0.217644 -0.969056
vn -0.116456 0.217644 -0.969056
vn -0.116456 0.217644 -0.969056
vn -0.662686 0.391852 -0.638200
vn -0.662685 0.391852 -0.638200
vn -0.662685 0.391852 -0.638200
vn -0.037065 0.164352 -0.985705
vn -0.037065 0.164352 -0.985705
vn -0.037065 0.164352 -0.985705
vn 0.610590 0.002799 -0.791942
vn 0.610590 0.002799 -0.791942
vn 0.610590 0.002799 -0.791942
vn 0.013160 -0.000271 -0.999913
vn 0.013160 -0.000271 -0.999913
vn 0.013160 -0.000271 -0.999913
vn 0.123839 0.000429 -0.992302
vn 0.123839 0.000429 -0.992302
vn 0.123839 0.000429 -0.992302
vn -0.549489 0.816185 0.178615
vn -0.549489 0.816185 0.178615
vn -0.549489 0.816185 0.178615
vn 0.013191 -0.000600 -0.999913
vn 0.013191 -0.000600 -0.999913
vn 0.013191 -0.000600 -0.999913
vn 0.612364 0.001712 -0.790574
vn 0.612364 0.001712 -0.790574
vn 0.612364 0.001712 -0.790574
vn -0.011093 0.035498 -0.999308
vn -0.011093 0.035498 -0.999308
vn -0.011093 0.035498 -0.999308
vn 0.046525 -0.000059 -0.998917
vn 0.046525 -0.000059 -0.998917
vn 0.046525 -0.000059 -0.998917
vn -0.012249 0.010171 -0.999873
vn -0.012249 0.010171 -0.999873
vn -0.012249 0.010171 -0.999873
vn 0.046558 -0.000305 -0.998916
vn 0.046558 -0.000305 -0.998916
vn 0.046558 -0.000305 -0.998916
vn 0.124014 0.000353 -0.992280
vn 0.124014 0.000353 -0.992280
vn 0.124014 0.000353 -0.992280
vn 0.611325 0.003751 -0.791371
vn 0.611325 0.003751 -0.791371
vn 0.611325 0.003751 -0.791371
vn -0.037299 0.111175 -0.993101
vn -0.037299 0.111175 -0.993101
vn -0.037299 0.111175 -0.993101
vn 0.013143 -0.000205 -0.999914
vn 0.013143 -0.000205 -0.999914
vn 0.013143 -0.000205 -0.999914
vn -0.106984 0.226706 -0.968070
vn -0.106984 0.226706 -0.968070
vn -0.106984 0.226706 -0.968070
vn 0.123965 0.000661 -0.992286
vn 0.123965 0.000661 -0.992286
vn 0.123965 0.000661 -0.992286
vn 0.613773 0.001930 -0.789480
vn 0.613773 0.001930 -0.789480
vn 0.613773 0.001930 -0.789480
vn 0.046518 0.000059 -0.998918
vn 0.046518 0.000059 -0.998918
vn 0.046518 0.000059 -0.998918
vn 0.013165 -0.000366 -0.999913
vn 0.013165 -0.000366 -0.999913
vn 0.013165 -0.000366 -0.999913
vn -0.038972 0.127116 -0.991122
vn -0.038972 0.127116 -0.991122
vn -0.038972 0.127116 -0.991122
vn -0.653288 0.399380 -0.643204
vn -0.653288 0.399380 -0.643204
vn -0.653288 0.399380 -0.643204
vn -0.117909 0.184156 -0.975799
vn -0.117909 0.184156 -0.975799
vn -0.117909 0.184156 -0.975799
vn 0.612452 0.005145 -0.790491
vn 0.612452 0.005145 -0.790491
vn 0.612453 0.005145 -0.790491
vn 0.124188 0.000469 -0.992259
vn 0.124188 0.000469 -0.992259
vn 0.124188 0.000469 -0.992259
vn 0.046523 -0.000112 -0.998917
vn 0.046523 -0.000112 -0.998917
vn 0.046523 -0.000112 -0.998917
vn -0.013244 0.000965 -0.999912
vn -0.013244 0.000965 -0.999912
vn -0.013244 0.000965 -0.999912
vn -0.012469 0.013103 -0.999837
vn -0.012469 0.013103 -0.999837
vn -0.012469 0.013103 -0.999837
vn 0.615240 0.001924 -0.788337
vn 0.615240 0.001924 -0.788337
vn 0.615240 0.001924 -0.788337
vn -0.678617 0.349568 -0.645974
vn -0.678617 0.349568 -0.645974
vn -0.678617 0.349568 -0.645974
vn 0.124147 0.000859 -0.992263
vn 0.124147 0.000859 -0.992263
vn 0.124147 0.000859 -0.992263
vn 0.013126 -0.000172 -0.999914
vn 0.013126 -0.000172 -0.999914
vn 0.013126 -0.000172 -0.999914
vn 0.046531 0.000162 -0.998917
vn 0.046531 0.000162 -0.998917
vn 0.046531 0.000162 -0.998917
vn -0.040848 0.072463 -0.996534
vn -0.040848 0.072463 -0.996534
vn -0.040848 0.072463 -0.996534
vn 0.013163 -0.000269 -0.999913
vn 0.013163 -0.000269 -0.999913
vn 0.013163 -0.000269 -0.999913
vn 0.613668 0.006816 -0.789535
vn 0.613668 0.006816 -0.789535
vn 0.613668 0.006816 -0.789535
vn 0.124339 0.000608 -0.992240
vn 0.124339 0.000608 -0.992240
vn 0.124339 0.000608 -0.992240
vn -0.013213 0.000801 -0.999912
vn -0.013213 0.000801 -0.999912
vn -0.013213 0.000801 -0.999912
vn 0.616730 0.001702 -0.787173
vn 0.616730 0.001702 -0.787173
vn 0.616730 0.001702 -0.787173
vn -0.110123 0.192488 -0.975101
vn -0.110123 0.192488 -0.975101
vn -0.110123 0.192488 -0.975101
vn -0.013272 0.001304 -0.999911
vn -0.013272 0.001304 -0.999911
vn -0.013272 0.001304 -0.999911
vn 0.124310 0.001026 -0.992243
vn 0.124310 0.001026 -0.992243
vn 0.124310 0.001026 -0.992243
vn -0.042082 0.083608 -0.995610
vn -0.042082 0.083608 -0.995610
vn -0.042082 0.083608 -0.995610
vn 0.046534 0.000112 -0.998917
vn 0.046534 0.000112 -0.998917
vn 0.046534 0.000112 -0.998917
vn 0.013113 -0.000132 -0.999914
vn 0.013113 -0.000132 -0.999914
vn 0.013113 -0.000132 -0.999914
vn 0.046552 0.000248 -0.998916
vn 0.046552 0.000248 -0.998916
vn 0.046552 0.000248 -0.998916
vn -0.120758 0.145210 -0.982004
vn -0.120758 0.145210 -0.982004
vn -0.120758 0.145210 -0.982004
vn 0.615116 0.007670 -0.788399
vn 0.615116 0.007670 -0.788399
vn 0.615117 0.007670 -0.788399
vn 0.013148 -0.000297 -0.999914
vn 0.013148 -0.000297 -0.999914
vn 0.013148 -0.000297 -0.999914
vn 0.124587 0.000723 -0.992208
vn 0.124587 0.000723 -0.992208
vn 0.124587 0.000723 -0.992208
vn -0.043987 0.040442 -0.998213
vn -0.043987 0.040442 -0.998213
vn -0.043987 0.040442 -0.998213
vn 0.618275 0.001326 -0.785961
vn 0.618275 0.001326 -0.785961
vn 0.618275 0.001326 -0.785961
vn -0.672683 0.354850 -0.649292
vn -0.672683 0.354850 -0.649292
vn -0.672683 0.354850 -0.649292
vn -0.013201 0.000518 -0.999913
vn -0.013201 0.000518 -0.999913
vn -0.013201 0.000518 -0.999913
vn 0.124537 0.001406 -0.992214
vn 0.124537 0.001406 -0.992214
vn 0.124537 0.001406 -0.992214
vn -0.694667 0.305882 -0.651056
vn -0.694667 0.305882 -0.651056
vn -0.694667 0.305882 -0.651056
vn -0.013239 0.001021 -0.999912
vn -0.013239 0.001021 -0.999912
vn -0.013239 0.001021 -0.999912
vn 0.046558 0.000305 -0.998916
vn 0.046558 0.000305 -0.998916
vn 0.046558 0.000305 -0.998916
vn 0.616666 0.007663 -0.787188
vn 0.616666 0.007663 -0.787188
vn 0.616666 0.007663 -0.787188
vn 0.013105 -0.000086 -0.999914
vn 0.013105 -0.000086 -0.999914
vn 0.013105 -0.000086 -0.999914
vn 0.046616 0.000322 -0.998913
vn 0.046616 0.000322 -0.998913
vn 0.046616 0.000322 -0.998913
vn 0.124902 0.001049 -0.992169
vn 0.124902 0.001049 -0.992169
vn 0.124902 0.001049 -0.992169
vn -0.044746 0.046947 -0.997895
vn -0.044746 0.046947 -0.997895
vn -0.044746 0.046947 -0.997895
vn 0.013126 -0.000199 -0.999914
vn 0.013126 -0.000199 -0.999914
vn 0.013126 -0.000199 -0.999914
vn -0.685801 0.727790 0.000001
vn -0.685801 0.727790 0.000001
vn -0.685800 0.727790 0.000001
vn -0.114590 0.152800 -0.981591
vn -0.114590 0.152800 -0.981591
vn -0.114590 0.152800 -0.981591
vn 0.620067 -0.039852 -0.783536
vn 0.620067 -0.039852 -0.783536
vn 0.620067 -0.039852 -0.783536
vn 0.124870 0.001863 -0.992171
vn 0.124870 0.001863 -0.992171
vn 0.124870 0.001863 -0.992171
vn -0.046348 0.017302 -0.998776
vn -0.046348 0.017302 -0.998775
vn -0.046348 0.017302 -0.998776
vn -0.013186 0.000448 -0.999913
vn -0.013186 0.000448 -0.999913
vn -0.013186 0.000448 -0.999913
vn 0.617999 0.006840 -0.786149
vn 0.617999 0.006840 -0.786149
vn 0.617999 0.006840 -0.786149
vn -0.013223 0.000723 -0.999912
vn -0.013223 0.000723 -0.999912
vn -0.013223 0.000723 -0.999912
vn 0.046599 0.000470 -0.998914
vn 0.046599 0.000470 -0.998914
vn 0.046599 0.000470 -0.998914
vn 0.125336 0.001392 -0.992113
vn 0.125336 0.001392 -0.992113
vn 0.125336 0.001392 -0.992113
vn 0.046672 0.000385 -0.998910
vn 0.046672 0.000385 -0.998910
vn 0.046672 0.000385 -0.998910
vn 0.013107 -0.000032 -0.999914
vn 0.013107 -0.000032 -0.999914
vn 0.013107 -0.000032 -0.999914
vn -0.121662 0.099392 -0.987583
vn -0.121662 0.099392 -0.987583
vn -0.121662 0.099392 -0.987583
vn 0.013113 -0.000129 -0.999914
vn 0.013113 -0.000129 -0.999914
vn 0.013113 -0.000129 -0.999914
vn -0.123587 0.106434 -0.986609
vn -0.123587 0.106434 -0.986609
vn -0.123587 0.106434 -0.986609
vn 0.125247 0.002542 -0.992122
vn 0.125247 0.002542 -0.992122
vn 0.125247 0.002542 -0.992122
vn -0.690963 0.309540 -0.653265
vn -0.690963 0.309540 -0.653265
vn -0.690963 0.309540 -0.653265
vn -0.046709 0.020209 -0.998704
vn -0.046709 0.020209 -0.998704
vn -0.046709 0.020209 -0.998704
vn -0.710158 0.260300 -0.654155
vn -0.710158 0.260300 -0.654155
vn -0.710158 0.260300 -0.654155
vn 0.621019 -0.100380 -0.777341
vn 0.621019 -0.100380 -0.777341
vn 0.621019 -0.100380 -0.777341
vn 0.618999 0.005235 -0.785374
vn 0.618999 0.005235 -0.785374
vn 0.619000 0.005235 -0.785374
vn 0.126069 0.000561 -0.992021
vn 0.126069 0.000561 -0.992021
vn 0.126069 0.000561 -0.992021
vn 0.013098 0.000032 -0.999914
vn 0.013098 0.000032 -0.999914
vn 0.013098 0.000032 -0.999914
vn -0.013178 0.000348 -0.999913
vn -0.013178 0.000348 -0.999913
vn -0.013178 0.000348 -0.999913
vn -0.047665 0.004685 -0.998852
vn -0.047665 0.004685 -0.998852
vn -0.047665 0.004685 -0.998852
vn 0.046661 0.000612 -0.998911
vn 0.046661 0.000612 -0.998911
vn 0.046661 0.000612 -0.998911
vn 0.046741 0.000556 -0.998907
vn 0.046741 0.000556 -0.998907
vn 0.046741 0.000556 -0.998907
vn -0.013198 0.000566 -0.999913
vn -0.013198 0.000566 -0.999913
vn -0.013198 0.000566 -0.999913
vn 0.125818 0.003383 -0.992048
vn 0.125818 0.003383 -0.992048
vn 0.125818 0.003383 -0.992048
vn 0.013101 -0.000047 -0.999914
vn 0.013101 -0.000047 -0.999914
vn 0.013101 -0.000047 -0.999914
vn -0.126075 0.060931 -0.990148
vn -0.126075 0.060931 -0.990148
vn -0.126075 0.060931 -0.990148
vn 0.126564 -0.001451 -0.991957
vn 0.126564 -0.001451 -0.991957
vn 0.126564 -0.001451 -0.991957
vn 0.621639 -0.034565 -0.782541
vn 0.621639 -0.034565 -0.782541
vn 0.621639 -0.034565 -0.782541
vn -0.047777 0.005481 -0.998843
vn -0.047777 0.005481 -0.998843
vn -0.047777 0.005481 -0.998843
vn 0.046820 0.000698 -0.998903
vn 0.046820 0.000698 -0.998903
vn 0.046820 0.000698 -0.998903
vn -0.127342 0.065540 -0.989691
vn -0.127342 0.065540 -0.989691
vn -0.127342 0.065540 -0.989691
vn 0.046725 0.000730 -0.998908
vn 0.046725 0.000730 -0.998908
vn 0.046725 0.000730 -0.998908
vn 0.013107 0.000086 -0.999914
vn 0.013107 0.000086 -0.999914
vn 0.013107 0.000086 -0.999914
vn -0.013157 0.000220 -0.999913
vn -0.013157 0.000220 -0.999913
vn -0.013157 0.000220 -0.999913
vn -0.047616 0.003572 -0.998859
vn -0.047616 0.003572 -0.998859
vn -0.047616 0.003572 -0.998859
vn 0.126221 0.001382 -0.992001
vn 0.126221 0.001382 -0.992001
vn 0.126221 0.001382 -0.992001
vn 0.620963 -0.159346 -0.767473
vn 0.620963 -0.159346 -0.767473
vn 0.620963 -0.159346 -0.767473
vn -0.013186 0.000399 -0.999913
vn -0.013186 0.000399 -0.999913
vn -0.013186 0.000399 -0.999913
vn -0.707655 0.263154 -0.655724
vn -0.707655 0.263154 -0.655724
vn -0.707655 0.263154 -0.655724
vn 0.126285 -0.004637 -0.991983
vn 0.126285 -0.004637 -0.991983
vn 0.126285 -0.004637 -0.991983
vn 0.046945 0.000953 -0.998897
vn 0.046945 0.000953 -0.998897
vn 0.046945 0.000953 -0.998897
vn 0.046804 0.001009 -0.998904
vn 0.046804 0.001009 -0.998904
vn 0.046804 0.001009 -0.998904
vn -0.723233 0.212235 -0.657184
vn -0.723233 0.212235 -0.657184
vn -0.723233 0.212235 -0.657184
vn 0.623899 -0.093047 -0.775946
vn 0.623899 -0.093047 -0.775946
vn 0.623899 -0.093047 -0.775946
vn -0.129240 0.032064 -0.991095
vn -0.129240 0.032064 -0.991095
vn -0.129240 0.032064 -0.991095
vn 0.126150 -0.003484 -0.992005
vn 0.126150 -0.003484 -0.992005
vn 0.126150 -0.003484 -0.992005
vn 0.013125 0.000132 -0.999914
vn 0.013125 0.000132 -0.999914
vn 0.013125 0.000132 -0.999914
vn -0.047710 0.004205 -0.998852
vn -0.047710 0.004205 -0.998852
vn -0.047710 0.004205 -0.998852
vn 0.013106 0.000047 -0.999914
vn 0.013106 0.000047 -0.999914
vn 0.013106 0.000047 -0.999914
vn -0.013152 0.000199 -0.999914
vn -0.013152 0.000199 -0.999914
vn -0.013152 0.000199 -0.999914
vn -0.047615 0.002603 -0.998862
vn -0.047615 0.002603 -0.998862
vn -0.047615 0.002603 -0.998862
vn -0.013182 0.000335 -0.999913
vn -0.013182 0.000335 -0.999913
vn -0.013182 0.000335 -0.999913
vn -0.129941 0.034565 -0.990919
vn -0.129941 0.034565 -0.990919
vn -0.129941 0.034565 -0.990919
vn 0.124760 -0.008953 -0.992147
vn 0.124760 -0.008953 -0.992147
vn 0.124760 -0.008953 -0.992147
vn -0.723599 0.215335 -0.655771
vn -0.723599 0.215335 -0.655771
vn -0.723599 0.215335 -0.655771
vn 0.047103 0.001267 -0.998889
vn 0.047103 0.001267 -0.998889
vn 0.047103 0.001267 -0.998889
vn 0.046894 0.001324 -0.998899
vn 0.046894 0.001324 -0.998899
vn 0.046894 0.001324 -0.998899
vn 0.125092 -0.011174 -0.992082
vn 0.125092 -0.011174 -0.992082
vn 0.125092 -0.011174 -0.992082
vn 0.013124 0.000172 -0.999914
vn 0.013124 0.000172 -0.999914
vn 0.013124 0.000172 -0.999914
vn 0.013129 0.000203 -0.999914
vn 0.013129 0.000203 -0.999914
vn 0.013129 0.000203 -0.999914
vn -0.047671 0.003004 -0.998859
vn -0.047671 0.003004 -0.998859
vn -0.047671 0.003004 -0.998859
vn -0.130914 0.015017 -0.991280
vn -0.130914 0.015017 -0.991280
vn -0.130914 0.015017 -0.991280
vn 0.125262 -0.039484 -0.991338
vn 0.125262 -0.039484 -0.991338
vn 0.125262 -0.039484 -0.991338
vn -0.013145 0.000129 -0.999914
vn -0.013145 0.000129 -0.999914
vn -0.013145 0.000129 -0.999914
vn -0.047580 0.001940 -0.998866
vn -0.047580 0.001940 -0.998866
vn -0.047580 0.001940 -0.998866
vn -0.734914 0.166277 -0.657460
vn -0.734914 0.166277 -0.657460
vn -0.734914 0.166277 -0.657460
vn 0.625553 -0.150948 -0.765440
vn 0.625553 -0.150948 -0.765440
vn 0.625553 -0.150948 -0.765440
vn -0.013155 0.000258 -0.999914
vn -0.013155 0.000258 -0.999913
vn -0.013155 0.000258 -0.999914
vn 0.047598 -0.001297 -0.998866
vn 0.047598 -0.001297 -0.998866
vn 0.047598 -0.001297 -0.998866
vn -0.131282 0.016298 -0.991211
vn -0.131282 0.016298 -0.991211
vn -0.131282 0.016298 -0.991211
vn 0.047023 0.001847 -0.998892
vn 0.047023 0.001847 -0.998892
vn 0.047023 0.001847 -0.998892
vn 0.122543 -0.021479 -0.992231
vn 0.122543 -0.021479 -0.992231
vn 0.122543 -0.021479 -0.992231
vn 0.625916 -0.207738 -0.751714
vn 0.625916 -0.207738 -0.751714
vn 0.625916 -0.207738 -0.751714
vn 0.013143 0.000205 -0.999914
vn 0.013143 0.000205 -0.999914
vn 0.013143 0.000205 -0.999914
vn 0.013122 0.000124 -0.999914
vn 0.013122 0.000124 -0.999914
vn 0.013122 0.000124 -0.999914
vn -0.735404 0.169118 -0.656186
vn -0.735404 0.169118 -0.656186
vn -0.735404 0.169118 -0.656186
vn 0.127620 -0.082146 -0.988416
vn 0.127620 -0.082146 -0.988415
vn 0.127620 -0.082146 -0.988415
vn 0.047995 -0.006749 -0.998825
vn 0.047995 -0.006749 -0.998825
vn 0.047995 -0.006749 -0.998825
vn -0.047633 0.002258 -0.998862
vn -0.047633 0.002258 -0.998862
vn -0.047633 0.002258 -0.998862
vn -0.013138 0.000048 -0.999914
vn -0.013138 0.000048 -0.999914
vn -0.013138 0.000048 -0.999914
vn -0.130973 0.011413 -0.991320
vn -0.130973 0.011413 -0.991320
vn -0.130973 0.011413 -0.991320
vn 0.047196 0.002396 -0.998883
vn 0.047196 0.002396 -0.998883
vn 0.047196 0.002396 -0.998883
vn -0.047533 0.001439 -0.998869
vn -0.047533 0.001439 -0.998869
vn -0.047533 0.001439 -0.998869
vn 0.122687 -0.052251 -0.991069
vn 0.122687 -0.052251 -0.991069
vn 0.122687 -0.052251 -0.991069
vn -0.013146 0.000167 -0.999914
vn -0.013146 0.000167 -0.999914
vn -0.013146 0.000167 -0.999914
vn 0.621565 -0.198945 -0.757679
vn 0.621565 -0.198945 -0.757679
vn 0.621565 -0.198945 -0.757679
vn -0.743551 0.125438 -0.656808
vn -0.743551 0.125438 -0.656808
vn -0.743551 0.125438 -0.656808
vn -0.131200 0.012276 -0.991280
vn -0.131200 0.012276 -0.991280
vn -0.131200 0.012276 -0.991280
vn 0.013154 0.000315 -0.999914
vn 0.013154 0.000315 -0.999914
vn 0.013154 0.000315 -0.999914
vn -0.013134 -0.000048 -0.999914
vn -0.013134 -0.000048 -0.999914
vn -0.013134 -0.000048 -0.999914
vn 0.047844 -0.015041 -0.998742
vn 0.047844 -0.015041 -0.998742
vn 0.047844 -0.015041 -0.998742
vn 0.013134 0.000258 -0.999914
vn 0.013134 0.000258 -0.999914
vn 0.013134 0.000258 -0.999914
vn 0.047515 -0.002497 -0.998867
vn 0.047515 -0.002497 -0.998867
vn 0.047515 -0.002497 -0.998867
vn -0.047592 0.001718 -0.998865
vn -0.047592 0.001718 -0.998865
vn -0.047592 0.001718 -0.998865
vn 0.130564 -0.123865 -0.983672
vn 0.130564 -0.123865 -0.983672
vn 0.130564 -0.123865 -0.983672
vn -0.130974 0.008317 -0.991351
vn -0.130974 0.008317 -0.991351
vn -0.130974 0.008317 -0.991351
vn 0.124972 -0.091831 -0.987901
vn 0.124972 -0.091831 -0.987901
vn 0.124972 -0.091831 -0.987901
vn -0.743927 0.127663 -0.655954
vn -0.743927 0.127663 -0.655954
vn -0.743927 0.127663 -0.655954
vn -0.047496 0.001208 -0.998871
vn -0.047496 0.001208 -0.998871
vn -0.047496 0.001208 -0.998871
vn -0.013141 0.000062 -0.999914
vn -0.013141 0.000062 -0.999914
vn -0.013141 0.000062 -0.999914
vn 0.013186 0.000372 -0.999913
vn 0.013186 0.000372 -0.999913
vn 0.013186 0.000372 -0.999913
vn 0.046625 -0.025941 -0.998576
vn 0.046625 -0.025941 -0.998576
vn 0.046625 -0.025941 -0.998576
vn -0.131192 0.009011 -0.991316
vn -0.131192 0.009011 -0.991316
vn -0.131192 0.009011 -0.991316
vn -0.749271 0.092662 -0.655749
vn -0.749271 0.092662 -0.655749
vn -0.749271 0.092662 -0.655749
vn 0.013154 0.000308 -0.999913
vn 0.013154 0.000308 -0.999914
vn 0.013154 0.000308 -0.999914
vn 0.047546 -0.012755 -0.998788
vn 0.047546 -0.012755 -0.998788
vn 0.047546 -0.012755 -0.998788
vn -0.013147 -0.000056 -0.999914
vn -0.013147 -0.000056 -0.999914
vn -0.013147 -0.000056 -0.999914
vn 0.622010 -0.286140 -0.728853
vn 0.622010 -0.286140 -0.728853
vn 0.622010 -0.286140 -0.728853
vn -0.047532 0.001413 -0.998869
vn -0.047532 0.001413 -0.998869
vn -0.047532 0.001413 -0.998869
vn 0.013200 0.000550 -0.999913
vn 0.013200 0.000550 -0.999913
vn 0.013200 0.000550 -0.999913
vn -0.130958 0.006144 -0.991369
vn -0.130958 0.006144 -0.991369
vn -0.130959 0.006144 -0.991369
vn 0.046536 -0.055194 -0.997391
vn 0.046536 -0.055194 -0.997391
vn 0.046536 -0.055194 -0.997391
vn -0.047445 0.000930 -0.998874
vn -0.047445 0.000930 -0.998874
vn -0.047445 0.000930 -0.998874
vn 0.616489 -0.275290 -0.737670
vn 0.616489 -0.275290 -0.737670
vn 0.616489 -0.275290 -0.737670
vn 0.128021 -0.130222 -0.983185
vn 0.128021 -0.130222 -0.983185
vn 0.128021 -0.130222 -0.983185
vn 0.046963 -0.028050 -0.998503
vn 0.046963 -0.028050 -0.998503
vn 0.046963 -0.028050 -0.998503
vn -0.749692 0.094184 -0.655051
vn -0.749691 0.094184 -0.655051
vn -0.749692 0.094184 -0.655051
vn 0.013170 0.000488 -0.999913
vn 0.013170 0.000488 -0.999913
vn 0.013170 0.000488 -0.999913
vn -0.131117 0.006589 -0.991345
vn -0.131117 0.006589 -0.991345
vn -0.131117 0.006589 -0.991345
vn -0.013141 -0.000061 -0.999914
vn -0.013141 -0.000061 -0.999914
vn -0.013141 -0.000061 -0.999914
vn -0.013162 -0.000274 -0.999913
vn -0.013162 -0.000274 -0.999913
vn -0.013162 -0.000274 -0.999913
vn -0.752615 0.070243 -0.654703
vn -0.752615 0.070243 -0.654703
vn -0.752616 0.070243 -0.654703
vn 0.013216 0.000671 -0.999913
vn 0.013216 0.000671 -0.999913
vn 0.013216 0.000671 -0.999913
vn 0.129996 -0.158163 -0.978818
vn 0.129996 -0.158163 -0.978818
vn 0.129996 -0.158163 -0.978818
vn -0.047501 0.001156 -0.998871
vn -0.047501 0.001156 -0.998871
vn -0.047501 0.001156 -0.998871
vn 0.047453 -0.091939 -0.994633
vn 0.047453 -0.091939 -0.994633
vn 0.047453 -0.091939 -0.994633
vn 0.045356 -0.048179 -0.997808
vn 0.045356 -0.048179 -0.997808
vn 0.045356 -0.048179 -0.997808
vn -0.130924 0.004663 -0.991381
vn -0.130924 0.004663 -0.991381
vn -0.130924 0.004663 -0.991381
vn -0.047438 0.000604 -0.998874
vn -0.047438 0.000604 -0.998874
vn -0.047438 0.000604 -0.998874
vn 0.013202 0.000559 -0.999913
vn 0.013202 0.000559 -0.999913
vn 0.013202 0.000559 -0.999913
vn 0.133767 -0.162592 -0.977584
vn 0.133767 -0.162592 -0.977584
vn 0.133767 -0.162592 -0.977584
vn -0.013165 -0.000168 -0.999913
vn -0.013165 -0.000168 -0.999913
vn -0.013165 -0.000168 -0.999913
vn -0.752750 0.071100 -0.654456
vn -0.752750 0.071100 -0.654456
vn -0.752750 0.071100 -0.654456
vn -0.131020 0.005023 -0.991367
vn -0.131020 0.005023 -0.991367
vn -0.131020 0.005023 -0.991367
vn -0.013154 -0.000259 -0.999913
vn -0.013154 -0.000259 -0.999913
vn -0.013154 -0.000259 -0.999914
vn 0.013892 -0.004645 -0.999893
vn 0.013892 -0.004645 -0.999893
vn 0.013892 -0.004645 -0.999893
vn -0.754878 0.051851 -0.653812
vn -0.754878 0.051851 -0.653812
vn -0.754878 0.051851 -0.653812
vn 0.045025 -0.078947 -0.995862
vn 0.045025 -0.078947 -0.995862
vn 0.045025 -0.078947 -0.995862
vn 0.013211 0.000676 -0.999913
vn 0.013211 0.000676 -0.999913
vn 0.013211 0.000676 -0.999913
vn -0.047442 0.000640 -0.998874
vn -0.047442 0.000640 -0.998874
vn -0.047442 0.000640 -0.998874
vn 0.048390 -0.127075 -0.990712
vn 0.048390 -0.127075 -0.990712
vn 0.048390 -0.127075 -0.990712
vn -0.130816 0.003887 -0.991399
vn -0.130816 0.003887 -0.991399
vn -0.130816 0.003887 -0.991399
vn -0.047425 0.000222 -0.998875
vn -0.047425 0.000222 -0.998875
vn -0.047425 0.000222 -0.998875
vn 0.014792 -0.015290 -0.999774
vn 0.014792 -0.015290 -0.999774
vn 0.014792 -0.015290 -0.999774
vn -0.013173 -0.000309 -0.999913
vn -0.013173 -0.000309 -0.999913
vn -0.013173 -0.000309 -0.999913
vn -0.013159 -0.000258 -0.999913
vn -0.013159 -0.000258 -0.999913
vn -0.013159 -0.000258 -0.999913
vn -0.130900 0.004226 -0.991387
vn -0.130900 0.004226 -0.991387
vn -0.130900 0.004226 -0.991387
vn -0.754942 0.052310 -0.653702
vn -0.754942 0.052310 -0.653702
vn -0.754942 0.052310 -0.653702
vn 0.608050 -0.390241 -0.691366
vn 0.608050 -0.390241 -0.691366
vn 0.608050 -0.390241 -0.691366
vn 0.601674 -0.376436 -0.704475
vn 0.601674 -0.376436 -0.704475
vn 0.601674 -0.376437 -0.704475
vn 0.045505 -0.112877 -0.992566
vn 0.045505 -0.112877 -0.992566
vn 0.045505 -0.112877 -0.992566
vn 0.013246 0.001091 -0.999912
vn 0.013246 0.001091 -0.999912
vn 0.013246 0.001091 -0.999912
vn -0.756291 0.038007 -0.653131
vn -0.756291 0.038007 -0.653131
vn -0.756291 0.038007 -0.653131
vn -0.047420 -0.000222 -0.998875
vn -0.047420 -0.000222 -0.998875
vn -0.047420 -0.000222 -0.998875
vn 0.135414 -0.198477 -0.970706
vn 0.135414 -0.198477 -0.970706
vn 0.135414 -0.198477 -0.970706
vn 0.824169 -0.391918 0.408835
vn 0.824169 -0.391918 0.408835
vn 0.824169 -0.391918 0.408835
vn 0.137190 -0.200460 -0.970049
vn 0.137190 -0.200460 -0.970049
vn 0.137190 -0.200460 -0.970049
vn 0.015528 -0.030922 -0.999401
vn 0.015528 -0.030922 -0.999401
vn 0.015528 -0.030922 -0.999401
vn -0.047442 0.000325 -0.998874
vn -0.047442 0.000325 -0.998874
vn -0.047442 0.000325 -0.998874
vn -0.130725 0.003063 -0.991414
vn -0.130725 0.003063 -0.991414
vn -0.130725 0.003063 -0.991414
vn -0.013191 -0.000327 -0.999913
vn -0.013191 -0.000327 -0.999913
vn -0.013191 -0.000327 -0.999913
vn -0.013171 -0.000335 -0.999913
vn -0.013171 -0.000335 -0.999913
vn -0.013171 -0.000335 -0.999913
vn 0.048349 -0.156056 -0.986564
vn 0.048349 -0.156056 -0.986564
vn 0.048349 -0.156056 -0.986564
vn 0.013740 -0.006959 -0.999881
vn 0.013740 -0.006959 -0.999881
vn 0.013740 -0.006959 -0.999881
vn -0.130842 0.003233 -0.991398
vn -0.130842 0.003233 -0.991398
vn -0.130842 0.003233 -0.991398
vn -0.756388 0.038198 -0.653007
vn -0.756388 0.038198 -0.653007
vn -0.756388 0.038198 -0.653007
vn 0.015750 -0.051292 -0.998560
vn 0.015750 -0.051292 -0.998560
vn 0.015750 -0.051292 -0.998560
vn -0.757112 0.028849 -0.652648
vn -0.757112 0.028849 -0.652648
vn -0.757112 0.028849 -0.652648
vn 0.045806 -0.144024 -0.988513
vn 0.045806 -0.144024 -0.988513
vn 0.045806 -0.144024 -0.988513
vn -0.047438 -0.000604 -0.998874
vn -0.047438 -0.000604 -0.998874
vn -0.047438 -0.000604 -0.998874
vn -0.013215 -0.000559 -0.999913
vn -0.013215 -0.000559 -0.999913
vn -0.013215 -0.000559 -0.999913
vn 0.014383 -0.022771 -0.999637
vn 0.014383 -0.022771 -0.999637
vn 0.014383 -0.022771 -0.999637
vn -0.013184 -0.000399 -0.999913
vn -0.013184 -0.000399 -0.999913
vn -0.013184 -0.000399 -0.999913
vn -0.130691 0.001879 -0.991421
vn -0.130691 0.001879 -0.991421
vn -0.130691 0.001879 -0.991421
vn -0.047439 -0.000325 -0.998874
vn -0.047439 -0.000325 -0.998874
vn -0.047439 -0.000325 -0.998874
vn 0.016108 -0.081738 -0.996524
vn 0.016108 -0.081738 -0.996524
vn 0.016108 -0.081738 -0.996524
vn -0.130768 0.002098 -0.991411
vn -0.130768 0.002098 -0.991411
vn -0.130768 0.002098 -0.991411
vn 0.568761 -0.777038 0.269672
vn 0.568761 -0.777038 0.269672
vn 0.568761 -0.777038 0.269672
vn -0.757127 0.028881 -0.652629
vn -0.757127 0.028881 -0.652629
vn -0.757127 0.028881 -0.652629
vn -0.047456 -0.000931 -0.998873
vn -0.047456 -0.000931 -0.998873
vn -0.047456 -0.000931 -0.998873
vn -0.013218 -0.000843 -0.999912
vn -0.013218 -0.000843 -0.999912
vn -0.013218 -0.000843 -0.999912
vn -0.757400 0.024284 -0.652499
vn -0.757400 0.024284 -0.652499
vn -0.757400 0.024284 -0.652499
vn 0.014868 -0.045705 -0.998844
vn 0.014868 -0.045705 -0.998844
vn 0.014868 -0.045705 -0.998844
vn 0.048357 -0.186305 -0.981301
vn 0.048357 -0.186305 -0.981301
vn 0.048357 -0.186305 -0.981301
vn -0.013213 -0.000528 -0.999913
vn -0.013213 -0.000528 -0.999913
vn -0.013213 -0.000528 -0.999913
vn 0.143000 -0.248587 -0.957996
vn 0.143000 -0.248587 -0.957996
vn 0.143000 -0.248587 -0.957996
vn 0.044892 -0.169823 -0.984452
vn 0.044892 -0.169823 -0.984452
vn 0.044892 -0.169823 -0.984452
vn 0.144650 -0.250453 -0.957262
vn 0.144650 -0.250453 -0.957262
vn 0.144650 -0.250453 -0.957262
vn -0.130700 0.000781 -0.991422
vn -0.130700 0.000781 -0.991422
vn -0.130700 0.000781 -0.991422
vn 0.016577 -0.114949 -0.993233
vn 0.016577 -0.114949 -0.993233
vn 0.016577 -0.114949 -0.993233
vn -0.047447 -0.000640 -0.998874
vn -0.047447 -0.000640 -0.998874
vn -0.047447 -0.000640 -0.998874
vn 0.569565 -0.499747 -0.652571
vn 0.569565 -0.499747 -0.652571
vn 0.569565 -0.499747 -0.652571
vn -0.013238 -0.000924 -0.999912
vn -0.013238 -0.000924 -0.999912
vn -0.013238 -0.000924 -0.999912
vn 0.014945 -0.075187 -0.997057
vn 0.014945 -0.075187 -0.997057
vn 0.014945 -0.075187 -0.997057
vn -0.130668 0.000771 -0.991426
vn -0.130668 0.000771 -0.991426
vn -0.130668 0.000771 -0.991426
vn -0.047499 -0.001209 -0.998871
vn -0.047499 -0.001209 -0.998871
vn -0.047499 -0.001209 -0.998871
vn -0.757439 0.024279 -0.652455
vn -0.757439 0.024279 -0.652455
vn -0.757439 0.024279 -0.652455
vn -0.013231 -0.000723 -0.999912
vn -0.013231 -0.000723 -0.999912
vn -0.013231 -0.000723 -0.999912
vn 0.575760 -0.516547 -0.633782
vn 0.575760 -0.516547 -0.633782
vn 0.575760 -0.516547 -0.633782
vn -0.757717 0.018725 -0.652315
vn -0.757717 0.018725 -0.652315
vn -0.757717 0.018725 -0.652315
vn -0.130707 -0.000781 -0.991421
vn -0.130707 -0.000781 -0.991421
vn -0.130707 -0.000781 -0.991421
vn 0.016456 -0.145183 -0.989268
vn 0.016456 -0.145183 -0.989268
vn 0.016456 -0.145183 -0.989268
vn -0.012343 -0.009446 -0.999879
vn -0.012343 -0.009446 -0.999879
vn -0.012343 -0.009446 -0.999879
vn -0.047493 -0.001156 -0.998871
vn -0.047493 -0.001156 -0.998871
vn -0.047493 -0.001156 -0.998871
vn 0.015222 -0.108087 -0.994025
vn 0.015222 -0.108087 -0.994025
vn 0.015222 -0.108087 -0.994025
vn -0.000203 0.001523 0.999999
vn -0.000203 0.001523 0.999999
vn -0.000203 0.001523 0.999999
vn -0.013234 -0.000982 -0.999912
vn -0.013234 -0.000982 -0.999912
vn -0.013234 -0.000982 -0.999912
vn -0.047519 -0.001439 -0.998869
vn -0.047519 -0.001439 -0.998869
vn -0.047519 -0.001439 -0.998869
vn 0.044512 -0.196874 -0.979418
vn 0.044512 -0.196874 -0.979418
vn 0.044512 -0.196874 -0.979418
vn -0.722096 0.337690 0.603773
vn -0.722096 0.337690 0.603773
vn -0.722096 0.337690 0.603773
vn -0.757769 0.018715 -0.652254
vn -0.757769 0.018715 -0.652254
vn -0.757769 0.018715 -0.652254
vn 0.049573 -0.222158 -0.973750
vn 0.049573 -0.222158 -0.973750
vn 0.049573 -0.222158 -0.973750
vn -0.758035 0.012164 -0.652100
vn -0.758035 0.012164 -0.652100
vn -0.758035 0.012164 -0.652100
vn -0.130665 -0.001879 -0.991425
vn -0.130665 -0.001879 -0.991425
vn -0.130665 -0.001879 -0.991425
vn -0.130693 -0.000772 -0.991423
vn -0.130693 -0.000772 -0.991423
vn -0.130693 -0.000772 -0.991423
vn -0.010783 -0.025650 -0.999613
vn -0.010783 -0.025650 -0.999613
vn -0.010783 -0.025650 -0.999613
vn 0.015339 -0.139994 -0.990034
vn 0.015339 -0.139994 -0.990034
vn 0.015339 -0.139994 -0.990034
vn -0.047527 -0.001344 -0.998869
vn -0.047527 -0.001344 -0.998869
vn -0.047527 -0.001344 -0.998869
vn -0.013275 -0.001344 -0.999911
vn -0.013275 -0.001344 -0.999911
vn -0.013275 -0.001344 -0.999911
vn 0.014959 -0.170042 -0.985323
vn 0.014959 -0.170042 -0.985323
vn 0.014959 -0.170042 -0.985323
vn 0.152511 -0.314157 -0.937041
vn 0.152511 -0.314157 -0.937041
vn 0.152511 -0.314157 -0.937041
vn -0.047571 -0.001901 -0.998866
vn -0.047571 -0.001901 -0.998866
vn -0.047571 -0.001901 -0.998866
vn 0.253165 0.889531 0.380320
vn 0.253165 0.889531 0.380320
vn 0.253165 0.889531 0.380320
vn 0.159501 -0.322745 -0.932950
vn 0.159501 -0.322745 -0.932950
vn 0.159501 -0.322745 -0.932950
vn -0.008943 -0.048890 -0.998764
vn -0.008943 -0.048890 -0.998764
vn -0.008943 -0.048890 -0.998764
vn -0.757924 0.012146 -0.652229
vn -0.757924 0.012146 -0.652229
vn -0.757924 0.012146 -0.652229
vn -0.130726 -0.003064 -0.991414
vn -0.130726 -0.003064 -0.991414
vn -0.130726 -0.003064 -0.991414
vn -0.130769 -0.002099 -0.991411
vn -0.130769 -0.002099 -0.991411
vn -0.130769 -0.002099 -0.991411
vn -0.758131 0.004476 -0.652087
vn -0.758131 0.004476 -0.652087
vn -0.758131 0.004476 -0.652087
vn -0.012539 -0.012121 -0.999848
vn -0.012539 -0.012121 -0.999848
vn -0.012539 -0.012121 -0.999848
vn -0.047575 -0.001752 -0.998866
vn -0.047575 -0.001752 -0.998866
vn -0.047575 -0.001752 -0.998866
vn 0.014495 -0.167997 -0.985681
vn 0.014495 -0.167997 -0.985681
vn 0.014495 -0.167997 -0.985681
vn -0.047588 -0.002601 -0.998864
vn -0.047588 -0.002601 -0.998864
vn -0.047588 -0.002601 -0.998864
vn 0.503478 -0.648447 -0.570988
vn 0.503478 -0.648447 -0.570988
vn 0.503478 -0.648447 -0.570988
vn -0.007087 -0.078532 -0.996886
vn -0.007087 -0.078532 -0.996886
vn -0.007087 -0.078532 -0.996886
vn 0.000000 0.000000 -1.000000
vn 0.000000 0.000000 -1.000000
vn 0.000000 0.000000 -1.000000
vn 0.046128 -0.228937 -0.972348
vn 0.046128 -0.228937 -0.972348
vn 0.046128 -0.228937 -0.972348
vn -0.758131 -0.004476 -0.652087
vn -0.758131 -0.004476 -0.652087
vn -0.758131 -0.004476 -0.652087
vn 0.012716 -0.194780 -0.980765
vn 0.012716 -0.194780 -0.980765
vn 0.012716 -0.194780 -0.980765
vn -0.011260 -0.032911 -0.999395
vn -0.011260 -0.032911 -0.999395
vn -0.011260 -0.032911 -0.999395
vn -0.130782 -0.003820 -0.991404
vn -0.130782 -0.003820 -0.991404
vn -0.130782 -0.003820 -0.991404
vn -0.758104 0.004491 -0.652119
vn -0.758104 0.004491 -0.652119
vn -0.758103 0.004491 -0.652119
vn -0.130833 -0.003233 -0.991399
vn -0.130833 -0.003233 -0.991399
vn -0.130833 -0.003233 -0.991399
vn -0.047625 -0.002186 -0.998863
vn -0.047625 -0.002186 -0.998863
vn -0.047625 -0.002186 -0.998863
vn 0.053515 -0.269172 -0.961604
vn 0.053515 -0.269172 -0.961604
vn 0.053515 -0.269172 -0.961604
vn -0.047619 -0.003534 -0.998859
vn -0.047619 -0.003534 -0.998859
vn -0.047619 -0.003534 -0.998859
vn -0.005842 -0.111388 -0.993760
vn -0.005842 -0.111388 -0.993760
vn -0.005842 -0.111388 -0.993760
vn 0.011826 -0.190842 -0.981550
vn 0.011826 -0.190842 -0.981550
vn 0.011826 -0.190842 -0.981550
vn -0.009702 -0.062517 -0.997997
vn -0.009702 -0.062517 -0.997997
vn -0.009702 -0.062517 -0.997997
vn 0.167234 -0.419099 -0.892406
vn 0.167234 -0.419099 -0.892406
vn 0.167234 -0.419099 -0.892406
vn -0.758022 -0.012164 -0.652116
vn -0.758022 -0.012164 -0.652116
vn -0.758022 -0.012164 -0.652116
vn -0.130904 -0.004696 -0.991384
vn -0.130904 -0.004696 -0.991384
vn -0.130904 -0.004696 -0.991384
vn -0.047671 -0.003077 -0.998858
vn -0.047671 -0.003077 -0.998858
vn -0.047671 -0.003077 -0.998858
vn -0.047658 -0.004721 -0.998853
vn -0.047658 -0.004721 -0.998853
vn -0.047658 -0.004721 -0.998853
vn -0.130934 -0.004194 -0.991382
vn -0.130934 -0.004194 -0.991382
vn -0.130934 -0.004194 -0.991382
vn 0.523609 -0.642813 -0.559129
vn 0.523609 -0.642813 -0.559129
vn 0.523609 -0.642813 -0.559129
vn -0.005203 -0.143104 -0.989694
vn -0.005203 -0.143104 -0.989694
vn -0.005203 -0.143104 -0.989694
vn -0.008048 -0.099362 -0.995019
vn -0.008048 -0.099362 -0.995019
vn -0.008048 -0.099362 -0.995019
vn -0.758103 -0.004491 -0.652119
vn -0.758103 -0.004491 -0.652119
vn -0.758103 -0.004491 -0.652119
vn 0.010709 -0.222625 -0.974845
vn 0.010709 -0.222625 -0.974845
vn 0.010709 -0.222625 -0.974845
vn -0.047713 -0.004169 -0.998852
vn -0.047713 -0.004169 -0.998852
vn -0.047713 -0.004169 -0.998852
vn -0.046464 -0.016279 -0.998787
vn -0.046464 -0.016279 -0.998787
vn -0.046464 -0.016279 -0.998787
vn 0.008651 -0.213250 -0.976959
vn 0.008651 -0.213250 -0.976959
vn 0.008651 -0.213250 -0.976959
vn -0.130980 -0.006075 -0.991366
vn -0.130980 -0.006075 -0.991366
vn -0.130980 -0.006075 -0.991366
vn -0.757740 -0.018724 -0.652288
vn -0.757740 -0.018724 -0.652288
vn -0.757740 -0.018724 -0.652288
vn 0.051968 -0.271295 -0.961092
vn 0.051968 -0.271295 -0.961092
vn 0.051968 -0.271295 -0.961092
vn -0.131011 -0.004988 -0.991368
vn -0.131011 -0.004988 -0.991368
vn -0.131011 -0.004988 -0.991368
vn -0.005665 -0.170745 -0.985299
vn -0.005665 -0.170745 -0.985299
vn -0.005665 -0.170745 -0.985299
vn -0.006881 -0.134919 -0.990833
vn -0.006881 -0.134919 -0.990833
vn -0.006881 -0.134919 -0.990833
vn 0.181554 -0.418274 -0.889992
vn 0.181554 -0.418274 -0.889992
vn 0.181554 -0.418274 -0.889992
vn -0.044304 -0.037751 -0.998305
vn -0.044304 -0.037751 -0.998305
vn -0.044304 -0.037751 -0.998305
vn -0.047760 -0.005478 -0.998844
vn -0.047760 -0.005478 -0.998844
vn -0.047760 -0.005478 -0.998844
vn -0.757959 -0.012146 -0.652189
vn -0.757959 -0.012146 -0.652189
vn -0.757959 -0.012146 -0.652189
vn -0.130954 -0.008388 -0.991353
vn -0.130954 -0.008388 -0.991353
vn -0.130954 -0.008388 -0.991353
vn -0.757444 -0.024262 -0.652449
vn -0.757444 -0.024262 -0.652449
vn -0.757444 -0.024262 -0.652449
vn -0.131106 -0.006588 -0.991346
vn -0.131106 -0.006588 -0.991346
vn -0.131106 -0.006588 -0.991346
vn -0.843785 0.281647 0.456838
vn -0.843785 0.281647 0.456839
vn -0.843785 0.281647 0.456838
vn -0.006498 -0.167087 -0.985921
vn -0.006498 -0.167087 -0.985921
vn -0.006498 -0.167087 -0.985921
vn -0.007909 -0.193167 -0.981134
vn -0.007909 -0.193167 -0.981134
vn -0.007909 -0.193167 -0.981134
vn 0.453457 -0.732431 -0.507860
vn 0.453458 -0.732430 -0.507860
vn 0.453458 -0.732430 -0.507860
vn -0.041387 -0.067865 -0.996836
vn -0.041387 -0.067865 -0.996836
vn -0.041387 -0.067865 -0.996836
vn -0.046807 -0.019059 -0.998722
vn -0.046807 -0.019059 -0.998722
vn -0.046807 -0.019059 -0.998722
vn 0.010168 -0.257266 -0.966287
vn 0.010168 -0.257266 -0.966287
vn 0.010168 -0.257266 -0.966287
vn 0.006138 -0.237805 -0.971294
vn 0.006138 -0.237805 -0.971294
vn 0.006138 -0.237805 -0.971294
vn 0.061748 -0.332107 -0.941218
vn 0.061748 -0.332107 -0.941218
vn 0.061748 -0.332107 -0.941218
vn 0.066754 -0.340174 -0.937990
vn 0.066754 -0.340173 -0.937991
vn 0.066754 -0.340173 -0.937991
vn -0.130974 -0.011379 -0.991320
vn -0.130974 -0.011379 -0.991321
vn -0.130974 -0.011379 -0.991321
vn -0.290838 -0.879718 0.376178
vn -0.290838 -0.879718 0.376178
vn -0.290838 -0.879718 0.376178
vn -0.757670 -0.018716 -0.652370
vn -0.757670 -0.018716 -0.652370
vn -0.757670 -0.018716 -0.652370
vn -0.131194 -0.009049 -0.991315
vn -0.131194 -0.009049 -0.991315
vn -0.131194 -0.009049 -0.991315
vn -0.757121 -0.028824 -0.652639
vn -0.757121 -0.028824 -0.652639
vn -0.757121 -0.028824 -0.652639
vn -0.007564 -0.194649 -0.980844
vn -0.007564 -0.194649 -0.980844
vn -0.007564 -0.194649 -0.980844
vn 0.183033 -0.506792 -0.842414
vn 0.183033 -0.506792 -0.842414
vn 0.183033 -0.506792 -0.842414
vn -0.037984 -0.105027 -0.993744
vn -0.037984 -0.105027 -0.993744
vn -0.037984 -0.105027 -0.993744
vn -0.045004 -0.043913 -0.998021
vn -0.045004 -0.043913 -0.998021
vn -0.045004 -0.043913 -0.998021
vn -0.011688 -0.214573 -0.976638
vn -0.011688 -0.214573 -0.976638
vn -0.011688 -0.214573 -0.976638
vn -0.130912 -0.015014 -0.991280
vn -0.130912 -0.015014 -0.991280
vn -0.130912 -0.015014 -0.991280
vn 0.475794 -0.728819 -0.492385
vn 0.475794 -0.728819 -0.492385
vn 0.475794 -0.728819 -0.492385
vn -0.131245 -0.012278 -0.991274
vn -0.131245 -0.012278 -0.991274
vn -0.131245 -0.012278 -0.991274
vn -0.757432 -0.024271 -0.652463
vn -0.757432 -0.024271 -0.652463
vn -0.757432 -0.024271 -0.652463
vn -0.756316 -0.038005 -0.653102
vn -0.756316 -0.038005 -0.653102
vn -0.756316 -0.038005 -0.653102
vn -0.035580 -0.140891 -0.989386
vn -0.035581 -0.140891 -0.989386
vn -0.035580 -0.140891 -0.989386
vn -0.042522 -0.078542 -0.996004
vn -0.042522 -0.078542 -0.996004
vn -0.042522 -0.078542 -0.996004
vn -0.010989 -0.217445 -0.976011
vn -0.010989 -0.217445 -0.976011
vn -0.010989 -0.217445 -0.976011
vn -0.129415 -0.030798 -0.991112
vn -0.129415 -0.030798 -0.991112
vn -0.129415 -0.030798 -0.991112
vn 0.005944 -0.267493 -0.963542
vn 0.005944 -0.267493 -0.963542
vn 0.005944 -0.267493 -0.963542
vn 0.203915 -0.510403 -0.835409
vn 0.203915 -0.510403 -0.835409
vn 0.203915 -0.510403 -0.835409
vn -0.131284 -0.016266 -0.991211
vn -0.131284 -0.016266 -0.991211
vn -0.131284 -0.016266 -0.991211
vn -0.016180 -0.237275 -0.971308
vn -0.016180 -0.237275 -0.971308
vn -0.016180 -0.237275 -0.971308
vn -0.034233 -0.173190 -0.984293
vn -0.034233 -0.173190 -0.984293
vn -0.034233 -0.173190 -0.984293
vn -0.039521 -0.120548 -0.991920
vn -0.039521 -0.120548 -0.991921
vn -0.039521 -0.120548 -0.991920
vn -0.757094 -0.028856 -0.652668
vn -0.757094 -0.028856 -0.652668
vn -0.757094 -0.028856 -0.652668
vn -0.754858 -0.051884 -0.653833
vn -0.754858 -0.051884 -0.653833
vn -0.754858 -0.051884 -0.653833
vn -0.126525 -0.057601 -0.990290
vn -0.126525 -0.057601 -0.990290
vn -0.126525 -0.057601 -0.990290
vn -0.015918 -0.238352 -0.971048
vn -0.015918 -0.238352 -0.971048
vn -0.015918 -0.238352 -0.971048
vn 0.073885 -0.394563 -0.915894
vn 0.073885 -0.394563 -0.915894
vn 0.073885 -0.394563 -0.915894
vn 0.010438 -0.303710 -0.952707
vn 0.010438 -0.303710 -0.952707
vn 0.010438 -0.303710 -0.952707
vn -0.130079 -0.033217 -0.990947
vn -0.130079 -0.033217 -0.990947
vn -0.130079 -0.033217 -0.990947
vn 0.083131 -0.410145 -0.908224
vn 0.083131 -0.410145 -0.908224
vn 0.083131 -0.410145 -0.908224
vn -0.037337 -0.158951 -0.986580
vn -0.037337 -0.158951 -0.986580
vn -0.037337 -0.158951 -0.986580
vn 0.013864 -0.309205 -0.950894
vn 0.013864 -0.309205 -0.950894
vn 0.013864 -0.309205 -0.950894
vn -0.034362 -0.200739 -0.979042
vn -0.034362 -0.200739 -0.979042
vn -0.034362 -0.200739 -0.979042
vn -0.756402 -0.038210 -0.652990
vn -0.756402 -0.038210 -0.652990
vn -0.756402 -0.038210 -0.652990
vn -0.752631 -0.070228 -0.654687
vn -0.752631 -0.070228 -0.654687
vn -0.752631 -0.070228 -0.654687
vn -0.122418 -0.093794 -0.988037
vn -0.122418 -0.093794 -0.988037
vn -0.122418 -0.093794 -0.988037
vn 0.196129 -0.591732 -0.781912
vn 0.196129 -0.591732 -0.781912
vn 0.196129 -0.591732 -0.781912
vn 0.407669 -0.791215 -0.455835
vn 0.407669 -0.791215 -0.455835
vn 0.407669 -0.791215 -0.455835
vn -0.020513 -0.263469 -0.964450
vn -0.020513 -0.263469 -0.964450
vn -0.020513 -0.263469 -0.964450
vn -0.127731 -0.062004 -0.989869
vn -0.127731 -0.062004 -0.989869
vn -0.127731 -0.062004 -0.989869
vn -0.036286 -0.192689 -0.980589
vn -0.036286 -0.192689 -0.980589
vn -0.036286 -0.192689 -0.980589
vn -0.021417 -0.259489 -0.965509
vn -0.021417 -0.259489 -0.965509
vn -0.021417 -0.259489 -0.965509
vn -0.036684 -0.223412 -0.974034
vn -0.036684 -0.223412 -0.974034
vn -0.036684 -0.223412 -0.974034
vn -0.749298 -0.092663 -0.655718
vn -0.749298 -0.092663 -0.655718
vn -0.749298 -0.092663 -0.655718
vn -0.117258 -0.136942 -0.983615
vn -0.117258 -0.136942 -0.983615
vn -0.117258 -0.136942 -0.983615
vn -0.754988 -0.052291 -0.653650
vn -0.754988 -0.052291 -0.653650
vn -0.754988 -0.052291 -0.653651
vn -0.124247 -0.100563 -0.987142
vn -0.124247 -0.100563 -0.987142
vn -0.124247 -0.100563 -0.987142
vn 0.425994 -0.789731 -0.441422
vn 0.425994 -0.789731 -0.441422
vn 0.425994 -0.789731 -0.441422
vn -0.037039 -0.221970 -0.974350
vn -0.037039 -0.221970 -0.974350
vn -0.037039 -0.221970 -0.974350
vn 0.216136 -0.598203 -0.771647
vn 0.216136 -0.598203 -0.771647
vn 0.216136 -0.598203 -0.771647
vn -0.113035 -0.176789 -0.977737
vn -0.113035 -0.176789 -0.977737
vn -0.113035 -0.176789 -0.977737
vn -0.041542 -0.243625 -0.968980
vn -0.041542 -0.243625 -0.968980
vn -0.041542 -0.243625 -0.968980
vn -0.744001 -0.123475 -0.656671
vn -0.744001 -0.123475 -0.656671
vn -0.744001 -0.123475 -0.656671
vn 0.019187 -0.356296 -0.934176
vn 0.019187 -0.356297 -0.934176
vn 0.019187 -0.356297 -0.934176
vn -0.752769 -0.071130 -0.654431
vn -0.752769 -0.071130 -0.654431
vn -0.752769 -0.071130 -0.654431
vn 0.019449 -0.356807 -0.933976
vn 0.019449 -0.356807 -0.933976
vn 0.019449 -0.356807 -0.933976
vn 0.089227 -0.469505 -0.878410
vn 0.089227 -0.469505 -0.878410
vn 0.089227 -0.469505 -0.878410
vn -0.119745 -0.146253 -0.981973
vn -0.119745 -0.146253 -0.981973
vn -0.119745 -0.146253 -0.981973
vn -0.026327 -0.282424 -0.958928
vn -0.026327 -0.282424 -0.958928
vn -0.026327 -0.282424 -0.958928
vn 0.102145 -0.492338 -0.864390
vn 0.102145 -0.492338 -0.864390
vn 0.102145 -0.492338 -0.864390
vn -0.040601 -0.247228 -0.968106
vn -0.040601 -0.247228 -0.968106
vn -0.040601 -0.247228 -0.968106
vn -0.031821 -0.293859 -0.955319
vn -0.031821 -0.293859 -0.955319
vn -0.031821 -0.293859 -0.955319
vn -0.109928 -0.212128 -0.971040
vn -0.109928 -0.212128 -0.971040
vn -0.109928 -0.212128 -0.971039
vn -0.736105 -0.161088 -0.657419
vn -0.736105 -0.161088 -0.657419
vn -0.736105 -0.161088 -0.657419
vn -0.048300 -0.263549 -0.963436
vn -0.048300 -0.263549 -0.963436
vn -0.048300 -0.263549 -0.963436
vn -0.749591 -0.094164 -0.655170
vn -0.749591 -0.094164 -0.655170
vn -0.749591 -0.094164 -0.655170
vn -0.115975 -0.187730 -0.975350
vn -0.115975 -0.187730 -0.975350
vn -0.115975 -0.187730 -0.975350
vn 0.194337 -0.660422 -0.725311
vn 0.194337 -0.660422 -0.725311
vn 0.194337 -0.660422 -0.725311
vn -0.020375 -0.310423 -0.950380
vn -0.020375 -0.310423 -0.950380
vn -0.020375 -0.310423 -0.950380
vn -0.000068 0.000027 1.000000
vn -0.000068 0.000027 1.000000
vn -0.000068 0.000027 1.000000
vn -0.046819 -0.269267 -0.961927
vn -0.046819 -0.269267 -0.961927
vn -0.046819 -0.269267 -0.961927
vn -0.108541 -0.242886 -0.963963
vn -0.108541 -0.242886 -0.963963
vn -0.108541 -0.242886 -0.963963
vn -0.725730 -0.203444 -0.657212
vn -0.725729 -0.203444 -0.657212
vn -0.725729 -0.203444 -0.657212
vn -0.113470 -0.224886 -0.967756
vn -0.113470 -0.224886 -0.967756
vn -0.113470 -0.224886 -0.967756
vn -0.744372 -0.125687 -0.655830
vn -0.744372 -0.125687 -0.655830
vn -0.744372 -0.125687 -0.655830
vn 0.189358 -0.657638 -0.729148
vn 0.189358 -0.657638 -0.729148
vn 0.189358 -0.657638 -0.729148
vn 0.352964 -0.835305 -0.421523
vn 0.352964 -0.835305 -0.421523
vn 0.352964 -0.835305 -0.421523
vn -0.056445 -0.284323 -0.957066
vn -0.056445 -0.284323 -0.957066
vn -0.056445 -0.284323 -0.957066
vn 0.032259 -0.425449 -0.904407
vn 0.032259 -0.425449 -0.904407
vn 0.032259 -0.425449 -0.904407
vn 0.029178 -0.420442 -0.906850
vn 0.029178 -0.420443 -0.906850
vn 0.029178 -0.420442 -0.906850
vn 0.109259 -0.561748 -0.820062
vn 0.109259 -0.561748 -0.820062
vn 0.109259 -0.561748 -0.820062
vn 0.132953 -0.600350 -0.788609
vn 0.132953 -0.600350 -0.788609
vn 0.132953 -0.600350 -0.788609
vn -0.109786 -0.269399 -0.956750
vn -0.109786 -0.269399 -0.956750
vn -0.109786 -0.269399 -0.956750
vn -0.030651 -0.333810 -0.942142
vn -0.030651 -0.333810 -0.942142
vn -0.030651 -0.333810 -0.942142
vn 0.357835 -0.835301 -0.417404
vn 0.357835 -0.835301 -0.417404
vn 0.357835 -0.835301 -0.417404
vn -0.054972 -0.290103 -0.955415
vn -0.054972 -0.290103 -0.955415
vn -0.054972 -0.290103 -0.955415
vn -0.712670 -0.248299 -0.656086
vn -0.712670 -0.248299 -0.656086
vn -0.712670 -0.248299 -0.656086
vn -0.113128 -0.258141 -0.959461
vn -0.113128 -0.258141 -0.959461
vn -0.113128 -0.258141 -0.959461
vn -0.021153 -0.347652 -0.937385
vn -0.021153 -0.347652 -0.937385
vn -0.021153 -0.347652 -0.937385
vn -0.736630 -0.163910 -0.656133
vn -0.736629 -0.163910 -0.656133
vn -0.736629 -0.163910 -0.656133
vn -0.115445 -0.291431 -0.949600
vn -0.115445 -0.291431 -0.949600
vn -0.115445 -0.291431 -0.949600
vn 0.150666 -0.665665 -0.730883
vn 0.150666 -0.665665 -0.730883
vn 0.150666 -0.665665 -0.730883
vn -0.696399 -0.295483 -0.654001
vn -0.696399 -0.295483 -0.654001
vn -0.696399 -0.295483 -0.654001
vn -0.116284 -0.288712 -0.950328
vn -0.116284 -0.288712 -0.950328
vn -0.116284 -0.288712 -0.950328
vn -0.064547 -0.310974 -0.948224
vn -0.064547 -0.310974 -0.948224
vn -0.064547 -0.310974 -0.948224
vn -0.081222 -0.306167 -0.948507
vn -0.081222 -0.306167 -0.948507
vn -0.081222 -0.306167 -0.948507
vn -0.726142 -0.206673 -0.655747
vn -0.726142 -0.206673 -0.655747
vn -0.726142 -0.206673 -0.655747
vn 0.157100 -0.672244 -0.723469
vn 0.157100 -0.672244 -0.723469
vn 0.157100 -0.672244 -0.723469
vn 0.053653 -0.523764 -0.850172
vn 0.053653 -0.523764 -0.850172
vn 0.053653 -0.523764 -0.850172
vn 0.047451 -0.514086 -0.856425
vn 0.047451 -0.514086 -0.856425
vn 0.047451 -0.514086 -0.856425
vn -0.125089 -0.311362 -0.942023
vn -0.125089 -0.311362 -0.942023
vn -0.125089 -0.311362 -0.942023
vn -0.027774 -0.390826 -0.920045
vn -0.027774 -0.390826 -0.920045
vn -0.027774 -0.390826 -0.920045
vn -0.059900 -0.329963 -0.942092
vn -0.059900 -0.329963 -0.942092
vn -0.059900 -0.329963 -0.942092
vn -0.677878 -0.343059 -0.650224
vn -0.677878 -0.343059 -0.650224
vn -0.677878 -0.343059 -0.650224
vn -0.017931 -0.405373 -0.913975
vn -0.017931 -0.405373 -0.913975
vn -0.017931 -0.405373 -0.913975
vn -0.124044 -0.314540 -0.941104
vn -0.124044 -0.314540 -0.941104
vn -0.124044 -0.314540 -0.941104
vn -0.713001 -0.251634 -0.654454
vn -0.713002 -0.251634 -0.654453
vn -0.713001 -0.251634 -0.654454
vn 0.461546 0.779098 -0.424242
vn 0.461546 0.779099 -0.424241
vn 0.582694 0.667797 -0.463158
vn 0.259928 0.872541 -0.413655
vn -0.091161 -0.336785 -0.937158
vn -0.091161 -0.336785 -0.937158
vn -0.091161 -0.336785 -0.937158
vn -0.138815 -0.330075 -0.933692
vn -0.138815 -0.330075 -0.933692
vn -0.138815 -0.330075 -0.933692
vn 0.582694 0.667797 -0.463158
vn 0.076700 -0.647621 -0.758092
vn 0.076700 -0.647621 -0.758092
vn 0.076700 -0.647621 -0.758092
vn 0.272745 -0.869343 -0.412133
vn 0.272745 -0.869343 -0.412133
vn 0.272745 -0.869343 -0.412133
vn -0.136193 -0.338420 -0.931087
vn -0.136193 -0.338420 -0.931087
vn -0.136193 -0.338420 -0.931087
vn 0.269939 -0.869052 -0.414585
vn 0.269939 -0.869052 -0.414585
vn 0.269939 -0.869052 -0.414585
vn -0.658310 -0.389190 -0.644329
vn -0.658310 -0.389190 -0.644329
vn -0.658310 -0.389190 -0.644329
vn 0.000001 0.000001 -1.000000
vn 0.000001 0.000001 -1.000000
vn 0.000001 0.000001 -1.000000
vn 0.259928 0.872541 -0.413655
vn 0.259928 0.872541 -0.413655
vn 0.036396 0.906661 -0.420286
vn -0.067920 -0.362541 -0.929490
vn -0.067920 -0.362541 -0.929490
vn -0.067920 -0.362541 -0.929490
vn 0.081667 -0.654044 -0.752035
vn 0.081667 -0.654044 -0.752035
vn 0.081667 -0.654044 -0.752035
vn 0.628022 0.584890 -0.513315
vn 0.582694 0.667797 -0.463158
vn 0.628022 0.584890 -0.513315
vn -0.025819 -0.478062 -0.877947
vn -0.025819 -0.478062 -0.877947
vn -0.025819 -0.478062 -0.877947
vn -0.696834 -0.299817 -0.651561
vn -0.696834 -0.299817 -0.651561
vn -0.696834 -0.299817 -0.651561
vn -0.013652 -0.496063 -0.868179
vn -0.013652 -0.496063 -0.868179
vn -0.013652 -0.496063 -0.868179
vn -0.157687 -0.347910 -0.924172
vn -0.157687 -0.347910 -0.924172
vn -0.157687 -0.347910 -0.924172
vn 0.632166 0.539230 -0.556415
vn 0.628022 0.584890 -0.513315
vn 0.632166 0.539230 -0.556415
vn -0.153240 -0.361873 -0.919546
vn -0.153240 -0.361873 -0.919546
vn -0.153240 -0.361873 -0.919546
vn -0.100183 -0.389761 -0.915451
vn -0.100183 -0.389761 -0.915451
vn -0.100183 -0.389761 -0.915451
vn -0.639143 -0.433077 -0.635563
vn -0.639143 -0.433077 -0.635563
vn -0.639143 -0.433077 -0.635563
vn 0.036396 0.906661 -0.420286
vn -0.072460 -0.419688 -0.904772
vn -0.072460 -0.419688 -0.904772
vn -0.072460 -0.419688 -0.904772
vn 0.619457 0.522654 -0.585753
vn 0.632166 0.539230 -0.556415
vn 0.619457 0.522654 -0.585753
vn -0.026174 -0.620596 -0.783694
vn -0.026174 -0.620596 -0.783694
vn -0.026174 -0.620596 -0.783694
vn -0.678308 -0.349140 -0.646529
vn -0.678308 -0.349140 -0.646529
vn -0.678308 -0.349140 -0.646529
vn 0.036396 0.906661 -0.420286
vn -0.145406 0.897287 -0.416814
vn -0.016718 -0.635467 -0.771947
vn -0.016718 -0.635467 -0.771947
vn -0.016718 -0.635467 -0.771947
vn -0.178964 -0.380053 -0.907486
vn -0.178964 -0.380053 -0.907487
vn -0.178964 -0.380053 -0.907486
vn -0.177006 -0.385920 -0.905392
vn -0.177006 -0.385920 -0.905392
vn -0.177006 -0.385920 -0.905392
vn -0.107555 -0.473533 -0.874184
vn -0.107555 -0.473533 -0.874184
vn -0.107555 -0.473533 -0.874184
vn -0.630143 -0.461620 -0.624361
vn -0.630143 -0.461620 -0.624361
vn -0.630143 -0.461620 -0.624361
vn -0.077622 -0.508024 -0.857838
vn -0.077622 -0.508024 -0.857838
vn -0.077622 -0.508024 -0.857838
vn 0.619457 0.522654 -0.585753
vn 0.616046 0.502000 -0.607029
vn 0.616046 0.502000 -0.607029
vn 0.145448 -0.897252 -0.416873
vn 0.145448 -0.897252 -0.416873
vn 0.145448 -0.897252 -0.416873
vn -0.194354 -0.444452 -0.874465
vn -0.194354 -0.444452 -0.874465
vn -0.194354 -0.444452 -0.874465
vn -0.202144 -0.423963 -0.882833
vn -0.202144 -0.423963 -0.882833
vn -0.202144 -0.423962 -0.882833
vn -0.658919 -0.398183 -0.638182
vn -0.658919 -0.398183 -0.638182
vn -0.658919 -0.398183 -0.638182
vn -0.122650 -0.605529 -0.786315
vn -0.122650 -0.605529 -0.786315
vn -0.122650 -0.605529 -0.786315
vn -0.124014 -0.602180 -0.788670
vn -0.124014 -0.602180 -0.788670
vn -0.124014 -0.602180 -0.788670
vn -0.630850 -0.480265 -0.609405
vn -0.630850 -0.480265 -0.609405
vn -0.630850 -0.480265 -0.609405
vn -0.184259 -0.548818 -0.815382
vn -0.184259 -0.548818 -0.815382
vn -0.184259 -0.548818 -0.815382
vn 0.145372 -0.897234 -0.416938
vn 0.145372 -0.897234 -0.416939
vn 0.145372 -0.897234 -0.416939
vn 0.620847 0.476258 -0.622678
vn 0.616046 0.502000 -0.607029
vn 0.620847 0.476258 -0.622678
vn -0.215195 -0.488993 -0.845327
vn -0.215195 -0.488993 -0.845326
vn -0.215195 -0.488993 -0.845327
vn -0.185759 -0.555712 -0.810357
vn -0.185759 -0.555712 -0.810357
vn -0.185759 -0.555712 -0.810357
vn -0.145406 0.897287 -0.416814
vn 0.282748 0.855244 0.434295
vn 0.282748 0.855244 0.434295
vn 0.282748 0.855244 0.434295
vn 0.620847 0.476258 -0.622678
vn 0.633324 0.443400 -0.634269
vn -0.642193 -0.490828 -0.588792
vn -0.642193 -0.490828 -0.588792
vn -0.642193 -0.490828 -0.588792
vn -0.639963 -0.445784 -0.625879
vn -0.639963 -0.445784 -0.625879
vn -0.639963 -0.445784 -0.625879
vn 0.633324 0.443400 -0.634269
vn -0.032093 -0.908357 -0.416963
vn -0.032093 -0.908357 -0.416963
vn -0.032093 -0.908357 -0.416963
vn -0.667099 -0.491995 -0.559393
vn -0.667099 -0.491995 -0.559393
vn -0.667099 -0.491995 -0.559393
vn -0.631103 -0.479825 -0.609489
vn -0.631103 -0.479825 -0.609489
vn -0.631103 -0.479825 -0.609489
vn 0.653201 0.399447 -0.643250
vn 0.633324 0.443400 -0.634269
vn 0.653201 0.399447 -0.643250
vn -0.675068 -0.527628 -0.515647
vn -0.675068 -0.527628 -0.515647
vn -0.675068 -0.527628 -0.515647
vn -0.631570 -0.505869 -0.587551
vn -0.631570 -0.505869 -0.587551
vn -0.631570 -0.505869 -0.587551
vn -0.259066 -0.873028 -0.413167
vn -0.259066 -0.873028 -0.413167
vn -0.259066 -0.873028 -0.413167
vn -0.036554 -0.906619 -0.420365
vn -0.036554 -0.906618 -0.420365
vn -0.036554 -0.906618 -0.420365
vn -0.634746 -0.617503 -0.464529
vn -0.634746 -0.617503 -0.464529
vn -0.634746 -0.617503 -0.464529
vn -0.493272 -0.759307 -0.424424
vn -0.493272 -0.759307 -0.424424
vn -0.493272 -0.759307 -0.424424
vn 0.861677 -0.321487 0.392630
vn 0.861677 -0.321487 0.392630
vn 0.861677 -0.321487 0.392630
vn 0.672772 0.354800 -0.649226
vn 0.653201 0.399447 -0.643250
vn 0.672772 0.354800 -0.649226
vn -0.145406 0.897287 -0.416814
vn -0.272732 0.869314 -0.412203
vn -0.272732 0.869314 -0.412203
vn -0.641695 -0.526743 -0.557467
vn -0.641695 -0.526743 -0.557466
vn -0.641695 -0.526743 -0.557467
vn 0.000000 -0.000000 -1.000000
vn 0.000000 -0.000000 -1.000000
vn 0.000000 -0.000000 -1.000000
vn -0.662892 -0.543141 -0.515337
vn -0.662892 -0.543141 -0.515337
vn -0.662892 -0.543141 -0.515337
vn -0.272732 0.869314 -0.412203
vn -0.354598 0.836767 -0.417230
vn -0.259793 -0.872661 -0.413486
vn -0.259793 -0.872661 -0.413486
vn -0.259793 -0.872661 -0.413486
vn 0.690959 0.309606 -0.653238
vn 0.672772 0.354800 -0.649226
vn 0.690959 0.309606 -0.653238
vn -0.661637 -0.588780 -0.464300
vn -0.661637 -0.588780 -0.464300
vn -0.661637 -0.588780 -0.464300
vn 0.690959 0.309606 -0.653238
vn 0.707647 0.263143 -0.655738
vn -0.471419 -0.784417 -0.403057
vn -0.471419 -0.784416 -0.403057
vn -0.471419 -0.784416 -0.403057
vn -0.608845 -0.673223 -0.419618
vn -0.608845 -0.673223 -0.419618
vn -0.608845 -0.673223 -0.419618
vn 0.707647 0.263143 -0.655738
vn 0.318558 0.888919 0.329155
vn 0.318558 0.888919 0.329155
vn 0.318558 0.888919 0.329155
vn 0.723632 0.215389 -0.655717
vn 0.707647 0.263143 -0.655738
vn 0.723632 0.215389 -0.655717
vn -0.354598 0.836767 -0.417230
vn 0.735345 0.169051 -0.656269
vn 0.723632 0.215389 -0.655717
vn 0.735345 0.169051 -0.656269
vn -0.354598 0.836767 -0.417230
vn -0.415302 0.796854 -0.438804
vn 0.735345 0.169051 -0.656269
vn 0.743974 0.127689 -0.655895
vn -0.253933 -0.892231 0.373418
vn -0.253933 -0.892231 0.373418
vn -0.253933 -0.892231 0.373418
vn 0.743974 0.127689 -0.655895
vn 0.743974 0.127689 -0.655895
vn 0.749647 0.094172 -0.655104
vn 0.749647 0.094172 -0.655104
vn 0.179529 0.847891 0.498850
vn 0.179529 0.847891 0.498850
vn 0.179529 0.847891 0.498850
vn -0.415302 0.796854 -0.438804
vn 0.752820 0.071138 -0.654371
vn 0.749647 0.094172 -0.655104
vn 0.752820 0.071138 -0.654371
vn 0.752820 0.071138 -0.654371
vn 0.754966 0.052276 -0.653676
vn -0.415302 0.796854 -0.438804
vn -0.464887 0.739648 -0.486623
vn 0.754966 0.052276 -0.653676
vn 0.876421 -0.189990 0.442482
vn 0.876421 -0.189990 0.442482
vn 0.876421 -0.189990 0.442482
vn 0.754966 0.052276 -0.653677
vn 0.756393 0.038184 -0.653002
vn 0.756393 0.038184 -0.653002
vn 0.756393 0.038184 -0.653002
vn 0.757137 0.028875 -0.652617
vn 0.757137 0.028875 -0.652617
vn -0.464887 0.739648 -0.486623
vn 0.757137 0.028875 -0.652617
vn 0.757447 0.024281 -0.652445
vn 0.757447 0.024281 -0.652445
vn -0.464887 0.739648 -0.486623
vn -0.515373 0.654827 -0.552804
vn 0.757447 0.024281 -0.652445
vn 0.757733 0.018744 -0.652295
vn 0.757733 0.018744 -0.652295
vn 0.757955 0.012160 -0.652194
vn 0.757733 0.018744 -0.652295
vn 0.757955 0.012160 -0.652194
vn 0.757955 0.012160 -0.652194
vn 0.758095 0.004473 -0.652129
vn 0.758095 0.004473 -0.652129
vn -0.515373 0.654827 -0.552804
vn 0.758095 0.004473 -0.652129
vn 0.758144 -0.004453 -0.652072
vn 0.758144 -0.004453 -0.652072
vn -0.515374 0.654827 -0.552804
vn -0.576227 0.516934 -0.633042
vn 0.758144 -0.004453 -0.652072
vn 0.757984 -0.012162 -0.652160
vn 0.757984 -0.012162 -0.652160
vn -0.792003 0.475381 0.383072
vn -0.792003 0.475381 0.383072
vn -0.792003 0.475381 0.383072
vn 0.757984 -0.012162 -0.652160
vn 0.757687 -0.018698 -0.652351
vn 0.757687 -0.018698 -0.652351
vn 0.757687 -0.018698 -0.652351
vn 0.757405 -0.024283 -0.652493
vn -0.576227 0.516934 -0.633042
vn 0.757405 -0.024283 -0.652493
vn 0.757405 -0.024283 -0.652493
vn 0.757085 -0.028852 -0.652679
vn -0.576227 0.516934 -0.633042
vn -0.608822 0.390647 -0.690457
vn 0.757085 -0.028852 -0.652679
vn 0.756388 -0.038207 -0.653007
vn 0.757085 -0.028852 -0.652679
vn 0.756388 -0.038207 -0.653007
vn 0.755006 -0.052302 -0.653629
vn 0.756388 -0.038207 -0.653007
vn 0.755006 -0.052302 -0.653629
vn -0.608822 0.390647 -0.690457
vn 0.755006 -0.052302 -0.653629
vn 0.752820 -0.071128 -0.654372
vn 0.752820 -0.071128 -0.654372
vn -0.000920 -0.002567 0.999996
vn -0.000920 -0.002567 0.999996
vn -0.000920 -0.002567 0.999996
vn 0.752820 -0.071128 -0.654372
vn 0.749635 -0.094184 -0.655116
vn 0.749635 -0.094184 -0.655116
vn 0.749635 -0.094184 -0.655116
vn 0.744289 -0.125664 -0.655929
vn 0.685802 -0.727788 0.000000
vn 0.685802 -0.727788 0.000000
vn 0.685802 -0.727788 0.000000
vn 0.206154 0.841026 0.500176
vn 0.206154 0.841026 0.500176
vn 0.206154 0.841026 0.500176
vn -0.830465 0.323099 0.453800
vn -0.830465 0.323099 0.453800
vn -0.830465 0.323099 0.453800
vn 0.744289 -0.125664 -0.655929
vn -0.608822 0.390647 -0.690457
vn -0.622964 0.286361 -0.727951
vn -0.622964 0.286361 -0.727951
vn 0.744289 -0.125664 -0.655929
vn 0.736548 -0.163933 -0.656219
vn 0.736548 -0.163933 -0.656219
vn 0.726170 -0.206673 -0.655716
vn 0.736548 -0.163933 -0.656219
vn 0.726170 -0.206673 -0.655716
vn -0.622964 0.286361 -0.727951
vn -0.626983 0.207871 -0.750788
vn -0.626983 0.207871 -0.750788
vn 0.726170 -0.206673 -0.655716
vn 0.713032 -0.251618 -0.654426
vn -0.626983 0.207871 -0.750788
vn -0.621840 0.159298 -0.766772
vn 0.713032 -0.251618 -0.654426
vn 0.591627 -0.627848 0.505751
vn 0.591627 -0.627848 0.505751
vn 0.591627 -0.627848 0.505751
vn -0.685801 0.727789 0.000000
vn -0.685801 0.727789 0.000000
vn -0.685801 0.727789 0.000000
vn 0.713032 -0.251618 -0.654426
vn 0.696791 -0.299787 -0.651621
vn -0.621840 0.159298 -0.766772
vn 0.696791 -0.299787 -0.651621
vn -0.621840 0.159298 -0.766772
vn -0.621582 0.100349 -0.776895
vn 0.696791 -0.299787 -0.651621
vn 0.678339 -0.349160 -0.646486
vn 0.678339 -0.349160 -0.646486
vn -0.621582 0.100349 -0.776895
vn -0.620258 0.039708 -0.783392
vn -0.620258 0.039708 -0.783392
vn 0.678339 -0.349160 -0.646486
vn 0.658837 -0.398189 -0.638263
vn -0.620258 0.039708 -0.783392
vn -0.618398 -0.001492 -0.785863
vn 0.658837 -0.398189 -0.638263
vn -0.618398 -0.001492 -0.785863
vn -0.618398 -0.001492 -0.785863
vn -0.618302 -0.001761 -0.785938
vn -0.618302 -0.001761 -0.785938
vn -0.246194 -0.850062 0.465600
vn -0.246194 -0.850062 0.465600
vn -0.246194 -0.850062 0.465600
vn -0.618302 -0.001761 -0.785939
vn -0.616945 -0.001952 -0.787004
vn -0.616945 -0.001952 -0.787004
vn 0.639944 -0.445782 -0.625899
vn 0.658837 -0.398189 -0.638263
vn 0.639944 -0.445782 -0.625899
vn -0.616945 -0.001952 -0.787004
vn -0.615232 -0.001998 -0.788344
vn -0.615232 -0.001998 -0.788344
vn -0.002824 0.007509 0.999968
vn -0.002824 0.007509 0.999968
vn -0.002824 0.007509 0.999968
vn -0.615232 -0.001998 -0.788344
vn -0.613752 -0.001716 -0.789497
vn -0.613752 -0.001716 -0.789497
vn -0.613752 -0.001716 -0.789497
vn -0.612356 -0.001290 -0.790581
vn 0.639944 -0.445782 -0.625899
vn 0.631108 -0.479840 -0.609472
vn -0.612356 -0.001290 -0.790581
vn -0.310301 -0.865878 0.392389
vn -0.310301 -0.865878 0.392389
vn -0.310301 -0.865878 0.392390
vn -0.612356 -0.001290 -0.790581
vn -0.611409 -0.000925 -0.791314
vn 0.631108 -0.479840 -0.609472
vn -0.000000 -0.000001 -1.000000
vn -0.000000 -0.000001 -1.000000
vn -0.000000 -0.000001 -1.000000
vn -0.611409 -0.000925 -0.791314
vn -0.611409 -0.000925 -0.791314
vn -0.610588 -0.000702 -0.791948
vn -0.610588 -0.000702 -0.791948
vn -0.610588 -0.000702 -0.791948
vn -0.610077 -0.000509 -0.792342
vn 0.631108 -0.479840 -0.609472
vn 0.631637 -0.505882 -0.587468
vn -0.610077 -0.000509 -0.792342
vn 0.461546 0.779099 -0.424241
vn 0.461546 0.779099 -0.424242
vn 0.461546 0.779098 -0.424242
vn 0.582694 0.667797 -0.463158
vn 0.582694 0.667797 -0.463158
vn 0.582694 0.667797 -0.463158
vn 0.631637 -0.505882 -0.587468
vn 0.820776 -0.383839 0.423078
vn 0.820776 -0.383839 0.423078
vn 0.820776 -0.383839 0.423078
vn 0.628022 0.584890 -0.513315
vn 0.628022 0.584890 -0.513315
vn 0.628022 0.584890 -0.513315
vn -0.610077 -0.000509 -0.792342
vn -0.609668 -0.000455 -0.792657
vn -0.609668 -0.000455 -0.792657
vn 0.259928 0.872541 -0.413655
vn 0.259928 0.872541 -0.413655
vn 0.259928 0.872541 -0.413655
vn 0.632166 0.539230 -0.556415
vn 0.632166 0.539230 -0.556415
vn 0.632166 0.539230 -0.556415
vn -0.609668 -0.000455 -0.792657
vn -0.609294 -0.000304 -0.792945
vn -0.609294 -0.000304 -0.792945
vn 0.631637 -0.505882 -0.587468
vn 0.641718 -0.526743 -0.557440
vn -0.609294 -0.000304 -0.792945
vn -0.608954 -0.000241 -0.793206
vn 0.619457 0.522654 -0.585753
vn 0.619457 0.522654 -0.585753
vn 0.619457 0.522654 -0.585753
vn 0.667446 0.619443 -0.413286
vn 0.667446 0.619443 -0.413286
vn 0.667446 0.619443 -0.413286
vn 0.001549 -0.000655 0.999999
vn 0.001549 -0.000655 0.999999
vn 0.001549 -0.000655 0.999999
vn 0.506585 0.764243 -0.399130
vn 0.506585 0.764243 -0.399130
vn 0.506585 0.764243 -0.399130
vn 0.036396 0.906661 -0.420286
vn 0.036396 0.906661 -0.420286
vn 0.036396 0.906661 -0.420286
vn 0.259026 0.873138 -0.412959
vn 0.259026 0.873138 -0.412959
vn 0.259026 0.873138 -0.412959
vn 0.713701 0.526857 -0.461576
vn 0.713701 0.526857 -0.461576
vn 0.713701 0.526857 -0.461576
vn -0.608954 -0.000241 -0.793206
vn 0.641718 -0.526743 -0.557440
vn 0.616046 0.502000 -0.607029
vn 0.616046 0.502000 -0.607029
vn 0.616046 0.502000 -0.607029
vn 0.701679 0.491496 -0.515828
vn 0.701679 0.491496 -0.515828
vn 0.701679 0.491496 -0.515828
vn 0.620847 0.476258 -0.622678
vn 0.620847 0.476258 -0.622678
vn 0.620847 0.476258 -0.622678
vn 0.032074 0.908288 -0.417114
vn 0.032074 0.908288 -0.417114
vn 0.032074 0.908288 -0.417114
vn -0.608954 -0.000241 -0.793206
vn -0.608691 -0.000011 -0.793408
vn -0.608691 -0.000011 -0.793408
vn 0.667422 0.491571 -0.559380
vn 0.667422 0.491571 -0.559380
vn 0.667422 0.491571 -0.559380
vn 0.633324 0.443400 -0.634269
vn 0.633324 0.443400 -0.634269
vn 0.633324 0.443400 -0.634269
vn -0.608691 -0.000011 -0.793408
vn -0.608603 0.000080 -0.793475
vn -0.608603 0.000080 -0.793475
vn 0.182328 0.552758 -0.813151
vn 0.182328 0.552758 -0.813151
vn 0.182328 0.552758 -0.813151
vn 0.649207 0.480659 -0.589489
vn 0.649207 0.480659 -0.589489
vn 0.649207 0.480659 -0.589489
vn -0.145406 0.897287 -0.416814
vn -0.145406 0.897287 -0.416814
vn -0.145406 0.897287 -0.416814
vn -0.608603 0.000080 -0.793475
vn -0.608880 0.000230 -0.793263
vn 0.182710 0.474151 -0.861277
vn 0.182710 0.474151 -0.861277
vn 0.182710 0.474151 -0.861277
vn 0.190758 0.551332 -0.812185
vn 0.190758 0.551332 -0.812185
vn 0.190758 0.551332 -0.812185
vn 0.662895 -0.543095 -0.515381
vn 0.641718 -0.526743 -0.557440
vn 0.662895 -0.543095 -0.515381
vn 0.123981 0.602180 -0.788675
vn 0.123981 0.602180 -0.788675
vn 0.123981 0.602180 -0.788675
vn 0.122769 0.605331 -0.786449
vn 0.122769 0.605331 -0.786449
vn 0.122769 0.605331 -0.786449
vn 0.233639 0.451208 -0.861292
vn 0.233639 0.451208 -0.861292
vn 0.233639 0.451208 -0.861292
vn -0.145413 0.897195 -0.417009
vn -0.145413 0.897195 -0.417009
vn -0.145413 0.897195 -0.417009
vn 0.653201 0.399447 -0.643250
vn 0.653201 0.399447 -0.643250
vn 0.653201 0.399447 -0.643250
vn 0.643254 0.461419 -0.610997
vn 0.643254 0.461419 -0.610997
vn 0.643254 0.461419 -0.610997
vn -0.608880 0.000230 -0.793263
vn 0.168135 0.412022 -0.895527
vn 0.168135 0.412022 -0.895527
vn 0.168135 0.412022 -0.895527
vn 0.077484 0.508249 -0.857717
vn 0.077484 0.508249 -0.857717
vn 0.077484 0.508249 -0.857717
vn 0.216626 0.384743 -0.897244
vn 0.216626 0.384743 -0.897244
vn 0.216626 0.384743 -0.897244
vn -0.608880 0.000230 -0.793263
vn -0.608845 0.000373 -0.793289
vn 0.107647 0.473628 -0.874122
vn 0.107647 0.473628 -0.874122
vn 0.107647 0.473629 -0.874121
vn 0.016701 0.635350 -0.772044
vn 0.016701 0.635349 -0.772044
vn 0.016701 0.635350 -0.772044
vn 0.026173 0.620656 -0.783646
vn 0.026173 0.620656 -0.783646
vn 0.026173 0.620656 -0.783646
vn 0.647975 0.432973 -0.626628
vn 0.647975 0.432973 -0.626628
vn 0.647975 0.432973 -0.626628
vn 0.148503 0.376368 -0.914491
vn 0.148503 0.376368 -0.914491
vn 0.148503 0.376368 -0.914491
vn 0.672772 0.354800 -0.649226
vn 0.672772 0.354800 -0.649226
vn 0.672772 0.354800 -0.649226
vn -0.608845 0.000373 -0.793289
vn 0.072270 0.419944 -0.904668
vn 0.072270 0.419944 -0.904668
vn 0.072270 0.419944 -0.904668
vn 0.188124 0.352225 -0.916813
vn 0.188124 0.352225 -0.916813
vn 0.188124 0.352225 -0.916813
vn -0.608845 0.000373 -0.793289
vn -0.609233 0.000431 -0.792991
vn 0.100060 0.389890 -0.915409
vn 0.100060 0.389890 -0.915409
vn 0.100060 0.389890 -0.915409
vn 0.131416 0.353459 -0.926173
vn 0.131416 0.353459 -0.926173
vn 0.131416 0.353459 -0.926173
vn 0.013655 0.496171 -0.868118
vn 0.013655 0.496171 -0.868118
vn 0.013655 0.496171 -0.868118
vn 0.662751 0.391801 -0.638164
vn 0.662751 0.391801 -0.638164
vn 0.662751 0.391801 -0.638164
vn 0.661570 -0.588826 -0.464338
vn 0.662895 -0.543095 -0.515381
vn 0.661570 -0.588826 -0.464338
vn 0.025839 0.477978 -0.877992
vn 0.025839 0.477978 -0.877992
vn 0.025839 0.477978 -0.877992
vn -0.609233 0.000431 -0.792991
vn 0.690959 0.309606 -0.653238
vn 0.690959 0.309606 -0.653238
vn 0.690959 0.309606 -0.653238
vn -0.081614 0.653943 -0.752128
vn -0.081614 0.653944 -0.752128
vn -0.081614 0.653943 -0.752128
vn 0.067801 0.362853 -0.929377
vn 0.067801 0.362853 -0.929377
vn 0.067801 0.362853 -0.929377
vn 0.161930 0.334716 -0.928302
vn 0.161930 0.334716 -0.928302
vn 0.161930 0.334716 -0.928302
vn -0.269957 0.869047 -0.414584
vn -0.269957 0.869047 -0.414584
vn -0.269957 0.869047 -0.414584
vn -0.272732 0.869314 -0.412203
vn -0.272732 0.869314 -0.412203
vn -0.272732 0.869314 -0.412203
vn -0.076693 0.647884 -0.757869
vn -0.076693 0.647884 -0.757869
vn -0.076693 0.647884 -0.757869
vn 0.091090 0.336848 -0.937142
vn 0.091090 0.336848 -0.937142
vn 0.091090 0.336848 -0.937142
vn 0.118998 0.330978 -0.936105
vn 0.118998 0.330978 -0.936105
vn 0.118998 0.330978 -0.936105
vn 0.678520 0.349608 -0.646053
vn 0.678520 0.349608 -0.646053
vn 0.678520 0.349608 -0.646053
vn -0.609233 0.000431 -0.792991
vn -0.609591 0.000509 -0.792716
vn -0.609591 0.000509 -0.792716
vn 0.707647 0.263143 -0.655738
vn 0.707647 0.263143 -0.655738
vn 0.707647 0.263143 -0.655738
vn 0.143695 0.315305 -0.938048
vn 0.143695 0.315305 -0.938048
vn 0.143695 0.315305 -0.938048
vn 0.017856 0.405806 -0.913785
vn 0.017856 0.405806 -0.913785
vn 0.017856 0.405806 -0.913785
vn 0.059913 0.330049 -0.942061
vn 0.059913 0.330049 -0.942061
vn 0.059913 0.330049 -0.942061
vn 0.027733 0.390943 -0.919997
vn 0.027733 0.390943 -0.919997
vn 0.027733 0.390943 -0.919997
vn 0.661570 -0.588826 -0.464338
vn 0.608843 -0.673222 -0.419622
vn 0.110555 0.308251 -0.944859
vn 0.110555 0.308251 -0.944859
vn 0.110555 0.308251 -0.944859
vn -0.047463 0.514128 -0.856399
vn -0.047463 0.514128 -0.856399
vn -0.047463 0.514128 -0.856399
vn -0.001079 0.000166 0.999999
vn -0.001079 0.000166 0.999999
vn -0.001079 0.000166 0.999999
vn -0.053623 0.523542 -0.850311
vn -0.053623 0.523542 -0.850311
vn -0.053623 0.523542 -0.850311
vn 0.325233 0.895069 0.305082
vn 0.325233 0.895069 0.305082
vn 0.325233 0.895069 0.305082
vn -0.609591 0.000509 -0.792716
vn -0.610102 0.000689 -0.792323
vn -0.610102 0.000689 -0.792323
vn 0.694655 0.305884 -0.651067
vn 0.694655 0.305884 -0.651067
vn 0.694655 0.305884 -0.651067
vn 0.723632 0.215389 -0.655717
vn 0.723632 0.215389 -0.655717
vn 0.723632 0.215389 -0.655717
vn -0.157092 0.672280 -0.723437
vn -0.157092 0.672280 -0.723437
vn -0.157092 0.672280 -0.723437
vn 0.081320 0.305807 -0.948614
vn 0.081320 0.305807 -0.948614
vn 0.081320 0.305807 -0.948614
vn 0.064683 0.310741 -0.948291
vn 0.064683 0.310741 -0.948291
vn 0.064683 0.310741 -0.948291
vn 0.130708 0.294684 -0.946613
vn 0.130708 0.294684 -0.946613
vn 0.130708 0.294684 -0.946613
vn -0.610102 0.000689 -0.792323
vn -0.610717 0.000976 -0.791848
vn -0.150778 0.665823 -0.730716
vn -0.150778 0.665823 -0.730716
vn -0.150778 0.665823 -0.730716
vn 0.608843 -0.673222 -0.419622
vn 0.105971 0.284113 -0.952917
vn 0.105971 0.284113 -0.952917
vn 0.105971 0.284113 -0.952917
vn -0.001015 -0.000100 1.000000
vn -0.001015 -0.000100 1.000000
vn -0.001015 -0.000100 1.000000
vn -0.610717 0.000976 -0.791848
vn 0.710226 0.260287 -0.654087
vn 0.710226 0.260287 -0.654087
vn 0.710226 0.260287 -0.654087
vn -0.354598 0.836767 -0.417230
vn -0.354598 0.836767 -0.417230
vn -0.354598 0.836767 -0.417230
vn 0.735345 0.169051 -0.656269
vn 0.735345 0.169051 -0.656269
vn 0.735345 0.169051 -0.656269
vn 0.021043 0.348133 -0.937209
vn 0.021043 0.348133 -0.937209
vn 0.021043 0.348133 -0.937209
vn -0.610717 0.000976 -0.791848
vn -0.611202 0.001288 -0.791473
vn 0.121987 0.272296 -0.954450
vn 0.121987 0.272296 -0.954450
vn 0.121987 0.272296 -0.954450
vn 0.608843 -0.673222 -0.419622
vn 0.471428 -0.784409 -0.403061
vn 0.055326 0.289387 -0.955612
vn 0.055326 0.289387 -0.955612
vn 0.055326 0.289387 -0.955612
vn 0.030620 0.333857 -0.942126
vn 0.030620 0.333857 -0.942126
vn 0.030620 0.333857 -0.942126
vn 0.105371 0.256793 -0.960705
vn 0.105371 0.256793 -0.960705
vn 0.105371 0.256793 -0.960705
vn -0.132993 0.600336 -0.788613
vn -0.132993 0.600336 -0.788612
vn -0.132993 0.600336 -0.788612
vn -0.109242 0.561746 -0.820066
vn -0.109242 0.561746 -0.820066
vn -0.109242 0.561746 -0.820066
vn -0.611202 0.001288 -0.791473
vn -0.029336 0.420790 -0.906684
vn -0.029336 0.420790 -0.906684
vn -0.029336 0.420790 -0.906684
vn 0.056814 0.283569 -0.957267
vn 0.056814 0.283569 -0.957267
vn 0.056814 0.283569 -0.957267
vn -0.032274 0.425545 -0.904362
vn -0.032274 0.425545 -0.904362
vn -0.032274 0.425545 -0.904362
vn -0.611202 0.001288 -0.791473
vn -0.612342 0.001712 -0.790591
vn 0.743974 0.127689 -0.655895
vn 0.743974 0.127689 -0.655895
vn 0.743974 0.127689 -0.655895
vn 0.117473 0.246617 -0.961967
vn 0.117473 0.246617 -0.961967
vn 0.117473 0.246617 -0.961967
vn -0.191759 0.657155 -0.728956
vn -0.191759 0.657155 -0.728956
vn -0.191759 0.657155 -0.728956
vn 0.723232 0.212210 -0.657193
vn 0.723232 0.212210 -0.657193
vn 0.723232 0.212210 -0.657193
vn 0.106913 0.226726 -0.968073
vn 0.106913 0.226726 -0.968073
vn 0.106913 0.226726 -0.968073
vn -0.612342 0.001712 -0.790591
vn 0.047388 0.268380 -0.962147
vn 0.047388 0.268380 -0.962147
vn 0.047388 0.268380 -0.962147
vn -0.355834 0.833692 -0.422304
vn -0.355834 0.833692 -0.422304
vn -0.355834 0.833692 -0.422304
vn 0.020310 0.310566 -0.950335
vn 0.020310 0.310566 -0.950335
vn 0.020310 0.310566 -0.950335
vn -0.193723 0.661897 -0.724130
vn -0.193722 0.661897 -0.724130
vn -0.193722 0.661897 -0.724130
vn 0.116559 0.217626 -0.969047
vn 0.116559 0.217626 -0.969047
vn 0.116559 0.217626 -0.969047
vn 0.048977 0.262391 -0.963718
vn 0.048977 0.262391 -0.963718
vn 0.048977 0.262391 -0.963718
vn 0.749647 0.094172 -0.655104
vn 0.749647 0.094172 -0.655104
vn 0.749647 0.094172 -0.655104
vn 0.471428 -0.784409 -0.403061
vn -0.001555 0.000553 0.999999
vn -0.001555 0.000553 0.999999
vn -0.001555 0.000553 0.999999
vn -0.000000 0.000000 -1.000000
vn -0.000000 0.000000 -1.000000
vn -0.000000 0.000000 -1.000000
vn -0.612342 0.001712 -0.790591
vn -0.613696 0.001886 -0.789540
vn -0.613696 0.001886 -0.789540
vn 0.734913 0.166328 -0.657449
vn 0.734913 0.166328 -0.657449
vn 0.734912 0.166328 -0.657449
vn 0.110093 0.192535 -0.975095
vn 0.110093 0.192535 -0.975095
vn 0.110093 0.192535 -0.975095
vn 0.031886 0.293676 -0.955373
vn 0.031886 0.293676 -0.955373
vn 0.031886 0.293676 -0.955373
vn 0.041317 0.246739 -0.968201
vn 0.041317 0.246739 -0.968201
vn 0.041317 0.246739 -0.968201
vn -0.613696 0.001886 -0.789540
vn -0.615310 0.001957 -0.788283
vn -0.102158 0.492488 -0.864303
vn -0.102158 0.492488 -0.864303
vn -0.102158 0.492488 -0.864303
vn 0.026487 0.281981 -0.959054
vn 0.026487 0.281981 -0.959054
vn 0.026487 0.281981 -0.959054
vn 0.117860 0.184203 -0.975796
vn 0.117860 0.184203 -0.975796
vn 0.117860 0.184203 -0.975796
vn -0.089399 0.469840 -0.878213
vn -0.089399 0.469840 -0.878213
vn -0.089399 0.469840 -0.878213
vn -0.615310 0.001957 -0.788283
vn -0.019683 0.357291 -0.933786
vn -0.019683 0.357291 -0.933786
vn -0.019683 0.357291 -0.933786
vn 0.752820 0.071138 -0.654371
vn 0.752820 0.071138 -0.654371
vn 0.752820 0.071138 -0.654371
vn -0.019285 0.356646 -0.934041
vn -0.019285 0.356646 -0.934041
vn -0.019285 0.356646 -0.934041
vn 0.042457 0.242565 -0.969206
vn 0.042457 0.242565 -0.969206
vn 0.042457 0.242565 -0.969206
vn 0.743542 0.125422 -0.656821
vn 0.743542 0.125422 -0.656821
vn 0.743542 0.125422 -0.656821
vn 0.114532 0.152736 -0.981608
vn 0.114532 0.152736 -0.981608
vn 0.114532 0.152736 -0.981608
vn 0.037555 0.223173 -0.974055
vn 0.037555 0.223173 -0.974055
vn 0.037555 0.223173 -0.974055
vn -0.415302 0.796854 -0.438804
vn -0.415302 0.796854 -0.438804
vn -0.415302 0.796854 -0.438804
vn -0.615310 0.001957 -0.788283
vn -0.616837 0.001725 -0.787089
vn -0.616837 0.001725 -0.787089
vn 0.123571 0.106409 -0.986614
vn 0.123571 0.106409 -0.986614
vn 0.123571 0.106409 -0.986614
vn 0.120757 0.145221 -0.982002
vn 0.120757 0.145221 -0.982002
vn 0.120757 0.145221 -0.982002
vn -0.212638 0.608837 -0.764266
vn -0.212638 0.608837 -0.764266
vn -0.212638 0.608837 -0.764266
vn -0.616837 0.001725 -0.787089
vn -0.618056 0.001332 -0.786133
vn 0.754966 0.052276 -0.653677
vn 0.754966 0.052276 -0.653677
vn 0.754966 0.052276 -0.653676
vn 0.749292 0.092680 -0.655722
vn 0.749292 0.092680 -0.655722
vn 0.749292 0.092680 -0.655722
vn 0.037649 0.222849 -0.974126
vn 0.037649 0.222849 -0.974126
vn 0.037649 0.222849 -0.974126
vn 0.021851 0.258555 -0.965749
vn 0.021851 0.258555 -0.965749
vn 0.021851 0.258555 -0.965750
vn 0.036436 0.196020 -0.979923
vn 0.036436 0.196020 -0.979923
vn 0.036436 0.196020 -0.979923
vn -0.618056 0.001332 -0.786133
vn -0.197267 0.581773 -0.789067
vn -0.197267 0.581773 -0.789067
vn -0.197267 0.581773 -0.789067
vn 0.127343 0.065592 -0.989688
vn 0.127343 0.065592 -0.989688
vn 0.127343 0.065592 -0.989688
vn 0.020856 0.262877 -0.964604
vn 0.020856 0.262878 -0.964604
vn 0.020856 0.262878 -0.964604
vn 0.259924 -0.872536 -0.413667
vn 0.471428 -0.784409 -0.403061
vn 0.259924 -0.872536 -0.413667
vn 0.121654 0.099387 -0.987584
vn 0.121654 0.099387 -0.987584
vn 0.121654 0.099387 -0.987584
vn 0.752569 0.070224 -0.654758
vn 0.752569 0.070224 -0.654758
vn 0.752569 0.070224 -0.654758
vn -0.416516 0.783805 -0.460612
vn -0.416516 0.783805 -0.460612
vn -0.416516 0.783805 -0.460612
vn 0.756393 0.038184 -0.653002
vn 0.756393 0.038184 -0.653002
vn 0.756393 0.038184 -0.653002
vn 0.034950 0.201876 -0.978787
vn 0.034950 0.201876 -0.978787
vn 0.034950 0.201876 -0.978787
vn 0.037074 0.164386 -0.985699
vn 0.037074 0.164386 -0.985699
vn 0.037074 0.164386 -0.985699
vn -0.013987 0.309449 -0.950813
vn -0.013987 0.309449 -0.950813
vn -0.013987 0.309449 -0.950813
vn -0.618056 0.001332 -0.786133
vn -0.620062 -0.039842 -0.783540
vn -0.620062 -0.039842 -0.783540
vn -0.083268 0.410541 -0.908032
vn -0.083268 0.410541 -0.908032
vn -0.083268 0.410541 -0.908032
vn 0.129950 0.034563 -0.990918
vn 0.129950 0.034563 -0.990918
vn 0.129950 0.034563 -0.990918
vn -0.010509 0.303881 -0.952652
vn -0.010509 0.303881 -0.952652
vn -0.010509 0.303881 -0.952652
vn -0.074171 0.395126 -0.915628
vn -0.074171 0.395126 -0.915628
vn -0.074171 0.395126 -0.915628
vn 0.016621 0.237436 -0.971261
vn 0.016621 0.237436 -0.971261
vn 0.016621 0.237436 -0.971261
vn 0.126048 0.060961 -0.990149
vn 0.126048 0.060961 -0.990149
vn 0.126048 0.060961 -0.990149
vn 0.754883 0.051864 -0.653806
vn 0.754883 0.051864 -0.653806
vn 0.754883 0.051864 -0.653806
vn 0.034341 0.176435 -0.983713
vn 0.034341 0.176435 -0.983713
vn 0.034341 0.176435 -0.983713
vn 0.038976 0.127098 -0.991124
vn 0.038976 0.127098 -0.991124
vn 0.038976 0.127098 -0.991124
vn 0.757138 0.028875 -0.652617
vn 0.757137 0.028875 -0.652617
vn 0.757137 0.028875 -0.652617
vn 0.016898 0.236243 -0.971547
vn 0.016898 0.236243 -0.971547
vn 0.016898 0.236243 -0.971547
vn -0.620062 -0.039842 -0.783540
vn -0.621000 -0.100421 -0.777351
vn -0.621000 -0.100421 -0.777351
vn 0.131285 0.016303 -0.991211
vn 0.131285 0.016303 -0.991211
vn 0.131285 0.016303 -0.991211
vn -0.621000 -0.100421 -0.777351
vn -0.620912 -0.159321 -0.767519
vn -0.005814 0.267168 -0.963632
vn -0.005814 0.267168 -0.963632
vn -0.005814 0.267168 -0.963632
vn 0.129259 0.032107 -0.991091
vn 0.129259 0.032107 -0.991091
vn 0.129259 0.032107 -0.991091
vn 0.011841 0.216903 -0.976121
vn 0.011841 0.216903 -0.976121
vn 0.011841 0.216903 -0.976121
vn 0.042074 0.083593 -0.995611
vn 0.042074 0.083593 -0.995611
vn 0.042074 0.083593 -0.995611
vn -0.202782 0.524770 -0.826738
vn -0.202782 0.524770 -0.826738
vn -0.202782 0.524770 -0.826738
vn 0.035198 0.146090 -0.988645
vn 0.035198 0.146090 -0.988645
vn 0.035198 0.146090 -0.988645
vn 0.756280 0.037982 -0.653145
vn 0.756280 0.037982 -0.653145
vn 0.756280 0.037982 -0.653145
vn 0.757447 0.024281 -0.652445
vn 0.757447 0.024281 -0.652445
vn 0.757447 0.024281 -0.652445
vn 0.131238 0.012280 -0.991275
vn 0.131238 0.012280 -0.991275
vn 0.131238 0.012280 -0.991275
vn -0.620912 -0.159321 -0.767519
vn 0.036567 -0.906616 -0.420370
vn 0.259924 -0.872536 -0.413667
vn 0.036567 -0.906616 -0.420370
vn 0.130874 0.015008 -0.991286
vn 0.130874 0.015008 -0.991286
vn 0.130874 0.015008 -0.991286
vn -0.464887 0.739648 -0.486623
vn -0.464887 0.739648 -0.486623
vn -0.464887 0.739648 -0.486623
vn -0.620912 -0.159321 -0.767519
vn -0.625914 -0.207714 -0.751722
vn -0.183285 0.494446 -0.849665
vn -0.183285 0.494446 -0.849665
vn -0.183285 0.494446 -0.849665
vn 0.012689 0.213576 -0.976844
vn 0.012689 0.213576 -0.976844
vn 0.012689 0.213576 -0.976844
vn 0.044743 0.046988 -0.997893
vn 0.044743 0.046988 -0.997893
vn 0.044743 0.046988 -0.997893
vn 0.037309 0.111142 -0.993104
vn 0.037309 0.111142 -0.993104
vn 0.037309 0.111142 -0.993104
vn 0.008247 0.195765 -0.980616
vn 0.008247 0.195765 -0.980616
vn 0.008247 0.195765 -0.980616
vn 0.757097 0.028832 -0.652666
vn 0.757097 0.028832 -0.652665
vn 0.757097 0.028832 -0.652666
vn 0.131192 0.009012 -0.991316
vn 0.131192 0.009012 -0.991316
vn 0.131192 0.009012 -0.991316
vn 0.036567 -0.906616 -0.420370
vn -0.145506 -0.897210 -0.416945
vn 0.757733 0.018744 -0.652295
vn 0.757733 0.018744 -0.652295
vn 0.757733 0.018744 -0.652295
vn 0.130965 0.011415 -0.991321
vn 0.130965 0.011415 -0.991321
vn 0.130965 0.011415 -0.991321
vn -0.066918 0.340412 -0.937892
vn -0.066918 0.340412 -0.937892
vn -0.066918 0.340412 -0.937892
vn -0.625914 -0.207714 -0.751722
vn -0.062119 0.332794 -0.940951
vn -0.062119 0.332794 -0.940951
vn -0.062119 0.332794 -0.940951
vn -0.005701 0.237010 -0.971491
vn -0.005701 0.237010 -0.971491
vn -0.005701 0.237010 -0.971491
vn -0.009952 0.256977 -0.966366
vn -0.009952 0.256977 -0.966366
vn -0.009952 0.256977 -0.966366
vn 0.046712 0.020249 -0.998703
vn 0.046712 0.020249 -0.998703
vn 0.046712 0.020249 -0.998703
vn 0.040853 0.072476 -0.996533
vn 0.040853 0.072476 -0.996533
vn 0.040853 0.072476 -0.996533
vn -0.462945 0.721821 -0.514447
vn -0.462945 0.721821 -0.514447
vn -0.462945 0.721821 -0.514447
vn 0.009020 0.192664 -0.981223
vn 0.009020 0.192664 -0.981223
vn 0.009020 0.192664 -0.981223
vn 0.913604 -0.355444 0.197452
vn 0.913604 -0.355444 0.197452
vn 0.913604 -0.355444 0.197452
vn -0.293639 -0.844341 0.448179
vn -0.293639 -0.844341 0.448179
vn -0.293639 -0.844341 0.448179
vn 0.006815 0.170243 -0.985379
vn 0.006815 0.170243 -0.985379
vn 0.006815 0.170243 -0.985379
vn 0.131099 0.006584 -0.991347
vn 0.131099 0.006584 -0.991347
vn 0.131099 0.006584 -0.991347
vn 0.757440 0.024257 -0.652454
vn 0.757439 0.024257 -0.652455
vn 0.757440 0.024257 -0.652454
vn 0.130935 0.008279 -0.991356
vn 0.130935 0.008279 -0.991356
vn 0.130935 0.008279 -0.991356
vn 0.757955 0.012160 -0.652194
vn 0.757955 0.012160 -0.652194
vn 0.757955 0.012160 -0.652194
vn -0.145506 -0.897210 -0.416945
vn 0.047754 0.005476 -0.998844
vn 0.047754 0.005476 -0.998844
vn 0.047754 0.005476 -0.998844
vn 0.043975 0.040478 -0.998212
vn 0.043975 0.040478 -0.998212
vn 0.043975 0.040478 -0.998212
vn 0.006819 0.139941 -0.990136
vn 0.006819 0.139941 -0.990136
vn 0.006819 0.139941 -0.990136
vn -0.625914 -0.207714 -0.751722
vn -0.622005 -0.286134 -0.728860
vn -0.622005 -0.286134 -0.728860
vn 0.006468 0.171683 -0.985131
vn 0.006468 0.171683 -0.985131
vn 0.006468 0.171683 -0.985131
vn 0.131056 0.004991 -0.991362
vn 0.131056 0.004991 -0.991362
vn 0.131056 0.004991 -0.991362
vn -0.052044 0.271381 -0.961064
vn -0.052044 0.271381 -0.961064
vn -0.052044 0.271381 -0.961064
vn 0.757764 0.018719 -0.652260
vn 0.757764 0.018719 -0.652260
vn 0.757764 0.018719 -0.652260
vn 0.130950 0.006177 -0.991370
vn 0.130950 0.006177 -0.991370
vn 0.130950 0.006177 -0.991370
vn -0.007894 0.212368 -0.977158
vn -0.007894 0.212368 -0.977158
vn -0.007894 0.212368 -0.977158
vn 0.046351 0.017304 -0.998775
vn 0.046351 0.017304 -0.998775
vn 0.046351 0.017304 -0.998775
vn 0.047707 0.004206 -0.998853
vn 0.047707 0.004206 -0.998853
vn 0.047707 0.004206 -0.998853
vn -0.182127 0.430380 -0.884083
vn -0.182127 0.430380 -0.884083
vn -0.182127 0.430380 -0.884083
vn -0.145506 -0.897210 -0.416945
vn -0.272599 -0.869277 -0.412369
vn -0.010084 0.221980 -0.974999
vn -0.010084 0.221980 -0.974999
vn -0.010084 0.221980 -0.974999
vn 0.758095 0.004473 -0.652129
vn 0.758095 0.004473 -0.652129
vn 0.758095 0.004473 -0.652129
vn 0.007727 0.105201 -0.994421
vn 0.007727 0.105201 -0.994421
vn 0.007727 0.105201 -0.994421
vn -0.167031 0.409215 -0.897019
vn -0.167031 0.409215 -0.897019
vn -0.167031 0.409215 -0.897019
vn 0.005538 0.145916 -0.989282
vn 0.005538 0.145916 -0.989282
vn 0.005538 0.145916 -0.989282
vn -0.272599 -0.869277 -0.412369
vn 0.130909 0.004194 -0.991386
vn 0.130909 0.004194 -0.991386
vn 0.130909 0.004194 -0.991386
vn 0.047655 0.004722 -0.998853
vn 0.047655 0.004722 -0.998853
vn 0.047655 0.004722 -0.998853
vn 0.047671 0.002967 -0.998859
vn 0.047671 0.002967 -0.998859
vn 0.047671 0.002967 -0.998859
vn 0.130868 0.004589 -0.991389
vn 0.130868 0.004589 -0.991389
vn 0.130868 0.004589 -0.991389
vn 0.757974 0.012162 -0.652172
vn 0.757974 0.012162 -0.652172
vn 0.757974 0.012162 -0.652172
vn -0.622005 -0.286134 -0.728860
vn -0.608075 -0.390301 -0.691310
vn -0.608075 -0.390301 -0.691310
vn 0.009428 0.066927 -0.997713
vn 0.009428 0.066927 -0.997713
vn 0.009428 0.066927 -0.997713
vn -0.515374 0.654827 -0.552804
vn -0.515373 0.654827 -0.552804
vn -0.515373 0.654827 -0.552804
vn 0.685802 -0.727788 0.000000
vn 0.685802 -0.727788 0.000000
vn 0.685802 -0.727788 0.000000
vn 0.000000 -0.000000 -1.000000
vn 0.000000 -0.000000 -1.000000
vn 0.000000 -0.000000 -1.000000
vn -0.010883 0.190364 -0.981653
vn -0.010883 0.190364 -0.981653
vn -0.010883 0.190364 -0.981653
vn 0.005708 0.115885 -0.993246
vn 0.005708 0.115885 -0.993246
vn 0.005708 0.115885 -0.993246
vn 0.047604 0.003533 -0.998860
vn 0.047604 0.003533 -0.998860
vn 0.047604 0.003533 -0.998860
vn -0.053580 0.269243 -0.961581
vn -0.053580 0.269243 -0.961581
vn -0.053580 0.269243 -0.961581
vn -0.608075 -0.390301 -0.691310
vn -0.575809 -0.516552 -0.633733
vn 0.047628 0.002294 -0.998863
vn 0.047628 0.002294 -0.998863
vn 0.047628 0.002294 -0.998863
vn 0.130824 0.003232 -0.991400
vn 0.130824 0.003232 -0.991400
vn 0.130824 0.003232 -0.991400
vn 0.758144 -0.004453 -0.652072
vn 0.758144 -0.004453 -0.652072
vn 0.758144 -0.004453 -0.652072
vn -0.353033 -0.835262 -0.421551
vn -0.272599 -0.869277 -0.412369
vn -0.353033 -0.835262 -0.421551
vn 0.130826 0.003924 -0.991398
vn 0.130826 0.003924 -0.991398
vn 0.130826 0.003924 -0.991398
vn 0.011100 0.035542 -0.999307
vn 0.011100 0.035542 -0.999307
vn 0.011100 0.035542 -0.999307
vn -0.011742 0.193993 -0.980933
vn -0.011742 0.193993 -0.980933
vn -0.011742 0.193993 -0.980933
vn 0.758122 0.004463 -0.652097
vn 0.758122 0.004463 -0.652097
vn 0.758122 0.004463 -0.652097
vn -0.045899 0.228587 -0.972441
vn -0.045899 0.228587 -0.972441
vn -0.045899 0.228587 -0.972441
vn -0.511179 0.637461 -0.576489
vn -0.511179 0.637461 -0.576489
vn -0.511178 0.637461 -0.576489
vn 0.006664 0.083663 -0.996472
vn 0.006664 0.083663 -0.996472
vn 0.006664 0.083663 -0.996472
vn 0.047612 0.002601 -0.998863
vn 0.047612 0.002601 -0.998863
vn 0.047612 0.002601 -0.998863
vn -0.353033 -0.835262 -0.421551
vn -0.407585 -0.791234 -0.455877
vn -0.575809 -0.516552 -0.633733
vn -0.013630 0.168925 -0.985535
vn -0.013630 0.168925 -0.985535
vn -0.013630 0.168925 -0.985535
vn 0.047569 0.001647 -0.998867
vn 0.047569 0.001647 -0.998867
vn 0.047569 0.001647 -0.998867
vn 0.012469 0.013103 -0.999837
vn 0.012469 0.013103 -0.999837
vn 0.012469 0.013103 -0.999837
vn 0.758123 -0.004420 -0.652097
vn 0.758123 -0.004420 -0.652097
vn 0.758123 -0.004420 -0.652097
vn 0.130727 0.002099 -0.991416
vn 0.130727 0.002099 -0.991416
vn 0.130727 0.002099 -0.991416
vn -0.407585 -0.791234 -0.455877
vn 0.130685 0.002929 -0.991420
vn 0.130685 0.002929 -0.991420
vn 0.130685 0.002929 -0.991420
vn 0.757984 -0.012162 -0.652160
vn 0.757984 -0.012162 -0.652160
vn 0.757984 -0.012162 -0.652160
vn -0.575809 -0.516553 -0.633733
vn -0.503518 -0.648496 -0.570896
vn 0.008596 0.052667 -0.998575
vn 0.008596 0.052667 -0.998575
vn 0.008596 0.052667 -0.998575
vn -0.159822 0.323046 -0.932791
vn -0.159822 0.323046 -0.932791
vn -0.159822 0.323046 -0.932791
vn 0.047566 0.001901 -0.998866
vn 0.047566 0.001901 -0.998866
vn 0.047566 0.001901 -0.998866
vn -0.407585 -0.791234 -0.455877
vn -0.453531 -0.732401 -0.507837
vn -0.013793 0.169603 -0.985416
vn -0.013793 0.169603 -0.985416
vn -0.013793 0.169603 -0.985416
vn -0.153118 0.314875 -0.936701
vn -0.153118 0.314875 -0.936701
vn -0.153118 0.314875 -0.936701
vn 0.013265 0.001343 -0.999911
vn 0.013265 0.001343 -0.999911
vn 0.013265 0.001343 -0.999911
vn -0.453531 -0.732401 -0.507837
vn 0.047530 0.001447 -0.998869
vn 0.047530 0.001447 -0.998869
vn 0.047530 0.001447 -0.998869
vn -0.503518 -0.648496 -0.570896
vn -0.014754 0.142724 -0.989653
vn -0.014754 0.142724 -0.989653
vn -0.014754 0.142724 -0.989653
vn -0.830079 0.322062 0.455242
vn -0.830079 0.322062 0.455242
vn -0.830079 0.322062 0.455242
vn 0.010573 0.027710 -0.999560
vn 0.010573 0.027710 -0.999560
vn 0.010573 0.027710 -0.999560
vn 0.130717 0.000772 -0.991419
vn 0.130717 0.000772 -0.991419
vn 0.130717 0.000772 -0.991419
vn -0.503518 -0.648496 -0.570896
vn -0.503518 -0.648496 -0.570896
vn -0.453531 -0.732401 -0.507837
vn 0.130681 0.002009 -0.991422
vn 0.130681 0.002009 -0.991422
vn 0.130681 0.002009 -0.991422
vn 0.758022 -0.012164 -0.652116
vn 0.758022 -0.012164 -0.652116
vn 0.758022 -0.012164 -0.652116
vn -0.049206 0.221895 -0.973828
vn -0.049206 0.221895 -0.973828
vn -0.049206 0.221895 -0.973828
vn 0.757687 -0.018698 -0.652351
vn 0.757687 -0.018698 -0.652351
vn 0.757687 -0.018698 -0.652351
vn -0.043861 0.196275 -0.979567
vn -0.043861 0.196275 -0.979567
vn -0.043861 0.196275 -0.979567
vn 0.047538 0.001439 -0.998868
vn 0.047538 0.001439 -0.998868
vn 0.047538 0.001439 -0.998868
vn 0.013247 0.000983 -0.999912
vn 0.013247 0.000983 -0.999912
vn 0.013247 0.000983 -0.999912
vn -0.015013 0.112421 -0.993547
vn -0.015013 0.112421 -0.993547
vn -0.015013 0.112421 -0.993547
vn 0.047488 0.001022 -0.998871
vn 0.047488 0.001022 -0.998871
vn 0.047488 0.001022 -0.998871
vn 0.012249 0.010171 -0.999873
vn 0.012249 0.010171 -0.999873
vn 0.012249 0.010171 -0.999873
vn -0.015456 0.145843 -0.989187
vn -0.015456 0.145843 -0.989187
vn -0.015456 0.145843 -0.989187
vn 0.130707 0.000750 -0.991421
vn 0.130707 0.000750 -0.991421
vn 0.130707 0.000750 -0.991421
vn 0.757740 -0.018728 -0.652288
vn 0.757740 -0.018728 -0.652288
vn 0.757740 -0.018728 -0.652288
vn -0.576227 0.516934 -0.633042
vn -0.576227 0.516934 -0.633042
vn -0.576227 0.516934 -0.633042
vn 0.013223 0.000723 -0.999912
vn 0.013223 0.000723 -0.999912
vn 0.013223 0.000723 -0.999912
vn 0.757405 -0.024283 -0.652493
vn 0.757405 -0.024283 -0.652493
vn 0.757405 -0.024283 -0.652493
vn 0.047482 0.001208 -0.998871
vn 0.047482 0.001208 -0.998871
vn 0.047482 0.001208 -0.998871
vn 0.130718 -0.000707 -0.991419
vn 0.130718 -0.000707 -0.991419
vn 0.130718 -0.000707 -0.991419
vn -0.015030 0.080141 -0.996670
vn -0.015030 0.080141 -0.996670
vn -0.015030 0.080141 -0.996670
vn 0.013239 0.001007 -0.999912
vn 0.013239 0.001007 -0.999912
vn 0.013239 0.001007 -0.999912
vn -0.570209 0.500703 -0.651274
vn -0.570209 0.500703 -0.651274
vn -0.570209 0.500703 -0.651274
vn 0.047472 0.000771 -0.998872
vn 0.047472 0.000771 -0.998872
vn 0.047472 0.000771 -0.998872
vn -0.015952 0.117002 -0.993004
vn -0.015952 0.117002 -0.993004
vn -0.015952 0.117002 -0.993004
vn 0.130672 -0.000718 -0.991425
vn 0.130672 -0.000718 -0.991425
vn 0.130672 -0.000718 -0.991425
vn -0.043952 0.169454 -0.984558
vn -0.043952 0.169454 -0.984558
vn -0.043952 0.169454 -0.984558
vn -0.144827 0.250518 -0.957218
vn -0.144827 0.250518 -0.957218
vn -0.144827 0.250518 -0.957218
vn -0.143403 0.248933 -0.957846
vn -0.143403 0.248933 -0.957846
vn -0.143403 0.248933 -0.957846
vn 0.013210 0.000528 -0.999913
vn 0.013210 0.000528 -0.999913
vn 0.013210 0.000528 -0.999913
vn -0.047558 0.185847 -0.981427
vn -0.047558 0.185847 -0.981427
vn -0.047558 0.185847 -0.981427
vn -0.014976 0.049343 -0.998670
vn -0.014976 0.049343 -0.998670
vn -0.014976 0.049343 -0.998670
vn 0.757444 -0.024257 -0.652449
vn 0.757444 -0.024257 -0.652449
vn 0.757444 -0.024257 -0.652449
vn 0.013221 0.000759 -0.999912
vn 0.013221 0.000759 -0.999912
vn 0.013221 0.000759 -0.999912
vn 0.047475 0.000932 -0.998872
vn 0.047475 0.000932 -0.998872
vn 0.047475 0.000932 -0.998872
vn 0.757085 -0.028852 -0.652679
vn 0.757085 -0.028852 -0.652679
vn 0.757085 -0.028852 -0.652679
vn 0.130752 -0.002101 -0.991413
vn 0.130752 -0.002101 -0.991413
vn 0.130752 -0.002101 -0.991413
vn -0.015931 0.085137 -0.996242
vn -0.015931 0.085137 -0.996242
vn -0.015931 0.085137 -0.996242
vn 0.047447 0.000293 -0.998874
vn 0.047447 0.000293 -0.998874
vn 0.047447 0.000293 -0.998874
vn 0.130692 -0.001878 -0.991421
vn 0.130692 -0.001878 -0.991421
vn 0.130692 -0.001878 -0.991421
vn 0.013193 0.000399 -0.999913
vn 0.013193 0.000399 -0.999913
vn 0.013193 0.000399 -0.999913
vn -0.014468 0.024750 -0.999589
vn -0.014468 0.024750 -0.999589
vn -0.014468 0.024750 -0.999589
vn 0.013204 0.000559 -0.999913
vn 0.013204 0.000559 -0.999913
vn 0.013204 0.000559 -0.999913
vn 0.047446 0.000640 -0.998874
vn 0.047446 0.000640 -0.998874
vn 0.047446 0.000640 -0.998874
vn -0.044791 0.144611 -0.988474
vn -0.044791 0.144611 -0.988474
vn -0.044791 0.144611 -0.988474
vn 0.757143 -0.028833 -0.652613
vn 0.757142 -0.028833 -0.652613
vn 0.757143 -0.028833 -0.652613
vn -0.015899 0.055140 -0.998352
vn -0.015899 0.055140 -0.998352
vn -0.015899 0.055140 -0.998352
vn 0.756388 -0.038207 -0.653007
vn 0.756388 -0.038207 -0.653007
vn 0.756388 -0.038207 -0.653007
vn 0.130815 -0.003232 -0.991402
vn 0.130815 -0.003232 -0.991402
vn 0.130815 -0.003232 -0.991402
vn -0.013783 0.007658 -0.999876
vn -0.013783 0.007658 -0.999876
vn -0.013783 0.007658 -0.999876
vn -0.047280 0.155804 -0.986656
vn -0.047280 0.155804 -0.986656
vn -0.047280 0.155804 -0.986656
vn 0.013180 0.000336 -0.999913
vn 0.013180 0.000336 -0.999913
vn 0.013180 0.000336 -0.999913
vn 0.013186 0.000408 -0.999913
vn 0.013186 0.000408 -0.999913
vn 0.013186 0.000408 -0.999913
vn 0.130760 -0.003061 -0.991409
vn 0.130760 -0.003061 -0.991409
vn 0.130760 -0.003061 -0.991409
vn -0.015706 0.033481 -0.999316
vn -0.015706 0.033481 -0.999316
vn -0.015706 0.033481 -0.999316
vn 0.047439 -0.000261 -0.998874
vn 0.047439 -0.000261 -0.998874
vn 0.047439 -0.000261 -0.998874
vn -0.137096 0.200364 -0.970082
vn -0.137096 0.200364 -0.970082
vn -0.137096 0.200364 -0.970082
vn -0.135331 0.198447 -0.970724
vn -0.135331 0.198447 -0.970724
vn -0.135331 0.198447 -0.970724
vn 0.047428 0.000257 -0.998875
vn 0.047428 0.000257 -0.998875
vn 0.047428 0.000257 -0.998875
vn 0.756321 -0.038008 -0.653096
vn 0.756320 -0.038008 -0.653096
vn 0.756320 -0.038008 -0.653096
vn -0.044656 0.114758 -0.992389
vn -0.044656 0.114758 -0.992389
vn -0.044656 0.114758 -0.992389
vn -0.013257 -0.001009 -0.999912
vn -0.013257 -0.001009 -0.999912
vn -0.013257 -0.001009 -0.999912
vn -0.602605 0.377301 -0.703215
vn -0.602605 0.377300 -0.703215
vn -0.602605 0.377301 -0.703215
vn -0.608822 0.390647 -0.690457
vn -0.608822 0.390647 -0.690457
vn -0.608822 0.390647 -0.690457
vn 0.755006 -0.052302 -0.653629
vn 0.755006 -0.052302 -0.653629
vn 0.755006 -0.052302 -0.653629
vn 0.130934 -0.004194 -0.991382
vn 0.130934 -0.004194 -0.991382
vn 0.130934 -0.004194 -0.991382
vn 0.013166 0.000258 -0.999913
vn 0.013166 0.000258 -0.999913
vn 0.013166 0.000258 -0.999913
vn 0.013180 0.000309 -0.999913
vn 0.013180 0.000309 -0.999913
vn 0.013180 0.000309 -0.999913
vn -0.014923 0.016645 -0.999750
vn -0.014923 0.016645 -0.999750
vn -0.014923 0.016645 -0.999750
vn 0.047433 -0.000222 -0.998874
vn 0.047433 -0.000222 -0.998874
vn 0.047433 -0.000222 -0.998874
vn 0.130792 -0.003824 -0.991403
vn 0.130792 -0.003824 -0.991403
vn 0.130792 -0.003824 -0.991403
vn -0.047323 0.127356 -0.990728
vn -0.047323 0.127356 -0.990728
vn -0.047323 0.127356 -0.990728
vn 0.047444 -0.000640 -0.998874
vn 0.047444 -0.000640 -0.998874
vn 0.047444 -0.000640 -0.998874
vn -0.013224 -0.000760 -0.999912
vn -0.013224 -0.000760 -0.999912
vn -0.013224 -0.000760 -0.999912
vn -0.044494 0.082148 -0.995626
vn -0.044494 0.082148 -0.995626
vn -0.044494 0.082148 -0.995626
vn 0.754872 -0.051877 -0.653817
vn 0.754872 -0.051877 -0.653817
vn 0.754872 -0.051877 -0.653817
vn -0.013952 0.005150 -0.999889
vn -0.013952 0.005150 -0.999889
vn -0.013952 0.005150 -0.999889
vn 0.013167 0.000259 -0.999913
vn 0.013167 0.000259 -0.999913
vn 0.013167 0.000259 -0.999913
vn 0.131021 -0.004988 -0.991367
vn 0.131021 -0.004988 -0.991367
vn 0.131021 -0.004988 -0.991367
vn 0.752820 -0.071128 -0.654372
vn 0.752820 -0.071128 -0.654372
vn 0.752820 -0.071128 -0.654372
vn 0.013153 0.000202 -0.999914
vn 0.013153 0.000202 -0.999914
vn 0.013153 0.000202 -0.999913
vn -0.133274 0.162464 -0.977672
vn -0.133274 0.162464 -0.977673
vn -0.133274 0.162464 -0.977672
vn -0.013194 -0.000558 -0.999913
vn -0.013194 -0.000558 -0.999913
vn -0.013194 -0.000558 -0.999913
vn 0.047438 -0.000604 -0.998874
vn 0.047438 -0.000604 -0.998874
vn 0.047438 -0.000604 -0.998874
vn 0.130932 -0.004696 -0.991380
vn 0.130932 -0.004696 -0.991380
vn 0.130932 -0.004696 -0.991380
vn -0.045129 0.051834 -0.997636
vn -0.045129 0.051834 -0.997636
vn -0.045129 0.051834 -0.997636
vn -0.046595 0.093000 -0.994575
vn -0.046595 0.093000 -0.994575
vn -0.046595 0.093000 -0.994575
vn 0.047498 -0.001156 -0.998871
vn 0.047498 -0.001156 -0.998871
vn 0.047498 -0.001156 -0.998871
vn -0.129497 0.158074 -0.978899
vn -0.129497 0.158074 -0.978899
vn -0.129497 0.158075 -0.978899
vn -0.013231 -0.000671 -0.999912
vn -0.013231 -0.000671 -0.999912
vn -0.013231 -0.000671 -0.999912
vn 0.752560 -0.070202 -0.654771
vn 0.752560 -0.070202 -0.654771
vn 0.752560 -0.070202 -0.654771
vn 0.013157 0.000199 -0.999913
vn 0.013157 0.000199 -0.999914
vn 0.013157 0.000199 -0.999913
vn -0.000000 -0.000001 -1.000000
vn -0.000000 -0.000001 -1.000000
vn -0.000000 -0.000001 -1.000000
vn 0.013150 0.000096 -0.999914
vn 0.013150 0.000096 -0.999914
vn 0.013150 0.000096 -0.999914
vn 0.131106 -0.006619 -0.991346
vn 0.131106 -0.006619 -0.991346
vn 0.131106 -0.006619 -0.991346
vn -0.013172 -0.000408 -0.999913
vn -0.013172 -0.000408 -0.999913
vn -0.013172 -0.000408 -0.999913
vn 0.749635 -0.094184 -0.655116
vn 0.749635 -0.094184 -0.655116
vn 0.749635 -0.094184 -0.655116
vn -0.046870 0.030468 -0.998436
vn -0.046870 0.030468 -0.998436
vn -0.046870 0.030468 -0.998436
vn -0.127291 0.130418 -0.983254
vn -0.127291 0.130418 -0.983254
vn -0.127291 0.130418 -0.983254
vn -0.617630 0.275953 -0.736467
vn -0.617630 0.275953 -0.736467
vn -0.617630 0.275953 -0.736467
vn -0.046070 0.057155 -0.997302
vn -0.046070 0.057155 -0.997302
vn -0.046070 0.057155 -0.997302
vn 0.047437 -0.000931 -0.998874
vn 0.047437 -0.000931 -0.998874
vn 0.047437 -0.000931 -0.998874
vn 0.130941 -0.006108 -0.991371
vn 0.130941 -0.006108 -0.991371
vn 0.130941 -0.006108 -0.991371
vn -0.013199 -0.000506 -0.999913
vn -0.013199 -0.000506 -0.999913
vn -0.013199 -0.000506 -0.999913
vn 0.047512 -0.001345 -0.998870
vn 0.047512 -0.001345 -0.998870
vn 0.047512 -0.001345 -0.998870
vn -0.622964 0.286361 -0.727951
vn -0.622964 0.286361 -0.727951
vn -0.622964 0.286361 -0.727951
vn 0.013147 0.000166 -0.999914
vn 0.013147 0.000166 -0.999914
vn 0.013147 0.000166 -0.999914
vn -0.047525 0.014033 -0.998772
vn -0.047525 0.014033 -0.998771
vn -0.047525 0.014033 -0.998771
vn -0.013156 -0.000308 -0.999913
vn -0.013156 -0.000308 -0.999914
vn -0.013156 -0.000308 -0.999913
vn 0.749323 -0.092662 -0.655689
vn 0.749323 -0.092662 -0.655689
vn 0.749323 -0.092662 -0.655689
vn 0.131182 -0.009047 -0.991317
vn 0.131182 -0.009047 -0.991317
vn 0.131182 -0.009047 -0.991317
vn -0.046494 0.028124 -0.998523
vn -0.046494 0.028124 -0.998523
vn -0.046494 0.028124 -0.998523
vn -0.013172 -0.000372 -0.999913
vn -0.013172 -0.000372 -0.999913
vn -0.013172 -0.000372 -0.999913
vn 0.013143 -0.000062 -0.999914
vn 0.013143 -0.000062 -0.999914
vn 0.013143 -0.000062 -0.999914
vn 0.047490 -0.001207 -0.998871
vn 0.047490 -0.001207 -0.998871
vn 0.047490 -0.001207 -0.998871
vn 0.744289 -0.125664 -0.655929
vn 0.744289 -0.125664 -0.655929
vn 0.744289 -0.125664 -0.655929
vn -0.124107 0.092603 -0.987938
vn -0.124107 0.092603 -0.987938
vn -0.124107 0.092603 -0.987938
vn 0.131002 -0.008357 -0.991347
vn 0.131002 -0.008357 -0.991347
vn 0.131002 -0.008357 -0.991347
vn -0.129850 0.123917 -0.983760
vn -0.129850 0.123917 -0.983760
vn -0.129850 0.123917 -0.983760
vn 0.047586 -0.001753 -0.998866
vn 0.047586 -0.001753 -0.998866
vn 0.047586 -0.001753 -0.998866
vn -0.047500 0.002976 -0.998867
vn -0.047500 0.002976 -0.998867
vn -0.047500 0.002976 -0.998867
vn -0.013141 -0.000258 -0.999914
vn -0.013141 -0.000258 -0.999914
vn -0.013141 -0.000258 -0.999914
vn -0.047846 0.016383 -0.998720
vn -0.047846 0.016383 -0.998720
vn -0.047846 0.016383 -0.998720
vn 0.013139 0.000048 -0.999914
vn 0.013139 0.000048 -0.999914
vn 0.013139 0.000048 -0.999914
vn -0.013155 -0.000271 -0.999913
vn -0.013155 -0.000271 -0.999914
vn -0.013155 -0.000271 -0.999914
vn 0.131199 -0.012240 -0.991280
vn 0.131199 -0.012240 -0.991280
vn 0.131199 -0.012240 -0.991280
vn 0.743999 -0.123499 -0.656668
vn 0.743999 -0.123499 -0.656668
vn 0.743999 -0.123499 -0.656668
vn -0.622664 0.199209 -0.756707
vn -0.622664 0.199209 -0.756707
vn -0.622664 0.199209 -0.756707
vn 0.013150 -0.000168 -0.999914
vn 0.013150 -0.000168 -0.999914
vn 0.013150 -0.000168 -0.999914
vn -0.121916 0.053815 -0.991080
vn -0.121916 0.053815 -0.991080
vn -0.121916 0.053815 -0.991080
vn 0.047516 -0.001438 -0.998869
vn 0.047516 -0.001438 -0.998870
vn 0.047516 -0.001438 -0.998870
vn -0.047190 -0.002394 -0.998883
vn -0.047190 -0.002394 -0.998883
vn -0.047190 -0.002394 -0.998883
vn 0.130983 -0.011380 -0.991319
vn 0.130983 -0.011380 -0.991319
vn 0.130983 -0.011380 -0.991319
vn 0.013138 -0.000048 -0.999914
vn 0.013138 -0.000048 -0.999914
vn 0.013138 -0.000048 -0.999914
vn 0.047631 -0.002222 -0.998863
vn 0.047631 -0.002222 -0.998863
vn 0.047631 -0.002222 -0.998863
vn -0.048046 0.007497 -0.998817
vn -0.048046 0.007497 -0.998817
vn -0.048046 0.007497 -0.998817
vn -0.126926 0.082507 -0.988475
vn -0.126926 0.082507 -0.988475
vn -0.126926 0.082507 -0.988475
vn 0.736548 -0.163933 -0.656219
vn 0.736548 -0.163933 -0.656219
vn 0.736548 -0.163933 -0.656219
vn -0.013117 -0.000199 -0.999914
vn -0.013117 -0.000199 -0.999914
vn -0.013117 -0.000199 -0.999914
vn -0.013137 -0.000205 -0.999914
vn -0.013137 -0.000205 -0.999914
vn -0.013137 -0.000205 -0.999914
vn -0.626983 0.207871 -0.750788
vn -0.626983 0.207871 -0.750788
vn -0.626983 0.207871 -0.750788
vn -0.122080 0.023326 -0.992246
vn -0.122080 0.023326 -0.992246
vn -0.122080 0.023326 -0.992246
vn -0.047016 -0.001802 -0.998893
vn -0.047016 -0.001802 -0.998892
vn -0.047016 -0.001802 -0.998893
vn 0.131282 -0.016299 -0.991211
vn 0.131282 -0.016299 -0.991211
vn 0.131282 -0.016299 -0.991211
vn -0.047626 0.001552 -0.998864
vn -0.047626 0.001552 -0.998864
vn -0.047626 0.001552 -0.998864
vn 0.013160 -0.000258 -0.999913
vn 0.013160 -0.000258 -0.999913
vn 0.013160 -0.000258 -0.999913
vn -0.626470 0.150714 -0.764736
vn -0.626469 0.150714 -0.764736
vn -0.626469 0.150714 -0.764736
vn 0.736197 -0.161076 -0.657319
vn 0.736197 -0.161076 -0.657319
vn 0.736197 -0.161076 -0.657319
vn 0.047566 -0.001901 -0.998866
vn 0.047566 -0.001901 -0.998866
vn 0.047566 -0.001901 -0.998866
vn 0.013142 -0.000129 -0.999914
vn 0.013142 -0.000129 -0.999914
vn 0.013142 -0.000129 -0.999914
vn -0.124731 0.040153 -0.991378
vn -0.124731 0.040153 -0.991378
vn -0.124731 0.040153 -0.991378
vn 0.130932 -0.015015 -0.991278
vn 0.130932 -0.015015 -0.991278
vn 0.130932 -0.015015 -0.991278
vn 0.047671 -0.003041 -0.998859
vn 0.047671 -0.003041 -0.998859
vn 0.047671 -0.003041 -0.998859
vn -0.013108 -0.000092 -0.999914
vn -0.013108 -0.000092 -0.999914
vn -0.013108 -0.000092 -0.999914
vn -0.013124 -0.000172 -0.999914
vn -0.013124 -0.000172 -0.999914
vn -0.013124 -0.000172 -0.999914
vn -0.046894 -0.001325 -0.998899
vn -0.046894 -0.001325 -0.998899
vn -0.046894 -0.001325 -0.998899
vn 0.726170 -0.206673 -0.655716
vn 0.726170 -0.206673 -0.655716
vn 0.726170 -0.206673 -0.655716
vn -0.047078 -0.001264 -0.998890
vn -0.047078 -0.001264 -0.998890
vn -0.047078 -0.001264 -0.998890
vn -0.127033 0.012180 -0.991824
vn -0.127033 0.012180 -0.991824
vn -0.127033 0.012180 -0.991824
vn -0.124509 0.009806 -0.992170
vn -0.124509 0.009806 -0.992170
vn -0.124509 0.009806 -0.992170
vn 0.130100 -0.033233 -0.990944
vn 0.130100 -0.033233 -0.990944
vn 0.130100 -0.033233 -0.990944
vn 0.013182 -0.000336 -0.999913
vn 0.013182 -0.000336 -0.999913
vn 0.013182 -0.000336 -0.999913
vn 0.047600 -0.002601 -0.998863
vn 0.047600 -0.002601 -0.998863
vn 0.047600 -0.002601 -0.998863
vn 0.013152 -0.000199 -0.999914
vn 0.013152 -0.000199 -0.999914
vn 0.013152 -0.000199 -0.999914
vn -0.013108 -0.000048 -0.999914
vn -0.013108 -0.000048 -0.999914
vn -0.013108 -0.000048 -0.999914
vn 0.047713 -0.004169 -0.998852
vn 0.047713 -0.004169 -0.998852
vn 0.047713 -0.004169 -0.998852
vn -0.013112 -0.000093 -0.999914
vn -0.013112 -0.000093 -0.999914
vn -0.013112 -0.000093 -0.999914
vn 0.129432 -0.030869 -0.991108
vn 0.129432 -0.030869 -0.991108
vn 0.129432 -0.030869 -0.991108
vn 0.725775 -0.203461 -0.657156
vn 0.725775 -0.203461 -0.657156
vn 0.725775 -0.203461 -0.657156
vn -0.624598 0.092509 -0.775448
vn -0.624598 0.092509 -0.775448
vn -0.624598 0.092509 -0.775448
vn -0.046801 -0.000964 -0.998904
vn -0.046801 -0.000964 -0.998904
vn -0.046801 -0.000964 -0.998904
vn -0.123866 0.005193 -0.992285
vn -0.123866 0.005193 -0.992285
vn -0.123866 0.005193 -0.992285
vn -0.046934 -0.000953 -0.998898
vn -0.046934 -0.000953 -0.998898
vn -0.046934 -0.000953 -0.998898
vn -0.126804 0.004078 -0.991919
vn -0.126804 0.004078 -0.991919
vn -0.126804 0.004078 -0.991919
vn 0.013186 -0.000399 -0.999913
vn 0.013186 -0.000399 -0.999913
vn 0.013186 -0.000399 -0.999913
vn -0.621840 0.159298 -0.766772
vn -0.621840 0.159298 -0.766772
vn -0.621840 0.159298 -0.766772
vn 0.047606 -0.003534 -0.998860
vn 0.047606 -0.003534 -0.998860
vn 0.047606 -0.003534 -0.998860
vn 0.713032 -0.251618 -0.654426
vn 0.713032 -0.251618 -0.654426
vn 0.713032 -0.251618 -0.654426
vn 0.013161 -0.000220 -0.999913
vn 0.013161 -0.000220 -0.999913
vn 0.013161 -0.000220 -0.999913
vn -0.125765 0.001713 -0.992059
vn -0.125765 0.001713 -0.992059
vn -0.125765 0.001713 -0.992059
vn -0.013102 -0.000086 -0.999914
vn -0.013102 -0.000086 -0.999914
vn -0.013102 -0.000086 -0.999914
vn -0.046715 -0.000729 -0.998908
vn -0.046715 -0.000729 -0.998908
vn -0.046715 -0.000729 -0.998908
vn 0.127741 -0.061975 -0.989869
vn 0.127741 -0.061975 -0.989869
vn 0.127741 -0.061975 -0.989869
vn -0.046827 -0.000699 -0.998903
vn -0.046827 -0.000699 -0.998903
vn -0.046827 -0.000699 -0.998903
vn -0.126043 -0.001157 -0.992024
vn -0.126043 -0.001157 -0.992024
vn -0.126043 -0.001157 -0.992024
vn 0.047760 -0.005477 -0.998844
vn 0.047760 -0.005477 -0.998844
vn 0.047760 -0.005477 -0.998844
vn -0.621908 0.033971 -0.782353
vn -0.621908 0.033971 -0.782353
vn -0.621908 0.033971 -0.782353
vn 0.126489 -0.057555 -0.990297
vn 0.126489 -0.057555 -0.990297
vn 0.126489 -0.057555 -0.990297
vn -0.013108 0.000048 -0.999914
vn -0.013108 0.000048 -0.999914
vn -0.013108 0.000048 -0.999914
vn 0.712633 -0.248282 -0.656133
vn 0.712633 -0.248282 -0.656133
vn 0.712633 -0.248282 -0.656133
vn -0.126287 -0.000542 -0.991994
vn -0.126287 -0.000542 -0.991994
vn -0.126287 -0.000542 -0.991994
vn 0.013205 -0.000528 -0.999913
vn 0.013205 -0.000528 -0.999913
vn 0.013205 -0.000528 -0.999913
vn -0.125206 -0.003363 -0.992125
vn -0.125206 -0.003363 -0.992125
vn -0.125206 -0.003363 -0.992125
vn -0.046751 -0.000510 -0.998906
vn -0.046751 -0.000510 -0.998906
vn -0.046751 -0.000510 -0.998906
vn -0.046667 -0.000610 -0.998910
vn -0.046667 -0.000610 -0.998910
vn -0.046667 -0.000610 -0.998910
vn 0.047665 -0.004723 -0.998852
vn 0.047665 -0.004723 -0.998852
vn 0.047665 -0.004723 -0.998852
vn 0.013176 -0.000348 -0.999913
vn 0.013176 -0.000348 -0.999913
vn 0.013176 -0.000348 -0.999913
vn -0.013096 -0.000032 -0.999914
vn -0.013096 -0.000032 -0.999914
vn -0.013096 -0.000032 -0.999914
vn -0.619181 -0.005636 -0.785228
vn -0.619181 -0.005636 -0.785228
vn -0.619181 -0.005636 -0.785228
vn -0.621582 0.100349 -0.776895
vn -0.621582 0.100349 -0.776895
vn -0.621582 0.100349 -0.776895
vn 0.046806 -0.019131 -0.998721
vn 0.046806 -0.019131 -0.998721
vn 0.046806 -0.019131 -0.998721
vn 0.124196 -0.100523 -0.987153
vn 0.124196 -0.100523 -0.987153
vn 0.124196 -0.100523 -0.987153
vn -0.013113 0.000129 -0.999914
vn -0.013113 0.000129 -0.999914
vn -0.013113 0.000129 -0.999914
vn -0.125994 -0.001397 -0.992030
vn -0.125994 -0.001397 -0.992030
vn -0.125994 -0.001397 -0.992030
vn 0.122427 -0.093760 -0.988039
vn 0.122427 -0.093760 -0.988039
vn 0.122427 -0.093760 -0.988039
vn 0.696791 -0.299787 -0.651621
vn 0.696791 -0.299787 -0.651621
vn 0.696791 -0.299787 -0.651621
vn -0.124810 -0.002533 -0.992177
vn -0.124810 -0.002533 -0.992177
vn -0.124810 -0.002533 -0.992177
vn -0.013102 0.000032 -0.999914
vn -0.013102 0.000032 -0.999914
vn -0.013102 0.000032 -0.999914
vn -0.046666 -0.000386 -0.998911
vn -0.046666 -0.000386 -0.998911
vn -0.046666 -0.000386 -0.998910
vn -0.046599 -0.000431 -0.998914
vn -0.046599 -0.000431 -0.998914
vn -0.046599 -0.000431 -0.998914
vn 0.013215 -0.000723 -0.999913
vn 0.013215 -0.000723 -0.999913
vn 0.013215 -0.000723 -0.999913
vn 0.013186 -0.000367 -0.999913
vn 0.013186 -0.000367 -0.999913
vn 0.013186 -0.000367 -0.999913
vn 0.046455 -0.016356 -0.998787
vn 0.046455 -0.016356 -0.998786
vn 0.046455 -0.016356 -0.998786
vn 0.696443 -0.295548 -0.653926
vn 0.696443 -0.295548 -0.653926
vn 0.696443 -0.295548 -0.653926
vn -0.616599 -0.007035 -0.787246
vn -0.616599 -0.007035 -0.787246
vn -0.616599 -0.007035 -0.787246
vn -0.620258 0.039708 -0.783392
vn -0.620258 0.039708 -0.783392
vn -0.620258 0.039708 -0.783392
vn -0.125413 -0.001056 -0.992104
vn -0.125413 -0.001056 -0.992104
vn -0.125413 -0.001056 -0.992104
vn -0.013126 0.000199 -0.999914
vn -0.013126 0.000199 -0.999914
vn -0.013126 0.000199 -0.999914
vn -0.124535 -0.001862 -0.992214
vn -0.124535 -0.001862 -0.992214
vn -0.124535 -0.001862 -0.992214
vn 0.044995 -0.043884 -0.998023
vn 0.044995 -0.043884 -0.998023
vn 0.044995 -0.043884 -0.998023
vn -0.046609 -0.000322 -0.998913
vn -0.046609 -0.000322 -0.998913
vn -0.046609 -0.000322 -0.998913
vn -0.013103 0.000085 -0.999914
vn -0.013103 0.000085 -0.999914
vn -0.013103 0.000085 -0.999914
vn 0.119737 -0.146281 -0.981970
vn 0.119737 -0.146281 -0.981970
vn 0.119737 -0.146281 -0.981970
vn -0.046558 -0.000304 -0.998916
vn -0.046558 -0.000304 -0.998916
vn -0.046558 -0.000304 -0.998916
vn 0.013229 -0.000982 -0.999912
vn 0.013229 -0.000982 -0.999912
vn 0.013229 -0.000982 -0.999912
vn 0.117281 -0.137010 -0.983602
vn 0.117281 -0.137010 -0.983602
vn 0.117281 -0.137010 -0.983602
vn -0.615162 -0.007745 -0.788362
vn -0.615162 -0.007745 -0.788362
vn -0.615162 -0.007745 -0.788362
vn 0.260116 0.825602 0.500720
vn 0.260116 0.825602 0.500720
vn 0.260116 0.825602 0.500720
vn 0.013202 -0.000600 -0.999913
vn 0.013202 -0.000600 -0.999913
vn 0.013202 -0.000600 -0.999913
vn -0.124969 -0.000770 -0.992160
vn -0.124969 -0.000770 -0.992160
vn -0.124969 -0.000770 -0.992160
vn -0.618398 -0.001492 -0.785863
vn -0.618398 -0.001492 -0.785863
vn -0.618398 -0.001492 -0.785863
vn 0.044299 -0.037744 -0.998305
vn 0.044299 -0.037744 -0.998305
vn 0.044299 -0.037744 -0.998305
vn -0.124318 -0.001357 -0.992242
vn -0.124318 -0.001357 -0.992242
vn -0.124318 -0.001357 -0.992242
vn -0.013145 0.000296 -0.999914
vn -0.013145 0.000296 -0.999914
vn -0.013145 0.000296 -0.999914
vn 0.678339 -0.349160 -0.646486
vn 0.678339 -0.349160 -0.646486
vn 0.678339 -0.349160 -0.646486
vn -0.046567 -0.000207 -0.998915
vn -0.046567 -0.000207 -0.998915
vn -0.046567 -0.000207 -0.998915
vn -0.013118 0.000133 -0.999914
vn -0.013118 0.000133 -0.999914
vn -0.013118 0.000133 -0.999914
vn -0.618302 -0.001761 -0.785938
vn -0.618302 -0.001761 -0.785938
vn -0.618302 -0.001761 -0.785938
vn -0.046555 -0.000114 -0.998916
vn -0.046555 -0.000114 -0.998916
vn -0.046555 -0.000114 -0.998916
vn -0.613646 -0.007730 -0.789543
vn -0.613646 -0.007730 -0.789543
vn -0.613646 -0.007730 -0.789543
vn 0.042499 -0.078492 -0.996009
vn 0.042499 -0.078492 -0.996009
vn 0.042499 -0.078492 -0.996009
vn 0.677872 -0.342989 -0.650268
vn 0.677872 -0.342989 -0.650268
vn 0.677872 -0.342989 -0.650268
vn -0.124633 -0.000562 -0.992203
vn -0.124633 -0.000562 -0.992203
vn -0.124633 -0.000562 -0.992203
vn 0.013260 -0.001342 -0.999911
vn 0.013260 -0.001342 -0.999911
vn 0.013260 -0.001342 -0.999911
vn 0.013205 -0.000801 -0.999913
vn 0.013205 -0.000801 -0.999913
vn 0.013205 -0.000801 -0.999913
vn -0.124151 -0.001028 -0.992263
vn -0.124151 -0.001028 -0.992263
vn -0.124151 -0.001028 -0.992263
vn 0.115987 -0.187786 -0.975338
vn 0.115987 -0.187786 -0.975338
vn 0.115987 -0.187786 -0.975338
vn 0.113029 -0.176770 -0.977741
vn 0.113029 -0.176770 -0.977741
vn 0.113029 -0.176770 -0.977741
vn -0.013156 0.000269 -0.999914
vn -0.013156 0.000269 -0.999914
vn -0.013156 0.000269 -0.999914
vn 0.041371 -0.067868 -0.996836
vn 0.041371 -0.067868 -0.996836
vn 0.041371 -0.067868 -0.996836
vn -0.616945 -0.001952 -0.787004
vn -0.616945 -0.001952 -0.787004
vn -0.616945 -0.001952 -0.787004
vn -0.046538 -0.000201 -0.998917
vn -0.046538 -0.000201 -0.998917
vn -0.046538 -0.000201 -0.998917
vn -0.612241 -0.006794 -0.790642
vn -0.612241 -0.006794 -0.790642
vn -0.612241 -0.006794 -0.790642
vn -0.013129 0.000172 -0.999914
vn -0.013129 0.000172 -0.999914
vn -0.013129 0.000172 -0.999914
vn -0.124375 -0.000423 -0.992235
vn -0.124375 -0.000423 -0.992235
vn -0.124375 -0.000423 -0.992235
vn -0.123994 -0.000856 -0.992283
vn -0.123994 -0.000856 -0.992283
vn -0.123994 -0.000856 -0.992283
vn 0.012539 -0.012201 -0.999847
vn 0.012539 -0.012201 -0.999847
vn 0.012539 -0.012201 -0.999847
vn 0.013230 -0.000965 -0.999912
vn 0.013230 -0.000965 -0.999912
vn 0.013230 -0.000965 -0.999912
vn -0.046531 0.000114 -0.998917
vn -0.046531 0.000114 -0.998917
vn -0.046531 0.000114 -0.998917
vn 0.039509 -0.120599 -0.991915
vn 0.039509 -0.120599 -0.991915
vn 0.039509 -0.120599 -0.991915
vn -0.615232 -0.001998 -0.788344
vn -0.615232 -0.001998 -0.788344
vn -0.615232 -0.001998 -0.788344
vn -0.611315 -0.005168 -0.791370
vn -0.611315 -0.005168 -0.791370
vn -0.611315 -0.005168 -0.791370
vn -0.013177 0.000448 -0.999913
vn -0.013177 0.000448 -0.999913
vn -0.013177 0.000448 -0.999913
vn -0.046515 -0.000059 -0.998918
vn -0.046515 -0.000059 -0.998918
vn -0.046515 -0.000059 -0.998918
vn 0.658837 -0.398189 -0.638263
vn 0.658837 -0.398189 -0.638263
vn 0.658837 -0.398189 -0.638263
vn -0.124172 -0.000355 -0.992261
vn -0.124172 -0.000355 -0.992261
vn -0.124172 -0.000355 -0.992261
vn -0.013156 0.000206 -0.999914
vn -0.013156 0.000206 -0.999913
vn -0.013156 0.000206 -0.999913
vn 0.658270 -0.389239 -0.644339
vn 0.658270 -0.389239 -0.644339
vn 0.658270 -0.389239 -0.644339
vn 0.037966 -0.104989 -0.993748
vn 0.037966 -0.104989 -0.993748
vn 0.037966 -0.104989 -0.993748
vn -0.123905 -0.000622 -0.992294
vn -0.123905 -0.000622 -0.992294
vn -0.123905 -0.000622 -0.992294
vn 0.113492 -0.224884 -0.967753
vn 0.113492 -0.224884 -0.967753
vn 0.113492 -0.224884 -0.967753
vn 0.109895 -0.212078 -0.971054
vn 0.109895 -0.212078 -0.971054
vn 0.109895 -0.212078 -0.971054
vn -0.046550 0.000304 -0.998916
vn -0.046550 0.000304 -0.998916
vn -0.046550 0.000304 -0.998916
vn -0.613752 -0.001716 -0.789497
vn -0.613752 -0.001716 -0.789497
vn -0.613752 -0.001716 -0.789497
vn 0.012330 -0.009402 -0.999880
vn 0.012330 -0.009402 -0.999880
vn 0.012330 -0.009402 -0.999880
vn -0.046521 0.000100 -0.998917
vn -0.046521 0.000100 -0.998917
vn -0.046521 0.000100 -0.998917
vn -0.610504 -0.003770 -0.792005
vn -0.610504 -0.003770 -0.792005
vn -0.610504 -0.003770 -0.792005
vn 0.011272 -0.032912 -0.999395
vn 0.011272 -0.032912 -0.999395
vn 0.011272 -0.032912 -0.999395
vn -0.013196 0.000517 -0.999913
vn -0.013196 0.000517 -0.999913
vn -0.013196 0.000517 -0.999913
vn -0.124035 -0.000272 -0.992278
vn -0.124035 -0.000272 -0.992278
vn -0.124035 -0.000272 -0.992278
vn 0.037347 -0.158976 -0.986576
vn 0.037347 -0.158976 -0.986576
vn 0.037347 -0.158976 -0.986576
vn -0.013152 0.000271 -0.999914
vn -0.013152 0.000271 -0.999914
vn -0.013152 0.000271 -0.999914
vn -0.123819 -0.000468 -0.992305
vn -0.123819 -0.000468 -0.992305
vn -0.123819 -0.000468 -0.992305
vn -0.612356 -0.001290 -0.790581
vn -0.612356 -0.001290 -0.790581
vn -0.612356 -0.001290 -0.790581
vn -0.610000 -0.002773 -0.792397
vn -0.610000 -0.002773 -0.792397
vn -0.610000 -0.002773 -0.792397
vn -0.046605 0.000470 -0.998913
vn -0.046605 0.000470 -0.998913
vn -0.046605 0.000470 -0.998913
vn -0.046535 0.000160 -0.998917
vn -0.046535 0.000160 -0.998917
vn -0.046535 0.000160 -0.998917
vn 0.035574 -0.140844 -0.989393
vn 0.035574 -0.140844 -0.989393
vn 0.035574 -0.140844 -0.989393
vn 0.010793 -0.025656 -0.999613
vn 0.010793 -0.025656 -0.999613
vn 0.010793 -0.025656 -0.999613
vn 0.009694 -0.062515 -0.997997
vn 0.009694 -0.062515 -0.997997
vn 0.009694 -0.062515 -0.997997
vn -0.013216 0.000718 -0.999912
vn -0.013216 0.000718 -0.999912
vn -0.013216 0.000718 -0.999912
vn -0.123863 -0.000172 -0.992299
vn -0.123863 -0.000172 -0.992299
vn -0.123863 -0.000172 -0.992299
vn -0.013185 0.000372 -0.999913
vn -0.013185 0.000372 -0.999913
vn -0.013185 0.000372 -0.999913
vn -0.611409 -0.000925 -0.791314
vn -0.611409 -0.000925 -0.791314
vn -0.611409 -0.000925 -0.791314
vn 0.108512 -0.242826 -0.963982
vn 0.108512 -0.242826 -0.963982
vn 0.108512 -0.242827 -0.963982
vn 0.639944 -0.445782 -0.625899
vn 0.639944 -0.445782 -0.625899
vn 0.639944 -0.445782 -0.625899
vn 0.639218 -0.433104 -0.635469
vn 0.639218 -0.433104 -0.635469
vn 0.639218 -0.433104 -0.635469
vn -0.609615 -0.002082 -0.792695
vn -0.609615 -0.002082 -0.792695
vn -0.609615 -0.002082 -0.792695
vn -0.123734 -0.000158 -0.992315
vn -0.123734 -0.000158 -0.992315
vn -0.123734 -0.000158 -0.992315
vn 0.113125 -0.258191 -0.959448
vn 0.113125 -0.258191 -0.959448
vn 0.113125 -0.258191 -0.959448
vn -0.046667 0.000610 -0.998910
vn -0.046667 0.000610 -0.998910
vn -0.046667 0.000610 -0.998910
vn -0.046552 0.000249 -0.998916
vn -0.046552 0.000249 -0.998916
vn -0.046552 0.000249 -0.998916
vn 0.036289 -0.192719 -0.980583
vn 0.036289 -0.192719 -0.980583
vn 0.036289 -0.192719 -0.980583
vn 0.008937 -0.048993 -0.998759
vn 0.008937 -0.048993 -0.998759
vn 0.008937 -0.048993 -0.998759
vn -0.013249 0.001050 -0.999912
vn -0.013249 0.001050 -0.999912
vn -0.013249 0.001050 -0.999912
vn -0.123814 -0.000023 -0.992306
vn -0.123814 -0.000023 -0.992306
vn -0.123814 -0.000023 -0.992305
vn -0.610588 -0.000702 -0.791948
vn -0.610588 -0.000702 -0.791948
vn -0.610588 -0.000702 -0.791948
vn -0.013197 0.000506 -0.999913
vn -0.013197 0.000506 -0.999913
vn -0.013197 0.000506 -0.999913
vn 0.008065 -0.099325 -0.995022
vn 0.008065 -0.099325 -0.995022
vn 0.008065 -0.099325 -0.995022
vn 0.034236 -0.173191 -0.984293
vn 0.034236 -0.173191 -0.984293
vn 0.034236 -0.173191 -0.984293
vn -0.609228 -0.001748 -0.792993
vn -0.609228 -0.001748 -0.792993
vn -0.609228 -0.001748 -0.792993
vn -0.123772 0.000197 -0.992311
vn -0.123772 0.000197 -0.992311
vn -0.123772 0.000197 -0.992311
vn -0.046725 0.000729 -0.998908
vn -0.046725 0.000729 -0.998908
vn -0.046725 0.000729 -0.998908
vn -0.046613 0.000322 -0.998913
vn -0.046613 0.000322 -0.998913
vn -0.046613 0.000322 -0.998913
vn -0.123754 0.000107 -0.992313
vn -0.123754 0.000107 -0.992313
vn -0.123754 0.000107 -0.992313
vn -0.013738 -0.006916 -0.999882
vn -0.013738 -0.006916 -0.999882
vn -0.013738 -0.006916 -0.999882
vn -0.610077 -0.000509 -0.792342
vn -0.610077 -0.000509 -0.792342
vn -0.610077 -0.000509 -0.792342
vn 0.007096 -0.078456 -0.996892
vn 0.007096 -0.078456 -0.996892
vn 0.007096 -0.078456 -0.996892
vn -0.013223 0.000671 -0.999912
vn -0.013223 0.000671 -0.999912
vn -0.013223 0.000671 -0.999912
vn -0.608868 -0.001332 -0.793270
vn -0.608868 -0.001332 -0.793270
vn -0.608868 -0.001332 -0.793270
vn -0.123858 0.000425 -0.992300
vn -0.123858 0.000425 -0.992300
vn -0.123858 0.000425 -0.992300
vn 0.109812 -0.269403 -0.956746
vn 0.109812 -0.269403 -0.956746
vn 0.109812 -0.269403 -0.956746
vn -0.046807 0.000964 -0.998904
vn -0.046807 0.000964 -0.998904
vn -0.046807 0.000964 -0.998904
vn 0.116298 -0.288712 -0.950326
vn 0.116298 -0.288712 -0.950326
vn 0.116298 -0.288712 -0.950326
vn 0.037038 -0.221964 -0.974351
vn 0.037038 -0.221964 -0.974351
vn 0.037038 -0.221964 -0.974351
vn 0.006886 -0.134919 -0.990833
vn 0.006886 -0.134919 -0.990833
vn 0.006886 -0.134919 -0.990833
vn -0.046672 0.000386 -0.998910
vn -0.046672 0.000386 -0.998910
vn -0.046672 0.000386 -0.998910
vn 0.630102 -0.461561 -0.624446
vn 0.630102 -0.461561 -0.624446
vn 0.630102 -0.461561 -0.624446
vn 0.631108 -0.479840 -0.609472
vn 0.631108 -0.479840 -0.609472
vn 0.631108 -0.479840 -0.609472
vn -0.609668 -0.000455 -0.792657
vn -0.609668 -0.000455 -0.792657
vn -0.609668 -0.000455 -0.792657
vn -0.123802 0.000177 -0.992307
vn -0.123802 0.000177 -0.992307
vn -0.123802 0.000177 -0.992307
vn 0.034375 -0.200764 -0.979036
vn 0.034375 -0.200764 -0.979036
vn 0.034375 -0.200764 -0.979036
vn -0.014380 -0.022767 -0.999637
vn -0.014380 -0.022767 -0.999637
vn -0.014380 -0.022767 -0.999637
vn -0.013889 -0.004601 -0.999893
vn -0.013889 -0.004601 -0.999893
vn -0.013889 -0.004601 -0.999893
vn -0.608795 -0.000889 -0.793327
vn -0.608795 -0.000889 -0.793327
vn -0.608795 -0.000889 -0.793327
vn -0.124025 0.000661 -0.992279
vn -0.124025 0.000661 -0.992279
vn -0.124025 0.000661 -0.992279
vn 0.005839 -0.111354 -0.993764
vn 0.005839 -0.111354 -0.993764
vn 0.005839 -0.111354 -0.993764
vn -0.046897 0.001325 -0.998899
vn -0.046897 0.001325 -0.998899
vn -0.046897 0.001325 -0.998899
vn -0.046734 0.000510 -0.998907
vn -0.046734 0.000510 -0.998907
vn -0.046734 0.000510 -0.998907
vn -0.609294 -0.000304 -0.792945
vn -0.609294 -0.000304 -0.792945
vn -0.609294 -0.000304 -0.792945
vn -0.123850 0.000272 -0.992301
vn -0.123850 0.000272 -0.992301
vn -0.123849 0.000272 -0.992301
vn 0.006474 -0.167085 -0.985921
vn 0.006474 -0.167085 -0.985921
vn 0.006474 -0.167085 -0.985921
vn -0.608708 -0.000305 -0.793394
vn -0.608708 -0.000305 -0.793394
vn -0.608708 -0.000305 -0.793394
vn -0.014873 -0.045792 -0.998840
vn -0.014873 -0.045792 -0.998840
vn -0.014873 -0.045792 -0.998840
vn -0.014786 -0.015273 -0.999774
vn -0.014786 -0.015273 -0.999774
vn -0.014786 -0.015273 -0.999774
vn -0.124158 0.000858 -0.992262
vn -0.124158 0.000858 -0.992262
vn -0.124158 0.000858 -0.992262
vn -0.047019 0.001802 -0.998892
vn -0.047019 0.001802 -0.998892
vn -0.047019 0.001802 -0.998892
vn -0.046820 0.000699 -0.998903
vn -0.046820 0.000699 -0.998903
vn -0.046820 0.000699 -0.998903
vn 0.115450 -0.291464 -0.949589
vn 0.115450 -0.291464 -0.949589
vn 0.115450 -0.291464 -0.949589
vn 0.040606 -0.247236 -0.968104
vn 0.040606 -0.247236 -0.968104
vn 0.040606 -0.247236 -0.968104
vn -0.608954 -0.000241 -0.793206
vn -0.608954 -0.000241 -0.793206
vn -0.608954 -0.000241 -0.793206
vn 0.124024 -0.314515 -0.941115
vn 0.124024 -0.314515 -0.941115
vn 0.124024 -0.314515 -0.941115
vn 0.005189 -0.143155 -0.989687
vn 0.005189 -0.143155 -0.989687
vn 0.005189 -0.143155 -0.989687
vn 0.036675 -0.223385 -0.974040
vn 0.036675 -0.223385 -0.974040
vn 0.036675 -0.223385 -0.974040
vn -0.124003 0.000357 -0.992282
vn -0.124003 0.000357 -0.992282
vn -0.124003 0.000357 -0.992282
vn 0.630902 -0.480252 -0.609361
vn 0.630902 -0.480252 -0.609361
vn 0.630902 -0.480252 -0.609361
vn -0.608710 0.000350 -0.793393
vn -0.608710 0.000350 -0.793393
vn -0.608710 0.000350 -0.793393
vn 0.631637 -0.505882 -0.587468
vn 0.631637 -0.505882 -0.587468
vn 0.631637 -0.505882 -0.587468
vn -0.124321 0.001029 -0.992242
vn -0.124321 0.001029 -0.992242
vn -0.124321 0.001029 -0.992242
vn -0.015526 -0.030986 -0.999399
vn -0.015526 -0.030986 -0.999399
vn -0.015526 -0.030986 -0.999399
vn -0.014936 -0.075087 -0.997065
vn -0.014936 -0.075087 -0.997065
vn -0.014936 -0.075087 -0.997065
vn -0.047189 0.002394 -0.998883
vn -0.047189 0.002394 -0.998883
vn -0.047189 0.002394 -0.998883
vn -0.046945 0.000953 -0.998897
vn -0.046945 0.000953 -0.998897
vn -0.046945 0.000953 -0.998897
vn -0.608691 -0.000011 -0.793408
vn -0.608691 -0.000011 -0.793408
vn -0.608691 -0.000011 -0.793408
vn 0.007554 -0.194626 -0.980848
vn 0.007554 -0.194626 -0.980848
vn 0.007554 -0.194626 -0.980848
vn -0.124166 0.000423 -0.992261
vn -0.124166 0.000423 -0.992261
vn -0.124166 0.000423 -0.992261
vn -0.608991 0.000866 -0.793177
vn -0.608991 0.000866 -0.793177
vn -0.608991 0.000866 -0.793177
vn -0.124569 0.001361 -0.992210
vn -0.124569 0.001361 -0.992210
vn -0.124569 0.001361 -0.992210
vn -0.047495 -0.002453 -0.998869
vn -0.047495 -0.002453 -0.998869
vn -0.047495 -0.002453 -0.998869
vn -0.015748 -0.051312 -0.998559
vn -0.015748 -0.051312 -0.998559
vn -0.015748 -0.051312 -0.998559
vn -0.047078 0.001265 -0.998890
vn -0.047078 0.001265 -0.998890
vn -0.047078 0.001265 -0.998890
vn 0.005656 -0.170702 -0.985307
vn 0.005656 -0.170702 -0.985307
vn 0.005656 -0.170702 -0.985307
vn -0.015216 -0.108071 -0.994027
vn -0.015216 -0.108071 -0.994027
vn -0.015216 -0.108071 -0.994027
vn -0.608603 0.000080 -0.793475
vn -0.608603 0.000080 -0.793475
vn -0.608603 0.000080 -0.793475
vn -0.124373 0.000561 -0.992235
vn -0.124373 0.000561 -0.992235
vn -0.124373 0.000561 -0.992235
vn 0.046812 -0.269303 -0.961917
vn 0.046812 -0.269303 -0.961917
vn 0.046812 -0.269303 -0.961917
vn 0.125064 -0.311236 -0.942068
vn 0.125064 -0.311236 -0.942068
vn 0.125064 -0.311236 -0.942068
vn 0.041536 -0.243632 -0.968978
vn 0.041536 -0.243632 -0.968978
vn 0.041536 -0.243632 -0.968978
vn -0.124870 0.001867 -0.992171
vn -0.124870 0.001867 -0.992171
vn -0.124870 0.001867 -0.992171
vn -0.609229 0.001322 -0.792993
vn -0.609229 0.001322 -0.792993
vn -0.609229 0.001322 -0.792993
vn 0.136214 -0.338445 -0.931075
vn 0.136214 -0.338445 -0.931075
vn 0.136214 -0.338445 -0.931075
vn -0.047602 -0.001299 -0.998866
vn -0.047602 -0.001299 -0.998866
vn -0.047602 -0.001299 -0.998866
vn -0.047560 -0.012733 -0.998787
vn -0.047560 -0.012733 -0.998787
vn -0.047560 -0.012733 -0.998787
vn 0.642195 -0.490851 -0.588771
vn 0.642195 -0.490851 -0.588771
vn 0.642195 -0.490851 -0.588771
vn -0.016107 -0.081699 -0.996527
vn -0.016107 -0.081699 -0.996527
vn -0.016107 -0.081699 -0.996527
vn 0.641718 -0.526743 -0.557440
vn 0.641718 -0.526743 -0.557440
vn 0.641718 -0.526743 -0.557440
vn -0.124598 0.000765 -0.992207
vn -0.124598 0.000765 -0.992207
vn -0.124598 0.000765 -0.992207
vn -0.608880 0.000230 -0.793263
vn -0.608880 0.000230 -0.793263
vn -0.608880 0.000230 -0.793263
vn 0.010992 -0.217447 -0.976010
vn 0.010992 -0.217447 -0.976010
vn 0.010992 -0.217447 -0.976010
vn -0.015334 -0.140046 -0.990026
vn -0.015334 -0.140046 -0.990026
vn -0.015334 -0.140046 -0.990026
vn -0.125247 0.002540 -0.992122
vn -0.125247 0.002540 -0.992122
vn -0.125247 0.002540 -0.992122
vn -0.609581 0.001773 -0.792722
vn -0.609581 0.001773 -0.792722
vn -0.609581 0.001773 -0.792722
vn 0.007913 -0.193165 -0.981134
vn 0.007913 -0.193165 -0.981134
vn 0.007913 -0.193165 -0.981134
vn -0.048017 -0.006797 -0.998823
vn -0.048017 -0.006797 -0.998823
vn -0.048017 -0.006797 -0.998823
vn -0.046941 -0.028108 -0.998502
vn -0.046941 -0.028108 -0.998502
vn -0.046941 -0.028108 -0.998502
vn -0.124937 0.001055 -0.992164
vn -0.124937 0.001055 -0.992164
vn -0.124937 0.001055 -0.992164
vn -0.608845 0.000373 -0.793289
vn -0.608845 0.000373 -0.793289
vn -0.608845 0.000373 -0.793289
vn -0.016579 -0.114949 -0.993233
vn -0.016579 -0.114949 -0.993233
vn -0.016579 -0.114949 -0.993233
vn -0.125795 0.003383 -0.992051
vn -0.125795 0.003383 -0.992051
vn -0.125795 0.003383 -0.992050
vn -0.610084 0.002084 -0.792334
vn -0.610084 0.002084 -0.792334
vn -0.610084 0.002084 -0.792334
vn 0.054992 -0.290080 -0.955421
vn 0.054992 -0.290080 -0.955421
vn 0.054992 -0.290080 -0.955421
vn 0.138807 -0.330083 -0.933690
vn 0.138807 -0.330083 -0.933690
vn 0.138807 -0.330083 -0.933690
vn 0.048326 -0.263528 -0.963441
vn 0.048326 -0.263528 -0.963441
vn 0.048326 -0.263528 -0.963440
vn -0.047842 -0.014944 -0.998743
vn -0.047842 -0.014944 -0.998743
vn -0.047842 -0.014944 -0.998743
vn 0.153226 -0.361906 -0.919536
vn 0.153226 -0.361906 -0.919536
vn 0.153226 -0.361906 -0.919536
vn -0.045340 -0.048158 -0.997810
vn -0.045340 -0.048158 -0.997810
vn -0.045340 -0.048158 -0.997810
vn -0.125372 0.001391 -0.992109
vn -0.125372 0.001391 -0.992109
vn -0.125372 0.001391 -0.992109
vn -0.014491 -0.167996 -0.985681
vn -0.014491 -0.167996 -0.985681
vn -0.014491 -0.167996 -0.985681
vn -0.609233 0.000431 -0.792992
vn -0.609233 0.000431 -0.792992
vn -0.609233 0.000431 -0.792991
vn 0.667085 -0.492008 -0.559398
vn 0.667085 -0.492008 -0.559398
vn 0.667085 -0.492008 -0.559398
vn 0.015916 -0.238356 -0.971047
vn 0.015916 -0.238356 -0.971047
vn 0.015916 -0.238356 -0.971047
vn -0.126244 0.001379 -0.991998
vn -0.126244 0.001379 -0.991998
vn -0.126244 0.001379 -0.991998
vn -0.610490 0.002750 -0.792019
vn -0.610490 0.002750 -0.792020
vn -0.610490 0.002750 -0.792020
vn 0.662895 -0.543095 -0.515381
vn 0.662895 -0.543095 -0.515381
vn 0.662895 -0.543095 -0.515381
vn -0.000000 0.000001 -1.000000
vn -0.000000 0.000001 -1.000000
vn -0.000000 0.000001 -1.000000
vn -0.713604 0.508098 0.482292
vn -0.713604 0.508098 0.482292
vn -0.713604 0.508098 0.482292
vn 0.011683 -0.214572 -0.976638
vn 0.011683 -0.214572 -0.976638
vn 0.011683 -0.214572 -0.976638
vn -0.046625 -0.026041 -0.998573
vn -0.046625 -0.026041 -0.998573
vn -0.046625 -0.026041 -0.998573
vn -0.016450 -0.145229 -0.989261
vn -0.016450 -0.145229 -0.989261
vn -0.016450 -0.145229 -0.989261
vn -0.126051 0.000560 -0.992024
vn -0.126051 0.000560 -0.992024
vn -0.126051 0.000560 -0.992024
vn -0.044995 -0.078879 -0.995868
vn -0.044995 -0.078879 -0.995868
vn -0.044995 -0.078879 -0.995868
vn -0.609591 0.000509 -0.792716
vn -0.609591 0.000509 -0.792716
vn -0.609591 0.000509 -0.792716
vn -0.126139 -0.003531 -0.992006
vn -0.126139 -0.003531 -0.992006
vn -0.126139 -0.003531 -0.992006
vn -0.611303 0.003762 -0.791387
vn -0.611303 0.003762 -0.791387
vn -0.611303 0.003762 -0.791387
vn 0.064558 -0.311029 -0.948205
vn 0.064558 -0.311029 -0.948205
vn 0.064558 -0.311029 -0.948205
vn 0.157667 -0.347908 -0.924176
vn 0.157667 -0.347908 -0.924176
vn 0.157667 -0.347908 -0.924176
vn 0.056441 -0.284303 -0.957072
vn 0.056441 -0.284303 -0.957072
vn 0.056441 -0.284303 -0.957072
vn -0.126516 -0.001452 -0.991964
vn -0.126516 -0.001452 -0.991964
vn -0.126516 -0.001452 -0.991964
vn -0.046536 -0.055136 -0.997394
vn -0.046536 -0.055136 -0.997394
vn -0.046536 -0.055136 -0.997394
vn -0.011828 -0.190839 -0.981550
vn -0.011828 -0.190839 -0.981550
vn -0.011828 -0.190839 -0.981550
vn 0.176994 -0.385920 -0.905394
vn 0.176994 -0.385920 -0.905394
vn 0.176994 -0.385920 -0.905394
vn -0.610102 0.000689 -0.792323
vn -0.610102 0.000689 -0.792323
vn -0.610102 0.000689 -0.792323
vn -0.612348 0.005175 -0.790571
vn -0.612348 0.005175 -0.790571
vn -0.612348 0.005175 -0.790571
vn -0.125058 -0.011079 -0.992088
vn -0.125058 -0.011079 -0.992088
vn -0.125058 -0.011079 -0.992088
vn -0.045502 -0.112859 -0.992569
vn -0.045502 -0.112859 -0.992569
vn -0.045502 -0.112859 -0.992569
vn 0.675071 -0.527522 -0.515752
vn 0.675071 -0.527521 -0.515752
vn 0.675071 -0.527521 -0.515752
vn 0.021425 -0.259468 -0.965514
vn 0.021425 -0.259468 -0.965514
vn 0.021425 -0.259468 -0.965514
vn -0.014956 -0.170006 -0.985330
vn -0.014956 -0.170006 -0.985330
vn -0.014956 -0.170006 -0.985330
vn 0.661570 -0.588826 -0.464338
vn 0.661570 -0.588826 -0.464338
vn 0.661570 -0.588826 -0.464338
vn -0.126286 -0.004587 -0.991983
vn -0.126286 -0.004587 -0.991983
vn -0.126286 -0.004587 -0.991983
vn 0.016189 -0.237208 -0.971324
vn 0.016189 -0.237208 -0.971324
vn 0.016189 -0.237208 -0.971324
vn 0.059932 -0.329931 -0.942101
vn 0.059932 -0.329931 -0.942101
vn 0.059932 -0.329931 -0.942101
vn -0.610717 0.000976 -0.791848
vn -0.610717 0.000976 -0.791848
vn -0.610717 0.000976 -0.791848
vn -0.047450 -0.091955 -0.994632
vn -0.047450 -0.091955 -0.994632
vn -0.047450 -0.091955 -0.994632
vn -0.613639 0.006812 -0.789558
vn -0.613639 0.006812 -0.789557
vn -0.613639 0.006812 -0.789558
vn -0.122531 -0.021570 -0.992230
vn -0.122531 -0.021570 -0.992230
vn -0.122531 -0.021570 -0.992230
vn 0.179000 -0.380092 -0.907463
vn 0.179000 -0.380092 -0.907463
vn 0.179000 -0.380092 -0.907463
vn -0.124778 -0.009000 -0.992144
vn -0.124778 -0.009000 -0.992144
vn -0.124778 -0.009000 -0.992144
vn 0.202099 -0.423849 -0.882898
vn 0.202099 -0.423849 -0.882898
vn 0.202099 -0.423849 -0.882898
vn -0.045787 -0.144054 -0.988510
vn -0.045787 -0.144054 -0.988510
vn -0.045787 -0.144054 -0.988510
vn -0.008629 -0.213249 -0.976960
vn -0.008629 -0.213249 -0.976960
vn -0.008629 -0.213249 -0.976960
vn -0.611202 0.001288 -0.791473
vn -0.611202 0.001288 -0.791473
vn -0.611202 0.001288 -0.791473
vn -0.615108 0.007650 -0.788405
vn -0.615108 0.007650 -0.788405
vn -0.615108 0.007650 -0.788405
vn -0.122682 -0.052169 -0.991074
vn -0.122682 -0.052169 -0.991074
vn -0.122682 -0.052169 -0.991074
vn 0.081251 -0.306164 -0.948505
vn 0.081251 -0.306164 -0.948505
vn 0.081251 -0.306164 -0.948505
vn 0.026310 -0.282444 -0.958923
vn 0.026310 -0.282444 -0.958923
vn 0.026310 -0.282444 -0.958923
vn 0.634716 -0.617588 -0.464457
vn 0.634716 -0.617588 -0.464458
vn 0.634716 -0.617588 -0.464458
vn -0.048385 -0.127076 -0.990712
vn -0.048385 -0.127076 -0.990712
vn -0.048385 -0.127076 -0.990712
vn -0.012708 -0.194729 -0.980775
vn -0.012708 -0.194729 -0.980775
vn -0.012708 -0.194729 -0.980775
vn 0.067953 -0.362578 -0.929473
vn 0.067953 -0.362578 -0.929473
vn 0.067953 -0.362578 -0.929473
vn -0.125268 -0.039449 -0.991338
vn -0.125268 -0.039449 -0.991338
vn -0.125268 -0.039449 -0.991338
vn 0.020504 -0.263500 -0.964441
vn 0.020504 -0.263500 -0.964441
vn 0.020504 -0.263500 -0.964442
vn -0.612342 0.001712 -0.790591
vn -0.612342 0.001712 -0.790591
vn -0.612342 0.001712 -0.790591
vn -0.616548 0.007649 -0.787280
vn -0.616548 0.007649 -0.787280
vn -0.616548 0.007649 -0.787280
vn 0.608843 -0.673222 -0.419622
vn 0.608843 -0.673222 -0.419622
vn 0.608843 -0.673222 -0.419622
vn 0.194324 -0.444502 -0.874446
vn 0.194324 -0.444502 -0.874446
vn 0.194324 -0.444502 -0.874446
vn 0.215269 -0.489191 -0.845193
vn 0.215269 -0.489191 -0.845193
vn 0.215269 -0.489191 -0.845193
vn -0.124953 -0.091814 -0.987905
vn -0.124953 -0.091814 -0.987905
vn -0.124953 -0.091814 -0.987905
vn 0.020354 -0.310423 -0.950381
vn 0.020354 -0.310423 -0.950381
vn 0.020354 -0.310424 -0.950380
vn -0.044873 -0.169801 -0.984456
vn -0.044873 -0.169801 -0.984456
vn -0.044873 -0.169801 -0.984456
vn -0.613696 0.001886 -0.789540
vn -0.613696 0.001886 -0.789540
vn -0.613696 0.001886 -0.789540
vn 0.091093 -0.336839 -0.937146
vn 0.091093 -0.336839 -0.937146
vn 0.091093 -0.336839 -0.937146
vn -0.006127 -0.237765 -0.971303
vn -0.006127 -0.237765 -0.971303
vn -0.006127 -0.237765 -0.971303
vn -0.127621 -0.082170 -0.988413
vn -0.127621 -0.082170 -0.988413
vn -0.127621 -0.082170 -0.988413
vn -0.618101 0.006890 -0.786068
vn -0.618101 0.006890 -0.786068
vn -0.618101 0.006890 -0.786068
vn -0.048339 -0.156059 -0.986564
vn -0.048339 -0.156059 -0.986564
vn -0.048339 -0.156059 -0.986564
vn 0.072460 -0.419589 -0.904818
vn 0.072460 -0.419588 -0.904818
vn 0.072460 -0.419589 -0.904818
vn -0.010694 -0.222635 -0.974843
vn -0.010694 -0.222635 -0.974843
vn -0.010694 -0.222635 -0.974843
vn 0.493278 -0.759298 -0.424433
vn 0.493278 -0.759298 -0.424433
vn 0.493278 -0.759298 -0.424433
vn 0.184267 -0.548675 -0.815476
vn 0.184267 -0.548675 -0.815476
vn 0.184267 -0.548674 -0.815477
vn -0.615310 0.001957 -0.788283
vn -0.615310 0.001957 -0.788283
vn -0.615310 0.001957 -0.788283
vn 0.185837 -0.555861 -0.810236
vn 0.185837 -0.555862 -0.810236
vn 0.185837 -0.555861 -0.810236
vn -0.128021 -0.130220 -0.983185
vn -0.128021 -0.130220 -0.983185
vn -0.128021 -0.130220 -0.983185
vn 0.021121 -0.347795 -0.937333
vn 0.021121 -0.347795 -0.937333
vn 0.021121 -0.347795 -0.937333
vn -0.619097 0.005188 -0.785297
vn -0.619097 0.005188 -0.785297
vn -0.619097 0.005188 -0.785297
vn 0.031818 -0.293831 -0.955328
vn 0.031818 -0.293831 -0.955328
vn 0.031818 -0.293831 -0.955328
vn 0.100079 -0.389811 -0.915441
vn 0.100079 -0.389811 -0.915441
vn 0.100079 -0.389811 -0.915441
vn -0.130596 -0.123897 -0.983664
vn -0.130596 -0.123897 -0.983664
vn -0.130596 -0.123897 -0.983664
vn 0.077532 -0.508055 -0.857828
vn 0.077532 -0.508055 -0.857828
vn 0.077532 -0.508055 -0.857828
vn -0.044512 -0.196844 -0.979424
vn -0.044512 -0.196844 -0.979424
vn -0.044512 -0.196844 -0.979424
vn -0.005928 -0.267530 -0.963531
vn -0.005928 -0.267530 -0.963531
vn -0.005928 -0.267530 -0.963531
vn -0.616837 0.001725 -0.787089
vn -0.616837 0.001725 -0.787089
vn -0.616837 0.001725 -0.787089
vn 0.122630 -0.605968 -0.785980
vn 0.122630 -0.605968 -0.785980
vn 0.122630 -0.605968 -0.785980
vn 0.107491 -0.473498 -0.874211
vn 0.107491 -0.473498 -0.874211
vn 0.107491 -0.473498 -0.874211
vn -0.048344 -0.186305 -0.981302
vn -0.048344 -0.186305 -0.981302
vn -0.048344 -0.186305 -0.981302
vn 0.017975 -0.405470 -0.913932
vn 0.017975 -0.405470 -0.913932
vn 0.017975 -0.405470 -0.913932
vn 0.471428 -0.784409 -0.403061
vn 0.471428 -0.784409 -0.403061
vn 0.471428 -0.784409 -0.403061
vn -0.133766 -0.162597 -0.977583
vn -0.133766 -0.162597 -0.977583
vn -0.133766 -0.162597 -0.977583
vn -0.621538 -0.034536 -0.782622
vn -0.621538 -0.034536 -0.782622
vn -0.621538 -0.034536 -0.782622
vn 0.030704 -0.333691 -0.942182
vn 0.030704 -0.333691 -0.942182
vn 0.030704 -0.333691 -0.942182
vn -0.010169 -0.257282 -0.966283
vn -0.010169 -0.257282 -0.966283
vn -0.010169 -0.257282 -0.966283
vn 0.123981 -0.602250 -0.788622
vn 0.123981 -0.602250 -0.788622
vn 0.123981 -0.602250 -0.788622
vn -0.013844 -0.309209 -0.950893
vn -0.013844 -0.309209 -0.950893
vn -0.013844 -0.309209 -0.950893
vn 0.013642 -0.496254 -0.868070
vn 0.013642 -0.496254 -0.868070
vn 0.013642 -0.496254 -0.868070
vn -0.618056 0.001332 -0.786133
vn -0.618056 0.001332 -0.786133
vn -0.618056 0.001332 -0.786133
vn 0.259007 -0.873143 -0.412961
vn 0.259007 -0.873143 -0.412961
vn 0.259007 -0.873143 -0.412961
vn 0.027754 -0.390915 -0.920008
vn 0.027754 -0.390915 -0.920008
vn 0.027754 -0.390915 -0.920008
vn 0.016731 -0.635547 -0.771881
vn 0.016731 -0.635547 -0.771881
vn 0.016731 -0.635547 -0.771881
vn -0.046154 -0.228928 -0.972349
vn -0.046154 -0.228928 -0.972349
vn -0.046154 -0.228928 -0.972349
vn -0.623949 -0.093071 -0.775903
vn -0.623949 -0.093071 -0.775903
vn -0.623949 -0.093071 -0.775903
vn -0.129995 -0.158152 -0.978820
vn -0.129995 -0.158152 -0.978820
vn -0.129995 -0.158152 -0.978820
vn 0.025850 -0.477948 -0.878008
vn 0.025850 -0.477948 -0.878008
vn 0.025850 -0.477948 -0.878008
vn -0.019445 -0.356739 -0.934002
vn -0.019445 -0.356739 -0.934002
vn -0.019445 -0.356739 -0.934002
vn 0.026241 -0.620626 -0.783668
vn 0.026241 -0.620626 -0.783668
vn 0.026241 -0.620626 -0.783668
vn -0.049591 -0.222190 -0.973741
vn -0.049591 -0.222190 -0.973741
vn -0.049591 -0.222190 -0.973741
vn -0.137203 -0.200458 -0.970047
vn -0.137203 -0.200458 -0.970047
vn -0.137203 -0.200458 -0.970047
vn -0.620062 -0.039842 -0.783540
vn -0.620062 -0.039842 -0.783540
vn -0.620062 -0.039842 -0.783540
vn -0.010440 -0.303759 -0.952692
vn -0.010440 -0.303759 -0.952692
vn -0.010440 -0.303759 -0.952692
vn -0.029243 -0.420583 -0.906783
vn -0.029243 -0.420583 -0.906783
vn -0.029243 -0.420583 -0.906783
vn -0.047461 -0.514182 -0.856367
vn -0.047461 -0.514182 -0.856367
vn -0.047461 -0.514182 -0.856367
vn 0.257528 0.826497 0.500581
vn 0.257528 0.826497 0.500581
vn 0.257528 0.826497 0.500581
vn -0.019237 -0.356376 -0.934145
vn -0.019237 -0.356376 -0.934145
vn -0.019237 -0.356376 -0.934145
vn -0.081733 -0.654262 -0.751838
vn -0.081733 -0.654262 -0.751838
vn -0.081733 -0.654262 -0.751838
vn -0.625491 -0.150933 -0.765494
vn -0.625491 -0.150933 -0.765494
vn -0.625491 -0.150933 -0.765494
vn -0.051983 -0.271273 -0.961098
vn -0.051983 -0.271273 -0.961098
vn -0.051983 -0.271273 -0.961098
vn 0.259924 -0.872536 -0.413667
vn 0.259924 -0.872536 -0.413667
vn 0.259924 -0.872536 -0.413667
vn -0.032240 -0.425510 -0.904379
vn -0.032240 -0.425510 -0.904379
vn -0.032240 -0.425509 -0.904380
vn 0.032141 -0.908240 -0.417213
vn 0.032141 -0.908240 -0.417213
vn 0.032141 -0.908240 -0.417213
vn -0.053643 -0.523527 -0.850319
vn -0.053643 -0.523527 -0.850319
vn -0.053643 -0.523527 -0.850319
vn -0.621000 -0.100421 -0.777351
vn -0.621000 -0.100421 -0.777351
vn -0.621000 -0.100421 -0.777351
vn -0.135402 -0.198481 -0.970707
vn -0.135402 -0.198481 -0.970707
vn -0.135402 -0.198480 -0.970707
vn -0.076670 -0.647674 -0.758050
vn -0.076670 -0.647674 -0.758050
vn -0.076670 -0.647674 -0.758050
vn -0.053548 -0.269196 -0.961596
vn -0.053548 -0.269196 -0.961596
vn -0.053548 -0.269196 -0.961596
vn -0.061789 -0.332215 -0.941178
vn -0.061789 -0.332215 -0.941178
vn -0.061789 -0.332215 -0.941178
vn -0.143036 -0.248634 -0.957978
vn -0.143036 -0.248634 -0.957978
vn -0.143036 -0.248634 -0.957978
vn -0.621619 -0.198945 -0.757635
vn -0.621619 -0.198945 -0.757635
vn -0.621619 -0.198945 -0.757635
vn -0.156918 -0.672169 -0.723578
vn -0.156918 -0.672170 -0.723578
vn -0.156918 -0.672170 -0.723578
vn -0.109249 -0.561645 -0.820134
vn -0.109249 -0.561645 -0.820134
vn -0.109249 -0.561645 -0.820134
vn -0.073869 -0.394480 -0.915931
vn -0.073869 -0.394480 -0.915931
vn -0.073869 -0.394480 -0.915931
vn -0.257654 -0.826902 0.499847
vn -0.257654 -0.826902 0.499847
vn -0.257654 -0.826902 0.499847
vn -0.089213 -0.469435 -0.878449
vn -0.089213 -0.469435 -0.878449
vn -0.089213 -0.469435 -0.878449
vn -0.132703 -0.600016 -0.788905
vn -0.132703 -0.600016 -0.788905
vn -0.132703 -0.600016 -0.788905
vn -0.150837 -0.665943 -0.730594
vn -0.150837 -0.665943 -0.730594
vn -0.150837 -0.665943 -0.730594
vn -0.620912 -0.159321 -0.767519
vn -0.620912 -0.159321 -0.767519
vn -0.620912 -0.159321 -0.767519
vn -0.066742 -0.340112 -0.938013
vn -0.066742 -0.340112 -0.938013
vn -0.066742 -0.340112 -0.938013
vn -0.102164 -0.492433 -0.864334
vn -0.102164 -0.492433 -0.864334
vn -0.102164 -0.492433 -0.864334
vn -0.145444 -0.897218 -0.416948
vn -0.145444 -0.897218 -0.416948
vn -0.145444 -0.897218 -0.416948
vn -0.144647 -0.250452 -0.957262
vn -0.144647 -0.250452 -0.957262
vn -0.144647 -0.250452 -0.957262
vn -0.083151 -0.410246 -0.908176
vn -0.083151 -0.410246 -0.908176
vn -0.083151 -0.410246 -0.908176
vn -0.189690 -0.657793 -0.728921
vn -0.189690 -0.657793 -0.728921
vn -0.189690 -0.657793 -0.728921
vn 0.000001 -0.000000 -1.000000
vn 0.000001 -0.000000 -1.000000
vn 0.000001 -0.000000 -1.000000
vn -0.152527 -0.314176 -0.937032
vn -0.152527 -0.314176 -0.937032
vn -0.152527 -0.314175 -0.937032
vn 0.000322 -0.001032 0.999999
vn 0.000322 -0.001032 0.999999
vn 0.000322 -0.001032 0.999999
vn 0.036567 -0.906616 -0.420370
vn 0.036567 -0.906616 -0.420370
vn 0.036567 -0.906616 -0.420370
vn -0.194336 -0.660520 -0.725222
vn -0.194336 -0.660520 -0.725222
vn -0.194336 -0.660520 -0.725222
vn -0.216159 -0.598275 -0.771585
vn -0.216159 -0.598275 -0.771585
vn -0.216159 -0.598275 -0.771585
vn -0.616496 -0.275314 -0.737655
vn -0.616496 -0.275314 -0.737655
vn -0.616496 -0.275314 -0.737655
vn -0.203923 -0.510423 -0.835395
vn -0.203923 -0.510422 -0.835395
vn -0.203923 -0.510422 -0.835395
vn -0.181505 -0.418242 -0.890017
vn -0.181505 -0.418242 -0.890017
vn -0.181505 -0.418242 -0.890017
vn -0.159511 -0.322707 -0.932961
vn -0.159511 -0.322707 -0.932961
vn -0.159511 -0.322707 -0.932961
vn -0.196153 -0.591807 -0.781849
vn -0.196153 -0.591807 -0.781849
vn -0.196153 -0.591807 -0.781849
vn -0.269954 -0.869071 -0.414536
vn -0.269954 -0.869071 -0.414536
vn -0.269954 -0.869071 -0.414536
vn 0.001482 0.000494 0.999999
vn 0.001482 0.000494 0.999999
vn 0.001482 0.000494 0.999999
vn -0.167188 -0.419022 -0.892451
vn -0.167188 -0.419022 -0.892451
vn -0.167188 -0.419022 -0.892451
vn -0.183025 -0.506877 -0.842365
vn -0.183025 -0.506876 -0.842365
vn -0.183025 -0.506877 -0.842364
vn -0.625914 -0.207714 -0.751722
vn -0.625914 -0.207714 -0.751722
vn -0.625914 -0.207714 -0.751722
vn -0.276085 -0.750304 0.600684
vn -0.276085 -0.750304 0.600684
vn -0.276085 -0.750304 0.600684
vn -0.145506 -0.897210 -0.416945
vn -0.145506 -0.897210 -0.416945
vn -0.145506 -0.897210 -0.416945
vn -0.601591 -0.376410 -0.704559
vn -0.601591 -0.376410 -0.704559
vn -0.601591 -0.376410 -0.704559
vn -0.357751 -0.835230 -0.417619
vn -0.357751 -0.835230 -0.417619
vn -0.357751 -0.835230 -0.417619
vn -0.622005 -0.286134 -0.728860
vn -0.622005 -0.286134 -0.728860
vn -0.622005 -0.286134 -0.728860
vn -0.425966 -0.789678 -0.441545
vn -0.425966 -0.789678 -0.441545
vn -0.425966 -0.789678 -0.441545
vn -0.569557 -0.499695 -0.652618
vn -0.569557 -0.499695 -0.652618
vn -0.569557 -0.499695 -0.652618
vn -0.272599 -0.869277 -0.412369
vn -0.272599 -0.869277 -0.412369
vn -0.272599 -0.869277 -0.412369
vn -0.475683 -0.728814 -0.492500
vn -0.475683 -0.728814 -0.492500
vn -0.475683 -0.728814 -0.492500
vn -0.523672 -0.642837 -0.559042
vn -0.523672 -0.642837 -0.559042
vn -0.523672 -0.642837 -0.559042
vn -0.353033 -0.835262 -0.421551
vn -0.353033 -0.835262 -0.421551
vn -0.353033 -0.835262 -0.421551
vn -0.608075 -0.390301 -0.691310
vn -0.608075 -0.390301 -0.691310
vn -0.608075 -0.390301 -0.691310
vn -0.407585 -0.791234 -0.455877
vn -0.407585 -0.791234 -0.455877
vn -0.407585 -0.791234 -0.455877
vn 0.482764 -0.713831 0.507330
vn 0.482764 -0.713831 0.507330
vn 0.482764 -0.713831 0.507330
vn -0.575809 -0.516553 -0.633733
vn -0.575809 -0.516552 -0.633733
vn -0.575809 -0.516553 -0.633733
vn -0.453531 -0.732401 -0.507837
vn -0.453531 -0.732401 -0.507837
vn -0.453531 -0.732401 -0.507837
vn -0.503518 -0.648496 -0.570896
vn -0.503518 -0.648496 -0.570896
vn -0.503518 -0.648496 -0.570896
vn 0.295514 0.844914 0.445862
vn 0.295514 0.844914 0.445862
vn 0.295514 0.844914 0.445862
vn -0.003798 -0.008690 0.999955
vn -0.003798 -0.008690 0.999955
vn -0.003798 -0.008690 0.999955
vn 0.001951 0.000074 0.999998
vn 0.001951 0.000074 0.999998
vn 0.001951 0.000074 0.999998
vn -0.715230 0.619892 0.322770
vn -0.715230 0.619892 0.322770
vn -0.715229 0.619892 0.322770
vn -0.279771 -0.887985 0.364980
vn -0.279771 -0.887985 0.364980
vn -0.279771 -0.887985 0.364980
vn 0.000000 -0.000004 -1.000000
vn 0.000000 -0.000004 -1.000000
vn 0.000000 -0.000004 -1.000000
vn -0.311769 -0.841238 0.441723
vn -0.311769 -0.841238 0.441723
vn -0.311769 -0.841238 0.441723
vn -0.814607 0.580014 0.000001
vn -0.814607 0.580013 0.000001
vn -0.814607 0.580013 0.000001
vn 0.283527 0.854686 0.434885
vn 0.283527 0.854686 0.434885
vn 0.283527 0.854686 0.434885
vn -0.003647 -0.002222 0.999991
vn -0.003647 -0.002222 0.999991
vn -0.003647 -0.002222 0.999991
vn 0.377798 0.851526 0.363554
vn 0.377798 0.851526 0.363554
vn 0.377798 0.851526 0.363554
vn -0.285441 -0.817863 0.499624
vn -0.285441 -0.817863 0.499625
vn -0.285441 -0.817863 0.499624
vn 0.461546 0.779099 -0.424241
vn 0.000953 0.000244 1.000000
vn 0.000953 0.000244 1.000000
vn 0.000953 0.000244 1.000000
vn -0.351957 -0.793282 0.496820
vn -0.351957 -0.793282 0.496820
vn -0.351957 -0.793282 0.496820
vn -0.000000 -0.000001 -1.000000
vn -0.000000 -0.000001 -1.000000
vn -0.000000 -0.000001 -1.000000
vn 0.829425 0.248999 0.500053
vn 0.829425 0.248999 0.500053
vn 0.829425 0.248999 0.500053
vn 0.357923 0.842127 0.403377
vn 0.357923 0.842127 0.403377
vn 0.357923 0.842127 0.403377
vn -0.928079 -0.203837 0.311642
vn -0.928079 -0.203837 0.311642
vn -0.928079 -0.203837 0.311642
vn 0.285991 0.825797 0.486075
vn 0.285991 0.825797 0.486075
vn 0.285991 0.825797 0.486075
vn 0.000002 0.000003 -1.000000
vn 0.000002 0.000003 -1.000000
vn 0.000002 0.000003 -1.000000
vn -0.817678 -0.256024 0.515610
vn -0.817678 -0.256024 0.515610
vn -0.817678 -0.256024 0.515610
vn -0.283596 -0.818884 0.499002
vn -0.283596 -0.818884 0.499002
vn -0.283596 -0.818884 0.499002
vn 0.471745 -0.753527 0.457879
vn 0.471745 -0.753527 0.457879
vn 0.471745 -0.753527 0.457879
vn -0.000000 -0.000000 -1.000000
vn -0.000000 -0.000000 -1.000000
vn -0.000000 -0.000000 -1.000000
vn 0.001455 -0.000277 0.999999
vn 0.001455 -0.000277 0.999999
vn 0.001455 -0.000277 0.999999
vn 0.530639 -0.847598 0.000000
vn 0.530639 -0.847598 0.000000
vn 0.530639 -0.847598 0.000000
vn 0.000562 0.000940 0.999999
vn 0.000562 0.000940 0.999999
vn 0.000562 0.000940 0.999999
vn -0.814608 0.580013 -0.000002
vn -0.814608 0.580013 -0.000002
vn -0.814608 0.580013 -0.000002
vn 0.000000 -0.000001 -1.000000
vn 0.000000 -0.000001 -1.000000
vn 0.000000 -0.000001 -1.000000
vn 0.000944 -0.000105 1.000000
vn 0.000944 -0.000105 1.000000
vn 0.000944 -0.000105 1.000000
vn 0.302410 0.837894 0.454404
vn 0.302409 0.837894 0.454404
vn 0.302409 0.837894 0.454404
vn 0.000000 0.000000 -1.000000
vn 0.000000 0.000000 -1.000000
vn 0.000000 0.000000 -1.000000
vn -0.233375 -0.834542 0.499075
vn -0.233375 -0.834542 0.499075
vn -0.233375 -0.834542 0.499075
vn 0.777370 -0.512772 0.364363
vn 0.777370 -0.512772 0.364363
vn 0.777370 -0.512772 0.364363
vn 0.319787 0.858823 0.400200
vn 0.319787 0.858823 0.400200
vn 0.319787 0.858823 0.400200
vn 0.924704 0.203097 0.321984
vn 0.924704 0.203097 0.321984
vn 0.924704 0.203097 0.321984
vn -0.640195 -0.624594 0.447249
vn -0.640195 -0.624594 0.447249
vn -0.640195 -0.624594 0.447249
vn -0.808346 0.401319 0.430721
vn -0.808346 0.401319 0.430721
vn -0.808346 0.401319 0.430721
vn -0.000000 -0.000001 -1.000000
vn -0.000000 -0.000001 -1.000000
vn -0.000000 -0.000001 -1.000000
vn -0.240059 -0.832989 0.498500
vn -0.240059 -0.832989 0.498500
vn -0.240059 -0.832989 0.498500
vn 0.530639 -0.847598 -0.000001
vn 0.530639 -0.847598 -0.000001
vn 0.530639 -0.847598 -0.000001
vn -0.621840 0.159298 -0.766772
vn -0.621582 0.100349 -0.776895
vn -0.000001 0.000000 -1.000000
vn -0.000001 0.000000 -1.000000
vn -0.000001 0.000000 -1.000000
vn 0.809184 -0.465499 0.358514
vn 0.809184 -0.465499 0.358514
vn 0.809184 -0.465499 0.358514
vn -0.315887 -0.848346 0.424883
vn -0.315887 -0.848346 0.424883
vn -0.315886 -0.848346 0.424883
vn -0.824195 0.359095 0.437896
vn -0.824195 0.359095 0.437896
vn -0.824195 0.359095 0.437896
vn -0.003875 -0.003469 0.999987
vn -0.003875 -0.003469 0.999987
vn -0.003875 -0.003469 0.999987
vn -0.824812 0.417031 0.381800
vn -0.824812 0.417031 0.381800
vn -0.824812 0.417031 0.381800
vn -0.592762 -0.624614 0.508420
vn -0.592762 -0.624614 0.508420
vn -0.592762 -0.624614 0.508420
vn -0.811456 0.410702 0.415769
vn -0.811456 0.410702 0.415769
vn -0.811456 0.410702 0.415769
vn 0.311982 0.851694 0.421052
vn 0.311982 0.851694 0.421052
vn 0.311982 0.851694 0.421052
vn -0.382467 -0.885519 0.263770
vn -0.382467 -0.885519 0.263770
vn -0.382467 -0.885519 0.263770
vn -0.819449 0.368299 0.439158
vn -0.819449 0.368299 0.439158
vn -0.819449 0.368299 0.439158
vn 0.505333 0.691250 0.516539
vn 0.505333 0.691250 0.516539
vn 0.505333 0.691250 0.516539
vn -0.000782 -0.001734 0.999998
vn -0.000782 -0.001734 0.999998
vn -0.000782 -0.001734 0.999998
vn 0.272625 0.872615 0.405239
vn 0.272625 0.872615 0.405239
vn 0.272625 0.872615 0.405239
vn 0.647854 0.682666 0.338013
vn 0.647854 0.682666 0.338013
vn 0.647854 0.682666 0.338013
vn 0.000000 0.000000 -1.000000
vn 0.000000 0.000000 -1.000000
vn 0.000000 0.000000 -1.000000
vn -0.000001 -0.000001 -1.000000
vn -0.000001 -0.000001 -1.000000
vn -0.000001 -0.000001 -1.000000
vn 0.793607 -0.345769 0.500631
vn 0.793607 -0.345769 0.500631
vn 0.793607 -0.345769 0.500631
vn -0.001951 0.000875 0.999998
vn -0.001951 0.000875 0.999998
vn -0.001951 0.000875 0.999998
vn -0.002393 -0.002535 0.999994
vn -0.002393 -0.002535 0.999994
vn -0.002393 -0.002535 0.999994
vn 0.713828 -0.354394 0.604032
vn 0.713828 -0.354394 0.604032
vn 0.713828 -0.354394 0.604032
vn -0.826698 0.405637 0.389910
vn -0.826698 0.405637 0.389910
vn -0.826698 0.405637 0.389910
vn 0.000000 -0.000000 -1.000000
vn 0.000000 -0.000000 -1.000000
vn 0.000000 -0.000000 -1.000000
vn 0.303135 0.875300 0.376774
vn 0.303135 0.875300 0.376774
vn 0.303135 0.875300 0.376774
vn -0.912110 0.409945 -0.000002
vn -0.912110 0.409945 -0.000002
vn -0.912110 0.409945 -0.000002
vn -0.273041 -0.873948 0.402074
vn -0.273041 -0.873948 0.402074
vn -0.273041 -0.873948 0.402074
vn -0.002443 0.000061 0.999997
vn -0.002443 0.000061 0.999997
vn -0.002443 0.000061 0.999997
vn 0.230669 -0.933157 0.275699
vn 0.230669 -0.933157 0.275699
vn 0.230669 -0.933157 0.275699
vn -0.302000 -0.872025 0.385186
vn -0.302000 -0.872025 0.385186
vn -0.302000 -0.872025 0.385186
vn 0.001235 -0.000410 0.999999
vn 0.001235 -0.000410 0.999999
vn 0.001235 -0.000410 0.999999
vn 0.253775 0.823015 0.508177
vn 0.253775 0.823015 0.508177
vn 0.253775 0.823015 0.508177
vn 0.295078 0.891373 0.344068
vn 0.295079 0.891373 0.344068
vn 0.295078 0.891373 0.344068
vn 0.750549 -0.555761 0.357501
vn 0.750549 -0.555761 0.357501
vn 0.750549 -0.555761 0.357501
vn -0.254973 -0.826899 0.501226
vn -0.254973 -0.826899 0.501226
vn -0.254973 -0.826899 0.501226
vn -0.000001 0.000000 -1.000000
vn -0.000001 0.000000 -1.000000
vn -0.000001 0.000000 -1.000000
vn 0.235449 0.832827 0.500962
vn 0.235449 0.832827 0.500962
vn 0.235449 0.832827 0.500962
vn 0.346878 0.869602 0.351381
vn 0.346878 0.869602 0.351381
vn 0.346878 0.869602 0.351381
vn 0.000000 0.000000 -1.000000
vn 0.000000 0.000000 -1.000000
vn 0.000000 0.000000 -1.000000
vn -0.736541 0.498014 0.457700
vn -0.736541 0.498014 0.457700
vn -0.736541 0.498014 0.457700
vn 0.000000 -0.000001 -1.000000
vn 0.000000 -0.000001 -1.000000
vn 0.000000 -0.000001 -1.000000
vn -0.001389 0.000514 0.999999
vn -0.001389 0.000514 0.999999
vn -0.001389 0.000514 0.999999
vn -0.502374 -0.863925 0.035425
vn -0.502374 -0.863925 0.035425
vn -0.502374 -0.863925 0.035425
vn 0.000000 0.000000 -1.000000
vn 0.000000 0.000000 -1.000000
vn 0.000000 0.000000 -1.000000
vn -0.210795 -0.839595 0.500645
vn -0.210795 -0.839595 0.500645
vn -0.210795 -0.839595 0.500645
vn -0.540225 0.650889 0.533386
vn -0.540225 0.650889 0.533386
vn -0.540225 0.650889 0.533386
vn 0.306380 -0.806608 0.505485
vn 0.306380 -0.806608 0.505485
vn 0.306380 -0.806608 0.505485
vn 0.000000 -0.000000 -1.000000
vn 0.000000 -0.000000 -1.000000
vn 0.000000 -0.000000 -1.000000
vn 0.001517 -0.000104 0.999999
vn 0.001517 -0.000104 0.999999
vn 0.001517 -0.000104 0.999999
vn -0.912110 0.409947 -0.000001
vn -0.912110 0.409947 -0.000001
vn -0.912109 0.409947 -0.000001
vn 0.355085 -0.934834 0.000000
vn 0.355085 -0.934834 0.000000
vn 0.355085 -0.934834 0.000000
vn 0.000190 0.000996 1.000000
vn 0.000190 0.000996 1.000000
vn 0.000190 0.000996 1.000000
vn 0.804231 -0.320665 0.500386
vn 0.804231 -0.320665 0.500386
vn 0.804231 -0.320666 0.500386
vn 0.001473 -0.000456 0.999999
vn 0.001473 -0.000456 0.999999
vn 0.001473 -0.000456 0.999999
vn -0.775800 0.348683 0.525884
vn -0.775800 0.348683 0.525884
vn -0.775800 0.348683 0.525884
vn 0.002415 -0.001094 0.999996
vn 0.002415 -0.001094 0.999996
vn 0.002415 -0.001094 0.999997
vn -0.751865 0.559038 0.349537
vn -0.751865 0.559038 0.349537
vn -0.751865 0.559038 0.349537
vn 0.118940 -0.025462 0.992575
vn 0.118940 -0.025462 0.992575
vn 0.118940 -0.025462 0.992575
vn -0.000000 0.000000 -1.000000
vn -0.000000 0.000000 -1.000000
vn -0.000000 0.000000 -1.000000
vn 0.255582 0.826718 0.501215
vn 0.255582 0.826718 0.501214
vn 0.255582 0.826718 0.501214
vn -0.255699 -0.827095 0.500531
vn -0.255699 -0.827095 0.500531
vn -0.255699 -0.827095 0.500531
vn -0.823841 0.358942 0.438687
vn -0.823841 0.358942 0.438687
vn -0.823841 0.358942 0.438687
vn 0.735403 -0.497246 0.460357
vn 0.735403 -0.497246 0.460357
vn 0.735403 -0.497246 0.460357
vn 0.002800 0.002381 0.999993
vn 0.002800 0.002381 0.999993
vn 0.002800 0.002381 0.999993
vn 0.355085 -0.934834 -0.000002
vn 0.355085 -0.934834 -0.000002
vn 0.355085 -0.934834 -0.000002
vn -0.912107 0.409953 -0.000002
vn -0.912107 0.409953 -0.000002
vn -0.912107 0.409953 -0.000002
vn 0.297667 0.847243 0.439970
vn 0.297667 0.847243 0.439969
vn 0.297667 0.847243 0.439970
vn 0.000020 0.000051 -1.000000
vn 0.000020 0.000051 -1.000000
vn 0.000020 0.000051 -1.000000
vn 0.000208 0.001311 0.999999
vn 0.000208 0.001311 0.999999
vn 0.000208 0.001311 0.999999
vn 0.262593 0.851612 0.453654
vn 0.262593 0.851612 0.453654
vn 0.262593 0.851612 0.453654
vn 0.000000 -0.000000 -1.000000
vn 0.000000 -0.000000 -1.000000
vn 0.000000 -0.000000 -1.000000
vn -0.214218 -0.839061 0.500087
vn -0.214218 -0.839061 0.500087
vn -0.214218 -0.839061 0.500087
vn 0.885299 -0.036786 0.463564
vn 0.885299 -0.036786 0.463564
vn 0.885299 -0.036786 0.463564
vn -0.912104 0.409959 -0.000002
vn -0.912104 0.409959 -0.000002
vn -0.912104 0.409959 -0.000002
vn -0.872000 0.200537 0.446542
vn -0.872000 0.200537 0.446542
vn -0.872000 0.200537 0.446542
vn -0.920387 0.076499 0.383453
vn -0.920387 0.076499 0.383453
vn -0.920387 0.076499 0.383453
vn -0.273803 -0.887966 0.369524
vn -0.273803 -0.887966 0.369524
vn -0.273803 -0.887966 0.369524
vn 0.220006 -0.833265 0.507214
vn 0.220006 -0.833265 0.507214
vn 0.220006 -0.833265 0.507214
vn 0.000000 0.000000 -1.000000
vn 0.000000 0.000000 -1.000000
vn 0.000000 0.000000 -1.000000
vn 0.000000 -0.000000 -1.000000
vn 0.000000 -0.000000 -1.000000
vn 0.000000 -0.000000 -1.000000
vn -0.834442 0.382995 0.396261
vn -0.834442 0.382995 0.396260
vn -0.834442 0.382995 0.396261
vn 0.252186 0.843289 0.474621
vn 0.252186 0.843289 0.474621
vn 0.252186 0.843289 0.474621
vn -0.847401 0.157091 0.507182
vn -0.847401 0.157091 0.507182
vn -0.847401 0.157091 0.507182
vn -0.000000 0.000001 -1.000000
vn -0.000000 0.000001 -1.000000
vn -0.000000 0.000001 -1.000000
vn 0.824327 -0.359154 0.437600
vn 0.824327 -0.359154 0.437600
vn 0.824327 -0.359154 0.437600
vn -0.000021 0.000327 1.000000
vn -0.000021 0.000327 1.000000
vn -0.000021 0.000327 1.000000
vn -0.974561 0.224124 -0.000002
vn -0.974561 0.224124 -0.000002
vn -0.974561 0.224124 -0.000002
vn -0.923223 0.079363 0.375981
vn -0.923223 0.079363 0.375981
vn -0.923223 0.079363 0.375981
vn 0.000000 -0.000000 -1.000000
vn 0.000000 -0.000000 -1.000000
vn 0.000000 -0.000000 -1.000000
vn 0.272150 0.880307 0.388579
vn 0.272150 0.880307 0.388579
vn 0.272150 0.880307 0.388579
vn 0.000252 0.000153 1.000000
vn 0.000252 0.000153 1.000000
vn 0.000252 0.000153 1.000000
vn -0.270088 -0.873638 0.404734
vn -0.270088 -0.873638 0.404734
vn -0.270088 -0.873638 0.404734
vn 0.000000 0.000004 -1.000000
vn 0.000000 0.000004 -1.000000
vn 0.000000 0.000004 -1.000000
vn 0.929577 -0.077263 0.360440
vn 0.929577 -0.077263 0.360440
vn 0.929577 -0.077263 0.360440
vn 0.000000 -0.000000 -1.000000
vn 0.000000 -0.000000 -1.000000
vn 0.000000 -0.000000 -1.000000
vn 0.800057 -0.468121 0.375196
vn 0.800057 -0.468121 0.375196
vn 0.800057 -0.468121 0.375196
vn 0.153472 -0.912354 0.379549
vn 0.153472 -0.912354 0.379549
vn 0.153472 -0.912354 0.379549
vn 0.000345 0.001430 0.999999
vn 0.000345 0.001430 0.999999
vn 0.000345 0.001430 0.999999
vn 0.207307 0.840784 0.500106
vn 0.207307 0.840784 0.500106
vn 0.207307 0.840784 0.500106
vn -0.254219 -0.847889 0.465250
vn -0.254219 -0.847889 0.465250
vn -0.254219 -0.847889 0.465250
vn -0.784715 0.426245 0.450043
vn -0.784714 0.426245 0.450043
vn -0.784714 0.426245 0.450043
vn 0.000000 -0.000000 -1.000000
vn 0.000000 -0.000000 -1.000000
vn 0.000000 -0.000000 -1.000000
vn 0.165884 -0.986145 -0.000002
vn 0.165884 -0.986145 -0.000002
vn 0.165884 -0.986145 -0.000002
vn 0.000000 -0.000000 -1.000000
vn 0.000000 -0.000000 -1.000000
vn 0.000000 -0.000000 -1.000000
vn -0.974561 0.224123 -0.000001
vn -0.974561 0.224123 -0.000001
vn -0.974561 0.224123 -0.000001
vn -0.001507 0.000540 0.999999
vn -0.001507 0.000540 0.999999
vn -0.001507 0.000540 0.999999
vn -0.279136 -0.855751 0.435631
vn -0.279136 -0.855751 0.435630
vn -0.279136 -0.855751 0.435631
vn 0.000000 -0.000000 -1.000000
vn 0.000000 -0.000000 -1.000000
vn 0.000000 -0.000000 -1.000000
vn 0.000207 0.000501 1.000000
vn 0.000207 0.000501 1.000000
vn 0.000207 0.000501 1.000000
vn 0.165885 -0.986145 -0.000002
vn 0.165885 -0.986145 -0.000002
vn 0.165885 -0.986145 -0.000002
vn 0.691294 -0.646271 0.323181
vn 0.691294 -0.646271 0.323181
vn 0.691294 -0.646271 0.323181
vn -0.862198 0.025609 0.505924
vn -0.862198 0.025609 0.505924
vn -0.862198 0.025609 0.505924
vn 0.287377 0.891150 0.351092
vn 0.287377 0.891150 0.351092
vn 0.287377 0.891150 0.351092
vn -0.799341 0.466092 0.379226
vn -0.799341 0.466092 0.379226
vn -0.799341 0.466092 0.379226
vn -0.890899 0.056128 0.450721
vn -0.890899 0.056128 0.450721
vn -0.890899 0.056128 0.450721
vn -0.682795 0.558300 0.471267
vn -0.682795 0.558300 0.471267
vn -0.682795 0.558300 0.471267
vn 0.784826 -0.426306 0.449791
vn 0.784826 -0.426306 0.449791
vn 0.784826 -0.426306 0.449791
vn -0.388002 -0.849821 0.356733
vn -0.388002 -0.849821 0.356733
vn -0.388002 -0.849821 0.356733
vn 0.259763 0.825684 0.500768
vn 0.259763 0.825684 0.500768
vn 0.259763 0.825684 0.500768
vn -0.278820 -0.959573 -0.038472
vn -0.278820 -0.959573 -0.038472
vn -0.278820 -0.959573 -0.038472
vn -0.282721 -0.876714 0.389155
vn -0.282721 -0.876714 0.389155
vn -0.282721 -0.876714 0.389155
vn -0.000000 0.000001 -1.000000
vn -0.000000 0.000001 -1.000000
vn -0.000000 0.000001 -1.000000
vn -0.266449 -0.846935 0.460115
vn -0.266449 -0.846935 0.460115
vn -0.266449 -0.846935 0.460115
vn -0.999559 0.029690 -0.000001
vn -0.999559 0.029690 -0.000001
vn -0.999559 0.029690 -0.000001
vn 0.283698 0.887953 0.362015
vn 0.283698 0.887953 0.362015
vn 0.283698 0.887953 0.362015
vn 0.352718 0.888046 0.294897
vn 0.352718 0.888046 0.294897
vn 0.352718 0.888046 0.294897
vn 0.000001 0.000001 -1.000000
vn 0.000001 0.000001 -1.000000
vn 0.000001 0.000001 -1.000000
vn -0.000139 0.001165 0.999999
vn -0.000139 0.001165 0.999999
vn -0.000139 0.001165 0.999999
vn 0.000811 -0.002183 0.999997
vn 0.000811 -0.002183 0.999997
vn 0.000811 -0.002183 0.999997
vn -0.691274 0.629945 0.353991
vn -0.691274 0.629945 0.353991
vn -0.691274 0.629945 0.353991
vn 0.407912 0.903069 0.134443
vn 0.407912 0.903069 0.134443
vn 0.407912 0.903069 0.134443
vn -0.013352 -0.056788 -0.998297
vn -0.013352 -0.056788 -0.998297
vn -0.013352 -0.056788 -0.998297
vn -0.000177 -0.000497 1.000000
vn -0.000177 -0.000497 1.000000
vn -0.000177 -0.000497 1.000000
vn 0.682724 -0.558241 0.471440
vn 0.682724 -0.558241 0.471440
vn 0.682724 -0.558241 0.471440
vn -0.000131 -0.000684 1.000000
vn -0.000131 -0.000684 1.000000
vn -0.000131 -0.000684 1.000000
vn -0.025565 -0.860666 0.508528
vn -0.025565 -0.860666 0.508528
vn -0.025565 -0.860666 0.508528
vn 0.000000 -0.000000 -1.000000
vn 0.000000 -0.000000 -1.000000
vn 0.000000 -0.000000 -1.000000
vn -0.001715 -0.003515 0.999992
vn -0.001715 -0.003515 0.999992
vn -0.001715 -0.003515 0.999992
vn -0.381655 -0.844940 0.374721
vn -0.381655 -0.844940 0.374721
vn -0.381655 -0.844940 0.374721
vn -0.029691 -0.999559 -0.000004
vn -0.029691 -0.999559 -0.000004
vn -0.029691 -0.999559 -0.000004
vn -0.000000 -0.000001 -1.000000
vn -0.000000 -0.000001 -1.000000
vn -0.000000 -0.000001 -1.000000
vn 0.372666 0.887975 0.269480
vn 0.372666 0.887975 0.269480
vn 0.372666 0.887976 0.269480
vn -0.999559 0.029691 0.000002
vn -0.999559 0.029691 0.000002
vn -0.999559 0.029691 0.000002
vn -0.278825 -0.850786 0.445443
vn -0.278825 -0.850786 0.445443
vn -0.278825 -0.850786 0.445443
vn 0.000298 0.001883 0.999998
vn 0.000298 0.001883 0.999998
vn 0.000298 0.001883 0.999998
vn -0.181053 -0.840871 0.510055
vn -0.181053 -0.840871 0.510055
vn -0.181053 -0.840871 0.510055
vn -0.029691 -0.999559 0.000002
vn -0.029691 -0.999559 0.000002
vn -0.029691 -0.999559 0.000002
vn -0.930281 -0.156485 0.331797
vn -0.930281 -0.156485 0.331797
vn -0.930281 -0.156485 0.331797
vn -0.825341 -0.247914 0.507297
vn -0.825341 -0.247914 0.507297
vn -0.825341 -0.247914 0.507297
vn -0.251973 -0.843433 0.474479
vn -0.251973 -0.843433 0.474479
vn -0.251973 -0.843433 0.474479
vn 0.876837 0.063174 0.476619
vn 0.876837 0.063174 0.476619
vn 0.876837 0.063174 0.476619
vn 0.000000 0.000000 -1.000000
vn 0.000000 0.000000 -1.000000
vn 0.000000 0.000000 -1.000000
vn 0.000000 0.000001 -1.000000
vn 0.000000 0.000001 -1.000000
vn 0.000000 0.000001 -1.000000
vn -0.986146 -0.165882 0.000002
vn -0.986146 -0.165882 0.000002
vn -0.986146 -0.165882 0.000002
vn -0.931300 -0.014536 0.363963
vn -0.931300 -0.014536 0.363963
vn -0.931300 -0.014536 0.363963
vn 0.260679 0.847822 0.461784
vn 0.260679 0.847822 0.461784
vn 0.260679 0.847822 0.461784
vn 0.883582 0.332473 0.329764
vn 0.883582 0.332473 0.329764
vn 0.883582 0.332473 0.329764
vn -0.720899 -0.453134 0.524380
vn -0.720899 -0.453134 0.524380
vn -0.720899 -0.453134 0.524380
vn -0.000000 -0.000000 -1.000000
vn -0.000000 -0.000000 -1.000000
vn -0.000000 -0.000000 -1.000000
vn -0.195345 -0.849421 0.490229
vn -0.195345 -0.849421 0.490229
vn -0.195345 -0.849421 0.490229
vn -0.915753 -0.290039 0.277983
vn -0.915753 -0.290039 0.277983
vn -0.915753 -0.290039 0.277983
vn -0.255582 -0.831246 0.493669
vn -0.255582 -0.831246 0.493669
vn -0.255582 -0.831245 0.493669
vn 0.001367 0.000785 0.999999
vn 0.001367 0.000785 0.999999
vn 0.001367 0.000785 0.999999
vn -0.818103 -0.297845 0.491930
vn -0.818103 -0.297845 0.491930
vn -0.818103 -0.297845 0.491930
vn -0.876408 -0.063256 0.477396
vn -0.876408 -0.063256 0.477396
vn -0.876408 -0.063256 0.477396
vn -0.000000 -0.000001 -1.000000
vn -0.000000 -0.000001 -1.000000
vn -0.000000 -0.000001 -1.000000
vn 0.000001 0.000000 -1.000000
vn 0.000001 0.000000 -1.000000
vn 0.000001 0.000000 -1.000000
vn 0.000183 0.002569 0.999997
vn 0.000183 0.002569 0.999997
vn 0.000183 0.002569 0.999997
vn 0.349989 0.903458 0.247531
vn 0.349989 0.903458 0.247531
vn 0.349989 0.903458 0.247531
vn 0.000000 0.000000 -1.000000
vn 0.000000 0.000000 -1.000000
vn 0.000000 0.000000 -1.000000
vn 0.918154 0.290799 0.269126
vn 0.918154 0.290799 0.269126
vn 0.918154 0.290799 0.269126
vn -0.806497 -0.306338 0.505688
vn -0.806497 -0.306338 0.505688
vn -0.806497 -0.306338 0.505688
vn 0.284357 0.935693 0.208855
vn 0.284357 0.935693 0.208855
vn 0.284357 0.935693 0.208855
vn -0.224124 -0.974561 -0.000002
vn -0.224124 -0.974561 -0.000002
vn -0.224124 -0.974561 -0.000002
vn 0.931445 0.014538 0.363592
vn 0.931445 0.014538 0.363592
vn 0.931445 0.014538 0.363592
vn -0.986145 -0.165884 -0.000001
vn -0.986145 -0.165884 -0.000001
vn -0.986145 -0.165884 -0.000001
vn -0.076979 -0.056777 0.995415
vn -0.076979 -0.056777 0.995415
vn -0.076979 -0.056777 0.995415
vn -0.257413 -0.847030 0.465058
vn -0.257413 -0.847030 0.465058
vn -0.257413 -0.847030 0.465058
vn -0.428212 -0.868773 0.248733
vn -0.428212 -0.868773 0.248733
vn -0.428213 -0.868773 0.248733
vn -0.014388 -0.012711 0.999816
vn -0.014388 -0.012711 0.999816
vn -0.014388 -0.012711 0.999816
vn 0.349512 0.936560 0.026408
vn 0.349512 0.936560 0.026408
vn 0.349512 0.936560 0.026408
vn -0.013117 -0.020246 0.999709
vn -0.013117 -0.020246 0.999709
vn -0.013117 -0.020246 0.999709
vn -0.224124 -0.974561 -0.000002
vn -0.224124 -0.974561 -0.000002
vn -0.224124 -0.974561 -0.000002
vn 0.000039 0.002362 0.999997
vn 0.000039 0.002362 0.999997
vn 0.000039 0.002362 0.999997
vn -0.014390 -0.012718 0.999816
vn -0.014390 -0.012718 0.999816
vn -0.014390 -0.012718 0.999816
vn -0.857244 -0.339416 0.387206
vn -0.857245 -0.339416 0.387206
vn -0.857244 -0.339416 0.387206
vn -0.934834 -0.355086 -0.000001
vn -0.934834 -0.355086 -0.000001
vn -0.934834 -0.355086 -0.000001
vn -0.862772 -0.327713 0.385005
vn -0.862772 -0.327713 0.385005
vn -0.862772 -0.327713 0.385005
vn -0.539938 -0.811529 0.223357
vn -0.539938 -0.811529 0.223357
vn -0.539938 -0.811529 0.223357
vn 0.000000 0.000000 -1.000000
vn 0.000000 0.000000 -1.000000
vn 0.000000 0.000000 -1.000000
vn 0.012004 -0.018288 0.999761
vn 0.012004 -0.018288 0.999761
vn 0.012004 -0.018288 0.999761
vn -0.387788 -0.862812 0.324308
vn -0.387788 -0.862812 0.324308
vn -0.387788 -0.862812 0.324308
vn -0.692280 -0.510357 0.510180
vn -0.692280 -0.510357 0.510180
vn -0.692280 -0.510357 0.510180
vn -0.516362 -0.789102 0.332699
vn -0.516362 -0.789102 0.332700
vn -0.516362 -0.789102 0.332700
vn -0.624328 -0.591120 0.510678
vn -0.624328 -0.591120 0.510678
vn -0.624328 -0.591120 0.510678
vn -0.783961 -0.490798 0.380161
vn -0.783961 -0.490798 0.380161
vn -0.783961 -0.490798 0.380161
vn 0.000000 -0.000000 -1.000000
vn 0.000000 -0.000000 -1.000000
vn 0.000000 -0.000000 -1.000000
vn 0.206890 0.968479 0.138727
vn 0.206890 0.968479 0.138727
vn 0.206890 0.968479 0.138727
vn -0.934834 -0.355085 0.000001
vn -0.934834 -0.355085 0.000001
vn -0.934834 -0.355085 0.000001
vn 0.290664 0.956445 0.026970
vn 0.290664 0.956445 0.026970
vn 0.290664 0.956445 0.026970
vn -0.250477 -0.824206 0.507883
vn -0.250477 -0.824206 0.507883
vn -0.250477 -0.824206 0.507883
vn -0.692266 -0.668547 0.271686
vn -0.692266 -0.668547 0.271686
vn -0.692266 -0.668547 0.271686
vn 0.000000 0.000000 -1.000000
vn 0.000000 0.000000 -1.000000
vn 0.000000 0.000000 -1.000000
vn -0.934835 -0.355083 0.000001
vn -0.934835 -0.355083 0.000001
vn -0.934835 -0.355083 0.000001
vn -0.409944 -0.912111 -0.000002
vn -0.409944 -0.912111 -0.000002
vn -0.409944 -0.912111 -0.000002
vn -0.626678 -0.590522 0.508487
vn -0.626678 -0.590522 0.508487
vn -0.626678 -0.590522 0.508487
vn -0.561313 -0.788346 0.251869
vn -0.561313 -0.788346 0.251869
vn -0.561313 -0.788346 0.251869
vn -0.409946 -0.912110 0.000002
vn -0.409946 -0.912110 0.000002
vn -0.409946 -0.912110 0.000002
vn -0.701177 -0.660721 0.267955
vn -0.701177 -0.660721 0.267955
vn -0.701177 -0.660721 0.267955
vn -0.934834 -0.355085 0.000002
vn -0.934834 -0.355085 0.000002
vn -0.934834 -0.355085 0.000002
vn -0.847598 -0.530639 0.000003
vn -0.847598 -0.530639 0.000003
vn -0.847598 -0.530639 0.000003
vn 0.000000 0.000001 -1.000000
vn 0.000000 0.000001 -1.000000
vn 0.000000 0.000001 -1.000000
vn -0.580012 -0.814608 0.000000
vn -0.580012 -0.814608 0.000000
vn -0.580012 -0.814608 0.000000
vn 0.000000 0.000000 -1.000000
vn 0.000000 0.000000 -1.000000
vn 0.000000 0.000000 -1.000000
vn 0.000000 -0.000002 -1.000000
vn 0.000000 -0.000002 -1.000000
vn 0.000000 -0.000002 -1.000000
vn 0.000000 -0.000001 -1.000000
vn 0.000000 -0.000001 -1.000000
vn 0.000000 -0.000001 -1.000000
vn -0.727790 -0.685800 0.000000
vn -0.727790 -0.685800 0.000000
vn -0.727790 -0.685800 0.000000
vn -0.580012 -0.814608 0.000000
vn -0.580012 -0.814608 0.000000
vn -0.580012 -0.814608 0.000000
vn -0.727791 -0.685799 0.000000
vn -0.727791 -0.685799 0.000000
vn -0.727791 -0.685799 0.000000
vn -0.847598 -0.530639 0.000000
vn -0.847598 -0.530638 0.000000
vn -0.847598 -0.530639 0.000000
vn -0.727789 -0.685801 0.000000
vn -0.727789 -0.685801 0.000000
vn -0.727789 -0.685801 0.000000
vn -0.727790 -0.685800 0.000000
vn -0.727790 -0.685800 0.000000
vn -0.727790 -0.685800 0.000000
vn 0.000000 0.000000 -1.000000
vn 0.000000 0.000000 -1.000000
vn 0.000000 0.000000 -1.000000
vn -0.000001 0.000000 -1.000000
vn -0.000001 0.000000 -1.000000
vn -0.000001 0.000000 -1.000000
vn -0.000256 -0.000920 1.000000
vn -0.000103 -0.001120 0.999999
vn -0.000112 -0.001108 0.999999
vn -0.000095 -0.001058 0.999999
vn -0.000163 -0.001145 0.999999
vn -0.000098 -0.001116 0.999999
vn -0.000072 -0.001115 0.999999
vn -0.000094 -0.001120 0.999999
vn -0.000134 -0.001122 0.999999
vn -0.000094 -0.001120 0.999999
vn -0.000111 -0.001109 0.999999
vn -0.000107 -0.001115 0.999999
vn -0.000355 -0.001125 0.999999
vn -0.000055 -0.001116 0.999999
vn -0.000061 -0.001118 0.999999
vn -0.000100 -0.001131 0.999999
vn -0.000109 -0.001119 0.999999
vn -0.000102 -0.001117 0.999999
vn -0.000109 -0.001122 0.999999
vn -0.000096 -0.001118 0.999999
vn -0.000104 -0.001120 0.999999
vn -0.000102 -0.001122 0.999999
vn -0.000097 -0.001122 0.999999
vn -0.000109 -0.001122 0.999999
vn -0.000105 -0.001118 0.999999
vn -0.000115 -0.001119 0.999999
vn -0.000112 -0.001121 0.999999
vn -0.000109 -0.001121 0.999999
vn -0.000097 -0.001122 0.999999
vn -0.000096 -0.001117 0.999999
vn -0.000091 -0.001117 0.999999
vn -0.000072 0.000434 1.000000
vn -0.000072 0.000434 1.000000
vn -0.000068 0.000434 1.000000
vn -0.000233 0.000439 1.000000
vn 0.001409 0.000802 0.999999
vn -0.000194 0.000397 1.000000
vn -0.000889 0.000715 0.999999
vn 0.000128 0.000421 1.000000
vn -0.000729 0.000353 1.000000
vn 0.000010 0.000436 1.000000
vn -0.000497 0.000395 1.000000
vn -0.000053 0.000459 1.000000
vn -0.000859 0.000385 1.000000
vn -0.000152 0.000419 1.000000
vn 0.001185 0.000567 0.999999
vn -0.000128 0.000423 1.000000
vn -0.000567 0.000405 1.000000
vn -0.000012 0.000429 1.000000
vn -0.000288 0.000530 1.000000
vn -0.000095 0.000429 1.000000
vn 0.000408 0.000413 1.000000
vn -0.000018 0.000429 1.000000
vn -0.000361 0.000424 1.000000
vn -0.000115 0.000444 1.000000
vn 0.000090 0.000414 1.000000
vn -0.000142 0.000432 1.000000
vn 0.000287 0.000416 1.000000
vn -0.000123 0.000436 1.000000
vn -0.000023 0.000421 1.000000
vn -0.000060 0.000444 1.000000
vn -0.000037 0.000417 1.000000
vn -0.000032 0.000438 1.000000
vn -0.000292 0.000417 1.000000
vn -0.000101 0.000437 1.000000
vn -0.000071 0.000422 1.000000
vn -0.000098 0.000441 1.000000
vn 0.000082 0.000418 1.000000
vn -0.000106 0.000433 1.000000
vn 0.000231 0.000415 1.000000
vn -0.000082 0.000431 1.000000
vn -0.000085 0.000476 1.000000
vn -0.000033 0.000423 1.000000
vn -0.000405 0.000475 1.000000
vn 0.000001 0.000424 1.000000
vn -0.000073 0.000434 1.000000
vn -0.000073 0.000430 1.000000
vn -0.000159 0.000469 1.000000
vn -0.000054 0.000423 1.000000
vn -0.000036 0.000472 1.000000
vn -0.000135 0.000430 1.000000
vn -0.000057 0.000443 1.000000
vn -0.000108 0.000431 1.000000
vn -0.000059 0.000440 1.000000
vn 0.000047 0.000427 1.000000
vn -0.000086 0.000436 1.000000
vn -0.000009 0.000421 1.000000
vn -0.000110 0.000429 1.000000
vn -0.000040 0.000435 1.000000
vn -0.000097 0.000443 1.000000
vn -0.000077 0.000425 1.000000
vn -0.000057 0.000433 1.000000
vn -0.000032 0.000423 1.000000
vn -0.000068 0.000436 1.000000
vn -0.000069 0.000430 1.000000
vn -0.000143 0.000442 1.000000
vn -0.000039 0.000430 1.000000
vn -0.000086 0.000434 1.000000
vn -0.000117 0.000430 1.000000
vn -0.000087 0.000438 1.000000
vn -0.000025 0.000424 1.000000
vn -0.000067 0.000435 1.000000
vn -0.000099 0.000440 1.000000
vn -0.000056 0.000434 1.000000
vn -0.000052 0.000431 1.000000
vn -0.000083 0.000436 1.000000
vn -0.000069 0.000439 1.000000
vn -0.000097 0.000426 1.000000
vn -0.000066 0.000436 1.000000
vn -0.000063 0.000441 1.000000
vn -0.000085 0.000430 1.000000
vn -0.000076 0.000436 1.000000
vn -0.000080 0.000435 1.000000
vn -0.000068 0.000437 1.000000
vn -0.000070 0.000426 1.000000
vn -0.000054 0.000454 1.000000
vn -0.000076 0.000433 1.000000
vn -0.000046 0.000445 1.000000
vn -0.000068 0.000433 1.000000
vn -0.000349 0.000439 1.000000
vn -0.000064 0.000433 1.000000
vn -0.000304 0.000436 1.000000
vn -0.000054 0.000434 1.000000
vn -0.000090 0.000435 1.000000
vn -0.000105 0.000434 1.000000
vn -0.000073 0.000434 1.000000
vn -0.000071 0.000405 1.000000
vn -0.000072 0.000436 1.000000
vn -0.000070 0.000374 1.000000
vn -0.000073 0.000442 1.000000
vn -0.000073 0.000444 1.000000
vn -0.000072 0.000437 1.000000
vn 0.000075 0.000434 1.000000
vn -0.000061 0.000435 1.000000
vn -0.000069 0.000431 1.000000
vn -0.000080 0.000433 1.000000
vn -0.000072 0.000421 1.000000
vn -0.000072 0.000432 1.000000
vn -0.000072 0.000447 1.000000
vn -0.000072 0.000434 1.000000
vn -0.000038 0.000436 1.000000
vn -0.000050 0.000432 1.000000
vn -0.000073 0.000437 1.000000
vn -0.000072 0.000435 1.000000
vn -0.000091 0.000436 1.000000
vn -0.000072 0.000426 1.000000
vn -0.000073 0.000433 1.000000
vn -0.000052 0.000432 1.000000
vn -0.000073 0.000435 1.000000
vn -0.000072 0.000432 1.000000
vn -0.000064 0.000435 1.000000
vn -0.000071 0.000442 1.000000
vn -0.000073 0.000435 1.000000
vn -0.000074 0.000434 1.000000
vn -0.000072 0.000428 1.000000
vn -0.000071 0.000434 1.000000
vn -0.000072 0.000438 1.000000
vn -0.000079 0.000433 1.000000
vn -0.000074 0.000426 1.000000
vn -0.000073 0.000428 1.000000
vn -0.000071 0.000436 1.000000
vn -0.000076 0.000439 1.000000
vn -0.000070 0.000439 1.000000
vn -0.000069 0.000442 1.000000
vn -0.000074 0.000417 1.000000
vn -0.000079 0.000418 1.000000
vn -0.000068 0.000442 1.000000
vn -0.000066 0.000443 1.000000
vn -0.000070 0.000441 1.000000
vn -0.000074 0.000443 1.000000
vn -0.000081 0.000417 1.000000
vn -0.000068 0.000419 1.000000
vn -0.000068 0.000442 1.000000
vn -0.000072 0.000443 1.000000
vn -0.000071 0.000437 1.000000
vn -0.000076 0.000438 1.000000
vn -0.000070 0.000429 1.000000
vn -0.000068 0.000430 1.000000
vn -0.000076 0.000441 1.000000
vn -0.000071 0.000441 1.000000
vn -0.000075 0.000426 1.000000
vn -0.000080 0.000427 1.000000
vn -0.000074 0.000437 1.000000
vn -0.000072 0.000437 1.000000
vn -0.000070 0.000430 1.000000
vn -0.000070 0.000431 1.000000
vn -0.000076 0.000426 1.000000
vn -0.000069 0.000427 1.000000
vn -0.000065 0.000448 1.000000
vn -0.000070 0.000449 1.000000
vn -0.000076 0.000430 1.000000
vn -0.000074 0.000431 1.000000
vn -0.000074 0.000437 1.000000
vn -0.000070 0.000438 1.000000
vn -0.000073 0.000426 1.000000
vn -0.000077 0.000428 1.000000
vn -0.000070 0.000441 1.000000
vn -0.000077 0.000443 1.000000
vn -0.000068 0.000429 1.000000
vn -0.000063 0.000432 1.000000
vn -0.000078 0.000437 1.000000
vn -0.000084 0.000410 1.000000
vn -0.000077 0.000422 1.000000
vn -0.000064 0.000444 1.000000
vn -0.000064 0.000442 1.000000
vn -0.000081 0.000444 1.000000
vn -0.000078 0.000442 1.000000
vn -0.000077 0.000414 1.000000
vn -0.000070 0.000422 1.000000
vn -0.000053 0.000444 1.000000
vn -0.000072 0.000442 1.000000
vn -0.000089 0.000443 1.000000
vn -0.000068 0.000426 1.000000
vn -0.000071 0.000423 1.000000
vn -0.000058 0.000436 1.000000
vn -0.000071 0.000444 1.000000
vn -0.000070 0.000438 1.000000
vn -0.000070 0.000431 1.000000
vn -0.000078 0.000422 1.000000
vn -0.000074 0.000432 1.000000
vn -0.000067 0.000438 1.000000
vn -0.000073 0.000439 1.000000
vn -0.000074 0.000432 1.000000
vn -0.000054 0.000428 1.000000
vn -0.000073 0.000430 1.000000
vn -0.000070 0.000436 1.000000
vn -0.000074 0.000434 1.000000
vn -0.000072 0.000435 1.000000
vn -0.000107 0.000434 1.000000
vn -0.000074 0.000429 1.000000
vn -0.000078 0.000434 1.000000
vn -0.000029 0.000431 1.000000
vn -0.000072 0.000434 1.000000
vn -0.000071 0.000427 1.000000
vn -0.000269 0.000353 1.000000
vn -0.000074 0.000442 1.000000
vn -0.000105 0.000460 1.000000
vn -0.000070 0.000422 1.000000
vn -0.000060 0.000495 1.000000
vn -0.000073 0.000424 1.000000
vn -0.000060 0.000460 1.000000
vn -0.000071 0.000435 1.000000
vn -0.001677 0.000925 0.999998
vn -0.001754 0.000899 0.999998
vn -0.001638 0.000910 0.999998
vn -0.001586 0.000920 0.999998
vn -0.001719 0.000930 0.999998
vn -0.001561 0.000903 0.999998
vn -0.001655 0.000907 0.999998
vn -0.001765 0.000932 0.999998
vn -0.001669 0.000921 0.999998
vn -0.001588 0.000910 0.999998
vn -0.001685 0.000898 0.999998
vn -0.001661 0.000935 0.999998
vn -0.001691 0.000926 0.999998
vn -0.001677 0.000913 0.999998
vn -0.001636 0.000902 0.999998
vn -0.001616 0.000936 0.999998
vn -0.001681 0.000914 0.999998
vn -0.001631 0.000882 0.999998
vn -0.001664 0.000919 0.999998
vn -0.001699 0.000934 0.999998
vn -0.001672 0.000927 0.999998
vn -0.001682 0.000908 0.999998
vn -0.001643 0.000901 0.999998
vn -0.001673 0.000922 0.999998
vn -0.001670 0.000917 0.999998
vn -0.001686 0.000919 0.999998
vn -0.001657 0.000916 0.999998
vn -0.001645 0.000926 0.999998
vn -0.001673 0.000925 0.999998
vn -0.001662 0.000917 0.999998
vn -0.001664 0.000917 0.999998
vn -0.001690 0.000898 0.999998
vn -0.001652 0.000897 0.999998
vn -0.001646 0.000925 0.999998
vn -0.001676 0.000925 0.999998
vn -0.001659 0.000920 0.999998
vn -0.001664 0.000920 0.999998
vn -0.001663 0.000923 0.999998
vn -0.001663 0.000906 0.999998
vn -0.001676 0.000899 0.999998
vn -0.001663 0.000930 0.999998
vn -0.001679 0.000919 0.999998
vn -0.001649 0.000913 0.999998
vn -0.001675 0.000909 0.999998
vn -0.001669 0.000931 0.999998
vn -0.001645 0.000909 0.999998
vn -0.001661 0.000908 0.999998
vn -0.001686 0.000937 0.999998
vn -0.001676 0.000917 0.999998
vn -0.001659 0.000913 0.999998
vn -0.001668 0.000920 0.999998
vn -0.001667 0.000919 0.999998
vn -0.001663 0.000915 0.999998
vn -0.001660 0.000919 0.999998
vn -0.001661 0.000896 0.999998
vn -0.001661 0.000914 0.999998
vn -0.001672 0.000922 0.999998
vn -0.001672 0.000914 0.999998
vn -0.001661 0.000928 0.999998
vn -0.001657 0.000905 0.999998
vn -0.001669 0.000909 0.999998
vn -0.001653 0.000917 0.999998
vn -0.001665 0.000924 0.999998
vn -0.001664 0.000925 0.999998
vn -0.001660 0.000915 0.999998
vn -0.001665 0.000913 0.999998
vn -0.001665 0.000910 0.999998
vn -0.001665 0.000916 0.999998
vn -0.001665 0.000913 0.999998
vn -0.001680 0.000915 0.999998
vn -0.001671 0.000918 0.999998
vn -0.001643 0.000910 0.999998
vn -0.001657 0.000912 0.999998
vn -0.001678 0.000917 0.999998
vn -0.001654 0.000915 0.999998
vn -0.001670 0.000924 0.999998
vn -0.001665 0.000919 0.999998
vn -0.001665 0.000912 0.999998
vn -0.001658 0.000918 0.999998
vn -0.001667 0.000909 0.999998
vn -0.001672 0.000919 0.999998
vn -0.001643 0.000917 0.999998
vn -0.001671 0.000911 0.999998
vn -0.001662 0.000916 0.999998
vn -0.001659 0.000921 0.999998
vn -0.001665 0.000912 0.999998
vn -0.001665 0.000927 0.999998
vn -0.001685 0.000915 0.999998
vn -0.001655 0.000914 0.999998
vn -0.001664 0.000915 0.999998
vn 0.998636 -0.016323 0.049597
vn -0.001674 0.000910 0.999998
vn -0.001666 0.000924 0.999998
vn 0.997828 -0.015429 0.064042
vn -0.001649 0.000915 0.999998
vn 0.000000 -0.002292 0.999997
vn -0.003445 0.000661 0.999994
vn -0.000140 -0.000331 1.000000
vn -0.001487 0.000879 0.999999
vn -0.001656 0.000921 0.999998
vn -0.001681 0.000916 0.999998
vn -0.001667 0.000923 0.999998
vn -0.001698 0.000887 0.999998
vn -0.001665 0.000916 0.999998
vn -0.001625 0.000908 0.999998
vn -0.001665 0.000911 0.999998
vn -0.001667 0.000917 0.999998
vn -0.001664 0.000916 0.999998
vn -0.001664 0.000916 0.999998
vn -0.003466 0.000876 0.999994
vn -0.000484 0.001100 0.999999
vn -0.000974 0.000920 0.999999
vn -0.000540 0.001251 0.999999
vn -0.001161 0.000934 0.999999
vn -0.006488 0.000728 0.999979
vn -0.001432 0.000907 0.999999
vn -0.001008 0.000873 0.999999
vn -0.001768 0.000931 0.999998
vn -0.002367 0.000915 0.999997
vn -0.001679 0.000906 0.999998
vn -0.003207 0.000942 0.999994
vn -0.001521 0.000908 0.999999
vn -0.002048 0.000965 0.999997
vn -0.001943 0.000945 0.999998
vn -0.001657 0.000910 0.999998
vn -0.001968 0.000934 0.999998
vn -0.001762 0.000906 0.999998
vn -0.000351 0.000936 1.000000
vn -0.001598 0.000913 0.999998
vn -0.001832 0.000940 0.999998
vn -0.001699 0.000920 0.999998
vn -0.001172 0.000944 0.999999
vn -0.001684 0.000915 0.999998
vn -0.002319 0.000866 0.999997
vn -0.001659 0.000927 0.999998
vn -0.001684 0.000964 0.999998
vn -0.001589 0.000912 0.999998
vn -0.002134 0.000897 0.999997
vn -0.001588 0.000922 0.999998
vn -0.001760 0.000895 0.999998
vn -0.001719 0.000912 0.999998
vn -0.001381 0.000962 0.999999
vn -0.001697 0.000913 0.999998
vn -0.001403 0.000914 0.999999
vn -0.001705 0.000913 0.999998
vn -0.001636 0.000925 0.999998
vn -0.001673 0.000917 0.999998
vn -0.001820 0.000894 0.999998
vn -0.001647 0.000919 0.999998
vn -0.001693 0.000900 0.999998
vn -0.001632 0.000922 0.999998
vn -0.001537 0.000925 0.999998
vn -0.001683 0.000913 0.999998
vn -0.001759 0.000906 0.999998
vn -0.001655 0.000917 0.999998
vn -0.001706 0.000914 0.999998
vn -0.001641 0.000920 0.999998
vn -0.001684 0.000912 0.999998
vn -0.001639 0.000913 0.999998
vn -0.001664 0.000925 0.999998
vn -0.001668 0.000918 0.999998
vn -0.001655 0.000909 0.999998
vn -0.001661 0.000912 0.999998
vn -0.001661 0.000922 0.999998
vn -0.001652 0.000918 0.999998
vn -0.001663 0.000910 0.999998
vn -0.001662 0.000912 0.999998
vn -0.001661 0.000913 0.999998
vn -0.001667 0.000924 0.999998
vn -0.001651 0.000932 0.999998
vn -0.001683 0.000913 0.999998
vn -0.001667 0.000916 0.999998
vn -0.001656 0.000908 0.999998
vn -0.001678 0.000930 0.999998
vn -0.001642 0.000955 0.999998
vn -0.001668 0.000901 0.999998
vn -0.001642 0.000912 0.999998
vn -0.001619 0.000980 0.999998
vn -0.001812 0.000754 0.999998
vn -0.001677 0.000950 0.999998
vn -0.009428 -0.002305 0.999953
vn -0.001663 0.000919 0.999998
vn -0.001673 0.000904 0.999998
s off
f 1//1 2//2 3//3
f 4//4 5//5 6//6
f 7//7 8//8 9//9
f 10//10 11//11 12//12
f 13//13 14//14 15//15
f 4//16 16//17 17//18
f 18//19 2//20 19//21
f 20//22 21//23 22//24
f 7//25 23//26 24//27
f 2//28 18//29 25//30
f 26//31 27//32 28//33
f 16//34 29//35 30//36
f 24//37 23//38 26//39
f 24//40 28//41 7//42
f 31//43 32//44 33//45
f 29//46 34//47 35//48
f 36//49 7//50 28//51
f 28//52 24//53 26//54
f 31//55 33//56 12//57
f 37//58 6//59 5//60
f 20//61 22//62 38//63
f 35//64 34//65 39//66
f 4//67 17//68 5//69
f 40//70 41//71 42//72
f 2//73 43//74 39//75
f 44//76 28//77 21//78
f 13//79 37//80 45//81
f 46//82 37//83 47//84
f 9//85 8//86 48//87
f 8//88 7//89 49//90
f 28//91 50//92 36//93
f 41//94 40//95 32//96
f 48//97 1//98 9//99
f 21//100 20//101 44//102
f 5//103 47//104 37//105
f 37//106 46//107 51//108
f 42//109 14//110 52//111
f 13//112 52//113 14//114
f 7//115 36//116 53//117
f 35//118 30//119 29//120
f 50//121 28//122 44//123
f 35//124 39//125 43//126
f 54//127 42//128 45//129
f 51//130 45//131 37//132
f 55//133 38//134 10//135
f 30//136 17//137 16//138
f 52//139 45//140 42//141
f 45//142 52//143 13//144
f 2//145 1//146 48//147
f 56//148 10//149 12//150
f 53//151 49//152 7//153
f 42//154 57//155 40//156
f 47//157 58//158 46//159
f 42//160 54//161 59//162
f 53//163 36//164 50//165
f 60//166 2//167 49//168
f 56//169 12//170 33//171
f 55//172 20//173 38//174
f 49//175 48//176 8//177
f 32//178 61//179 33//180
f 48//181 49//182 2//183
f 47//184 5//185 17//186
f 44//187 62//188 50//189
f 46//190 58//191 51//192
f 59//193 57//194 42//195
f 43//196 2//197 63//198
f 17//199 30//200 47//201
f 64//202 44//203 20//204
f 53//205 50//206 62//207
f 45//208 65//209 54//210
f 66//211 47//212 30//213
f 20//214 55//215 64//216
f 2//217 60//218 67//219
f 62//220 44//221 64//222
f 54//223 65//224 59//225
f 68//226 55//227 10//228
f 32//229 69//230 61//231
f 40//232 70//233 32//234
f 49//235 71//236 60//237
f 72//238 35//239 43//240
f 68//241 10//242 56//243
f 56//244 33//245 73//246
f 58//247 47//248 74//249
f 75//250 40//251 57//252
f 45//253 51//254 76//255
f 49//256 53//257 77//258
f 77//259 53//260 62//261
f 33//262 61//263 73//264
f 30//265 78//266 66//267
f 67//268 63//269 2//270
f 30//271 35//272 72//273
f 65//274 45//275 79//276
f 58//277 76//278 51//279
f 77//280 64//281 49//282
f 64//283 77//284 62//285
f 47//286 66//287 80//288
f 63//289 72//290 43//291
f 70//292 69//293 32//294
f 71//295 49//296 64//297
f 78//298 30//299 63//300
f 76//301 79//302 45//303
f 72//304 63//305 30//306
f 81//307 64//308 55//309
f 55//310 82//311 81//312
f 67//313 60//314 71//315
f 80//316 74//317 47//318
f 57//319 59//320 83//321
f 40//322 75//323 70//324
f 58//325 84//326 76//327
f 74//328 84//329 58//330
f 64//331 85//332 71//333
f 68//334 82//335 55//336
f 57//337 86//338 75//339
f 61//340 69//341 70//342
f 85//343 64//344 81//345
f 79//346 87//347 65//348
f 88//349 66//350 78//351
f 65//352 89//353 59//354
f 63//355 90//356 78//357
f 79//358 76//359 84//360
f 71//361 85//362 91//363
f 83//364 86//365 57//366
f 67//367 71//368 91//369
f 84//370 74//371 79//372
f 81//373 91//374 85//375
f 88//376 80//377 66//378
f 92//379 56//380 73//381
f 93//382 79//383 74//384
f 94//385 81//386 82//387
f 65//388 87//389 89//390
f 70//391 75//392 86//393
f 88//394 78//395 90//396
f 89//397 83//398 59//399
f 87//400 79//401 95//402
f 96//403 68//404 56//405
f 74//406 80//407 88//408
f 91//409 81//410 94//411
f 82//412 68//413 94//414
f 63//415 67//416 97//417
f 88//418 98//419 74//420
f 90//421 63//422 99//423
f 74//424 100//425 93//426
f 100//427 74//428 98//429
f 67//430 91//431 101//432
f 86//433 95//434 70//435
f 79//436 93//437 102//438
f 86//439 83//440 89//441
f 103//442 56//443 92//444
f 104//445 63//446 105//447
f 103//448 96//449 56//450
f 102//451 95//452 79//453
f 95//454 89//455 87//456
f 63//457 104//458 106//459
f 73//460 61//461 107//462
f 89//463 95//464 86//465
f 108//466 70//467 95//468
f 61//469 70//470 107//471
f 94//472 101//473 91//474
f 109//475 88//476 90//477
f 98//478 110//479 100//480
f 97//481 105//482 63//483
f 98//484 88//485 109//486
f 97//487 67//488 101//489
f 106//490 99//491 63//492
f 95//493 111//494 108//495
f 105//496 94//497 68//498
f 99//499 109//500 90//501
f 68//502 96//503 105//504
f 92//505 73//506 107//507
f 95//508 102//509 111//510
f 112//511 98//512 99//513
f 107//514 70//515 108//516
f 109//517 99//518 98//519
f 101//520 94//521 105//522
f 113//523 108//524 111//525
f 105//526 114//527 104//528
f 115//529 93//530 100//531
f 106//532 104//533 114//534
f 105//535 97//536 101//537
f 96//538 103//539 116//540
f 116//541 105//542 96//543
f 110//544 98//545 117//546
f 118//547 103//548 92//549
f 115//550 102//551 93//552
f 110//553 115//554 100//555
f 108//556 113//557 107//558
f 98//559 112//560 119//561
f 99//562 120//563 112//564
f 111//565 121//566 113//567
f 111//568 102//569 115//570
f 114//571 105//572 116//573
f 122//574 118//575 92//576
f 122//577 92//578 107//579
f 106//580 114//581 123//582
f 99//583 106//584 124//585
f 116//586 123//587 114//588
f 125//589 116//590 103//591
f 107//592 113//593 121//594
f 103//595 118//596 125//597
f 120//598 99//599 125//600
f 119//601 117//602 98//603
f 115//604 121//605 111//606
f 124//607 106//608 123//609
f 119//610 112//611 120//612
f 123//613 116//614 125//615
f 124//616 125//617 99//618
f 117//619 115//620 110//621
f 121//622 117//623 107//624
f 126//625 122//626 107//627
f 125//628 124//629 123//630
f 126//631 107//632 117//633
f 118//634 122//635 127//636
f 127//637 125//638 118//639
f 121//640 115//641 117//642
f 125//643 128//644 120//645
f 122//646 126//647 129//648
f 119//649 120//650 130//651
f 120//652 128//653 130//654
f 117//655 129//656 126//657
f 129//658 127//659 122//660
f 128//661 125//662 127//663
f 117//664 119//665 131//666
f 131//667 129//668 117//669
f 127//670 130//671 128//672
f 130//673 127//674 129//675
f 131//676 119//677 130//678
f 129//679 131//680 130//681
f 14//682 42//683 132//684
f 133//685 21//686 28//687
f 28//688 27//689 133//690
f 134//691 10//692 38//693
f 39//694 19//695 2//696
f 135//697 41//698 32//699
f 27//700 26//701 136//702
f 132//703 42//704 41//705
f 3//706 9//707 1//708
f 21//709 133//710 22//711
f 19//712 137//713 18//714
f 135//715 32//716 31//717
f 38//718 22//719 134//720
f 132//721 15//722 14//723
f 19//724 39//725 34//726
f 23//727 7//728 3//729
f 37//730 13//731 138//732
f 25//733 3//734 2//735
f 31//736 12//737 139//738
f 9//739 3//740 7//741
f 37//742 140//743 141//744
f 34//745 29//746 19//747
f 29//748 16//749 4//750
f 138//751 13//752 15//753
f 142//754 25//755 18//756
f 23//757 143//758 26//759
f 6//760 37//761 144//762
f 3//763 145//764 23//765
f 29//766 146//767 147//768
f 12//769 11//770 139//771
f 10//772 148//773 11//774
f 136//775 149//776 27//777
f 150//778 133//779 27//780
f 151//781 4//782 6//783
f 147//784 19//785 29//786
f 41//787 135//788 132//789
f 140//790 37//791 152//792
s 1
f 153//793 154//794 155//795
f 156//796 157//797 158//798
f 159//799 160//800 161//801
f 162//802 163//803 164//804
f 165//805 166//806 167//807
f 168//808 169//809 170//810
f 171//811 172//812 173//813
f 174//814 175//815 176//816
f 177//817 178//818 179//819
f 180//820 181//821 182//822
f 183//823 184//824 185//825
s off
f 147//826 146//827 186//828
s 1
f 187//829 188//830 189//831
f 190//832 191//833 192//834
s off
f 143//835 136//836 26//837
s 1
f 193//838 194//839 195//840
f 196//841 197//842 198//843
f 199//844 200//845 201//846
f 202//847 203//848 204//849
f 205//850 206//851 207//852
f 208//853 209//854 210//855
f 211//856 212//857 213//858
f 214//859 215//860 216//861
s off
f 146//862 29//863 217//864
s 1
f 218//865 219//866 220//867
s off
f 23//868 145//869 143//870
s 1
f 221//871 222//872 223//873
f 224//874 225//875 226//876
f 227//877 228//878 229//879
f 230//880 231//881 232//882
f 233//883 234//884 235//885
f 236//886 237//887 238//888
f 239//889 240//890 241//891
f 242//892 243//893 244//894
f 245//895 246//896 247//897
f 248//898 249//899 250//900
f 251//901 252//902 253//903
f 254//904 255//905 256//906
s off
f 27//907 149//908 150//909
s 1
f 257//910 258//911 259//912
f 260//913 261//914 262//915
f 263//916 264//917 265//918
f 266//919 267//920 268//921
f 269//922 270//923 271//924
f 272//925 273//926 274//927
s off
f 144//928 151//929 6//930
s 1
f 275//931 276//932 277//933
f 278//934 279//935 280//936
f 281//937 282//938 283//939
f 284//940 285//941 286//942
f 287//943 288//944 289//945
f 290//946 291//947 292//948
f 293//949 294//950 295//951
f 296//952 297//953 298//954
f 299//955 300//956 301//957
f 302//958 303//959 304//960
f 305//961 306//962 307//963
f 308//964 309//965 310//966
f 311//967 312//968 313//969
f 314//970 315//971 316//972
s off
f 4//973 217//974 29//975
s 1
f 317//976 318//977 319//978
f 320//979 321//980 322//981
f 323//982 324//983 325//984
f 326//985 327//986 328//987
f 329//988 330//989 331//990
f 332//991 333//992 334//993
f 335//994 336//995 337//996
f 338//997 339//998 340//999
s off
f 141//1000 144//1001 37//1002
s 1
f 341//1003 342//1004 343//1005
f 344//1006 345//1007 346//1008
f 347//1009 348//1010 349//1011
f 350//1012 351//1013 352//1014
s off
f 19//1015 147//1016 353//1017
s 1
f 354//1018 355//1019 356//1020
s off
f 217//1021 186//1022 146//1023
s 1
f 357//1024 358//1025 359//1026
s off
f 3//1027 25//1028 142//1029
s 1
f 360//1030 361//1031 362//1032
f 363//1033 364//1034 365//1035
f 366//1036 367//1037 368//1038
s off
f 369//1039 158//1040 155//1041
f 370//1042 155//1043 161//1044
f 371//1045 167//1046 158//1047
f 15//1048 132//1049 152//1050
s 1
f 372//1051 373//1052 374//1053
s off
f 375//1054 161//1055 164//1056
f 376//1057 173//1058 167//1059
f 377//1060 164//1061 170//1062
s 1
f 378//1063 379//1064 380//1065
s off
f 158//1066 369//1067 371//1068
f 155//1069 370//1070 369//1071
f 161//1072 375//1073 370//1074
f 176//1075 377//1076 170//1077
f 167//1078 371//1079 376//1080
f 381//1081 179//1082 173//1083
f 138//1084 152//1085 37//1086
s 1
f 382//1087 383//1088 384//1089
f 385//1090 386//1091 387//1092
s off
f 164//1093 377//1094 375//1095
f 173//1096 376//1097 381//1098
f 182//1099 388//1100 176//1101
f 389//1102 185//1103 179//1104
s 1
f 390//1105 391//1106 392//1107
s off
f 393//1108 371//1109 369//1110
f 394//1111 369//1112 370//1113
f 377//1114 176//1115 388//1116
f 369//1117 394//1118 393//1119
f 395//1120 376//1121 371//1122
f 396//1123 370//1124 375//1125
f 371//1126 393//1127 395//1128
f 370//1129 396//1130 394//1131
f 179//1132 381//1133 389//1134
f 189//1135 397//1136 182//1137
f 375//1138 398//1139 396//1140
s 1
f 399//1141 400//1142 401//1143
s off
f 398//1144 375//1145 377//1146
f 376//1147 395//1148 402//1149
f 403//1150 393//1151 394//1152
f 402//1153 381//1154 376//1155
f 388//1156 182//1157 397//1158
f 404//1159 394//1160 396//1161
f 405//1162 395//1163 393//1164
f 185//1165 406//1166 192//1167
f 388//1168 398//1169 377//1170
f 407//1171 396//1172 398//1173
f 394//1174 404//1175 403//1176
f 393//1177 403//1178 405//1179
f 396//1180 407//1181 404//1182
f 398//1183 388//1184 407//1185
f 185//1186 389//1187 408//1188
s 1
f 409//1189 410//1190 411//1191
s off
f 381//1192 402//1193 412//1194
f 395//1195 405//1196 413//1197
f 395//1198 414//1199 402//1200
f 397//1201 407//1202 388//1203
f 412//1204 389//1205 381//1206
f 192//1207 415//1208 195//1209
f 416//1210 404//1211 407//1212
f 397//1213 189//1214 417//1215
f 418//1216 403//1217 404//1218
f 414//1219 395//1220 413//1221
f 201//1222 417//1223 189//1224
f 406//1225 185//1226 408//1227
s 1
f 419//1228 420//1229 421//1230
s off
f 407//1231 397//1232 416//1233
f 422//1234 405//1235 403//1236
f 404//1237 416//1238 418//1239
s 1
f 423//1240 424//1241 425//1242
s off
f 403//1243 418//1244 422//1245
f 426//1246 413//1247 405//1248
f 389//1249 412//1250 427//1251
f 195//1252 428//1253 198//1254
f 402//1255 429//1256 412//1257
f 417//1258 416//1259 397//1260
f 405//1261 422//1262 426//1263
f 430//1264 418//1265 416//1266
f 427//1267 408//1268 389//1269
f 429//1270 402//1271 414//1272
f 415//1273 192//1274 406//1275
f 431//1276 148//1277 10//1278
f 416//1279 417//1280 430//1281
s 1
f 432//1282 433//1283 434//1284
s off
f 435//1285 422//1286 418//1287
f 417//1288 201//1289 436//1290
f 198//1291 437//1292 204//1293
f 418//1294 430//1295 435//1296
f 413//1297 426//1298 438//1299
f 436//1300 430//1301 417//1302
f 413//1303 439//1304 414//1305
f 440//1306 426//1307 422//1308
f 428//1309 195//1310 415//1311
f 437//1312 207//1313 204//1314
f 408//1315 427//1316 441//1317
f 412//1318 442//1319 427//1320
f 422//1321 435//1322 440//1323
f 443//1324 435//1325 430//1326
f 430//1327 436//1328 443//1329
f 201//1330 444//1331 436//1332
f 439//1333 413//1334 438//1335
s 1
f 445//1336 446//1337 447//1338
s off
f 442//1339 412//1340 429//1341
f 444//1342 201//1343 216//1344
f 435//1345 443//1346 448//1347
f 408//1348 449//1349 406//1350
f 450//1351 210//1352 207//1353
f 436//1354 448//1355 443//1356
f 448//1357 440//1358 435//1359
f 451//1360 438//1361 426//1362
f 437//1363 198//1364 428//1365
f 449//1366 408//1367 441//1368
f 426//1369 440//1370 451//1371
f 448//1372 436//1373 444//1374
f 414//1375 452//1376 429//1377
s 1
f 453//1378 454//1379 455//1380
s off
f 427//1381 456//1382 441//1383
f 440//1384 448//1385 457//1386
f 458//1387 213//1388 210//1389
f 452//1390 414//1391 439//1392
f 406//1393 459//1394 415//1395
f 457//1396 451//1397 440//1398
f 444//1399 457//1400 448//1401
s 1
f 460//1402 461//1403 462//1404
s off
f 456//1405 427//1406 442//1407
f 207//1408 437//1409 450//1410
f 438//1411 451//1412 463//1413
f 459//1414 406//1415 449//1416
f 216//1417 464//1418 444//1419
f 465//1420 220//1421 213//1422
f 457//1423 444//1424 464//1425
s 1
f 466//1426 467//1427 468//1428
s off
f 438//1429 469//1430 439//1431
f 217//1432 4//1433 151//1434
f 415//1435 470//1436 428//1437
f 451//1438 457//1439 471//1440
f 210//1441 450//1442 458//1443
f 464//1444 216//1445 229//1446
f 429//1447 472//1448 442//1449
f 441//1450 473//1451 449//1452
f 469//1453 438//1454 463//1455
f 471//1456 463//1457 451//1458
f 470//1459 415//1460 459//1461
f 474//1462 223//1463 220//1464
f 464//1465 471//1466 457//1467
f 472//1468 429//1469 452//1470
f 473//1471 441//1472 456//1473
f 213//1474 458//1475 465//1476
s 1
f 475//1477 476//1478 477//1479
s off
f 428//1480 478//1481 437//1482
f 479//1483 226//1484 223//1485
f 471//1486 464//1487 480//1488
f 229//1489 480//1490 464//1491
f 478//1492 428//1493 470//1494
f 133//1495 481//1496 22//1497
f 137//1498 19//1499 482//1500
f 449//1501 483//1502 459//1503
f 478//1504 450//1505 437//1506
f 463//1507 471//1508 484//1509
f 439//1510 485//1511 452//1512
f 220//1513 465//1514 474//1515
f 442//1516 486//1517 456//1518
s 1
f 487//1519 488//1520 489//1521
s off
f 485//1522 439//1523 469//1524
f 480//1525 484//1526 471//1527
f 483//1528 449//1529 473//1530
f 490//1531 232//1532 226//1533
f 480//1534 229//1535 241//1536
f 491//1537 458//1538 450//1539
f 486//1540 442//1541 472//1542
f 450//1543 478//1544 491//1545
f 459//1546 492//1547 470//1548
f 223//1549 474//1550 479//1551
f 463//1552 493//1553 469//1554
f 493//1555 463//1556 484//1557
f 494//1558 235//1559 232//1560
s 1
f 495//1561 496//1562 497//1563
f 498//1564 499//1565 500//1566
s off
f 484//1567 480//1568 501//1569
f 502//1570 465//1571 458//1572
f 492//1573 459//1574 483//1575
f 241//1576 501//1577 480//1578
f 226//1579 479//1580 490//1581
f 458//1582 491//1583 502//1584
f 452//1585 503//1586 472//1587
f 456//1588 504//1589 473//1590
f 470//1591 505//1592 478//1593
f 506//1594 238//1595 235//1596
f 503//1597 452//1598 485//1599
f 501//1600 493//1601 484//1602
s 1
f 507//1603 508//1604 509//1605
s off
f 510//1606 474//1607 465//1608
f 504//1609 456//1610 486//1611
f 232//1612 490//1613 494//1614
f 465//1615 502//1616 510//1617
f 505//1618 470//1619 492//1620
f 469//1621 511//1622 485//1623
f 501//1624 241//1625 250//1626
f 478//1627 512//1628 491//1629
f 511//1630 469//1631 493//1632
f 513//1633 244//1634 238//1635
f 473//1636 514//1637 483//1638
f 515//1639 479//1640 474//1641
f 493//1642 501//1643 516//1644
f 235//1645 494//1646 506//1647
s 1
f 517//1648 518//1649 519//1650
s off
f 474//1651 510//1652 515//1653
f 472//1654 520//1655 486//1656
f 250//1657 516//1658 501//1659
f 512//1660 478//1661 505//1662
f 491//1663 521//1664 502//1665
f 514//1666 473//1667 504//1668
f 522//1669 247//1670 244//1671
f 523//1672 490//1673 479//1674
f 520//1675 472//1676 503//1677
f 516//1678 511//1679 493//1680
f 238//1681 506//1682 513//1683
f 479//1684 515//1685 523//1686
f 483//1687 524//1688 492//1689
s 1
f 525//1690 526//1691 527//1692
f 528//1693 529//1694 530//1695
s off
f 521//1696 491//1697 512//1698
f 502//1699 531//1700 510//1701
f 485//1702 532//1703 503//1704
f 533//1705 253//1706 247//1707
f 534//1708 494//1709 490//1710
f 516//1711 250//1712 259//1713
f 532//1714 485//1715 511//1716
f 490//1717 523//1718 534//1719
f 244//1720 513//1721 522//1722
f 524//1723 483//1724 514//1725
f 486//1726 535//1727 504//1728
f 511//1729 516//1730 536//1731
s 1
f 537//1732 538//1733 539//1734
s off
f 492//1735 540//1736 505//1737
f 510//1738 541//1739 515//1740
f 531//1741 502//1742 521//1743
f 542//1744 506//1745 494//1746
f 259//1747 536//1748 516//1749
f 543//1750 256//1751 253//1752
f 535//1753 486//1754 520//1755
f 152//1756 544//1757 140//1758
f 494//1759 534//1760 542//1761
f 247//1762 522//1763 533//1764
f 536//1765 532//1766 511//1767
s 1
f 545//1768 546//1769 547//1770
s off
f 515//1771 548//1772 523//1773
f 540//1774 492//1775 524//1776
f 541//1777 510//1778 531//1779
f 505//1780 549//1781 512//1782
f 550//1783 513//1784 506//1785
f 503//1786 551//1787 520//1788
f 552//1789 262//1790 256//1791
f 504//1792 553//1793 514//1794
f 506//1795 542//1796 550//1797
f 551//1798 503//1799 532//1800
f 253//1801 533//1802 543//1803
s 1
f 554//1804 555//1805 556//1806
s off
f 536//1807 259//1808 271//1809
s 1
f 557//1810 558//1811 559//1812
s off
f 523//1813 560//1814 534//1815
f 548//1816 515//1817 541//1818
f 532//1819 536//1820 561//1821
f 553//1822 504//1823 535//1824
f 562//1825 522//1826 513//1827
f 549//1828 505//1829 540//1830
f 512//1831 563//1832 521//1833
f 564//1834 265//1835 262//1836
f 10//1837 134//1838 431//1839
f 513//1840 550//1841 562//1842
s 1
f 565//1843 566//1844 567//1845
s off
f 256//1846 543//1847 552//1848
f 271//1849 561//1850 536//1851
f 534//1852 568//1853 542//1854
f 514//1855 569//1856 524//1857
f 560//1858 523//1859 548//1860
f 561//1861 551//1862 532//1863
f 570//1864 533//1865 522//1866
f 520//1867 571//1868 535//1869
f 572//1870 268//1871 265//1872
s 1
f 573//1873 574//1874 575//1875
s off
f 521//1876 576//1877 531//1878
f 563//1879 512//1880 549//1881
f 522//1882 562//1883 570//1884
f 262//1885 552//1886 564//1887
f 571//1888 520//1889 551//1890
f 569//1891 514//1892 553//1893
s 1
f 577//1894 578//1895 579//1896
s off
f 542//1897 580//1898 550//1899
f 568//1900 534//1901 560//1902
s 1
f 581//1903 582//1904 583//1905
s off
f 584//1906 543//1907 533//1908
f 561//1909 271//1910 283//1911
f 585//1912 274//1913 268//1914
f 149//1915 136//1916 143//1917
f 524//1918 586//1919 540//1920
f 531//1921 587//1922 541//1923
f 551//1924 561//1925 588//1926
f 533//1927 570//1928 584//1929
f 576//1930 521//1931 563//1932
f 265//1933 564//1934 572//1935
s 1
f 589//1936 590//1937 591//1938
s off
f 550//1939 592//1940 562//1941
s 1
f 593//1942 594//1943 595//1944
s off
f 580//1945 542//1946 568//1947
f 283//1948 588//1949 561//1950
f 535//1951 596//1952 553//1953
s 1
f 597//1954 598//1955 599//1956
s off
f 600//1957 277//1958 274//1959
f 601//1960 552//1961 543//1962
f 588//1963 571//1964 551//1965
f 586//1966 524//1967 569//1968
f 541//1969 602//1970 548//1971
f 603//1972 141//1973 140//1974
f 543//1975 584//1976 601//1977
f 268//1978 572//1979 585//1980
f 596//1981 535//1982 571//1983
f 587//1984 531//1985 576//1986
f 540//1987 604//1988 549//1989
f 562//1990 605//1991 570//1992
f 592//1993 550//1994 580//1995
f 606//1996 280//1997 277//1998
f 607//1999 564//2000 552//2001
f 548//2002 608//2003 560//2004
f 274//2005 585//2006 600//2007
f 552//2008 601//2009 607//2010
f 571//2011 588//2012 609//2013
f 604//2014 540//2015 586//2016
f 588//2017 283//2018 295//2019
f 602//2020 541//2021 587//2022
f 553//2023 610//2024 569//2025
f 549//2026 611//2027 563//2028
f 612//2029 286//2030 280//2031
f 570//2032 613//2033 584//2034
f 605//2035 562//2036 592//2037
f 614//2038 135//2039 31//2040
f 615//2041 572//2042 564//2043
f 609//2044 596//2045 571//2046
f 295//2047 609//2048 588//2049
f 610//2050 553//2051 596//2052
f 277//2053 600//2054 606//2055
f 560//2056 616//2057 568//2058
f 564//2059 607//2060 615//2061
f 152//2062 138//2063 15//2064
f 608//2065 548//2066 602//2067
f 617//2068 289//2069 286//2070
f 611//2071 549//2072 604//2073
f 584//2074 618//2075 601//2076
f 563//2077 619//2078 576//2079
f 613//2080 570//2081 605//2082
f 620//2083 585//2084 572//2085
f 280//2086 606//2087 612//2088
f 569//2089 621//2090 586//2091
f 568//2092 622//2093 580//2094
f 596//2095 609//2096 623//2097
f 572//2098 615//2099 620//2100
f 624//2101 292//2102 289//2103
f 618//2104 607//2105 601//2106
f 616//2107 560//2108 608//2109
f 621//2110 569//2111 610//2112
f 609//2113 295//2114 304//2115
f 623//2116 610//2117 596//2118
f 286//2119 612//2120 617//2121
f 625//2122 600//2123 585//2124
f 618//2125 584//2126 613//2127
f 576//2128 626//2129 587//2130
f 619//2131 563//2132 611//2133
f 627//2134 298//2135 292//2136
f 304//2137 623//2138 609//2139
f 585//2140 620//2141 625//2142
f 580//2143 628//2144 592//2145
f 629//2146 615//2147 607//2148
f 586//2149 630//2150 604//2151
f 622//2152 568//2153 616//2154
f 289//2155 617//2156 624//2157
f 631//2158 606//2159 600//2160
f 587//2161 632//2162 602//2163
f 633//2164 301//2165 298//2166
f 610//2167 623//2168 634//2169
f 626//2170 576//2171 619//2172
f 600//2173 625//2174 631//2175
f 630//2176 586//2177 621//2178
f 607//2179 618//2180 629//2181
f 592//2182 635//2183 605//2184
f 636//2185 620//2186 615//2187
f 634//2188 621//2189 610//2190
f 292//2191 624//2192 627//2193
f 628//2194 580//2195 622//2196
f 637//2197 612//2198 606//2199
f 604//2200 638//2201 611//2202
f 639//2203 307//2204 301//2205
f 623//2206 304//2207 313//2208
f 602//2209 640//2210 608//2211
f 606//2212 631//2213 637//2214
f 313//2215 634//2216 623//2217
f 632//2218 587//2219 626//2220
f 615//2221 629//2222 636//2223
f 298//2224 627//2225 633//2226
f 605//2227 641//2228 613//2229
f 642//2230 625//2231 620//2232
f 643//2233 617//2234 612//2235
f 638//2236 604//2237 630//2238
f 635//2239 592//2240 628//2241
f 152//2242 132//2243 135//2244
f 621//2245 634//2246 644//2247
f 645//2248 310//2249 307//2250
f 612//2251 637//2252 643//2253
f 611//2254 646//2255 619//2256
f 608//2257 647//2258 616//2259
f 301//2260 633//2261 639//2262
f 640//2263 602//2264 632//2265
f 620//2266 636//2267 642//2268
f 648//2269 624//2270 617//2271
f 649//2272 631//2273 625//2274
f 613//2275 650//2276 618//2277
f 621//2278 651//2279 630//2280
f 641//2281 605//2282 635//2283
f 651//2284 621//2285 644//2286
f 617//2287 643//2288 648//2289
f 634//2290 313//2291 319//2292
f 646//2293 611//2294 638//2295
f 319//2296 644//2297 634//2298
f 652//2299 316//2300 310//2301
f 307//2302 639//2303 645//2304
f 653//2305 627//2306 624//2307
f 650//2308 629//2309 618//2310
f 616//2311 654//2312 622//2313
f 619//2314 655//2315 626//2316
f 625//2317 642//2318 649//2319
f 656//2320 637//2321 631//2322
f 647//2323 608//2324 640//2325
f 624//2326 648//2327 653//2328
f 650//2329 613//2330 641//2331
f 630//2332 657//2333 638//2334
f 658//2335 633//2336 627//2337
f 310//2338 645//2339 652//2340
f 655//2341 619//2342 646//2343
f 659//2344 643//2345 637//2346
f 657//2347 630//2348 651//2349
f 631//2350 649//2351 656//2352
f 660//2353 636//2354 629//2355
f 622//2356 661//2357 628//2358
f 626//2359 662//2360 632//2361
f 627//2362 653//2363 658//2364
f 663//2365 322//2366 316//2367
f 654//2368 616//2369 647//2370
f 644//2371 319//2372 325//2373
f 664//2374 639//2375 633//2376
f 665//2377 648//2378 643//2379
f 637//2380 656//2381 659//2382
f 644//2383 331//2384 651//2385
f 316//2386 652//2387 663//2388
f 638//2389 666//2390 646//2391
f 633//2392 658//2393 664//2394
f 667//2395 642//2396 636//2397
f 662//2398 626//2399 655//2400
f 629//2401 650//2402 660//2403
f 628//2404 668//2405 635//2406
f 632//2407 669//2408 640//2409
f 661//2410 622//2411 654//2412
f 666//2413 638//2414 657//2415
f 670//2416 645//2417 639//2418
f 331//2419 644//2420 325//2421
f 671//2422 653//2423 648//2424
f 643//2425 659//2426 665//2427
f 639//2428 664//2429 670//2430
f 672//2431 649//2432 642//2433
f 636//2434 660//2435 667//2436
f 669//2437 632//2438 662//2439
f 646//2440 673//2441 655//2442
f 674//2443 652//2444 645//2445
f 635//2446 675//2447 641//2448
f 640//2449 676//2450 647//2451
f 651//2452 334//2453 657//2454
f 322//2455 663//2456 677//2457
f 668//2458 628//2459 661//2460
f 678//2461 658//2462 653//2463
f 673//2464 646//2465 666//2466
f 648//2467 665//2468 671//2469
f 645//2470 670//2471 674//2472
f 322//2473 679//2474 328//2475
f 680//2476 656//2477 649//2478
f 642//2479 667//2480 672//2481
f 334//2482 651//2483 331//2484
f 681//2485 663//2486 652//2487
f 682//2488 664//2489 658//2490
f 676//2491 640//2492 669//2493
f 641//2494 683//2495 650//2496
f 655//2497 684//2498 662//2499
f 653//2500 671//2501 678//2502
f 647//2503 685//2504 654//2505
f 652//2506 674//2507 681//2508
f 675//2509 635//2510 668//2511
f 679//2512 322//2513 677//2514
f 657//2515 340//2516 666//2517
f 684//2518 655//2519 673//2520
f 686//2521 659//2522 656//2523
f 683//2524 660//2525 650//2526
f 687//2527 670//2528 664//2529
f 649//2530 672//2531 680//2532
f 658//2533 678//2534 682//2535
f 685//2536 647//2537 676//2538
f 688//2539 677//2540 663//2541
f 662//2542 689//2543 669//2544
f 663//2545 681//2546 688//2547
f 340//2548 657//2549 334//2550
f 654//2551 690//2552 661//2553
f 683//2554 641//2555 675//2556
f 691//2557 665//2558 659//2559
f 692//2560 674//2561 670//2562
f 689//2563 662//2564 684//2565
f 666//2566 343//2567 673//2568
f 656//2569 680//2570 686//2571
f 664//2572 682//2573 687//2574
f 693//2575 667//2576 660//2577
f 328//2578 694//2579 337//2580
f 690//2581 654//2582 685//2583
f 695//2584 671//2585 665//2586
f 669//2587 696//2588 676//2589
f 697//2590 681//2591 674//2592
f 661//2593 698//2594 668//2595
f 694//2596 328//2597 679//2598
f 677//2599 688//2600 699//2601
f 670//2602 687//2603 692//2604
f 343//2605 666//2606 340//2607
f 659//2608 686//2609 691//2610
f 696//2611 669//2612 689//2613
f 660//2614 683//2615 693//2616
f 700//2617 672//2618 667//2619
f 673//2620 346//2621 684//2622
f 701//2623 678//2624 671//2625
f 677//2626 702//2627 679//2628
f 698//2629 661//2630 690//2631
f 703//2632 688//2633 681//2634
f 674//2635 692//2636 697//2637
f 676//2638 704//2639 685//2640
f 668//2641 705//2642 675//2643
f 665//2644 691//2645 695//2646
f 702//2647 677//2648 699//2649
f 667//2650 693//2651 700//2652
f 346//2653 673//2654 343//2655
f 704//2656 676//2657 696//2658
f 706//2659 680//2660 672//2661
f 707//2662 682//2663 678//2664
f 684//2665 352//2666 689//2667
f 681//2668 697//2669 703//2670
f 671//2671 695//2672 701//2673
f 705//2674 668//2675 698//2676
f 708//2677 699//2678 688//2679
f 685//2680 709//2681 690//2682
f 675//2683 710//2684 683//2685
f 711//2686 687//2687 682//2688
f 712//2689 686//2690 680//2691
f 672//2692 700//2693 706//2694
f 709//2695 685//2696 704//2697
f 352//2698 684//2699 346//2700
f 337//2701 713//2702 349//2703
f 713//2704 337//2705 694//2706
f 688//2707 703//2708 708//2709
f 678//2710 701//2711 707//2712
f 689//2713 356//2714 696//2715
f 710//2716 693//2717 683//2718
f 679//2719 714//2720 694//2721
f 3//2722 715//2723 716//2724
f 714//2725 679//2726 702//2727
f 717//2728 692//2729 687//2730
f 710//2731 675//2732 705//2733
f 690//2734 718//2735 698//2736
f 719//2737 691//2738 686//2739
f 680//2740 706//2741 712//2742
f 720//2743 702//2744 699//2745
f 682//2746 707//2747 711//2748
f 718//2749 690//2750 709//2751
f 356//2752 689//2753 352//2754
f 721//2755 697//2756 692//2757
f 696//2758 359//2759 704//2760
f 699//2761 708//2762 720//2763
f 722//2764 700//2765 693//2766
f 723//2767 695//2768 691//2769
f 687//2770 711//2771 717//2772
f 686//2773 712//2774 719//2775
f 698//2776 724//2777 705//2778
f 693//2779 710//2780 722//2781
f 725//2782 703//2783 697//2784
f 724//2785 698//2786 718//2787
f 149//2788 726//2789 727//2790
f 359//2791 696//2792 356//2793
f 728//2794 706//2795 700//2796
f 729//2797 701//2798 695//2799
f 704//2800 362//2801 709//2802
f 692//2803 717//2804 721//2805
f 730//2806 714//2807 702//2808
f 691//2809 719//2810 723//2811
f 731//2812 694//2813 714//2814
f 702//2815 720//2816 730//2817
f 694//2818 731//2819 713//2820
f 705//2821 732//2822 710//2823
f 733//2824 708//2825 703//2826
f 700//2827 722//2828 728//2829
f 734//2830 349//2831 713//2832
f 735//2833 707//2834 701//2835
f 697//2836 721//2837 725//2838
f 732//2839 705//2840 724//2841
f 736//2842 712//2843 706//2844
f 362//2845 704//2846 359//2847
f 695//2848 723//2849 729//2850
f 349//2851 734//2852 365//2853
f 709//2854 368//2855 718//2856
f 732//2857 722//2858 710//2859
f 737//2860 720//2861 708//2862
f 738//2863 711//2864 707//2865
f 706//2866 728//2867 736//2868
f 703//2869 725//2870 733//2871
f 140//2872 544//2873 603//2874
f 701//2875 729//2876 735//2877
f 739//2878 719//2879 712//2880
f 714//2881 730//2882 740//2883
f 145//2884 3//2885 741//2886
f 368//2887 709//2888 362//2889
f 740//2890 731//2891 714//2892
f 718//2893 374//2894 724//2895
f 742//2896 728//2897 722//2898
f 722//2899 732//2900 742//2901
f 743//2902 717//2903 711//2904
f 708//2905 733//2906 737//2907
f 712//2908 736//2909 739//2910
f 707//2911 735//2912 738//2913
f 744//2914 730//2915 720//2916
f 745//2917 713//2918 731//2919
f 746//2920 723//2921 719//2922
f 715//2923 3//2924 482//2925
f 713//2926 745//2927 734//2928
f 747//2929 721//2930 717//2931
f 374//2932 718//2933 368//2934
f 748//2935 736//2936 728//2937
f 728//2938 742//2939 748//2940
f 724//2941 380//2942 732//2943
f 711//2944 738//2945 743//2946
f 719//2947 739//2948 746//2949
f 720//2950 737//2951 744//2952
f 749//2953 729//2954 723//2955
f 734//2956 384//2957 365//2958
f 750//2959 725//2960 721//2961
f 751//2962 31//2963 139//2964
f 731//2965 740//2966 752//2967
f 380//2968 742//2969 732//2970
f 753//2971 740//2972 730//2973
f 717//2974 743//2975 747//2976
f 754//2977 739//2978 736//2979
f 380//2980 724//2981 374//2982
f 736//2983 748//2984 754//2985
f 723//2986 746//2987 749//2988
f 752//2989 745//2990 731//2991
f 755//2992 735//2993 729//2994
f 756//2995 733//2996 725//2997
f 730//2998 744//2999 753//3000
f 721//3001 747//3002 750//3003
f 745//3004 757//3005 734//3006
f 387//3007 748//3008 742//3009
f 758//3010 746//3011 739//3012
f 729//3013 749//3014 755//3015
f 759//3016 738//3017 735//3018
f 739//3019 754//3020 758//3021
f 384//3022 734//3023 757//3024
f 760//3025 737//3026 733//3027
f 725//3028 750//3029 756//3030
f 742//3031 380//3032 387//3033
f 761//3034 752//3035 740//3036
f 735//3037 755//3038 759//3039
f 762//3040 743//3041 738//3042
f 740//3043 753//3044 761//3045
f 763//3046 749//3047 746//3048
f 392//3049 754//3050 748//3051
f 745//3052 752//3053 764//3054
f 746//3055 758//3056 763//3057
f 765//3058 744//3059 737//3060
f 733//3061 756//3062 760//3063
f 757//3064 745//3065 766//3066
f 767//3067 747//3068 743//3069
f 738//3070 759//3071 762//3072
f 748//3073 387//3074 392//3075
f 768//3076 755//3077 749//3078
f 401//3079 758//3080 754//3081
f 749//3082 763//3083 768//3084
f 482//3085 142//3086 137//3087
f 737//3088 760//3089 765//3090
f 769//3091 753//3092 744//3093
f 757//3094 421//3095 384//3096
f 770//3097 750//3098 747//3099
f 743//3100 762//3101 767//3102
f 771//3103 764//3104 752//3105
f 752//3106 761//3107 771//3108
f 772//3109 745//3110 764//3111
f 745//3112 772//3113 766//3114
f 773//3115 759//3116 755//3117
f 151//3118 144//3119 217//3120
f 754//3121 392//3122 401//3123
f 755//3124 768//3125 773//3126
f 411//3127 763//3128 758//3129
f 744//3130 765//3131 769//3132
f 766//3133 774//3134 757//3135
f 775//3136 756//3137 750//3138
f 747//3139 767//3140 770//3141
f 776//3142 761//3143 753//3144
f 777//3145 762//3146 759//3147
f 421//3148 757//3149 774//3150
f 759//3151 773//3152 777//3153
f 758//3154 401//3155 411//3156
f 425//3157 768//3158 763//3159
f 778//3160 760//3161 756//3162
f 750//3163 770//3164 775//3165
f 753//3166 769//3167 776//3168
f 779//3169 767//3170 762//3171
f 764//3172 771//3173 780//3174
f 774//3175 766//3176 781//3177
f 762//3178 777//3179 779//3180
f 782//3181 771//3182 761//3183
f 783//3184 765//3185 760//3186
f 756//3187 775//3188 778//3189
f 763//3190 411//3191 425//3192
f 434//3193 773//3194 768//3195
s 1
f 157//797 153//793 158//798
f 153//793 155//795 158//798
s off
f 784//3196 770//3197 767//3198
s 1
f 154//794 159//799 155//795
f 159//799 161//801 155//795
s off
f 761//3199 776//3200 782//3201
f 785//3202 766//3203 772//3204
f 764//3205 786//3206 772//3207
f 767//3208 779//3209 784//3210
f 766//3211 785//3212 781//3213
f 760//3214 778//3215 783//3216
f 786//3217 764//3218 780//3219
f 787//3220 769//3221 765//3222
f 768//3223 425//3224 434//3225
f 447//3226 777//3227 773//3228
f 788//3229 775//3230 770//3231
s 1
f 166//806 156//796 167//807
f 156//796 158//798 167//807
s off
f 781//3232 789//3233 774//3234
f 774//3235 462//3236 421//3237
s 1
f 160//800 162//802 161//801
f 162//802 164//804 161//801
s off
f 790//3238 780//3239 771//3240
f 770//3241 784//3242 788//3243
f 765//3244 783//3245 787//3246
f 771//3247 782//3248 790//3249
f 791//3250 776//3251 769//3252
f 455//3253 779//3254 777//3255
f 792//3256 778//3257 775//3258
f 773//3259 434//3260 447//3261
f 775//3262 788//3263 792//3264
f 462//3265 774//3266 789//3267
f 769//3268 787//3269 791//3270
f 789//3271 781//3272 793//3273
f 794//3274 783//3275 778//3276
f 795//3277 782//3278 776//3279
f 468//3280 784//3281 779//3282
f 772//3283 796//3284 785//3285
f 777//3286 447//3287 455//3288
s 1
f 163//803 168//808 164//804
f 168//808 170//810 164//804
s off
f 796//3289 772//3290 786//3291
f 797//3292 781//3293 785//3294
f 778//3295 792//3296 794//3297
f 780//3298 790//3299 798//3300
f 781//3301 797//3302 793//3303
f 776//3304 791//3305 795//3306
s 1
f 172//812 165//805 173//813
f 165//805 167//807 173//813
s off
f 780//3307 799//3308 786//3309
f 800//3310 787//3311 783//3312
f 477//3313 788//3314 784//3315
f 801//3316 790//3317 782//3318
f 779//3319 455//3320 468//3321
f 783//3322 794//3323 800//3324
f 793//3325 802//3326 789//3327
f 799//3328 780//3329 798//3330
f 11//3331 148//3332 431//3333
f 782//3334 795//3335 801//3336
f 803//3337 791//3338 787//3339
f 489//3340 792//3341 788//3342
f 787//3343 800//3344 803//3345
f 784//3346 468//3347 477//3348
f 802//3349 793//3350 804//3351
f 789//3352 500//3353 462//3354
s 1
f 169//809 174//814 170//810
f 174//814 176//816 170//810
s off
f 805//3355 798//3356 790//3357
f 785//3358 806//3359 797//3360
f 806//3361 785//3362 796//3363
f 807//3364 793//3365 797//3366
f 793//3367 807//3368 804//3369
f 808//3370 795//3371 791//3372
f 786//3373 809//3374 796//3375
f 500//3376 789//3377 802//3378
f 790//3379 801//3380 805//3381
f 497//3382 794//3383 792//3384
f 791//3385 803//3386 808//3387
f 809//3388 786//3389 799//3390
f 788//3391 477//3392 489//3393
f 810//3394 801//3395 795//3396
f 804//3397 811//3398 802//3399
f 509//3400 800//3401 794//3402
s 1
f 178//818 171//811 179//819
f 171//811 173//813 179//819
s off
f 795//3403 808//3404 810//3405
f 798//3406 805//3407 812//3408
f 798//3409 813//3410 799//3411
f 792//3412 489//3413 497//3414
f 811//3415 804//3416 807//3417
f 797//3418 814//3419 807//3420
f 814//3421 797//3422 806//3423
f 815//3424 805//3425 801//3426
f 796//3427 816//3428 806//3429
f 813//3430 798//3431 812//3432
f 519//3433 803//3434 800//3435
f 816//3436 796//3437 809//3438
f 801//3439 810//3440 815//3441
s 1
f 175//815 180//820 176//816
f 180//820 182//822 176//816
s off
f 794//3442 497//3443 509//3444
s 105
f 817//3445 818//3446 819//3447
f 819//3447 818//3446 826//3448
s off
f 799//3449 820//3450 809//3451
f 821//3452 812//3453 805//3454
s 105
f 822//3455 817//3445 819//3447
s off
f 807//3456 823//3457 811//3458
f 802//3459 530//3460 500//3461
f 805//3462 815//3463 821//3464
f 530//3465 802//3466 811//3467
f 527//3468 808//3469 803//3470
f 481//3471 134//3472 22//3473
s 105
f 824//3474 825//3475 826//3448
f 826//3448 825//3475 837//3476
s off
f 820//3477 799//3478 813//3479
f 823//3480 807//3481 814//3482
s 105
f 827//3483 828//3484 829//3485
s off
f 806//3486 830//3487 814//3488
f 800//3489 509//3490 519//3491
f 830//3492 806//3493 816//3494
f 831//3495 813//3496 812//3497
s 105
f 832//3498 833//3499 834//3500
s off
f 812//3501 821//3502 831//3503
f 809//3504 835//3505 816//3506
f 539//3507 810//3508 808//3509
s 105
f 825//3475 836//3510 837//3476
s off
f 835//3511 809//3512 820//3513
s 1
f 184//824 177//817 185//825
f 177//817 179//819 185//825
s 105
f 838//3514 839//3515 840//3516
s off
f 814//3517 841//3518 823//3519
f 803//3520 519//3521 527//3522
s 105
f 836//3510 842//3523 837//3476
f 837//3476 842//3523 855//3524
s off
f 841//3525 814//3526 830//3527
f 843//3528 820//3529 813//3530
f 813//3531 831//3532 843//3533
f 816//3534 844//3535 830//3536
f 547//3537 815//3538 810//3539
f 844//3540 816//3541 835//3542
s 105
f 845//3543 838//3514 846//3544
f 846//3544 838//3514 840//3516
f 847//3545 845//3543 846//3544
s off
f 556//3546 811//3547 823//3548
f 848//3549 835//3550 820//3551
f 820//3552 843//3553 848//3554
f 808//3555 527//3556 539//3557
f 849//3558 830//3559 844//3560
f 830//3561 849//3562 841//3563
f 559//3564 821//3565 815//3566
f 850//3567 844//3568 835//3569
f 811//3570 556//3571 530//3572
s 1
f 181//821 187//829 182//822
f 187//829 189//831 182//822
s 105
f 851//3573 852//3574 853//3575
s off
f 835//3576 848//3577 850//3578
f 844//3579 850//3580 849//3581
s 105
f 842//3523 854//3582 855//3524
s off
f 856//3583 217//3584 144//3585
s 105
f 857//3586 851//3573 858//3587
f 858//3587 851//3573 853//3575
s off
f 567//3588 831//3589 821//3590
f 810//3591 539//3592 547//3593
s 105
f 859//3594 857//3586 858//3587
s 1
f 191//833 183//823 192//834
f 183//823 185//825 192//834
s off
f 579//3595 823//3596 841//3597
f 575//3598 843//3599 831//3600
f 815//3601 547//3602 559//3603
s 105
f 860//3604 861//3605 862//3606
s off
f 583//3607 848//3608 843//3609
f 821//3610 559//3611 567//3612
f 595//3613 841//3614 849//3615
f 823//3616 579//3617 556//3618
f 591//3619 850//3620 848//3621
f 599//3622 849//3623 850//3624
f 353//3625 482//3626 19//3627
s 105
f 863//3628 864//3629 865//3630
f 866//3631 867//3632 868//3633
s off
f 831//3634 567//3635 575//3636
f 133//3637 150//3638 481//3639
s 1
f 194//839 190//832 195//840
f 190//832 192//834 195//840
s off
f 843//3640 575//3641 583//3642
s 105
f 867//3632 869//3643 868//3633
f 868//3633 869//3643 880//3644
s off
f 841//3645 595//3646 579//3647
s 105
f 870//3648 871//3649 872//3650
s off
f 848//3651 583//3652 591//3653
s 1
f 188//830 199//844 189//831
f 199//844 201//846 189//831
s 105
f 873//3654 870//3648 874//3655
f 874//3655 870//3648 872//3650
s off
f 849//3656 599//3657 595//3658
f 850//3659 591//3660 599//3661
s 105
f 875//3662 873//3654 874//3655
s 1
f 197//842 193//838 198//843
f 193//838 195//840 198//843
s off
f 726//3663 149//3664 741//3665
s 105
f 876//3666 877//3667 878//3668
f 869//3643 879//3669 880//3644
s 1
f 203//848 196//841 204//849
f 196//841 198//843 204//849
s 105
f 881//3670 882//3671 883//3672
f 879//3669 884//3673 880//3644
f 880//3644 884//3673 893//3674
f 885//3675 881//3670 886//3676
f 886//3676 881//3670 883//3672
s off
f 142//3677 482//3678 3//3679
s 105
f 887//3680 885//3675 886//3676
s 1
f 206//851 202//847 207//852
f 202//847 204//849 207//852
s 105
f 888//3681 887//3680 889//3682
f 889//3682 887//3680 886//3676
f 890//3683 888//3681 889//3682
s off
f 144//3684 891//3685 856//3686
s 1
f 209//854 205//850 210//855
f 205//850 207//852 210//855
f 200//845 214//859 201//846
f 214//859 216//861 201//846
s 105
f 884//3673 892//3687 893//3674
f 894//3688 895//3689 896//3690
f 897//3691 894//3688 898//3692
f 898//3692 894//3688 896//3690
f 892//3687 899//3693 893//3674
f 893//3674 899//3693 909//3694
s 1
f 212//857 208//853 213//858
f 208//853 210//855 213//858
s 105
f 900//3695 897//3691 898//3692
s off
f 217//3696 856//3697 901//3698
s 105
f 902//3699 900//3695 903//3700
f 903//3700 900//3695 898//3692
f 904//3701 902//3699 903//3700
s 1
f 219//866 211//856 220//867
f 211//856 213//858 220//867
s 105
f 905//3702 904//3701 906//3703
f 906//3703 904//3701 903//3700
f 907//3704 905//3702 906//3703
s 1
f 222//872 218//865 223//873
f 218//865 220//867 223//873
s 105
f 899//3693 908//3705 909//3694
f 910//3706 907//3704 911//3707
f 911//3707 907//3704 906//3703
s 1
f 215//860 227//877 216//861
f 227//877 229//879 216//861
s 105
f 912//3708 910//3706 911//3707
s 1
f 225//875 221//871 226//876
f 221//871 223//873 226//876
s 105
f 908//3705 913//3709 909//3694
f 909//3694 913//3709 924//3710
f 914//3711 912//3708 915//3712
f 915//3712 912//3708 911//3707
f 916//3713 914//3711 915//3712
s 1
f 231//881 224//874 232//882
f 224//874 226//876 232//882
s 105
f 917//3714 918//3715 919//3716
f 920//3717 917//3714 921//3718
f 921//3718 917//3714 919//3716
s 1
f 234//884 230//880 235//885
f 230//880 232//882 235//885
s 105
f 922//3719 920//3717 921//3718
f 913//3709 923//3720 924//3710
s 1
f 228//878 239//889 229//879
f 239//889 241//891 229//879
s 105
f 925//3721 922//3719 926//3722
f 926//3722 922//3719 921//3718
f 927//3723 925//3721 926//3722
s 1
f 237//887 233//883 238//888
f 233//883 235//885 238//888
s 105
f 923//3720 928//3724 924//3710
f 924//3710 928//3724 938//3725
f 929//3726 927//3723 930//3727
f 930//3727 927//3723 926//3722
f 931//3728 929//3726 930//3727
s 1
f 243//893 236//886 244//894
f 236//886 238//888 244//894
s off
f 741//3729 143//3730 145//3731
s 105
f 932//3732 931//3728 933//3733
f 933//3733 931//3728 930//3727
f 934//3734 932//3732 933//3733
s 1
f 246//896 242//892 247//897
f 242//892 244//894 247//897
f 240//890 248//898 241//891
f 248//898 250//900 241//891
s 105
f 935//3735 934//3734 936//3736
f 936//3736 934//3734 933//3733
f 928//3724 937//3737 938//3725
f 939//3738 935//3735 936//3736
f 940//3739 939//3738 941//3740
f 941//3740 939//3738 936//3736
s 1
f 252//902 245//895 253//903
f 245//895 247//897 253//903
s 105
f 937//3737 942//3741 938//3725
f 938//3725 942//3741 951//3742
f 943//3743 940//3739 941//3740
f 944//3744 945//3745 946//3746
s 1
f 255//905 251//901 256//906
f 251//901 253//903 256//906
f 249//899 257//910 250//900
f 257//910 259//912 250//900
s 105
f 947//3747 948//3748 949//3749
s 1
f 261//914 254//904 262//915
f 254//904 256//906 262//915
s 105
f 942//3741 950//3750 951//3742
f 952//3751 947//3747 953//3752
f 953//3752 947//3747 949//3749
f 954//3753 952//3751 953//3752
s off
f 726//3754 955//3755 727//3756
s 1
f 264//917 260//913 265//918
f 260//913 262//915 265//918
s 105
f 956//3757 954//3753 957//3758
f 957//3758 954//3753 953//3752
f 958//3759 956//3757 957//3758
s 1
f 258//911 269//922 259//912
f 269//922 271//924 259//912
f 267//920 263//916 268//921
f 263//916 265//918 268//921
s 105
f 959//3760 958//3759 960//3761
f 960//3761 958//3759 957//3758
s off
f 961//3762 150//3763 149//3764
f 482//3765 962//3766 715//3767
f 186//3768 217//3769 963//3770
s 105
f 964//3771 959//3760 960//3761
f 965//3772 966//3773 967//3774
f 968//3775 964//3771 969//3776
f 969//3776 964//3771 960//3761
s 1
f 273//926 266//919 274//927
f 266//919 268//921 274//927
s 105
f 970//3777 968//3775 969//3776
s 1
f 276//932 272//925 277//933
f 272//925 274//927 277//933
s 105
f 971//3778 972//3779 973//3780
s 1
f 270//923 281//937 271//924
f 281//937 283//939 271//924
s 105
f 974//3781 975//3782 976//3783
s 1
f 279//935 275//931 280//936
f 275//931 277//933 280//936
s 105
f 977//3784 971//3778 978//3785
f 978//3785 971//3778 973//3780
f 975//3782 979//3786 976//3783
f 976//3783 979//3786 985//3787
f 980//3788 977//3784 978//3785
s off
f 727//3789 981//3790 149//3791
f 135//3792 614//3793 152//3794
s 1
f 285//941 278//934 286//942
f 278//934 280//936 286//942
s 105
f 982//3795 980//3788 983//3796
f 983//3796 980//3788 978//3785
f 979//3786 984//3797 985//3787
f 986//3798 982//3795 983//3796
s 1
f 288//944 284//940 289//945
f 284//940 286//942 289//945
s 105
f 984//3797 987//3799 985//3787
f 985//3787 987//3799 1169//3800
s 1
f 282//938 293//949 283//939
f 293//949 295//951 283//939
s 105
f 988//3801 986//3798 989//3802
f 989//3802 986//3798 983//3796
s 1
f 291//947 287//943 292//948
f 287//943 289//945 292//948
s 105
f 990//3803 988//3801 989//3802
f 991//3804 992//3805 993//3806
f 994//3807 990//3803 995//3808
f 995//3808 990//3803 989//3802
s 1
f 297//953 290//946 298//954
f 290//946 292//948 298//954
s 105
f 992//3805 996//3809 993//3806
f 993//3806 996//3809 999//3810
f 997//3811 994//3807 995//3808
f 996//3809 998//3812 999//3810
f 998//3812 1000//3813 999//3810
f 999//3810 1000//3813 1002//3814
s 1
f 300//956 296//952 301//957
f 296//952 298//954 301//957
s 105
f 1000//3813 1001//3815 1002//3814
s off
f 144//3816 141//3817 603//3818
s 1
f 294//950 302//958 295//951
f 302//958 304//960 295//951
s 105
f 1003//3819 1004//3820 1005//3821
s 1
f 306//962 299//955 307//963
f 299//955 301//957 307//963
s 105
f 1006//3822 1007//3823 1008//3824
f 1009//3825 1010//3826 1011//3827
s off
f 1012//3828 856//3829 891//3830
s 105
f 1013//3831 1014//3832 1015//3833
f 1014//3832 1016//3834 1015//3833
f 1015//3833 1016//3834 1020//3835
f 1017//3836 1006//3822 1018//3837
f 1018//3837 1006//3822 1008//3824
s 1
f 309//965 305//961 310//966
f 305//961 307//963 310//966
s 105
f 1016//3834 1019//3838 1020//3835
s off
f 143//3839 741//3840 149//3841
s 105
f 1019//3838 1021//3842 1020//3835
f 1020//3835 1021//3842 1025//3843
f 1022//3844 1017//3836 1018//3837
s off
f 1023//3845 139//3846 11//3847
s 105
f 1021//3842 1024//3848 1025//3843
s 1
f 303//959 311//967 304//960
f 311//967 313//969 304//960
s 105
f 1024//3848 1026//3849 1025//3843
f 1025//3843 1026//3849 1028//3850
f 1026//3849 1027//3851 1028//3850
f 1027//3851 1029//3852 1028//3850
f 1028//3850 1029//3852 1033//3853
s 1
f 315//971 308//964 316//972
f 308//964 310//966 316//972
s 105
f 1030//3854 1022//3844 1031//3855
f 1031//3855 1022//3844 1018//3837
f 1029//3852 1032//3856 1033//3853
s off
f 826//3857 1034//3858 819//3859
f 819//3860 1035//3861 829//3862
s 105
f 1036//3863 1030//3854 1031//3855
s off
f 716//3864 741//3865 3//3866
f 829//3867 1037//3868 834//3869
s 105
f 1038//3870 1039//3871 1040//3872
s off
f 1041//3873 826//3874 837//3875
f 834//3876 1042//3877 840//3878
s 105
f 1043//3879 1044//3880 1045//3881
f 1046//3882 1036//3863 1047//3883
f 1047//3883 1036//3863 1031//3855
f 1044//3880 1048//3884 1045//3881
f 1045//3881 1048//3884 1055//3885
s off
f 840//3886 1049//3887 846//3888
s 1
f 312//968 317//976 313//969
f 317//976 319//978 313//969
s off
f 1035//3889 819//3890 1034//3891
f 1050//3892 186//3893 1051//3894
f 1034//3895 826//3896 1052//3897
s 1
f 321//980 314//970 322//981
f 314//970 316//972 322//981
s off
f 1053//3898 837//3899 855//3900
f 826//3901 1041//3902 1052//3903
f 1037//3904 829//3905 1035//3906
s 105
f 1048//3884 1054//3907 1055//3885
f 1056//3908 1046//3882 1047//3883
s off
f 846//3909 1057//3910 853//3911
f 1042//3912 834//3913 1037//3914
f 853//3915 1058//3916 858//3917
f 837//3918 1053//3919 1041//3920
s 105
f 1059//3921 1060//3922 1061//3923
s off
f 1049//3924 840//3925 1042//3926
f 858//3927 1062//3928 862//3929
s 105
f 1063//3930 1064//3931 1065//3932
s off
f 1052//3933 1066//3934 1034//3935
f 1057//3936 846//3937 1049//3938
f 1067//3939 855//3940 868//3941
s 105
f 1064//3931 1068//3942 1065//3932
f 1065//3932 1068//3942 1077//3943
s off
f 1034//3944 1069//3945 1035//3946
f 1066//3947 1052//3948 1070//3949
s 105
f 1071//3950 1072//3951 1073//3952
s off
f 1074//3953 1052//3954 1041//3955
f 1052//3956 1074//3957 1070//3958
f 1069//3959 1034//3960 1066//3961
f 855//3962 1067//3963 1053//3964
f 862//3965 1075//3966 865//3967
f 1058//3968 853//3969 1057//3970
s 105
f 1068//3942 1076//3971 1077//3943
s off
f 1035//3972 1078//3973 1037//3974
s 1
f 318//977 323//982 319//978
f 323//982 325//984 319//978
s off
f 1070//3975 1079//3976 1066//3977
f 1078//3978 1035//3979 1069//3980
s 105
f 1076//3971 1080//3981 1077//3943
f 1077//3943 1080//3981 1085//3982
s off
f 1079//3983 1070//3984 1074//3985
f 1041//3986 1081//3987 1074//3988
f 1081//3989 1041//3990 1053//3991
f 1062//3992 858//3993 1058//3994
f 1037//3995 1082//3996 1042//3997
s 1
f 327//986 320//979 328//987
f 320//979 322//981 328//987
s off
f 865//3998 1083//3999 872//4000
s 105
f 1080//3981 1084//4001 1085//3982
s off
f 1066//4002 1086//4003 1069//4004
f 1082//4005 1037//4006 1078//4007
s 105
f 1084//4001 1087//4008 1085//3982
f 1085//3982 1087//4008 1094//4009
s off
f 1086//4010 1066//4011 1079//4012
f 1042//4013 1088//4014 1049//4015
f 1074//4016 1089//4017 1079//4018
f 1075//4019 862//4020 1062//4021
s 105
f 1090//4022 1091//4023 1092//4024
s off
f 1089//4025 1074//4026 1081//4027
s 105
f 1087//4008 1093//4028 1094//4009
s off
f 872//4029 1095//4030 874//4031
f 1053//4032 1096//4033 1081//4034
f 1069//4035 1097//4036 1078//4037
f 1088//4038 1042//4039 1082//4040
f 868//4041 1098//4042 1067//4043
f 1098//4044 868//4045 880//4046
f 1096//4047 1053//4048 1067//4049
f 1097//4050 1069//4051 1086//4052
f 1049//4053 1099//4054 1057//4055
f 1083//4056 865//4057 1075//4058
s 105
f 1100//4059 1101//4060 1102//4061
s off
f 874//4062 1103//4063 878//4064
f 1099//4065 1049//4066 1088//4067
f 1079//4068 1104//4069 1086//4070
f 1078//4071 1105//4072 1082//4073
s 1
f 324//983 329//988 325//984
f 329//988 331//990 325//984
s off
f 1104//4074 1079//4075 1089//4076
s 105
f 1106//4077 1090//4022 1107//4078
f 1107//4078 1090//4022 1092//4024
s off
f 1057//4079 1108//4080 1058//4081
f 1081//4082 1109//4083 1089//4084
f 1110//4085 716//4086 715//4087
f 1109//4088 1081//4089 1096//4090
f 741//4091 955//4092 726//4093
s 105
f 1111//4094 1112//4095 1113//4096
s off
f 1095//4097 872//4098 1083//4099
f 1103//4100 883//4101 878//4102
f 1067//4103 1114//4104 1096//4105
f 1105//4106 1078//4107 1097//4108
f 1105//4109 1088//4110 1082//4111
f 1108//4112 1057//4113 1099//4114
s 105
f 1112//4095 1115//4115 1113//4096
f 1113//4096 1115//4115 1119//4116
s off
f 1114//4117 1067//4118 1098//4119
s 105
f 1116//4120 1106//4077 1107//4078
s off
f 1058//4121 1117//4122 1062//4123
f 1110//4124 715//4125 962//4126
s 105
f 1115//4115 1118//4127 1119//4116
s off
f 1103//4128 874//4129 1095//4130
f 893//4131 1098//4132 880//4133
f 1120//4134 886//4135 883//4136
f 1086//4137 1121//4138 1097//4139
s 105
f 1118//4127 1122//4140 1119//4116
f 1119//4116 1122//4140 1128//4141
s off
f 1117//4142 1058//4143 1108//4144
s 105
f 1116//4120 1107//4078 1123//4145
f 1123//4145 1107//4078 1140//4146
s off
f 1124//4147 1099//4148 1088//4149
f 1121//4150 1086//4151 1104//4152
f 1062//4153 1125//4154 1075//4155
f 1126//4156 1096//4157 1114//4158
f 1096//4159 1126//4160 1109//4161
s 105
f 1122//4140 1127//4162 1128//4141
s off
f 1089//4163 1129//4164 1104//4165
f 1088//4166 1105//4167 1124//4168
f 1129//4169 1089//4170 1109//4171
s 105
f 1127//4162 1130//4172 1128//4141
f 1128//4141 1130//4172 1135//4173
s off
f 1131//4174 889//4175 886//4176
f 1125//4177 1062//4178 1117//4179
f 1132//4180 1114//4181 1098//4182
s 1
f 336//995 326//985 337//996
f 326//985 328//987 337//996
s off
f 883//4183 1103//4184 1120//4185
f 1075//4186 1133//4187 1083//4188
s 1
f 330//989 332//991 331//990
f 332//991 334//993 331//990
s 105
f 1130//4172 1134//4189 1135//4173
s off
f 1136//4190 1108//4191 1099//4192
f 1098//4193 893//4194 1132//4195
f 1097//4196 1137//4197 1105//4198
f 1114//4199 1132//4200 1126//4201
f 1133//4202 1075//4203 1125//4204
f 1099//4205 1124//4206 1136//4207
f 1138//4208 896//4209 889//4210
s 105
f 1139//4211 1123//4145 1140//4146
s off
f 1012//4212 901//4213 856//4214
f 31//4215 751//4216 1141//4217
s 105
f 1142//4218 1143//4219 1144//4220
s off
f 886//4221 1120//4222 1131//4223
f 1083//4224 1145//4225 1095//4226
f 1137//4227 1097//4228 1121//4229
f 1146//4230 1117//4231 1108//4232
s 105
f 1143//4219 1147//4233 1144//4220
f 1144//4220 1147//4233 1150//4234
s off
f 1148//4235 1109//4236 1126//4237
f 1137//4238 1124//4239 1105//4240
f 1145//4241 1083//4242 1133//4243
f 1109//4244 1148//4245 1129//4246
s 105
f 1147//4233 1149//4247 1150//4234
s off
f 1104//4248 1151//4249 1121//4250
f 1152//4251 898//4252 896//4253
f 1151//4254 1104//4255 1129//4256
f 1108//4257 1136//4258 1146//4259
f 889//4260 1131//4261 1138//4262
f 1095//4263 1153//4264 1103//4265
f 1154//4266 1125//4267 1117//4268
f 909//4269 1132//4270 893//4271
s 105
f 1155//4272 1156//4273 1157//4274
s off
f 1153//4275 1120//4276 1103//4277
f 1153//4278 1095//4279 1145//4280
f 1158//4281 1126//4282 1132//4283
s 1
f 333//992 338//997 334//993
f 338//997 340//999 334//993
s 105
f 1156//4273 1159//4284 1157//4274
f 1157//4274 1159//4284 1164//4285
s off
f 1160//4286 903//4287 898//4288
f 896//4289 1138//4290 1152//4291
f 1117//4292 1146//4293 1154//4294
f 1161//4295 1136//4296 1124//4297
f 1162//4298 1133//4299 1125//4300
s 105
f 1159//4284 1163//4301 1164//4285
s off
f 1126//4302 1158//4303 1148//4304
f 1165//4305 1131//4306 1120//4307
f 1124//4308 1137//4309 1161//4310
s 105
f 1166//4311 1167//4312 1168//4313
s off
f 1120//4314 1153//4315 1165//4316
f 898//4317 1152//4318 1160//4319
f 1132//4320 909//4321 1158//4322
f 1170//4323 906//4324 903//4325
f 1125//4326 1154//4327 1162//4328
f 1171//4329 1145//4330 1133//4331
f 1121//4332 1172//4333 1137//4334
s 105
f 1173//4335 1174//4336 1175//4337
s off
f 1176//4338 1129//4339 1148//4340
f 1177//4341 1138//4342 1131//4343
f 1172//4344 1121//4345 1151//4346
f 1129//4347 1176//4348 1151//4349
f 1178//4350 1146//4351 1136//4352
f 1131//4353 1165//4354 1177//4355
f 903//4356 1160//4357 1170//4358
f 1133//4359 1162//4360 1171//4361
f 1179//4362 1153//4363 1145//4364
f 1180//4365 911//4366 906//4367
f 1136//4368 1161//4369 1178//4370
s 105
f 1181//4371 1182//4372 1183//4373
s 1
f 339//998 341//1003 340//999
f 341//1003 343//1005 340//999
s off
f 1184//4374 1152//4375 1138//4376
s 105
f 1182//4372 1185//4377 1183//4373
f 1183//4373 1185//4377 1192//4378
s off
f 1172//4379 1161//4380 1137//4381
f 1138//4382 1177//4383 1184//4384
f 1186//4385 1154//4386 1146//4387
f 1187//4388 1165//4389 1153//4390
f 1188//4391 1148//4392 1158//4393
f 1145//4394 1171//4395 1179//4396
f 906//4397 1170//4398 1180//4399
s 1
f 348//1010 335//994 349//1011
f 335//994 337//996 349//1011
s off
f 1189//4400 915//4401 911//4402
f 1190//4403 1160//4404 1152//4405
s 105
f 1185//4377 1191//4406 1192//4378
f 1193//4407 1194//4408 1195//4409
s off
f 1152//4410 1184//4411 1190//4412
f 924//4413 1158//4414 909//4415
s 105
f 1191//4406 1196//4416 1192//4378
f 1192//4378 1196//4416 1204//4417
s off
f 1148//4418 1188//4419 1176//4420
f 1146//4421 1178//4422 1186//4423
f 1197//4424 1177//4425 1165//4426
f 1153//4427 1179//4428 1187//4429
f 1198//4430 1162//4431 1154//4432
f 911//4433 1180//4434 1189//4435
f 1199//4436 1170//4437 1160//4438
s 105
f 1193//4407 1195//4409 1200//4439
f 1200//4439 1195//4409 1211//4440
s off
f 1201//4441 919//4442 915//4443
f 1160//4444 1190//4445 1199//4446
f 1202//4447 1151//4448 1176//4449
s 105
f 1196//4416 1203//4450 1204//4417
s off
f 1151//4451 1202//4452 1172//4453
f 1205//4454 1178//4455 1161//4456
f 1161//4457 1172//4458 1205//4459
s 1
f 342//1004 344//1006 343//1005
f 344//1006 346//1008 343//1005
s off
f 1206//4460 1184//4461 1177//4462
f 1165//4463 1187//4464 1197//4465
f 1158//4466 924//4467 1188//4468
f 1154//4469 1186//4470 1198//4471
f 901//4472 963//4473 217//4474
f 482//4475 353//4476 1050//4477
f 1207//4478 1171//4479 1162//4480
f 1208//4481 1180//4482 1170//4483
f 915//4484 1189//4485 1201//4486
f 1170//4487 1199//4488 1208//4489
f 1209//4490 921//4491 919//4492
s 105
f 1210//4493 1200//4439 1211//4440
s off
f 1212//4494 1190//4495 1184//4496
f 1177//4497 1197//4498 1206//4499
f 1213//4500 1179//4501 1171//4502
s 105
f 1214//4503 1215//4504 1216//4505
s off
f 1162//4506 1198//4507 1207//4508
f 1217//4509 1189//4510 1180//4511
f 1202//4512 1205//4513 1172//4514
f 919//4515 1201//4516 1209//4517
f 1180//4518 1208//4519 1217//4520
f 1218//4521 1186//4522 1178//4523
f 1184//4524 1206//4525 1212//4526
f 1219//4527 1199//4528 1190//4529
f 1220//4530 1176//4531 1188//4532
s 105
f 1221//4533 1210//4493 1222//4534
f 1222//4534 1210//4493 1211//4440
s off
f 1178//4535 1205//4536 1218//4537
f 1223//4538 926//4539 921//4540
f 1224//4541 1187//4542 1179//4543
s 1
f 345//1007 350//1012 346//1008
f 350//1012 352//1014 346//1008
s off
f 1176//4544 1220//4545 1202//4546
f 1171//4547 1207//4548 1213//4549
s 105
f 1225//4550 1221//4533 1222//4534
s off
f 1226//4551 1201//4552 1189//4553
f 1190//4554 1212//4555 1219//4556
f 1227//4557 1208//4558 1199//4559
f 1189//4560 1217//4561 1226//4562
f 921//4563 1209//4564 1223//4565
s 105
f 1228//4566 1229//4567 1230//4568
s off
f 1231//4569 1197//4570 1187//4571
f 938//4572 1188//4573 924//4574
f 149//4575 981//4576 961//4577
f 1141//4578 614//4579 31//4580
f 1232//4581 1198//4582 1186//4583
f 1179//4584 1213//4585 1224//4586
f 1199//4587 1219//4588 1227//4589
f 1205//4590 1202//4591 1233//4592
s 105
f 1229//4567 1234//4593 1230//4568
f 1230//4568 1234//4593 1246//4594
s off
f 1235//4595 1217//4596 1208//4597
f 1236//4598 1209//4599 1201//4600
f 926//4601 1237//4602 930//4603
s 105
f 1238//4604 1239//4605 1240//4606
s off
f 1201//4607 1226//4608 1236//4609
f 1241//4610 1206//4611 1197//4612
f 1186//4613 1218//4614 1232//4615
f 926//4616 1223//4617 1242//4618
f 1233//4619 1218//4620 1205//4621
f 1188//4622 938//4623 1220//4624
f 1187//4625 1224//4626 1231//4627
s 1
f 351//1013 354//1018 352//1014
f 354//1018 356//1020 352//1014
s off
f 1208//4628 1227//4629 1235//4630
s 105
f 1243//4631 1238//4604 1244//4632
f 1244//4632 1238//4604 1240//4606
f 1234//4593 1245//4633 1246//4594
s off
f 1247//4634 1207//4635 1198//4636
f 1248//4637 1226//4638 1217//4639
f 1249//4640 1212//4641 1206//4642
f 1237//4643 926//4644 1242//4645
f 1250//4646 1223//4647 1209//4648
s 105
f 1251//4649 1243//4631 1244//4632
s off
f 1209//4650 1236//4651 1250//4652
f 930//4653 1252//4654 933//4655
s 105
f 1245//4633 1253//4656 1246//4594
f 1246//4594 1253//4656 1261//4657
s off
f 1197//4658 1231//4659 1241//4660
f 1254//4661 1202//4662 1220//4663
f 1217//4664 1235//4665 1248//4666
s 105
f 1255//4667 1251//4649 1256//4668
f 1256//4668 1251//4649 1244//4632
s off
f 1198//4669 1232//4670 1247//4671
f 1202//4672 1254//4673 1233//4674
f 1257//4675 1219//4676 1212//4677
s 105
f 1258//4678 1255//4667 1256//4668
s off
f 1259//4679 1236//4680 1226//4681
s 105
f 1253//4656 1260//4682 1261//4657
s off
f 1262//4683 1213//4684 1207//4685
f 963//4686 1051//4687 186//4688
s 1
f 364//1034 347//1009 365//1035
f 347//1009 349//1011 365//1035
s off
f 1206//4689 1241//4690 1249//4691
f 1263//4692 1242//4693 1223//4694
s 105
f 1260//4682 1264//4695 1261//4657
f 1261//4657 1264//4695 1266//4696
f 1264//4695 1265//4697 1266//4696
s off
f 1223//4698 1250//4699 1263//4700
f 1252//4701 930//4702 1237//4703
f 1218//4704 1233//4705 1267//4706
f 933//4707 1268//4708 936//4709
f 1267//4710 1232//4711 1218//4712
f 1226//4713 1248//4714 1259//4715
f 1269//4716 1227//4717 1219//4718
s 1
f 355//1019 357//1024 356//1020
f 357//1024 359//1026 356//1020
s off
f 1270//4719 1224//4720 1213//4721
f 1271//4722 1250//4723 1236//4724
f 1212//4725 1249//4726 1257//4727
f 1207//4728 1247//4729 1262//4730
f 1242//4731 1263//4732 1272//4733
f 1268//4734 933//4735 1252//4736
f 951//4737 1220//4738 938//4739
f 1273//4740 1235//4741 1227//4742
f 936//4743 1274//4744 941//4745
f 1236//4746 1259//4747 1271//4748
f 1242//4749 1275//4750 1237//4751
f 1276//4752 1231//4753 1224//4754
f 1219//4755 1257//4756 1269//4757
f 1220//4758 951//4759 1254//4760
f 1277//4761 1263//4762 1250//4763
f 1213//4764 1262//4765 1270//4766
f 1275//4767 1242//4768 1272//4769
f 1278//4770 1247//4771 1232//4772
f 1279//4773 1233//4774 1254//4775
f 1233//4776 1279//4777 1267//4778
f 1280//4779 1248//4780 1235//4781
f 1232//4782 1267//4783 1278//4784
f 1281//4785 1241//4786 1231//4787
f 1274//4788 936//4789 1268//4790
f 1227//4791 1269//4792 1273//4793
f 1250//4794 1271//4795 1277//4796
f 941//4797 1282//4798 946//4799
s 1
f 358//1025 360//1030 359//1026
f 360//1030 362//1032 359//1026
s off
f 1237//4800 1283//4801 1252//4802
f 1224//4803 1270//4804 1276//4805
f 1284//4806 1272//4807 1263//4808
f 1283//4809 1237//4810 1275//4811
f 1285//4812 1259//4813 1248//4814
f 1286//4815 1249//4816 1241//4817
f 1235//4818 1273//4819 1280//4820
f 1263//4821 1277//4822 1284//4823
f 1287//4824 1262//4825 1247//4826
f 1282//4827 941//4828 1274//4829
f 1231//4830 1276//4831 1281//4832
f 946//4833 1288//4834 949//4835
f 1252//4836 1289//4837 1268//4838
f 1290//4839 1257//4840 1249//4841
f 1247//4842 1278//4843 1287//4844
f 1291//4845 1271//4846 1259//4847
f 1248//4848 1280//4849 1285//4850
f 1289//4851 1252//4852 1283//4853
f 1241//4854 1281//4855 1286//4856
f 1272//4857 1292//4858 1275//4859
f 1267//4860 1293//4861 1278//4862
f 1293//4863 1267//4864 1279//4865
f 1272//4866 1284//4867 1294//4868
f 1288//4869 946//4870 1282//4871
f 1295//4872 1270//4873 1262//4874
f 1296//4875 1269//4876 1257//4877
s 1
f 361//1031 366//1036 362//1032
f 366//1036 368//1038 362//1032
s off
f 1254//4878 967//4879 1279//4880
f 967//4881 1254//4882 951//4883
f 949//4884 1297//4885 953//4886
f 1268//4887 1298//4888 1274//4889
f 1299//4890 1277//4891 1271//4892
f 1259//4893 1285//4894 1291//4895
f 1249//4896 1286//4897 1290//4898
f 1292//4899 1272//4900 1294//4901
f 1298//4902 1268//4903 1289//4904
f 1262//4905 1287//4906 1295//4907
f 1275//4908 1300//4909 1283//4910
f 1301//4911 1273//4912 1269//4913
f 1302//4914 1276//4915 1270//4916
f 1297//4917 949//4918 1288//4919
f 1257//4920 1290//4921 1296//4922
f 1271//4923 1291//4924 1299//4925
f 1274//4926 1303//4927 1282//4928
f 953//4929 1304//4930 957//4931
f 1305//4932 1284//4933 1277//4934
f 1278//4935 1306//4936 1287//4937
f 1307//4938 1280//4939 1273//4940
f 1300//4941 1275//4942 1292//4943
f 1303//4944 1274//4945 1298//4946
f 1308//4947 1281//4948 1276//4949
f 1270//4950 1295//4951 1302//4952
f 1283//4953 1309//4954 1289//4955
f 1306//4956 1278//4957 1293//4958
f 1269//4959 1296//4960 1301//4961
f 1304//4962 953//4963 1297//4964
s 1
f 367//1037 372//1051 368//1038
f 372//1051 374//1053 368//1038
s off
f 1277//4965 1299//4966 1305//4967
f 1023//4968 11//4969 431//4970
f 1310//4971 1294//4972 1284//4973
f 1282//4974 1311//4975 1288//4976
f 1312//4977 1285//4978 1280//4979
f 957//4980 1313//4981 960//4982
f 1314//4983 1286//4984 1281//4985
f 1306//4986 1295//4987 1287//4988
f 1279//4989 976//4990 1293//4991
f 1276//4992 1302//4993 1308//4994
f 1309//4995 1283//4996 1300//4997
f 1311//4998 1282//4999 1303//5000
f 1273//5001 1301//5002 1307//5003
f 1289//5004 1315//5005 1298//5006
s 1
f 383//1088 363//1033 384//1089
f 363//1033 365//1035 384//1089
s off
f 976//5007 1279//5008 967//5009
f 1284//5010 1305//5011 1310//5012
f 1316//5013 1290//5014 1286//5015
f 1317//5016 1291//5017 1285//5018
f 1313//5019 957//5020 1304//5021
f 1288//5022 1318//5023 1297//5024
f 1281//5025 1308//5026 1314//5027
f 1280//5028 1307//5029 1312//5030
f 1294//5031 1319//5032 1292//5033
f 1315//5034 1289//5035 1309//5036
f 960//5037 1320//5038 969//5039
f 1321//5040 1302//5041 1295//5042
f 1318//5043 1288//5044 1311//5045
f 1295//5046 1306//5047 1321//5048
f 1298//5049 1322//5050 1303//5051
f 1323//5052 1296//5053 1290//5054
f 1324//5055 1299//5056 1291//5057
f 1286//5058 1314//5059 1316//5060
f 1294//5061 1310//5062 1325//5063
s 1
f 373//1052 378//1063 374//1053
f 378//1063 380//1065 374//1053
s off
f 1285//5064 1312//5065 1317//5066
f 1297//5067 1326//5068 1304//5069
f 1320//5070 960//5071 1313//5072
f 1293//5073 985//5074 1306//5075
f 1292//5076 1327//5077 1300//5078
f 1328//5079 1308//5080 1302//5081
f 1322//5082 1298//5083 1315//5084
f 1329//5085 1301//5086 1296//5087
f 1326//5088 1297//5089 1318//5090
f 1319//5091 1294//5092 1325//5093
f 1303//5094 1330//5095 1311//5096
f 1290//5097 1316//5098 1323//5099
f 1302//5100 1321//5101 1328//5102
f 969//5103 1331//5104 973//5105
f 1332//5106 1305//5107 1299//5108
f 1291//5109 1317//5110 1324//5111
f 985//5112 1293//5113 976//5114
f 1333//5115 1314//5116 1308//5117
f 1334//5118 1307//5119 1301//5120
f 1304//5121 1335//5122 1313//5123
f 1296//5124 1323//5125 1329//5126
f 1300//5127 1336//5128 1309//5129
f 985//5130 1321//5131 1306//5132
f 1331//5133 969//5134 1320//5135
f 1330//5136 1303//5137 1322//5138
f 1327//5139 1292//5140 1319//5141
f 1308//5142 1328//5143 1333//5144
f 1335//5145 1304//5146 1326//5147
f 1311//5148 1337//5149 1318//5150
f 1338//5151 1310//5152 1305//5153
f 1299//5154 1324//5155 1332//5156
f 1339//5157 1312//5158 1307//5159
f 973//5160 1340//5161 978//5162
f 1301//5163 1329//5164 1334//5165
s 1
f 379//1064 385//1090 380//1065
f 385//1090 387//1092 380//1065
s off
f 1314//5166 1341//5167 1316//5168
f 1314//5169 1333//5170 1342//5171
f 1313//5172 1343//5173 1320//5174
f 1309//5175 1344//5176 1315//5177
f 1337//5178 1311//5179 1330//5180
f 1336//5181 1300//5182 1327//5183
f 1345//5184 1325//5185 1310//5186
f 1318//5187 1346//5188 1326//5189
f 1305//5190 1332//5191 1338//5192
f 1343//5193 1313//5194 1335//5195
f 1340//5196 973//5197 1331//5198
f 1169//5199 1328//5200 1321//5201
f 1347//5202 1317//5203 1312//5204
f 1341//5205 1314//5206 1342//5207
f 1307//5208 1334//5209 1339//5210
f 1316//5211 1348//5212 1323//5213
f 1315//5214 1349//5215 1322//5216
f 1321//5217 985//5218 1169//5219
f 1346//5220 1318//5221 1337//5222
f 978//5223 1350//5224 983//5225
f 1344//5226 1309//5227 1336//5228
f 1348//5229 1316//5230 1341//5231
f 1310//5232 1338//5233 1345//5234
f 1351//5235 1324//5236 1317//5237
f 1320//5238 1352//5239 1331//5240
f 1312//5241 1339//5242 1347//5243
f 1323//5244 1353//5245 1329//5246
f 1326//5247 1354//5248 1335//5249
f 993//5250 1333//5251 1328//5252
f 1352//5253 1320//5254 1343//5255
f 1325//5256 1355//5257 1319//5258
f 1350//5259 978//5260 1340//5261
s 1
f 386//1091 390//1105 387//1092
f 390//1105 392//1107 387//1092
s off
f 1353//5262 1323//5263 1348//5264
f 1322//5265 1356//5266 1330//5267
f 1329//5268 1357//5269 1334//5270
f 1317//5271 1347//5272 1351//5273
f 1358//5274 1332//5275 1324//5276
f 1354//5277 1326//5278 1346//5279
f 1349//5280 1315//5281 1344//5282
f 1325//5283 1345//5284 1359//5285
f 999//5286 1342//5287 1333//5288
f 1328//5289 1169//5290 993//5291
f 1335//5292 1360//5293 1343//5294
f 1331//5295 1361//5296 1340//5297
f 1319//5298 1362//5299 1327//5300
f 1357//5301 1329//5302 1353//5303
f 1361//5304 1331//5305 1352//5306
f 983//5307 1363//5308 989//5309
f 1334//5310 1364//5311 1339//5312
f 1355//5313 1325//5314 1359//5315
f 1324//5316 1351//5317 1358//5318
f 1365//5319 1338//5320 1332//5321
f 1330//5322 1366//5323 1337//5324
f 1356//5325 1322//5326 1349//5327
f 1360//5328 1335//5329 1354//5330
f 1363//5331 983//5332 1350//5333
f 1342//5334 1005//5335 1341//5336
f 1333//5337 993//5338 999//5339
f 1364//5340 1334//5341 1357//5342
f 1327//5343 1367//5344 1336//5345
f 1339//5346 1368//5347 1347//5348
f 1343//5349 1369//5350 1352//5351
f 1332//5352 1358//5353 1365//5354
f 1362//5355 1319//5356 1355//5357
f 1340//5358 1370//5359 1350//5360
f 1371//5361 1345//5362 1338//5363
f 1337//5364 1372//5365 1346//5366
f 1370//5367 1340//5368 1361//5369
s 1
f 420//1229 382//1087 421//1230
f 382//1087 384//1089 421//1230
f 391//1106 399//1141 392//1107
f 399//1141 401//1143 392//1107
s off
f 1341//5370 1011//5371 1348//5372
f 891//5373 144//5374 1373//5375
f 1366//5376 1330//5377 1356//5378
f 1368//5379 1339//5380 1364//5381
f 1342//5382 999//5383 1002//5384
f 1369//5385 1343//5386 1360//5387
f 1347//5388 1374//5389 1351//5390
f 1336//5391 1375//5392 1344//5393
f 989//5394 1376//5395 995//5396
f 1338//5397 1365//5398 1371//5399
f 1367//5400 1327//5401 1362//5402
f 1005//5403 1342//5404 1002//5405
f 1377//5406 1359//5407 1345//5408
f 1348//5409 1015//5410 1353//5411
f 1352//5412 1378//5413 1361//5414
f 1376//5415 989//5416 1363//5417
f 1374//5418 1347//5419 1368//5420
f 1346//5421 1379//5422 1354//5423
f 1372//5424 1337//5425 1366//5426
f 1351//5427 1380//5428 1358//5429
f 1350//5430 1381//5431 1363//5432
f 1381//5433 1350//5434 1370//5435
f 1344//5436 1382//5437 1349//5438
f 1378//5439 1352//5440 1369//5441
f 1011//5442 1341//5443 1005//5444
f 1345//5445 1371//5446 1377//5447
f 1353//5448 1020//5449 1357//5450
f 1375//5451 1336//5452 1367//5453
f 1380//5454 1351//5455 1374//5456
f 1358//5457 1383//5458 1365//5459
f 1354//5460 1384//5461 1360//5462
f 1379//5463 1346//5464 1372//5465
f 1359//5466 1385//5467 1355//5468
f 1361//5469 1386//5470 1370//5471
s 1
f 400//1142 409//1189 401//1143
f 409//1189 411//1191 401//1143
s off
f 1015//5472 1348//5473 1011//5474
f 1357//5475 1025//5476 1364//5477
f 1349//5478 1387//5479 1356//5480
f 1359//5481 1377//5482 1388//5483
f 995//5484 1389//5485 1008//5486
f 1383//5487 1358//5488 1380//5489
f 1382//5490 1344//5491 1375//5492
f 1389//5493 995//5494 1376//5495
f 1386//5496 1361//5497 1378//5498
f 1365//5499 1390//5500 1371//5501
f 1363//5502 1391//5503 1376//5504
f 1391//5505 1363//5506 1381//5507
f 1355//5508 1392//5509 1362//5510
f 1020//5511 1353//5512 1015//5513
f 1384//5514 1354//5515 1379//5516
f 1385//5517 1359//5518 1388//5519
f 1364//5520 1028//5521 1368//5522
f 1360//5523 1393//5524 1369//5525
f 1356//5526 1394//5527 1366//5528
f 1390//5529 1365//5530 1383//5531
f 1370//5532 1395//5533 1381//5534
f 1387//5535 1349//5536 1382//5537
f 1371//5538 1396//5539 1377//5540
f 1025//5541 1357//5542 1020//5543
f 1368//5544 1033//5545 1374//5546
f 1362//5547 1397//5548 1367//5549
f 1392//5550 1355//5551 1385//5552
f 1395//5553 1370//5554 1386//5555
f 1393//5556 1360//5557 1384//5558
s 1
f 410//1190 423//1240 411//1191
f 423//1240 425//1242 411//1191
s off
f 1369//5559 1398//5560 1378//5561
f 1366//5562 1399//5563 1372//5564
f 1396//5565 1371//5566 1390//5567
f 1394//5568 1356//5569 1387//5570
f 1028//5571 1364//5572 1025//5573
f 1400//5574 1376//5575 1391//5576
f 1008//5577 1401//5578 1018//5579
f 1401//5580 1008//5581 1389//5582
f 1374//5583 1040//5584 1380//5585
f 1377//5586 1402//5587 1388//5588
f 1376//5589 1400//5590 1389//5591
f 1367//5592 1403//5593 1375//5594
f 1397//5595 1362//5596 1392//5597
f 1381//5598 1404//5599 1391//5600
f 1398//5601 1369//5602 1393//5603
f 1372//5604 1405//5605 1379//5606
f 1402//5607 1377//5608 1396//5609
f 1033//5610 1368//5611 1028//5612
f 1399//5613 1366//5614 1394//5615
f 1378//5616 1406//5617 1386//5618
f 1404//5619 1381//5620 1395//5621
f 1380//5622 1045//5623 1383//5624
f 1388//5625 1407//5626 1385//5627
f 1375//5628 1408//5629 1382//5630
f 1403//5631 1367//5632 1397//5633
f 1407//5634 1388//5635 1402//5636
s 1
f 424//1241 432//1282 425//1242
f 432//1282 434//1284 425//1242
s off
f 1379//5637 1409//5638 1384//5639
f 1040//5640 1374//5641 1033//5642
f 1406//5643 1378//5644 1398//5645
f 1405//5646 1372//5647 1399//5648
f 1383//5649 1055//5650 1390//5651
f 1385//5652 1410//5653 1392//5654
f 1411//5655 1389//5656 1400//5657
f 1382//5658 1412//5659 1387//5660
f 1389//5661 1411//5662 1401//5663
f 1391//5664 1413//5665 1400//5666
f 1386//5667 1414//5668 1395//5669
f 1408//5670 1375//5671 1403//5672
f 1415//5673 1018//5674 1401//5675
f 1018//5676 1415//5677 1031//5678
f 1045//5679 1380//5680 1040//5681
f 1410//5682 1385//5683 1407//5684
f 1413//5685 1391//5686 1404//5687
f 1384//5688 1416//5689 1393//5690
f 1409//5691 1379//5692 1405//5693
f 1390//5694 1061//5695 1396//5696
f 1392//5697 1417//5698 1397//5699
f 1414//5700 1386//5701 1406//5702
f 1387//5703 1418//5704 1394//5705
s 1
f 461//1403 419//1228 462//1404
f 419//1228 421//1230 462//1404
s off
f 1412//5706 1382//5707 1408//5708
f 1055//5709 1383//5710 1045//5711
f 1417//5712 1392//5713 1410//5714
f 1395//5715 1419//5716 1404//5717
s 1
f 433//1283 445//1336 434//1284
f 445//1336 447//1338 434//1284
s off
f 1396//5718 1065//5719 1402//5720
f 1393//5721 1420//5722 1398//5723
f 1416//5724 1384//5725 1409//5726
f 1397//5727 1421//5728 1403//5729
f 1394//5730 1422//5731 1399//5732
f 1418//5733 1387//5734 1412//5735
f 1423//5736 1401//5737 1411//5738
f 1400//5739 1424//5740 1411//5741
f 1061//5742 1390//5743 1055//5744
f 1401//5745 1423//5746 1415//5747
f 1419//5748 1395//5749 1414//5750
f 1424//5751 1400//5752 1413//5753
f 1421//5754 1397//5755 1417//5756
f 1425//5757 1031//5758 1415//5759
f 1402//5760 1077//5761 1407//5762
f 1031//5763 1425//5764 1047//5765
f 1403//5766 1426//5767 1408//5768
f 1420//5769 1393//5770 1416//5771
f 1398//5772 1427//5773 1406//5774
f 1399//5775 1428//5776 1405//5777
f 1422//5778 1394//5779 1418//5780
f 1065//5781 1396//5782 1061//5783
f 1404//5784 1429//5785 1413//5786
f 1426//5787 1403//5788 1421//5789
f 1407//5790 1085//5791 1410//5792
f 1408//5793 1430//5794 1412//5795
s 1
f 446//1337 453//1378 447//1338
f 453//1378 455//1380 447//1338
s off
f 1405//5796 1431//5797 1409//5798
f 1427//5799 1398//5800 1420//5801
f 1428//5802 1399//5803 1422//5804
f 1429//5805 1404//5806 1419//5807
f 1406//5808 1432//5809 1414//5810
f 1077//5811 1402//5812 1065//5813
f 1430//5814 1408//5815 1426//5816
f 1411//5817 1433//5818 1423//5819
f 1434//5820 1415//5821 1423//5822
f 1433//5823 1411//5824 1424//5825
f 1412//5826 1435//5827 1418//5828
f 1410//5829 1094//5830 1417//5831
f 1415//5832 1434//5833 1425//5834
f 1431//5835 1405//5836 1428//5837
f 1409//5838 1436//5839 1416//5840
f 1437//5841 1047//5842 1425//5843
f 1432//5844 1406//5845 1427//5846
f 1047//5847 1437//5848 1073//5849
f 1435//5850 1412//5851 1430//5852
f 1085//5853 1407//5854 1077//5855
f 1413//5856 1438//5857 1424//5858
f 1414//5859 1439//5860 1419//5861
f 1418//5862 1440//5863 1422//5864
f 1417//5865 1102//5866 1421//5867
f 1438//5868 1413//5869 1429//5870
f 1436//5871 1409//5872 1431//5873
s 1
f 454//1379 466//1426 455//1380
f 466//1426 468//1428 455//1380
s off
f 1416//5874 1441//5875 1420//5876
f 1440//5877 1418//5878 1435//5879
f 1094//5880 1410//5881 1085//5882
f 1439//5883 1414//5884 1432//5885
f 1422//5886 1442//5887 1428//5888
f 1421//5889 1113//5890 1426//5891
f 1423//5892 1443//5893 1434//5894
f 1444//5895 1425//5896 1434//5897
f 1443//5898 1423//5899 1433//5900
f 1441//5901 1416//5902 1436//5903
f 1425//5904 1444//5905 1437//5906
f 1420//5907 1445//5908 1427//5909
f 1442//5910 1422//5911 1440//5912
f 1419//5913 1446//5914 1429//5915
f 1102//5916 1417//5917 1094//5918
f 1447//5919 1073//5920 1437//5921
f 1424//5922 1448//5923 1433//5924
f 1428//5925 1449//5926 1431//5927
f 1426//5928 1119//5929 1430//5930
f 1073//5931 1447//5932 1092//5933
f 431//5934 134//5935 481//5936
f 544//5937 152//5938 1373//5939
f 1448//5940 1424//5941 1438//5942
f 1445//5943 1420//5944 1441//5945
f 1446//5946 1419//5947 1439//5948
f 1449//5949 1428//5950 1442//5951
s 1
f 467//1427 475//1477 468//1428
f 475//1477 477//1479 468//1428
s off
f 1427//5952 1450//5953 1432//5954
f 1113//5955 1421//5956 1102//5957
f 1431//5958 1451//5959 1436//5960
f 1430//5961 1128//5962 1435//5963
f 1434//5964 1452//5965 1444//5966
f 1453//5967 1437//5968 1444//5969
f 1452//5970 1434//5971 1443//5972
f 1451//5973 1431//5974 1449//5975
s 1
f 499//1565 460//1402 500//1566
f 460//1402 462//1404 500//1566
s off
f 1450//5976 1427//5977 1445//5978
f 1429//5979 1454//5980 1438//5981
f 1437//5982 1453//5983 1447//5984
f 1119//5985 1426//5986 1113//5987
f 1435//5988 1135//5989 1440//5990
f 1436//5991 1455//5992 1441//5993
f 1432//5994 1456//5995 1439//5996
f 1457//5997 1092//5998 1447//5999
f 1433//6000 1458//6001 1443//6002
f 1454//6003 1429//6004 1446//6005
f 1092//6006 1457//6007 1107//6008
f 1455//6009 1436//6010 1451//6011
f 1458//6012 1433//6013 1448//6014
f 1452//6015 1453//6016 1444//6017
s 1
f 476//1478 487//1519 477//1479
f 487//1519 489//1521 477//1479
s off
f 1128//6018 1430//6019 1119//6020
f 1456//6021 1432//6022 1450//6023
f 1440//6024 1144//6025 1442//6026
f 1441//6027 1459//6028 1445//6029
f 1460//6030 1447//6031 1453//6032
f 1459//6033 1441//6034 1455//6035
f 1447//6036 1460//6037 1457//6038
f 1439//6039 1461//6040 1446//6041
f 1438//6042 1462//6043 1448//6044
f 1135//6045 1435//6046 1128//6047
f 1442//6048 1150//6049 1449//6050
f 1445//6051 1463//6052 1450//6053
f 1453//6054 1452//6055 1464//6056
f 1443//6057 1465//6058 1452//6059
f 1466//6060 1107//6061 1457//6062
f 1461//6063 1439//6064 1456//6065
f 1462//6066 1438//6067 1454//6068
f 1464//6069 1460//6070 1453//6071
f 1463//6072 1445//6073 1459//6074
f 1465//6075 1443//6076 1458//6077
f 1144//6078 1440//6079 1135//6080
f 1449//6081 1157//6082 1451//6083
s 1
f 488//1520 495//1561 489//1521
f 495//1561 497//1563 489//1521
s off
f 1107//6084 1466//6085 1140//6086
f 1467//6087 1457//6088 1460//6089
f 1457//6090 1467//6091 1466//6092
f 1450//6093 1468//6094 1456//6095
f 1465//6096 1464//6097 1452//6098
f 1446//6099 1469//6100 1454//6101
f 1150//6102 1442//6103 1144//6104
f 1460//6105 1464//6106 1470//6107
f 1448//6108 1471//6109 1458//6110
f 1468//6111 1450//6112 1463//6113
f 1451//6114 1164//6115 1455//6116
f 1469//6117 1446//6118 1461//6119
f 1470//6120 1467//6121 1460//6122
f 1471//6123 1448//6124 1462//6125
f 1472//6126 1140//6127 1466//6128
f 1473//6129 1466//6130 1467//6131
f 1157//6132 1449//6133 1150//6134
f 1466//6135 1473//6136 1472//6137
f 1456//6138 1474//6139 1461//6140
f 1475//6141 1470//6142 1464//6143
f 1455//6144 1175//6145 1459//6146
f 1464//6147 1465//6148 1475//6149
f 1467//6150 1470//6151 1476//6152
f 1474//6153 1456//6154 1468//6155
s 1
f 496//1562 507//1603 497//1563
f 507//1603 509//1605 497//1563
s off
f 1476//6156 1473//6157 1467//6158
f 1454//6159 1477//6160 1462//6161
f 1458//6162 1478//6163 1465//6164
f 1164//6165 1451//6166 1157//6167
f 1479//6168 1472//6169 1473//6170
f 1473//6171 1476//6172 1479//6173
f 1477//6174 1454//6175 1469//6176
f 1480//6177 1476//6178 1470//6179
f 1140//6180 1472//6181 1168//6182
f 1474//6183 1469//6184 1461//6185
f 1459//6186 1183//6187 1463//6188
f 1470//6189 1475//6190 1480//6191
f 1478//6192 1458//6193 1471//6194
f 1472//6195 1479//6196 1481//6197
f 1478//6198 1475//6199 1465//6200
f 1482//6201 1479//6202 1476//6203
f 1175//6204 1455//6205 1164//6206
f 1481//6207 1168//6208 1472//6209
f 1476//6210 1480//6211 1482//6212
s 1
f 529//1694 498//1564 530//1695
f 498//1564 500//1566 530//1695
s off
f 1483//6213 1481//6214 1479//6215
f 1462//6216 1484//6217 1471//6218
f 1463//6219 1192//6220 1468//6221
f 1469//6222 1474//6223 1485//6224
s 1
f 508//1604 517//1648 509//1605
f 517//1648 519//1650 509//1605
s off
f 1479//6225 1482//6226 1483//6227
f 1486//6228 1480//6229 1475//6230
f 1481//6231 1483//6232 1487//6233
f 1484//6234 1462//6235 1477//6236
f 1485//6237 1477//6238 1469//6239
f 1183//6240 1459//6241 1175//6242
f 1475//6243 1478//6244 1486//6245
f 1488//6246 1482//6247 1480//6248
f 1489//6249 1483//6250 1482//6251
f 962//6252 482//6253 1490//6254
f 1480//6255 1486//6256 1488//6257
f 1491//6258 1487//6259 1483//6260
f 1468//6261 1204//6262 1474//6263
f 1471//6264 1492//6265 1478//6266
f 1168//6267 1481//6268 1195//6269
f 1482//6270 1488//6271 1489//6272
f 1487//6273 1195//6274 1481//6275
f 1483//6276 1489//6277 1491//6278
f 1192//6279 1463//6280 1183//6281
f 1477//6282 1485//6283 1493//6284
f 1487//6285 1491//6286 1494//6287
f 1492//6288 1471//6289 1484//6290
f 1492//6291 1486//6292 1478//6293
f 1493//6294 1484//6295 1477//6296
s 1
f 518//1649 525//1690 519//1650
f 525//1690 527//1692 519//1650
s off
f 1204//6297 1485//6298 1474//6299
f 1495//6300 1494//6301 1491//6302
f 1496//6303 1491//6304 1489//6305
f 1497//6306 1488//6307 1486//6308
f 1050//6309 1490//6310 482//6311
f 1498//6312 1489//6313 1488//6314
f 1491//6315 1496//6316 1495//6317
f 1494//6318 1495//6319 1499//6320
f 1204//6321 1468//6322 1192//6323
f 1486//6324 1492//6325 1497//6326
f 1489//6327 1498//6328 1496//6329
f 1494//6330 1211//6331 1487//6332
f 1484//6333 1493//6334 1500//6335
f 1488//6336 1497//6337 1498//6338
f 1496//6339 1499//6340 1495//6341
f 150//6342 961//6343 481//6344
f 1500//6345 1492//6346 1484//6347
f 1012//6348 891//6349 1501//6350
f 1195//6351 1487//6352 1211//6353
f 1499//6354 1496//6355 1502//6356
f 1498//6357 1502//6358 1496//6359
f 1216//6360 1493//6361 1485//6362
s 1
f 526//1691 537//1732 527//1692
f 537//1732 539//1734 527//1692
s off
f 1497//6363 1503//6364 1498//6365
f 1492//6366 1504//6367 1497//6368
f 1492//6369 1500//6370 1505//6371
f 1502//6372 1498//6373 1503//6374
f 1499//6375 1222//6376 1494//6377
f 955//6378 1506//6379 727//6380
f 1504//6381 1492//6382 1505//6383
f 1503//6384 1497//6385 1504//6386
f 1485//6387 1204//6388 1216//6389
f 963//6390 901//6391 1012//6392
s 1
f 528//1693 530//1695 555//1805
f 555//1805 530//1695 556//1806
s off
f 1211//6393 1494//6394 1222//6395
f 1230//6396 1500//6397 1493//6398
f 1502//6399 1240//6400 1499//6401
s 1
f 538//1733 545//1768 539//1734
f 545//1768 547//1770 539//1734
s off
f 1493//6402 1216//6403 1230//6404
f 1503//6405 1244//6406 1502//6407
f 1246//6408 1505//6409 1500//6410
f 1222//6411 1499//6412 1240//6413
f 1504//6414 1256//6415 1503//6416
s 1
f 546//1769 557//1810 547//1770
f 557//1810 559//1812 547//1770
s off
f 1505//6417 1266//6418 1504//6419
f 1240//6420 1502//6421 1244//6422
f 1500//6423 1230//6424 1246//6425
s 1
f 558//1811 565//1843 559//1812
f 565//1843 567//1845 559//1812
s off
f 1244//6426 1503//6427 1256//6428
f 981//6429 727//6430 1506//6431
f 1505//6432 1246//6433 1261//6434
f 1256//6435 1504//6436 1266//6437
s 1
f 554//1804 556//1806 578//1895
f 578//1895 556//1806 579//1896
s off
f 1266//6438 1505//6439 1261//6440
s 1
f 566//1844 573//1873 567//1845
f 573//1873 575//1875 567//1845
f 574//1874 581//1903 575//1875
f 581//1903 583//1905 575//1875
f 582//1904 589//1936 583//1905
f 589//1936 591//1938 583//1905
f 577//1894 579//1896 594//1943
f 594//1943 579//1896 595//1944
f 590//1937 597//1954 591//1938
f 597//1954 599//1956 591//1938
f 598//1955 593//1942 599//1956
f 593//1942 595//1944 599//1956
s off
f 1490//6441 1507//6442 962//6443
f 1050//6444 1051//6445 1508//6446
f 1110//6447 962//6448 1507//6449
f 1373//6450 603//6451 544//6452
f 603//6453 1373//6454 144//6455
f 1141//6456 751//6457 139//6458
f 741//6459 716//6460 1110//6461
f 1373//6462 152//6463 614//6464
f 1373//6465 1501//6466 891//6467
f 955//6468 1509//6469 1506//6470
f 1051//6471 963//6472 1510//6473
f 1490//6474 1050//6475 1511//6476
s 105
f 818//3446 1512//6477 826//3448
f 1512//6477 824//3474 826//3448
s off
f 1511//6478 1050//6479 1508//6480
f 1012//6481 1510//6482 963//6483
f 139//6484 1023//6485 1513//6486
f 741//6487 1514//6488 1515//6489
f 1510//6490 1508//6491 1051//6492
f 955//6493 741//6494 1516//6495
f 1514//6496 741//6497 1517//6498
f 1518//6499 431//6500 481//6501
f 1516//6502 1509//6503 955//6504
f 1110//6505 1517//6506 741//6507
f 1506//6508 1519//6509 981//6510
f 1141//6511 139//6512 1513//6513
f 1520//6514 1110//6515 1507//6516
s 105
f 828//3484 822//3455 829//3485
f 822//3455 819//3447 829//3485
f 833//3499 827//3483 834//3500
f 827//3483 829//3485 834//3500
f 839//3515 832//3498 840//3516
f 832//3498 834//3500 840//3516
s off
f 1521//6517 961//6518 981//6519
f 1514//6520 1522//6521 1515//6522
s 105
f 852//3574 847//3545 853//3575
f 847//3545 846//3544 853//3575
f 861//3605 859//3594 862//3606
f 859//3594 858//3587 862//3606
s off
f 614//6523 1141//6524 1373//6525
f 1513//6526 1023//6527 431//6528
s 105
f 854//3582 866//3631 855//3524
f 866//3631 868//3633 855//3524
f 864//3629 860//3604 865//3630
f 860//3604 862//3606 865//3630
s off
f 1523//6529 1012//6530 1501//6531
s 105
f 871//3649 863//3628 872//3650
f 863//3628 865//3630 872//3650
s off
f 1517//6532 1522//6533 1514//6534
f 1513//6535 431//6536 1518//6537
s 105
f 877//3667 875//3662 878//3668
f 875//3662 874//3655 878//3668
f 882//3671 876//3666 883//3672
f 876//3666 878//3668 883//3672
s off
f 1510//6538 1012//6539 1523//6540
f 1490//6541 1524//6542 1525//6543
f 1524//6544 1490//6545 1526//6546
f 1515//6547 1516//6548 741//6549
s 105
f 895//3689 890//3683 896//3690
f 890//3683 889//3682 896//3690
s off
f 1519//6550 1506//6551 1509//6552
f 1507//6553 1490//6554 1527//6555
f 961//6556 1528//6557 481//6558
s 105
f 918//3715 916//3713 919//3716
f 916//3713 915//3712 919//3716
s off
f 1517//6559 1110//6560 1520//6561
f 981//6562 1519//6563 1521//6564
s 105
f 987//3799 1529//6565 1169//3800
f 1529//6565 1530//6566 1169//3800
s off
f 1518//6567 481//6568 1531//6569
f 1510//6570 1532//6571 1533//6572
f 1511//6573 1526//6574 1490//6575
f 1508//6576 1510//6577 1526//6578
s 105
f 945//3745 943//3743 946//3746
f 943//3743 941//3740 946//3746
s off
f 1522//6579 1534//6580 1515//6581
f 1526//6582 1511//6583 1508//6584
s 105
f 948//3748 944//3744 949//3749
f 944//3744 946//3746 949//3749
s off
f 1509//6585 1516//6586 1519//6587
s 105
f 950//3750 965//3772 951//3742
f 965//3772 967//3774 951//3742
s off
f 1527//6588 1520//6589 1507//6590
f 1526//6591 1535//6592 1524//6593
s 105
f 972//3779 970//3777 973//3780
f 970//3777 969//3776 973//3780
f 966//3773 974//3781 967//3774
f 974//3781 976//3783 967//3774
s off
f 1516//6594 1515//6595 1534//6596
f 1501//6597 1373//6598 1536//6599
f 1516//6600 1537//6601 1538//6602
f 1539//6603 1524//6604 1535//6605
f 1532//6606 1510//6607 1536//6608
f 1538//6609 1519//6610 1516//6611
f 961//6612 1521//6613 1528//6614
s 105
f 1530//6566 991//3804 1169//3800
f 991//3804 993//3806 1169//3800
s off
f 481//6615 1528//6616 1531//6617
s 105
f 1007//3823 997//3811 1008//3824
f 997//3811 995//3808 1008//3824
s off
f 1533//6618 1526//6619 1510//6620
s 105
f 1001//3815 1003//3819 1002//3814
f 1003//3819 1005//3821 1002//3814
s off
f 1539//6621 1525//6622 1524//6623
f 1533//6624 1532//6625 1540//6626
s 105
f 1004//3820 1009//3825 1005//3821
f 1009//3825 1011//3827 1005//3821
f 1010//3826 1013//3831 1011//3827
f 1013//3831 1015//3833 1011//3827
s off
f 1525//6627 1527//6628 1490//6629
f 1536//6630 1523//6631 1501//6632
f 1541//6633 1513//6634 1518//6635
s 105
f 1032//3856 1038//3870 1033//3853
f 1038//3870 1040//3872 1033//3853
s off
f 1542//6636 1517//6637 1527//6638
s 105
f 1039//3871 1043//3879 1040//3872
f 1043//3879 1045//3881 1040//3872
s off
f 1536//6639 1373//6640 1141//6641
s 105
f 1054//3907 1059//3921 1055//3885
f 1059//3921 1061//3923 1055//3885
s off
f 1523//6642 1536//6643 1510//6644
s 105
f 1072//3951 1056//3908 1073//3952
f 1056//3908 1047//3883 1073//3952
f 1060//3922 1063//3930 1061//3923
f 1063//3930 1065//3932 1061//3923
s off
f 1538//6645 1537//6646 1543//6647
f 1519//6648 1538//6649 1543//6650
f 1520//6651 1527//6652 1517//6653
s 105
f 1091//4023 1071//3950 1092//4024
f 1071//3950 1073//3952 1092//4024
f 1093//4028 1100//4059 1094//4009
f 1100//4059 1102//4061 1094//4009
f 1101//4060 1111//4094 1102//4061
f 1111//4094 1113//4096 1102//4061
s off
f 1522//6654 1544//6655 1534//6656
f 1537//6657 1516//6658 1545//6659
f 1536//6660 1540//6661 1532//6662
s 105
f 1134//4189 1142//4218 1135//4173
f 1142//4218 1144//4220 1135//4173
s off
f 1517//6663 1542//6664 1546//6665
f 1534//6666 1545//6667 1516//6668
s 105
f 1139//4211 1140//4146 1167//4312
f 1167//4312 1140//4146 1168//4313
s off
f 1547//6669 1518//6670 1531//6671
s 105
f 1149//4247 1155//4272 1150//4234
f 1155//4272 1157//4274 1150//4234
f 1163//4301 1173//4335 1164//4285
f 1173//4335 1175//4337 1164//4285
f 1174//4336 1181//4371 1175//4337
f 1181//4371 1183//4373 1175//4337
f 1166//4311 1168//4313 1194//4408
f 1194//4408 1168//4313 1195//4409
s off
f 1527//6672 1548//6673 1542//6674
s 105
f 1203//4450 1214//4503 1204//4417
f 1214//4503 1216//4505 1204//4417
s off
f 1545//6675 1549//6676 1537//6677
f 1550//6678 1141//6679 1513//6680
s 105
f 1215//4504 1228//4566 1216//4505
f 1228//4566 1230//4568 1216//4505
s off
f 1522//6681 1517//6682 1551//6683
s 105
f 1239//4605 1225//4550 1240//4606
f 1225//4550 1222//4534 1240//4606
f 1265//4697 1258//4678 1266//4696
f 1258//4678 1256//4668 1266//4696
s off
f 1541//6684 1518//6685 1547//6686
f 1546//6687 1542//6688 1548//6689
f 1527//6690 1525//6691 1539//6692
f 1528//6693 1552//6694 1531//6695
f 1545//6696 1534//6697 1544//6698
f 1553//6699 1554//6700 1540//6701
f 1543//6702 1555//6703 1519//6704
f 1550//6705 1513//6706 1541//6707
f 1537//6708 1549//6709 1556//6710
f 1141//6711 1550//6712 1536//6713
f 1557//6714 1521//6715 1519//6716
f 1533//6717 1540//6718 1558//6719
f 1526//6720 1533//6721 1559//6722
f 1560//6723 1539//6724 1535//6725
f 1540//6726 1536//6727 1553//6728
f 1537//6729 1556//6730 1543//6731
f 1551//6732 1544//6733 1522//6734
f 1540//6735 1554//6736 1558//6737
f 1521//6738 1557//6739 1528//6740
f 1548//6741 1527//6742 1561//6743
f 1539//6744 1561//6745 1527//6746
f 1535//6747 1526//6748 1562//6749
f 1546//6750 1551//6751 1517//6752
f 1546//6753 1548//6754 1563//6755
f 1519//6756 1555//6757 1557//6758
f 1553//6759 1536//6760 1550//6761
f 1561//6762 1563//6763 1548//6764
f 1564//6765 1547//6766 1531//6767
f 1559//6768 1533//6769 1558//6770
f 1565//6771 1545//6772 1551//6773
f 1557//6774 1552//6775 1528//6776
f 1561//6777 1539//6778 1560//6779
f 1545//6780 1565//6781 1566//6782
f 1550//6783 1567//6784 1553//6785
f 1554//6786 1553//6787 1568//6788
f 1549//6789 1545//6790 1569//6791
f 1544//6792 1551//6793 1545//6794
f 1555//6795 1543//6796 1556//6797
f 1552//6798 1570//6799 1531//6800
f 1541//6801 1547//6802 1564//6803
f 1562//6804 1560//6805 1535//6806
f 1551//6807 1571//6808 1565//6809
f 1568//6810 1558//6811 1554//6812
f 1564//6813 1531//6814 1570//6815
f 1559//6816 1562//6817 1526//6818
f 1566//6819 1565//6820 1571//6821
f 1568//6822 1553//6823 1567//6824
f 1569//6825 1556//6826 1549//6827
f 1572//6828 1550//6829 1541//6830
f 1573//6831 1561//6832 1562//6833
f 1574//6834 1546//6835 1563//6836
f 1560//6837 1562//6838 1561//6839
f 1572//6840 1567//6841 1550//6842
f 1566//6843 1569//6844 1545//6845
f 1575//6846 1541//6847 1564//6848
f 1561//6849 1573//6850 1576//6851
f 1556//6852 1569//6853 1555//6854
f 1577//6855 1559//6856 1558//6857
f 1562//6858 1578//6859 1573//6860
f 1551//6861 1546//6862 1574//6863
f 1563//6864 1561//6865 1579//6866
f 1557//6867 1580//6868 1552//6869
f 1580//6870 1557//6871 1555//6872
f 1572//6873 1541//6874 1575//6875
f 1567//6876 1572//6877 1568//6878
f 1576//6879 1573//6880 1578//6881
f 1562//6882 1559//6883 1577//6884
f 1570//6885 1552//6886 1580//6887
f 1571//6888 1581//6889 1566//6890
f 1555//6891 1569//6892 1580//6893
f 1551//6894 1582//6895 1583//6896
f 1558//6897 1568//6898 1584//6899
f 1582//6900 1551//6901 1579//6902
f 1579//6903 1574//6904 1563//6905
f 1584//6906 1577//6907 1558//6908
f 1571//6909 1551//6910 1585//6911
f 1576//6912 1579//6913 1561//6914
f 1569//6915 1566//6916 1581//6917
f 1578//6918 1562//6919 1584//6920
f 1569//6921 1586//6922 1587//6923
f 1574//6924 1579//6925 1551//6926
f 1588//6927 1564//6928 1570//6929
f 1577//6930 1584//6931 1562//6932
f 1584//6933 1568//6934 1572//6935
f 1579//6936 1589//6937 1582//6938
f 1584//6939 1590//6940 1578//6941
f 1575//6942 1564//6943 1588//6944
f 1576//6945 1578//6946 1591//6947
f 1578//6948 1590//6949 1591//6950
f 1585//6951 1581//6952 1571//6953
f 1586//6954 1569//6955 1585//6956
f 1592//6957 1587//6958 1586//6959
f 1582//6960 1589//6961 1593//6962
f 1583//6963 1585//6964 1551//6965
f 1593//6966 1583//6967 1582//6968
f 1587//6969 1594//6970 1569//6971
f 1595//6972 1572//6973 1575//6974
f 1586//6975 1596//6976 1592//6977
f 1581//6978 1585//6979 1569//6980
f 1597//6981 1580//6982 1569//6983
f 1580//6984 1598//6985 1570//6986
f 1585//6987 1596//6988 1586//6989
f 1572//6990 1595//6991 1584//6992
f 1579//6993 1576//6994 1599//6995
f 1599//6996 1576//6997 1591//6998
f 1594//6999 1587//7000 1592//7001
f 1569//7002 1594//7003 1597//7004
f 1590//7005 1584//7006 1600//7007
f 1600//7008 1591//7009 1590//7010
f 1585//7011 1583//7012 1593//7013
f 1579//7014 1601//7015 1602//7016
f 1603//7017 1595//7018 1575//7019
f 1603//7020 1575//7021 1588//7022
f 1600//7023 1584//7024 1595//7025
f 1589//7026 1579//7027 1604//7028
f 1601//7029 1579//7030 1605//7031
f 1585//7032 1606//7033 1607//7034
f 1608//7035 1592//7036 1596//7037
f 1609//7038 1588//7039 1570//7040
f 1592//7041 1608//7042 1594//7043
f 1596//7044 1585//7045 1608//7046
f 1599//7047 1605//7048 1579//7049
f 1602//7050 1601//7051 1610//7052
f 1605//7053 1599//7054 1591//7055
f 1604//7056 1593//7057 1589//7058
f 1570//7059 1598//7060 1609//7061
f 1580//7062 1597//7063 1611//7064
f 1606//7065 1612//7066 1607//7067
f 1605//7068 1610//7069 1601//7070
f 1611//7071 1598//7072 1580//7073
f 1607//7074 1608//7075 1585//7076
f 1591//7077 1600//7078 1605//7079
f 1606//7080 1585//7081 1604//7082
f 1611//7083 1597//7084 1594//7085
f 1602//7086 1604//7087 1579//7088
f 1595//7089 1603//7090 1600//7091
f 1610//7092 1613//7093 1614//7094
f 1593//7095 1604//7096 1585//7097
f 1608//7098 1607//7099 1615//7100
f 1602//7101 1610//7102 1614//7103
f 1604//7104 1612//7105 1606//7106
f 1616//7107 1615//7108 1607//7109
f 1594//7110 1608//7111 1611//7112
f 1612//7113 1616//7114 1607//7115
f 1617//7116 1602//7117 1614//7118
f 1618//7119 1613//7120 1610//7121
f 1605//7122 1600//7123 1603//7124
f 1610//7125 1605//7126 1618//7127
f 1604//7128 1602//7129 1617//7130
f 1619//7131 1603//7132 1588//7133
f 1612//7134 1620//7135 1616//7136
f 1615//7137 1621//7138 1608//7139
f 1622//7140 1614//7141 1613//7142
f 1621//7143 1615//7144 1616//7145
f 1623//7146 1617//7147 1614//7148
f 1613//7149 1618//7150 1622//7151
f 1619//7152 1588//7153 1609//7154
f 1623//7155 1620//7156 1612//7157
f 1603//7158 1619//7159 1605//7160
f 1612//7161 1604//7162 1623//7163
f 1617//7164 1623//7165 1604//7166
f 1624//7167 1616//7168 1620//7169
f 1598//7170 1611//7171 1609//7172
f 1618//7173 1605//7174 1619//7175
f 1625//7176 1611//7177 1608//7178
f 1614//7179 1622//7180 1623//7181
f 1616//7182 1624//7183 1621//7184
f 1608//7185 1621//7186 1625//7187
f 1620//7188 1623//7189 1624//7190
f 1619//7191 1626//7192 1618//7193
f 1622//7194 1618//7195 1626//7196
f 1611//7197 1627//7198 1609//7199
f 1621//7200 1624//7201 1627//7202
f 1628//7203 1619//7204 1609//7205
f 1628//7206 1626//7207 1619//7208
f 1611//7209 1625//7210 1627//7211
f 1623//7212 1622//7213 1628//7214
f 1627//7215 1625//7216 1621//7217
f 1624//7218 1623//7219 1629//7220
f 1626//7221 1628//7222 1622//7223
f 1628//7224 1629//7225 1623//7226
f 1629//7227 1627//7228 1624//7229
f 1629//7230 1628//7231 1609//7232
f 1627//7233 1629//7234 1609//7235
s 146
f 147//7236 186//7237 1512//7238
f 1512//7238 186//7237 824//7239
f 824//7239 186//7237 825//7240
f 825//7240 186//7237 836//7241
f 836//7241 186//7237 842//7242
f 842//7242 186//7237 854//7243
f 854//7243 186//7237 866//7244
f 866//7244 186//7237 867//7245
f 1050//7246 1529//7247 186//7237
f 1529//7247 987//7248 186//7237
f 987//7248 984//7249 186//7237
f 984//7249 979//7250 186//7237
f 979//7250 975//7251 186//7237
f 975//7251 974//7252 186//7237
f 974//7252 966//7253 186//7237
f 966//7253 965//7254 186//7237
f 965//7254 950//7255 186//7237
f 950//7255 942//7256 186//7237
f 942//7256 937//7257 186//7237
f 867//7245 186//7237 869//7258
f 869//7258 186//7237 879//7259
f 937//7257 928//7260 186//7237
f 928//7260 923//7261 186//7237
f 879//7259 186//7237 884//7262
f 884//7262 186//7237 892//7263
f 923//7261 913//7264 186//7237
f 892//7263 186//7237 899//7265
f 913//7264 908//7266 186//7237
f 908//7266 899//7265 186//7237
s 148
f 137//7267 142//7268 311//7269
f 311//7269 142//7268 312//7270
f 312//7270 142//7268 317//7271
f 317//7271 142//7268 318//7272
f 318//7272 142//7268 323//7273
f 323//7273 142//7268 324//7274
f 324//7274 142//7268 329//7275
f 329//7275 142//7268 330//7276
f 330//7276 142//7268 332//7277
f 332//7277 142//7268 333//7278
f 333//7278 142//7268 338//7279
f 338//7279 142//7268 339//7280
f 339//7280 142//7268 341//7281
f 341//7281 142//7268 342//7282
f 342//7282 142//7268 344//7283
f 344//7283 142//7268 345//7284
f 345//7284 142//7268 350//7285
f 350//7285 142//7268 351//7286
f 351//7286 142//7268 354//7287
f 354//7287 142//7268 355//7288
f 355//7288 142//7268 357//7289
f 357//7289 142//7268 358//7290
f 358//7290 142//7268 360//7291
f 360//7291 142//7268 361//7292
f 361//7292 142//7268 366//7293
f 366//7293 142//7268 367//7294
f 367//7294 142//7268 372//7295
f 372//7295 142//7268 373//7296
f 373//7296 142//7268 378//7297
f 378//7297 142//7268 379//7298
f 379//7298 142//7268 385//7299
f 385//7299 142//7268 386//7300
f 386//7300 142//7268 390//7301
f 390//7301 142//7268 391//7302
f 391//7302 142//7268 399//7303
f 399//7303 142//7268 400//7304
f 400//7304 142//7268 409//7305
f 409//7305 142//7268 410//7306
f 410//7306 142//7268 423//7307
f 423//7307 142//7268 424//7308
f 424//7308 142//7268 432//7309
f 432//7309 142//7268 433//7310
f 555//7311 554//7312 142//7268
f 433//7310 142//7268 445//7313
f 445//7313 142//7268 446//7314
f 446//7314 142//7268 453//7315
f 453//7315 142//7268 454//7316
f 554//7312 578//7317 142//7268
f 454//7316 142//7268 466//7318
f 466//7318 142//7268 467//7319
f 467//7319 142//7268 475//7320
f 475//7320 142//7268 476//7321
f 476//7321 142//7268 487//7322
f 487//7322 142//7268 488//7323
f 488//7323 142//7268 495//7324
f 495//7324 142//7268 496//7325
f 496//7325 142//7268 507//7326
f 507//7326 142//7268 508//7327
f 508//7327 142//7268 517//7328
f 517//7328 142//7268 518//7329
f 578//7317 577//7330 142//7268
f 518//7329 142//7268 525//7331
f 525//7331 142//7268 526//7332
f 577//7330 594//7333 142//7268
f 526//7332 142//7268 537//7334
f 537//7334 142//7268 538//7335
f 538//7335 142//7268 545//7336
f 545//7336 142//7268 546//7337
f 546//7337 142//7268 557//7338
f 557//7338 142//7268 558//7339
f 558//7339 142//7268 565//7340
f 565//7340 142//7268 566//7341
f 594//7333 593//7342 142//7268
f 566//7341 142//7268 573//7343
f 573//7343 142//7268 574//7344
f 574//7344 142//7268 581//7345
f 581//7345 142//7268 582//7346
f 593//7342 598//7347 142//7268
f 582//7346 142//7268 589//7348
f 589//7348 142//7268 590//7349
f 590//7349 142//7268 597//7350
f 142//7268 598//7347 597//7350
f 311//7269 303//7351 137//7267
f 303//7351 302//7352 137//7267
f 302//7352 294//7353 137//7267
f 294//7353 293//7354 137//7267
f 293//7354 282//7355 137//7267
f 282//7355 281//7356 137//7267
f 281//7356 270//7357 137//7267
f 270//7357 269//7358 137//7267
f 269//7358 258//7359 137//7267
f 258//7359 257//7360 137//7267
f 142//7268 18//7361 555//7311
f 555//7311 18//7361 528//7362
f 528//7362 18//7361 529//7363
f 529//7363 18//7361 498//7364
f 498//7364 18//7361 499//7365
f 499//7365 18//7361 460//7366
f 460//7366 18//7361 461//7367
f 257//7360 249//7368 137//7267
f 249//7368 248//7369 137//7267
f 248//7369 240//7370 137//7267
f 240//7370 239//7371 137//7267
f 461//7367 18//7361 419//7372
f 419//7372 18//7361 420//7373
f 420//7373 18//7361 382//7374
f 382//7374 18//7361 383//7375
f 239//7371 228//7376 137//7267
f 228//7376 227//7377 137//7267
f 383//7375 18//7361 363//7378
f 363//7378 18//7361 364//7379
f 227//7377 215//7380 137//7267
f 364//7379 18//7361 347//7381
f 347//7381 18//7361 348//7382
f 215//7380 214//7383 137//7267
f 348//7382 18//7361 335//7384
f 335//7384 18//7361 336//7385
f 214//7383 200//7386 137//7267
f 336//7385 18//7361 326//7387
f 326//7387 18//7361 327//7388
f 327//7388 18//7361 320//7389
f 320//7389 18//7361 321//7390
f 321//7390 18//7361 314//7391
f 314//7391 18//7361 315//7392
f 200//7386 199//7393 137//7267
f 315//7392 18//7361 308//7394
f 308//7394 18//7361 309//7395
f 309//7395 18//7361 305//7396
f 305//7396 18//7361 306//7397
f 306//7397 18//7361 299//7398
f 299//7398 18//7361 300//7399
f 300//7399 18//7361 296//7400
f 296//7400 18//7361 297//7401
f 297//7401 18//7361 290//7402
f 290//7402 18//7361 291//7403
f 291//7403 18//7361 287//7404
f 287//7404 18//7361 288//7405
f 288//7405 18//7361 284//7406
f 284//7406 18//7361 285//7407
f 285//7407 18//7361 278//7408
f 278//7408 18//7361 279//7409
f 279//7409 18//7361 275//7410
f 275//7410 18//7361 276//7411
f 276//7411 18//7361 272//7412
f 272//7412 18//7361 273//7413
f 273//7413 18//7361 266//7414
f 266//7414 18//7361 267//7415
f 267//7415 18//7361 263//7416
f 263//7416 18//7361 264//7417
f 264//7417 18//7361 260//7418
f 260//7418 18//7361 261//7419
f 261//7419 18//7361 254//7420
f 254//7420 18//7361 255//7421
f 255//7421 18//7361 251//7422
f 251//7422 18//7361 252//7423
f 252//7423 18//7361 245//7424
f 245//7424 18//7361 246//7425
f 246//7425 18//7361 242//7426
f 242//7426 18//7361 243//7427
f 243//7427 18//7361 236//7428
f 236//7428 18//7361 237//7429
f 237//7429 18//7361 233//7430
f 233//7430 18//7361 234//7431
f 234//7431 18//7361 230//7432
f 230//7432 18//7361 231//7433
f 231//7433 18//7361 224//7434
f 224//7434 18//7361 225//7435
f 225//7435 18//7361 221//7436
f 221//7436 18//7361 222//7437
f 222//7437 18//7361 218//7438
f 218//7438 18//7361 219//7439
f 219//7439 18//7361 211//7440
f 211//7440 18//7361 212//7441
f 212//7441 18//7361 208//7442
f 208//7442 18//7361 209//7443
f 209//7443 18//7361 205//7444
f 205//7444 18//7361 206//7445
f 206//7445 18//7361 202//7446
f 202//7446 18//7361 203//7447
f 203//7447 18//7361 196//7448
f 196//7448 18//7361 197//7449
f 199//7393 188//7450 137//7267
f 197//7449 18//7361 193//7451
f 193//7451 18//7361 194//7452
f 194//7452 18//7361 190//7453
f 190//7453 18//7361 191//7454
f 191//7454 18//7361 183//7455
f 183//7455 18//7361 184//7456
f 184//7456 18//7361 177//7457
f 177//7457 18//7361 178//7458
f 188//7450 187//7459 137//7267
f 178//7458 18//7361 171//7460
f 171//7460 18//7361 172//7461
f 172//7461 18//7361 165//7462
f 165//7462 18//7361 166//7463
f 187//7459 181//7464 137//7267
f 166//7463 18//7361 156//7465
f 156//7465 18//7361 157//7466
f 181//7464 180//7467 137//7267
f 180//7467 175//7468 137//7267
f 137//7267 175//7468 18//7361
f 175//7468 174//7469 18//7361
f 174//7469 169//7470 18//7361
f 169//7470 168//7471 18//7361
f 168//7471 163//7472 18//7361
f 163//7472 162//7473 18//7361
f 162//7473 160//7474 18//7361
f 160//7474 159//7475 18//7361
f 159//7475 154//7476 18//7361
f 157//7466 18//7361 153//7477
f 18//7361 154//7476 153//7477
s 146
f 1529//7247 1050//7246 1530//7478
f 1530//7478 1050//7246 991//7479
f 991//7479 1050//7246 992//7480
f 992//7480 1050//7246 996//7481
f 996//7481 1050//7246 998//7482
f 998//7482 1050//7246 1000//7483
f 1000//7483 1050//7246 1001//7484
f 1001//7484 1050//7246 1003//7485
f 1003//7485 1050//7246 1004//7486
f 1004//7486 1050//7246 1009//7487
f 1009//7487 1050//7246 1010//7488
f 1010//7488 1050//7246 1013//7489
f 1013//7489 1050//7246 1014//7490
f 1014//7490 1050//7246 1016//7491
f 1016//7491 1050//7246 1019//7492
f 1019//7492 1050//7246 1021//7493
f 1021//7493 1050//7246 1024//7494
f 1024//7494 1050//7246 1026//7495
f 1026//7495 1050//7246 1027//7496
f 1027//7496 1050//7246 1029//7497
f 1029//7497 1050//7246 1032//7498
f 1032//7498 1050//7246 1038//7499
f 1038//7499 1050//7246 1039//7500
f 1039//7500 1050//7246 1043//7501
f 1043//7501 1050//7246 1044//7502
f 1044//7502 1050//7246 1048//7503
f 1048//7503 1050//7246 1054//7504
f 1054//7504 1050//7246 1059//7505
f 1059//7505 1050//7246 1060//7506
f 1060//7506 1050//7246 1063//7507
f 1063//7507 1050//7246 1064//7508
f 1064//7508 1050//7246 1068//7509
f 1068//7509 1050//7246 1076//7510
f 1076//7510 1050//7246 1080//7511
f 1080//7511 1050//7246 1084//7512
f 1084//7512 1050//7246 1087//7513
f 1087//7513 1050//7246 1093//7514
f 1093//7514 1050//7246 1100//7515
f 1100//7515 1050//7246 1101//7516
f 1101//7516 1050//7246 1111//7517
f 1111//7517 1050//7246 1112//7518
f 1512//7238 818//7519 147//7236
f 1112//7518 1050//7246 1115//7520
f 1115//7520 1050//7246 1118//7521
f 1118//7521 1050//7246 1122//7522
f 1122//7522 1050//7246 1127//7523
f 1127//7523 1050//7246 1130//7524
f 1130//7524 1050//7246 1134//7525
f 1134//7525 1050//7246 1142//7526
f 1142//7526 1050//7246 1143//7527
f 818//7519 817//7528 147//7236
f 1143//7527 1050//7246 1147//7529
f 1147//7529 1050//7246 1149//7530
f 1149//7530 1050//7246 1155//7531
f 1155//7531 1050//7246 1156//7532
f 1156//7532 1050//7246 1159//7533
f 1159//7533 1050//7246 1163//7534
f 1163//7534 1050//7246 1173//7535
f 1173//7535 1050//7246 1174//7536
f 1174//7536 1050//7246 1181//7537
f 1181//7537 1050//7246 1182//7538
f 817//7528 822//7539 147//7236
f 1182//7538 1050//7246 1185//7540
f 1185//7540 1050//7246 1191//7541
f 822//7539 828//7542 147//7236
f 1191//7541 1050//7246 1196//7543
f 1196//7543 1050//7246 1203//7544
f 1203//7544 1050//7246 1214//7545
f 1214//7545 1050//7246 1215//7546
f 828//7542 827//7547 147//7236
f 827//7547 833//7548 147//7236
f 833//7548 832//7549 147//7236
f 832//7549 839//7550 147//7236
f 839//7550 838//7551 147//7236
f 838//7551 845//7552 147//7236
f 845//7552 847//7553 147//7236
f 1215//7546 1050//7246 1228//7554
f 1228//7554 1050//7246 1229//7555
f 847//7553 852//7556 147//7236
f 852//7556 851//7557 147//7236
f 851//7557 857//7558 147//7236
f 857//7558 859//7559 147//7236
f 859//7559 861//7560 147//7236
f 861//7560 860//7561 147//7236
f 860//7561 864//7562 147//7236
f 1229//7555 1050//7246 1234//7563
f 1234//7563 1050//7246 1245//7564
f 864//7562 863//7565 147//7236
f 863//7565 871//7566 147//7236
f 1245//7564 1050//7246 1253//7567
f 910//7568 912//7569 907//7570
f 940//7571 943//7572 939//7573
f 1072//7574 1071//7575 1056//7576
f 871//7566 870//7577 147//7236
f 870//7577 873//7578 147//7236
f 1253//7567 1050//7246 1260//7579
f 939//7573 943//7572 935//7580
f 1056//7576 1071//7575 1046//7581
f 873//7578 875//7582 147//7236
f 1260//7579 1050//7246 1264//7583
f 1071//7575 1091//7584 1046//7581
f 875//7582 877//7585 147//7236
f 147//7236 877//7585 353//7586
f 877//7585 876//7587 353//7586
f 876//7587 882//7588 353//7586
f 882//7588 881//7589 353//7586
f 881//7589 885//7590 353//7586
f 885//7590 887//7591 353//7586
f 887//7591 888//7592 353//7586
f 888//7592 890//7593 353//7586
f 890//7593 895//7594 353//7586
f 895//7594 894//7595 353//7586
f 894//7595 897//7596 353//7586
f 897//7596 900//7597 353//7586
f 900//7597 902//7598 353//7586
f 902//7598 904//7599 353//7586
f 904//7599 905//7600 353//7586
f 905//7600 907//7570 353//7586
f 907//7570 912//7569 353//7586
f 912//7569 914//7601 353//7586
f 914//7601 916//7602 353//7586
f 916//7602 918//7603 353//7586
f 918//7603 917//7604 353//7586
f 917//7604 920//7605 353//7586
f 920//7605 922//7606 353//7586
f 922//7606 925//7607 353//7586
f 925//7607 927//7608 353//7586
f 927//7608 929//7609 353//7586
f 929//7609 931//7610 353//7586
f 931//7610 932//7611 353//7586
f 932//7611 934//7612 353//7586
f 934//7612 935//7580 353//7586
f 935//7580 943//7572 353//7586
f 943//7572 945//7613 353//7586
f 945//7613 944//7614 353//7586
f 944//7614 948//7615 353//7586
f 948//7615 947//7616 353//7586
f 947//7616 952//7617 353//7586
f 952//7617 954//7618 353//7586
f 954//7618 956//7619 353//7586
f 956//7619 958//7620 353//7586
f 958//7620 959//7621 353//7586
f 959//7621 964//7622 353//7586
f 964//7622 968//7623 353//7586
f 968//7623 970//7624 353//7586
f 970//7624 972//7625 353//7586
f 972//7625 971//7626 353//7586
f 971//7626 977//7627 353//7586
f 977//7627 980//7628 353//7586
f 980//7628 982//7629 353//7586
f 982//7629 986//7630 353//7586
f 986//7630 988//7631 353//7586
f 988//7631 990//7632 353//7586
f 990//7632 994//7633 353//7586
f 994//7633 997//7634 353//7586
f 997//7634 1007//7635 353//7586
f 1007//7635 1006//7636 353//7586
f 1006//7636 1017//7637 353//7586
f 1017//7637 1022//7638 353//7586
f 1022//7638 1030//7639 353//7586
f 1030//7639 1036//7640 353//7586
f 1036//7640 1046//7581 353//7586
f 1046//7581 1091//7584 353//7586
f 1091//7584 1090//7641 353//7586
f 1090//7641 1106//7642 353//7586
f 1106//7642 1116//7643 353//7586
f 1116//7643 1123//7644 353//7586
f 1123//7644 1139//7645 353//7586
f 1139//7645 1167//7646 353//7586
f 1264//7583 1050//7246 1265//7647
f 1167//7646 1166//7648 353//7586
f 1265//7647 1050//7246 1258//7649
f 1166//7648 1194//7650 353//7586
f 1258//7649 1050//7246 1255//7651
f 1194//7650 1193//7652 353//7586
f 1255//7651 1050//7246 1251//7653
f 1193//7652 1200//7654 353//7586
f 1251//7653 1050//7246 1243//7655
f 1200//7654 1210//7656 353//7586
f 1210//7656 1221//7657 353//7586
f 1221//7657 1225//7658 353//7586
f 1225//7658 1239//7659 353//7586
f 1243//7655 1050//7246 1238//7660
f 1238//7660 1050//7246 1239//7659
f 1050//7246 353//7586 1239//7659
