solid ascii
  facet normal 6.072967e-016 3.452177e-016 1.000000e+000
    outer loop
      vertex   -8.915467e+001 6.302378e+001 4.500001e+000
      vertex   -9.166600e+001 6.486885e+001 4.500001e+000
      vertex   -8.915467e+001 6.045098e+001 4.500001e+000
    endloop
  endfacet
  facet normal 0.000000e+000 0.000000e+000 1.000000e+000
    outer loop
      vertex   -8.915467e+001 6.045098e+001 4.500001e+000
      vertex   -9.166600e+001 6.486885e+001 4.500001e+000
      vertex   -9.166600e+001 5.854667e+001 4.500001e+000
    endloop
  endfacet
  facet normal 0.000000e+000 0.000000e+000 1.000000e+000
    outer loop
      vertex   -8.827944e+001 5.587309e+001 4.500001e+000
      vertex   -8.915467e+001 6.045098e+001 4.500001e+000
      vertex   -9.166600e+001 5.854667e+001 4.500001e+000
    endloop
  endfacet
  facet normal 0.000000e+000 -0.000000e+000 1.000000e+000
    outer loop
      vertex   -8.827944e+001 5.587309e+001 4.500001e+000
      vertex   -8.746798e+001 5.910789e+001 4.500001e+000
      vertex   -8.915467e+001 6.045098e+001 4.500001e+000
    endloop
  endfacet
  facet normal 0.000000e+000 -0.000000e+000 1.000000e+000
    outer loop
      vertex   -8.827944e+001 5.587309e+001 4.500001e+000
      vertex   -8.500332e+001 5.854355e+001 4.500001e+000
      vertex   -8.746798e+001 5.910789e+001 4.500001e+000
    endloop
  endfacet
  facet normal 1.421891e-016 6.209901e-016 1.000000e+000
    outer loop
      vertex   -8.746798e+001 5.910789e+001 4.500001e+000
      vertex   -8.500332e+001 5.854355e+001 4.500001e+000
      vertex   -8.500332e+001 5.997381e+001 4.500001e+000
    endloop
  endfacet
  facet normal 3.603646e-016 0.000000e+000 1.000000e+000
    outer loop
      vertex   -8.746798e+001 6.178459e+001 4.500001e+000
      vertex   -8.746798e+001 5.910789e+001 4.500001e+000
      vertex   -8.500332e+001 5.997381e+001 4.500001e+000
    endloop
  endfacet
  facet normal -1.702377e-016 7.188614e-016 1.000000e+000
    outer loop
      vertex   -8.196329e+001 6.162859e+001 4.500001e+000
      vertex   -8.444489e+001 5.980537e+001 4.500001e+000
      vertex   -8.196329e+001 5.915752e+001 4.500001e+000
    endloop
  endfacet
  facet normal -3.576904e-016 8.234702e-019 1.000000e+000
    outer loop
      vertex   -8.196329e+001 5.915752e+001 4.500001e+000
      vertex   -8.444489e+001 5.980537e+001 4.500001e+000
      vertex   -8.444759e+001 5.863201e+001 4.500001e+000
    endloop
  endfacet
  facet normal -2.841656e-016 -3.467566e-016 1.000000e+000
    outer loop
      vertex   -8.115217e+001 5.593142e+001 4.500001e+000
      vertex   -8.196329e+001 5.915752e+001 4.500001e+000
      vertex   -8.444759e+001 5.863201e+001 4.500001e+000
    endloop
  endfacet
  facet normal 1.809185e-016 -2.298229e-016 1.000000e+000
    outer loop
      vertex   -8.115217e+001 5.593142e+001 4.500001e+000
      vertex   -8.027613e+001 6.048567e+001 4.500001e+000
      vertex   -8.196329e+001 5.915752e+001 4.500001e+000
    endloop
  endfacet
  facet normal 1.837855e-016 -2.303744e-016 1.000000e+000
    outer loop
      vertex   -8.115217e+001 5.593142e+001 4.500001e+000
      vertex   -7.776166e+001 5.863626e+001 4.500001e+000
      vertex   -8.027613e+001 6.048567e+001 4.500001e+000
    endloop
  endfacet
  facet normal 4.606855e-016 1.461002e-016 1.000000e+000
    outer loop
      vertex   -8.027613e+001 6.048567e+001 4.500001e+000
      vertex   -7.776166e+001 5.863626e+001 4.500001e+000
      vertex   -7.776166e+001 6.471550e+001 4.500001e+000
    endloop
  endfacet
  facet normal 7.064552e-016 0.000000e+000 1.000000e+000
    outer loop
      vertex   -8.027613e+001 6.286814e+001 4.500001e+000
      vertex   -8.027613e+001 6.048567e+001 4.500001e+000
      vertex   -7.776166e+001 6.471550e+001 4.500001e+000
    endloop
  endfacet
  facet normal -0.000000e+000 0.000000e+000 1.000000e+000
    outer loop
      vertex   -7.203515e+001 6.124618e+001 4.500001e+000
      vertex   -7.203515e+001 5.440234e+001 4.500001e+000
      vertex   -6.963378e+001 5.948191e+001 4.500001e+000
    endloop
  endfacet
  facet normal 0.000000e+000 0.000000e+000 1.000000e+000
    outer loop
      vertex   -6.963378e+001 5.948191e+001 4.500001e+000
      vertex   -7.203515e+001 5.440234e+001 4.500001e+000
      vertex   -6.963378e+001 5.287792e+001 4.500001e+000
    endloop
  endfacet
  facet normal 0.000000e+000 0.000000e+000 1.000000e+000
    outer loop
      vertex   -6.963378e+001 5.287792e+001 4.500001e+000
      vertex   -7.203515e+001 5.440234e+001 4.500001e+000
      vertex   -6.918874e+001 5.157773e+001 4.500001e+000
    endloop
  endfacet
  facet normal 0.000000e+000 0.000000e+000 1.000000e+000
    outer loop
      vertex   -6.918874e+001 5.157773e+001 4.500001e+000
      vertex   -7.203515e+001 5.440234e+001 4.500001e+000
      vertex   -7.237720e+001 5.408946e+001 4.500001e+000
    endloop
  endfacet
  facet normal 0.000000e+000 -0.000000e+000 1.000000e+000
    outer loop
      vertex   -7.352376e+001 5.579744e+001 4.500001e+000
      vertex   -7.218305e+001 6.135484e+001 4.500001e+000
      vertex   -7.510905e+001 6.288160e+001 4.500001e+000
    endloop
  endfacet
  facet normal -0.000000e+000 -0.000000e+000 1.000000e+000
    outer loop
      vertex   -7.510905e+001 6.288160e+001 4.500001e+000
      vertex   -7.218305e+001 6.135484e+001 4.500001e+000
      vertex   -7.719569e+001 6.503760e+001 4.500001e+000
    endloop
  endfacet
  facet normal 0.000000e+000 -0.000000e+000 1.000000e+000
    outer loop
      vertex   -7.719569e+001 5.862762e+001 4.500001e+000
      vertex   -7.510905e+001 6.288160e+001 4.500001e+000
      vertex   -7.719569e+001 6.503760e+001 4.500001e+000
    endloop
  endfacet
  facet normal -0.000000e+000 0.000000e+000 1.000000e+000
    outer loop
      vertex   -7.719569e+001 5.862762e+001 4.500001e+000
      vertex   -7.510905e+001 5.616534e+001 4.500001e+000
      vertex   -7.510905e+001 6.288160e+001 4.500001e+000
    endloop
  endfacet
  facet normal 0.000000e+000 0.000000e+000 1.000000e+000
    outer loop
      vertex   -7.719569e+001 5.862762e+001 4.500001e+000
      vertex   -7.759823e+001 5.825956e+001 4.500001e+000
      vertex   -7.510905e+001 5.616534e+001 4.500001e+000
    endloop
  endfacet
  facet normal 1.336784e-016 3.155507e-016 1.000000e+000
    outer loop
      vertex   -9.620062e+001 6.196851e+001 4.500001e+000
      vertex   -9.863058e+001 6.018324e+001 4.500001e+000
      vertex   -9.620062e+001 5.915382e+001 4.500001e+000
    endloop
  endfacet
  facet normal 0.000000e+000 0.000000e+000 1.000000e+000
    outer loop
      vertex   -9.620062e+001 5.915382e+001 4.500001e+000
      vertex   -9.863058e+001 6.018324e+001 4.500001e+000
      vertex   -9.863058e+001 5.291237e+001 4.500001e+000
    endloop
  endfacet
  facet normal -0.000000e+000 0.000000e+000 1.000000e+000
    outer loop
      vertex   -9.220083e+001 5.828064e+001 4.500001e+000
      vertex   -9.863058e+001 5.291237e+001 4.500001e+000
      vertex   -9.176971e+001 5.792691e+001 4.500001e+000
    endloop
  endfacet
  facet normal 0.000000e+000 0.000000e+000 1.000000e+000
    outer loop
      vertex   -9.220083e+001 5.828064e+001 4.500001e+000
      vertex   -9.620062e+001 5.915382e+001 4.500001e+000
      vertex   -9.863058e+001 5.291237e+001 4.500001e+000
    endloop
  endfacet
  facet normal 0.000000e+000 0.000000e+000 1.000000e+000
    outer loop
      vertex   -9.220083e+001 5.828064e+001 4.500001e+000
      vertex   -9.460096e+001 6.051046e+001 4.500001e+000
      vertex   -9.620062e+001 5.915382e+001 4.500001e+000
    endloop
  endfacet
  facet normal 1.245234e-016 1.340345e-016 1.000000e+000
    outer loop
      vertex   -9.220083e+001 5.828064e+001 4.500001e+000
      vertex   -9.220083e+001 6.490714e+001 4.500001e+000
      vertex   -9.460096e+001 6.051046e+001 4.500001e+000
    endloop
  endfacet
  facet normal 3.700545e-016 0.000000e+000 1.000000e+000
    outer loop
      vertex   -9.460096e+001 6.051046e+001 4.500001e+000
      vertex   -9.220083e+001 6.490714e+001 4.500001e+000
      vertex   -9.460096e+001 6.314378e+001 4.500001e+000
    endloop
  endfacet
  facet normal -0.000000e+000 0.000000e+000 1.000000e+000
    outer loop
      vertex   -9.863058e+001 5.291237e+001 4.500001e+000
      vertex   -9.891538e+001 5.231143e+001 4.500001e+000
      vertex   -9.176971e+001 5.792691e+001 4.500001e+000
    endloop
  endfacet
  facet normal 2.982481e-001 -9.544884e-001 2.377021e-008
    outer loop
      vertex   -1.041281e+002 6.294909e+001 3.000001e+000
      vertex   -1.041281e+002 6.294909e+001 2.625001e+000
      vertex   -1.039719e+002 6.299787e+001 3.000001e+000
    endloop
  endfacet
  facet normal 3.751592e-001 -9.269604e-001 -2.369386e-008
    outer loop
      vertex   -1.041281e+002 6.294909e+001 3.000001e+000
      vertex   -1.042797e+002 6.288772e+001 3.000001e+000
      vertex   -1.041281e+002 6.294909e+001 2.625001e+000
    endloop
  endfacet
  facet normal 3.845838e-001 -9.230794e-001 4.445635e-003
    outer loop
      vertex   -1.041281e+002 6.294909e+001 2.625001e+000
      vertex   -1.042797e+002 6.288772e+001 3.000001e+000
      vertex   -1.043168e+002 6.287046e+001 2.625001e+000
    endloop
  endfacet
  facet normal 3.845876e-001 -9.230885e-001 0.000000e+000
    outer loop
      vertex   -1.041281e+002 6.294909e+001 2.250001e+000
      vertex   -1.043168e+002 6.287046e+001 2.625001e+000
      vertex   -1.043168e+002 6.287046e+001 2.250001e+000
    endloop
  endfacet
  facet normal 3.845876e-001 -9.230885e-001 1.749050e-014
    outer loop
      vertex   -1.041281e+002 6.294909e+001 1.875001e+000
      vertex   -1.043168e+002 6.287046e+001 2.250001e+000
      vertex   -1.043168e+002 6.287046e+001 1.875001e+000
    endloop
  endfacet
  facet normal 3.845876e-001 -9.230885e-001 0.000000e+000
    outer loop
      vertex   -1.041281e+002 6.294909e+001 1.500001e+000
      vertex   -1.043168e+002 6.287046e+001 1.875001e+000
      vertex   -1.043168e+002 6.287046e+001 1.500001e+000
    endloop
  endfacet
  facet normal 3.845876e-001 -9.230885e-001 0.000000e+000
    outer loop
      vertex   -1.041281e+002 6.294909e+001 1.125001e+000
      vertex   -1.043168e+002 6.287046e+001 1.500001e+000
      vertex   -1.043168e+002 6.287046e+001 1.125001e+000
    endloop
  endfacet
  facet normal 3.845876e-001 -9.230885e-001 1.749050e-014
    outer loop
      vertex   -1.041281e+002 6.294909e+001 7.500010e-001
      vertex   -1.043168e+002 6.287046e+001 1.125001e+000
      vertex   -1.043168e+002 6.287046e+001 7.500010e-001
    endloop
  endfacet
  facet normal 3.845876e-001 -9.230885e-001 0.000000e+000
    outer loop
      vertex   -1.041281e+002 6.294909e+001 3.750010e-001
      vertex   -1.043168e+002 6.287046e+001 7.500010e-001
      vertex   -1.043168e+002 6.287046e+001 3.750010e-001
    endloop
  endfacet
  facet normal 3.902263e-001 -9.207185e-001 -9.336363e-004
    outer loop
      vertex   -1.041588e+002 6.293781e+001 1.000000e-006
      vertex   -1.043168e+002 6.287046e+001 3.750010e-001
      vertex   -1.043094e+002 6.287398e+001 1.000000e-006
    endloop
  endfacet
  facet normal 3.845849e-001 -9.230821e-001 -3.734921e-003
    outer loop
      vertex   -1.041588e+002 6.293781e+001 1.000000e-006
      vertex   -1.041281e+002 6.294909e+001 3.750010e-001
      vertex   -1.043168e+002 6.287046e+001 3.750010e-001
    endloop
  endfacet
  facet normal 3.138390e-001 -9.494719e-001 2.853383e-003
    outer loop
      vertex   -1.041588e+002 6.293781e+001 1.000000e-006
      vertex   -1.040035e+002 6.298914e+001 1.000000e-006
      vertex   -1.041281e+002 6.294909e+001 3.750010e-001
    endloop
  endfacet
  facet normal 2.884313e-001 -9.574789e-001 -6.442444e-003
    outer loop
      vertex   -1.041281e+002 6.294909e+001 3.750010e-001
      vertex   -1.040035e+002 6.298914e+001 1.000000e-006
      vertex   -1.039323e+002 6.300805e+001 3.750010e-001
    endloop
  endfacet
  facet normal 2.884373e-001 -9.574988e-001 -1.093051e-014
    outer loop
      vertex   -1.041281e+002 6.294909e+001 7.500010e-001
      vertex   -1.039323e+002 6.300805e+001 3.750010e-001
      vertex   -1.039323e+002 6.300805e+001 7.500010e-001
    endloop
  endfacet
  facet normal 2.884373e-001 -9.574988e-001 2.907301e-014
    outer loop
      vertex   -1.041281e+002 6.294909e+001 1.125001e+000
      vertex   -1.039323e+002 6.300805e+001 7.500010e-001
      vertex   -1.039323e+002 6.300805e+001 1.125001e+000
    endloop
  endfacet
  facet normal 2.884373e-001 -9.574988e-001 -1.093051e-014
    outer loop
      vertex   -1.041281e+002 6.294909e+001 1.500001e+000
      vertex   -1.039323e+002 6.300805e+001 1.125001e+000
      vertex   -1.039323e+002 6.300805e+001 1.500001e+000
    endloop
  endfacet
  facet normal 2.884373e-001 -9.574988e-001 0.000000e+000
    outer loop
      vertex   -1.041281e+002 6.294909e+001 1.875001e+000
      vertex   -1.039323e+002 6.300805e+001 1.500001e+000
      vertex   -1.039323e+002 6.300805e+001 1.875001e+000
    endloop
  endfacet
  facet normal 2.884373e-001 -9.574988e-001 2.907301e-014
    outer loop
      vertex   -1.041281e+002 6.294909e+001 2.250001e+000
      vertex   -1.039323e+002 6.300805e+001 1.875001e+000
      vertex   -1.039323e+002 6.300805e+001 2.250001e+000
    endloop
  endfacet
  facet normal 2.884373e-001 -9.574988e-001 -1.093051e-014
    outer loop
      vertex   -1.041281e+002 6.294909e+001 2.625001e+000
      vertex   -1.039323e+002 6.300805e+001 2.250001e+000
      vertex   -1.039323e+002 6.300805e+001 2.625001e+000
    endloop
  endfacet
  facet normal 2.209994e-001 -9.752689e-001 -3.130370e-003
    outer loop
      vertex   -1.039719e+002 6.299787e+001 3.000001e+000
      vertex   -1.039323e+002 6.300805e+001 2.625001e+000
      vertex   -1.038204e+002 6.303221e+001 3.000001e+000
    endloop
  endfacet
  facet normal 2.884344e-001 -9.574892e-001 4.475836e-003
    outer loop
      vertex   -1.039719e+002 6.299787e+001 3.000001e+000
      vertex   -1.041281e+002 6.294909e+001 2.625001e+000
      vertex   -1.039323e+002 6.300805e+001 2.625001e+000
    endloop
  endfacet
  facet normal 4.494401e-001 -8.933042e-001 -3.339096e-003
    outer loop
      vertex   -1.042797e+002 6.288772e+001 3.000001e+000
      vertex   -1.044258e+002 6.281419e+001 3.000001e+000
      vertex   -1.043168e+002 6.287046e+001 2.625001e+000
    endloop
  endfacet
  facet normal 4.766136e-001 -8.790874e-001 6.696626e-003
    outer loop
      vertex   -1.043168e+002 6.287046e+001 2.625001e+000
      vertex   -1.044258e+002 6.281419e+001 3.000001e+000
      vertex   -1.044965e+002 6.277300e+001 2.625001e+000
    endloop
  endfacet
  facet normal 4.766242e-001 -8.791071e-001 1.665715e-014
    outer loop
      vertex   -1.043168e+002 6.287046e+001 2.250001e+000
      vertex   -1.044965e+002 6.277300e+001 2.625001e+000
      vertex   -1.044965e+002 6.277300e+001 2.250001e+000
    endloop
  endfacet
  facet normal 4.766242e-001 -8.791071e-001 -3.471912e-014
    outer loop
      vertex   -1.043168e+002 6.287046e+001 1.875001e+000
      vertex   -1.044965e+002 6.277300e+001 2.250001e+000
      vertex   -1.044965e+002 6.277300e+001 1.875001e+000
    endloop
  endfacet
  facet normal 4.766242e-001 -8.791071e-001 3.471912e-014
    outer loop
      vertex   -1.043168e+002 6.287046e+001 1.500001e+000
      vertex   -1.044965e+002 6.277300e+001 1.875001e+000
      vertex   -1.044965e+002 6.277300e+001 1.500001e+000
    endloop
  endfacet
  facet normal 4.766242e-001 -8.791071e-001 0.000000e+000
    outer loop
      vertex   -1.043168e+002 6.287046e+001 1.125001e+000
      vertex   -1.044965e+002 6.277300e+001 1.500001e+000
      vertex   -1.044965e+002 6.277300e+001 1.125001e+000
    endloop
  endfacet
  facet normal 4.766242e-001 -8.791071e-001 -3.471912e-014
    outer loop
      vertex   -1.043168e+002 6.287046e+001 7.500010e-001
      vertex   -1.044965e+002 6.277300e+001 1.125001e+000
      vertex   -1.044965e+002 6.277300e+001 7.500010e-001
    endloop
  endfacet
  facet normal 4.766242e-001 -8.791071e-001 3.471912e-014
    outer loop
      vertex   -1.043168e+002 6.287046e+001 3.750010e-001
      vertex   -1.044965e+002 6.277300e+001 7.500010e-001
      vertex   -1.044965e+002 6.277300e+001 3.750010e-001
    endloop
  endfacet
  facet normal 5.279355e-001 -8.492803e-001 2.679965e-003
    outer loop
      vertex   -1.044543e+002 6.279807e+001 1.000000e-006
      vertex   -1.044965e+002 6.277300e+001 3.750010e-001
      vertex   -1.045655e+002 6.272894e+001 1.000000e-006
    endloop
  endfacet
  facet normal 4.766181e-001 -8.790957e-001 -5.091242e-003
    outer loop
      vertex   -1.044543e+002 6.279807e+001 1.000000e-006
      vertex   -1.043168e+002 6.287046e+001 3.750010e-001
      vertex   -1.044965e+002 6.277300e+001 3.750010e-001
    endloop
  endfacet
  facet normal 4.639816e-001 -8.858444e-001 8.464128e-004
    outer loop
      vertex   -1.044543e+002 6.279807e+001 1.000000e-006
      vertex   -1.043094e+002 6.287398e+001 1.000000e-006
      vertex   -1.043168e+002 6.287046e+001 3.750010e-001
    endloop
  endfacet
  facet normal 5.209569e-001 -8.535713e-001 -4.467617e-003
    outer loop
      vertex   -1.044258e+002 6.281419e+001 3.000001e+000
      vertex   -1.045655e+002 6.272894e+001 3.000001e+000
      vertex   -1.044965e+002 6.277300e+001 2.625001e+000
    endloop
  endfacet
  facet normal 5.638999e-001 -8.258160e-001 6.691409e-003
    outer loop
      vertex   -1.044965e+002 6.277300e+001 2.625001e+000
      vertex   -1.045655e+002 6.272894e+001 3.000001e+000
      vertex   -1.046654e+002 6.265767e+001 2.625001e+000
    endloop
  endfacet
  facet normal 5.639126e-001 -8.258345e-001 0.000000e+000
    outer loop
      vertex   -1.044965e+002 6.277300e+001 2.250001e+000
      vertex   -1.046654e+002 6.265767e+001 2.625001e+000
      vertex   -1.046654e+002 6.265767e+001 2.250001e+000
    endloop
  endfacet
  facet normal 5.639126e-001 -8.258345e-001 3.129550e-014
    outer loop
      vertex   -1.044965e+002 6.277300e+001 1.875001e+000
      vertex   -1.046654e+002 6.265767e+001 2.250001e+000
      vertex   -1.046654e+002 6.265767e+001 1.875001e+000
    endloop
  endfacet
  facet normal 5.639126e-001 -8.258345e-001 0.000000e+000
    outer loop
      vertex   -1.044965e+002 6.277300e+001 1.500001e+000
      vertex   -1.046654e+002 6.265767e+001 1.875001e+000
      vertex   -1.046654e+002 6.265767e+001 1.500001e+000
    endloop
  endfacet
  facet normal 5.639126e-001 -8.258345e-001 0.000000e+000
    outer loop
      vertex   -1.044965e+002 6.277300e+001 1.125001e+000
      vertex   -1.046654e+002 6.265767e+001 1.500001e+000
      vertex   -1.046654e+002 6.265767e+001 1.125001e+000
    endloop
  endfacet
  facet normal 5.639126e-001 -8.258345e-001 0.000000e+000
    outer loop
      vertex   -1.044965e+002 6.277300e+001 7.500010e-001
      vertex   -1.046654e+002 6.265767e+001 1.125001e+000
      vertex   -1.046654e+002 6.265767e+001 7.500010e-001
    endloop
  endfacet
  facet normal 5.639126e-001 -8.258345e-001 1.564775e-014
    outer loop
      vertex   -1.044965e+002 6.277300e+001 3.750010e-001
      vertex   -1.046654e+002 6.265767e+001 7.500010e-001
      vertex   -1.046654e+002 6.265767e+001 3.750010e-001
    endloop
  endfacet
  facet normal 5.823415e-001 -8.129440e-001 6.694433e-004
    outer loop
      vertex   -1.045655e+002 6.272894e+001 1.000000e-006
      vertex   -1.046654e+002 6.265767e+001 3.750010e-001
      vertex   -1.046719e+002 6.265270e+001 1.000000e-006
    endloop
  endfacet
  facet normal 5.638999e-001 -8.258160e-001 -6.691406e-003
    outer loop
      vertex   -1.045655e+002 6.272894e+001 1.000000e-006
      vertex   -1.044965e+002 6.277300e+001 3.750010e-001
      vertex   -1.046654e+002 6.265767e+001 3.750010e-001
    endloop
  endfacet
  facet normal 5.889718e-001 -8.081466e-001 -3.348101e-003
    outer loop
      vertex   -1.045655e+002 6.272894e+001 3.000001e+000
      vertex   -1.046977e+002 6.263257e+001 3.000001e+000
      vertex   -1.046654e+002 6.265767e+001 2.625001e+000
    endloop
  endfacet
  facet normal 6.454188e-001 -7.638157e-001 4.482387e-003
    outer loop
      vertex   -1.046654e+002 6.265767e+001 2.625001e+000
      vertex   -1.046977e+002 6.263257e+001 3.000001e+000
      vertex   -1.048216e+002 6.252574e+001 2.625001e+000
    endloop
  endfacet
  facet normal 6.454253e-001 -7.638234e-001 -1.447278e-014
    outer loop
      vertex   -1.046654e+002 6.265767e+001 2.250001e+000
      vertex   -1.048216e+002 6.252574e+001 2.625001e+000
      vertex   -1.048216e+002 6.252574e+001 2.250001e+000
    endloop
  endfacet
  facet normal 6.454253e-001 -7.638234e-001 1.447278e-014
    outer loop
      vertex   -1.046654e+002 6.265767e+001 1.875001e+000
      vertex   -1.048216e+002 6.252574e+001 2.250001e+000
      vertex   -1.048216e+002 6.252574e+001 1.875001e+000
    endloop
  endfacet
  facet normal 6.454253e-001 -7.638234e-001 0.000000e+000
    outer loop
      vertex   -1.046654e+002 6.265767e+001 1.500001e+000
      vertex   -1.048216e+002 6.252574e+001 1.875001e+000
      vertex   -1.048216e+002 6.252574e+001 1.500001e+000
    endloop
  endfacet
  facet normal 6.454253e-001 -7.638234e-001 0.000000e+000
    outer loop
      vertex   -1.046654e+002 6.265767e+001 1.125001e+000
      vertex   -1.048216e+002 6.252574e+001 1.500001e+000
      vertex   -1.048216e+002 6.252574e+001 1.125001e+000
    endloop
  endfacet
  facet normal 6.454253e-001 -7.638234e-001 0.000000e+000
    outer loop
      vertex   -1.046654e+002 6.265767e+001 7.500010e-001
      vertex   -1.048216e+002 6.252574e+001 1.125001e+000
      vertex   -1.048216e+002 6.252574e+001 7.500010e-001
    endloop
  endfacet
  facet normal 6.454253e-001 -7.638234e-001 -1.447278e-014
    outer loop
      vertex   -1.046654e+002 6.265767e+001 3.750010e-001
      vertex   -1.048216e+002 6.252574e+001 7.500010e-001
      vertex   -1.048216e+002 6.252574e+001 3.750010e-001
    endloop
  endfacet
  facet normal 6.839598e-001 -7.295140e-001 2.893162e-003
    outer loop
      vertex   -1.047731e+002 6.256968e+001 1.000000e-006
      vertex   -1.048216e+002 6.252574e+001 3.750010e-001
      vertex   -1.048685e+002 6.248023e+001 1.000000e-006
    endloop
  endfacet
  facet normal 6.454132e-001 -7.638092e-001 -6.106703e-003
    outer loop
      vertex   -1.047731e+002 6.256968e+001 1.000000e-006
      vertex   -1.046654e+002 6.265767e+001 3.750010e-001
      vertex   -1.048216e+002 6.252574e+001 3.750010e-001
    endloop
  endfacet
  facet normal 6.343455e-001 -7.730493e-001 -7.607900e-004
    outer loop
      vertex   -1.047731e+002 6.256968e+001 1.000000e-006
      vertex   -1.046719e+002 6.265270e+001 1.000000e-006
      vertex   -1.046654e+002 6.265767e+001 3.750010e-001
    endloop
  endfacet
  facet normal 6.532420e-001 -7.571492e-001 1.598212e-008
    outer loop
      vertex   -1.046977e+002 6.263257e+001 3.000001e+000
      vertex   -1.048216e+002 6.252574e+001 3.000001e+000
      vertex   -1.048216e+002 6.252574e+001 2.625001e+000
    endloop
  endfacet
  facet normal 7.136593e-001 -7.004929e-001 -1.608393e-008
    outer loop
      vertex   -1.048216e+002 6.252574e+001 2.625001e+000
      vertex   -1.048216e+002 6.252574e+001 3.000001e+000
      vertex   -1.049360e+002 6.240913e+001 3.000001e+000
    endloop
  endfacet
  facet normal 7.686825e-001 -6.396220e-001 -3.315612e-003
    outer loop
      vertex   -1.049631e+002 6.237854e+001 2.625001e+000
      vertex   -1.049360e+002 6.240913e+001 3.000001e+000
      vertex   -1.050405e+002 6.228352e+001 3.000001e+000
    endloop
  endfacet
  facet normal 8.172992e-001 -5.761975e-001 -4.304477e-003
    outer loop
      vertex   -1.050890e+002 6.221762e+001 2.625001e+000
      vertex   -1.050405e+002 6.228352e+001 3.000001e+000
      vertex   -1.051348e+002 6.214979e+001 3.000001e+000
    endloop
  endfacet
  facet normal 8.597613e-001 -5.106862e-001 -3.183813e-003
    outer loop
      vertex   -1.051986e+002 6.204468e+001 2.625001e+000
      vertex   -1.051348e+002 6.214979e+001 3.000001e+000
      vertex   -1.052186e+002 6.200881e+001 3.000001e+000
    endloop
  endfacet
  facet normal 8.978115e-001 -4.403800e-001 8.203557e-009
    outer loop
      vertex   -1.052908e+002 6.186150e+001 2.625001e+000
      vertex   -1.052186e+002 6.200881e+001 3.000001e+000
      vertex   -1.052908e+002 6.186150e+001 3.000001e+000
    endloop
  endfacet
  facet normal 9.327757e-001 -3.604266e-001 -4.700068e-003
    outer loop
      vertex   -1.053293e+002 6.176668e+001 2.625001e+000
      vertex   -1.052908e+002 6.186150e+001 3.000001e+000
      vertex   -1.053498e+002 6.170889e+001 3.000001e+000
    endloop
  endfacet
  facet normal 9.630946e-001 -2.691323e-001 -4.083560e-003
    outer loop
      vertex   -1.053622e+002 6.167002e+001 2.625001e+000
      vertex   -1.053498e+002 6.170889e+001 3.000001e+000
      vertex   -1.053936e+002 6.155198e+001 3.000001e+000
    endloop
  endfacet
  facet normal 9.791436e-001 -2.031653e-001 1.270786e-003
    outer loop
      vertex   -1.053890e+002 6.157179e+001 2.625001e+000
      vertex   -1.053936e+002 6.155198e+001 3.000001e+000
      vertex   -1.054097e+002 6.147223e+001 2.625001e+000
    endloop
  endfacet
  facet normal 9.791444e-001 -2.031654e-001 0.000000e+000
    outer loop
      vertex   -1.053890e+002 6.157179e+001 2.250001e+000
      vertex   -1.054097e+002 6.147223e+001 2.625001e+000
      vertex   -1.054097e+002 6.147223e+001 2.250001e+000
    endloop
  endfacet
  facet normal 9.791444e-001 -2.031654e-001 0.000000e+000
    outer loop
      vertex   -1.053890e+002 6.157179e+001 1.875001e+000
      vertex   -1.054097e+002 6.147223e+001 2.250001e+000
      vertex   -1.054097e+002 6.147223e+001 1.875001e+000
    endloop
  endfacet
  facet normal 9.791444e-001 -2.031654e-001 0.000000e+000
    outer loop
      vertex   -1.053890e+002 6.157179e+001 1.500001e+000
      vertex   -1.054097e+002 6.147223e+001 1.875001e+000
      vertex   -1.054097e+002 6.147223e+001 1.500001e+000
    endloop
  endfacet
  facet normal 9.791444e-001 -2.031654e-001 0.000000e+000
    outer loop
      vertex   -1.053890e+002 6.157179e+001 1.125001e+000
      vertex   -1.054097e+002 6.147223e+001 1.500001e+000
      vertex   -1.054097e+002 6.147223e+001 1.125001e+000
    endloop
  endfacet
  facet normal 9.791444e-001 -2.031654e-001 0.000000e+000
    outer loop
      vertex   -1.053890e+002 6.157179e+001 7.500010e-001
      vertex   -1.054097e+002 6.147223e+001 1.125001e+000
      vertex   -1.054097e+002 6.147223e+001 7.500010e-001
    endloop
  endfacet
  facet normal 9.791444e-001 -2.031654e-001 0.000000e+000
    outer loop
      vertex   -1.053890e+002 6.157179e+001 3.750010e-001
      vertex   -1.054097e+002 6.147223e+001 7.500010e-001
      vertex   -1.054097e+002 6.147223e+001 3.750010e-001
    endloop
  endfacet
  facet normal 9.793068e-001 -2.023771e-001 1.336641e-003
    outer loop
      vertex   -1.053862e+002 6.158365e+001 1.000000e-006
      vertex   -1.054097e+002 6.147223e+001 3.750010e-001
      vertex   -1.054125e+002 6.145619e+001 1.000000e-006
    endloop
  endfacet
  facet normal 9.791438e-001 -2.031653e-001 1.092222e-003
    outer loop
      vertex   -1.053862e+002 6.158365e+001 1.000000e-006
      vertex   -1.053890e+002 6.157179e+001 3.750010e-001
      vertex   -1.054097e+002 6.147223e+001 3.750010e-001
    endloop
  endfacet
  facet normal 9.647412e-001 -2.631986e-001 -9.175467e-004
    outer loop
      vertex   -1.053862e+002 6.158365e+001 1.000000e-006
      vertex   -1.053622e+002 6.167002e+001 3.750010e-001
      vertex   -1.053890e+002 6.157179e+001 3.750010e-001
    endloop
  endfacet
  facet normal 9.603172e-001 -2.788942e-001 2.979629e-003
    outer loop
      vertex   -1.053862e+002 6.158365e+001 1.000000e-006
      vertex   -1.053498e+002 6.170889e+001 1.000000e-006
      vertex   -1.053622e+002 6.167002e+001 3.750010e-001
    endloop
  endfacet
  facet normal 9.466857e-001 -3.221527e-001 -1.956262e-003
    outer loop
      vertex   -1.053622e+002 6.167002e+001 3.750010e-001
      vertex   -1.053498e+002 6.170889e+001 1.000000e-006
      vertex   -1.053293e+002 6.176668e+001 3.750010e-001
    endloop
  endfacet
  facet normal 9.466875e-001 -3.221533e-001 0.000000e+000
    outer loop
      vertex   -1.053622e+002 6.167002e+001 7.500010e-001
      vertex   -1.053293e+002 6.176668e+001 3.750010e-001
      vertex   -1.053293e+002 6.176668e+001 7.500010e-001
    endloop
  endfacet
  facet normal 9.466875e-001 -3.221533e-001 6.104099e-015
    outer loop
      vertex   -1.053622e+002 6.167002e+001 1.125001e+000
      vertex   -1.053293e+002 6.176668e+001 7.500010e-001
      vertex   -1.053293e+002 6.176668e+001 1.125001e+000
    endloop
  endfacet
  facet normal 9.466875e-001 -3.221533e-001 -6.104099e-015
    outer loop
      vertex   -1.053622e+002 6.167002e+001 1.500001e+000
      vertex   -1.053293e+002 6.176668e+001 1.125001e+000
      vertex   -1.053293e+002 6.176668e+001 1.500001e+000
    endloop
  endfacet
  facet normal 9.466875e-001 -3.221533e-001 0.000000e+000
    outer loop
      vertex   -1.053622e+002 6.167002e+001 1.875001e+000
      vertex   -1.053293e+002 6.176668e+001 1.500001e+000
      vertex   -1.053293e+002 6.176668e+001 1.875001e+000
    endloop
  endfacet
  facet normal 9.466875e-001 -3.221533e-001 6.104099e-015
    outer loop
      vertex   -1.053622e+002 6.167002e+001 2.250001e+000
      vertex   -1.053293e+002 6.176668e+001 1.875001e+000
      vertex   -1.053293e+002 6.176668e+001 2.250001e+000
    endloop
  endfacet
  facet normal 9.466875e-001 -3.221533e-001 -6.104099e-015
    outer loop
      vertex   -1.053622e+002 6.167002e+001 2.625001e+000
      vertex   -1.053293e+002 6.176668e+001 2.250001e+000
      vertex   -1.053293e+002 6.176668e+001 2.625001e+000
    endloop
  endfacet
  facet normal 9.466857e-001 -3.221527e-001 1.956262e-003
    outer loop
      vertex   -1.053498e+002 6.170889e+001 3.000001e+000
      vertex   -1.053622e+002 6.167002e+001 2.625001e+000
      vertex   -1.053293e+002 6.176668e+001 2.625001e+000
    endloop
  endfacet
  facet normal 7.208467e-001 -6.930799e-001 4.498919e-003
    outer loop
      vertex   -1.048216e+002 6.252574e+001 2.625001e+000
      vertex   -1.049360e+002 6.240913e+001 3.000001e+000
      vertex   -1.049631e+002 6.237854e+001 2.625001e+000
    endloop
  endfacet
  facet normal 7.208540e-001 -6.930869e-001 -1.313248e-014
    outer loop
      vertex   -1.048216e+002 6.252574e+001 2.250001e+000
      vertex   -1.049631e+002 6.237854e+001 2.625001e+000
      vertex   -1.049631e+002 6.237854e+001 2.250001e+000
    endloop
  endfacet
  facet normal 7.208540e-001 -6.930869e-001 4.044968e-014
    outer loop
      vertex   -1.048216e+002 6.252574e+001 1.875001e+000
      vertex   -1.049631e+002 6.237854e+001 2.250001e+000
      vertex   -1.049631e+002 6.237854e+001 1.875001e+000
    endloop
  endfacet
  facet normal 7.208540e-001 -6.930869e-001 0.000000e+000
    outer loop
      vertex   -1.048216e+002 6.252574e+001 1.500001e+000
      vertex   -1.049631e+002 6.237854e+001 1.875001e+000
      vertex   -1.049631e+002 6.237854e+001 1.500001e+000
    endloop
  endfacet
  facet normal 7.208540e-001 -6.930869e-001 0.000000e+000
    outer loop
      vertex   -1.048216e+002 6.252574e+001 1.125001e+000
      vertex   -1.049631e+002 6.237854e+001 1.500001e+000
      vertex   -1.049631e+002 6.237854e+001 1.125001e+000
    endloop
  endfacet
  facet normal 7.208540e-001 -6.930869e-001 2.731721e-014
    outer loop
      vertex   -1.048216e+002 6.252574e+001 7.500010e-001
      vertex   -1.049631e+002 6.237854e+001 1.125001e+000
      vertex   -1.049631e+002 6.237854e+001 7.500010e-001
    endloop
  endfacet
  facet normal 7.208540e-001 -6.930869e-001 -1.313248e-014
    outer loop
      vertex   -1.048216e+002 6.252574e+001 3.750010e-001
      vertex   -1.049631e+002 6.237854e+001 7.500010e-001
      vertex   -1.049631e+002 6.237854e+001 3.750010e-001
    endloop
  endfacet
  facet normal 7.308579e-001 -6.825292e-001 -7.611719e-004
    outer loop
      vertex   -1.048685e+002 6.248023e+001 1.000000e-006
      vertex   -1.049631e+002 6.237854e+001 3.750010e-001
      vertex   -1.049577e+002 6.238470e+001 1.000000e-006
    endloop
  endfacet
  facet normal 7.208404e-001 -6.930738e-001 -6.147142e-003
    outer loop
      vertex   -1.048685e+002 6.248023e+001 1.000000e-006
      vertex   -1.048216e+002 6.252574e+001 3.750010e-001
      vertex   -1.049631e+002 6.237854e+001 3.750010e-001
    endloop
  endfacet
  facet normal 7.876179e-001 -6.161292e-001 6.547175e-003
    outer loop
      vertex   -1.049631e+002 6.237854e+001 2.625001e+000
      vertex   -1.050405e+002 6.228352e+001 3.000001e+000
      vertex   -1.050890e+002 6.221762e+001 2.625001e+000
    endloop
  endfacet
  facet normal 7.876347e-001 -6.161424e-001 2.984790e-014
    outer loop
      vertex   -1.049631e+002 6.237854e+001 2.250001e+000
      vertex   -1.050890e+002 6.221762e+001 2.625001e+000
      vertex   -1.050890e+002 6.221762e+001 2.250001e+000
    endloop
  endfacet
  facet normal 7.876347e-001 -6.161424e-001 -1.817335e-014
    outer loop
      vertex   -1.049631e+002 6.237854e+001 1.875001e+000
      vertex   -1.050890e+002 6.221762e+001 2.250001e+000
      vertex   -1.050890e+002 6.221762e+001 1.875001e+000
    endloop
  endfacet
  facet normal 7.876347e-001 -6.161424e-001 2.984790e-014
    outer loop
      vertex   -1.049631e+002 6.237854e+001 1.500001e+000
      vertex   -1.050890e+002 6.221762e+001 1.875001e+000
      vertex   -1.050890e+002 6.221762e+001 1.500001e+000
    endloop
  endfacet
  facet normal 7.876347e-001 -6.161424e-001 2.984790e-014
    outer loop
      vertex   -1.049631e+002 6.237854e+001 1.125001e+000
      vertex   -1.050890e+002 6.221762e+001 1.500001e+000
      vertex   -1.050890e+002 6.221762e+001 1.125001e+000
    endloop
  endfacet
  facet normal 7.876347e-001 -6.161424e-001 1.167455e-014
    outer loop
      vertex   -1.049631e+002 6.237854e+001 7.500010e-001
      vertex   -1.050890e+002 6.221762e+001 1.125001e+000
      vertex   -1.050890e+002 6.221762e+001 7.500010e-001
    endloop
  endfacet
  facet normal 7.876347e-001 -6.161424e-001 -2.984790e-014
    outer loop
      vertex   -1.049631e+002 6.237854e+001 3.750010e-001
      vertex   -1.050890e+002 6.221762e+001 7.500010e-001
      vertex   -1.050890e+002 6.221762e+001 3.750010e-001
    endloop
  endfacet
  facet normal 8.127401e-001 -5.826206e-001 2.586771e-003
    outer loop
      vertex   -1.050405e+002 6.228352e+001 1.000000e-006
      vertex   -1.050890e+002 6.221762e+001 3.750010e-001
      vertex   -1.051168e+002 6.217715e+001 1.000000e-006
    endloop
  endfacet
  facet normal 7.876179e-001 -6.161292e-001 -6.547176e-003
    outer loop
      vertex   -1.050405e+002 6.228352e+001 1.000000e-006
      vertex   -1.049631e+002 6.237854e+001 3.750010e-001
      vertex   -1.050890e+002 6.221762e+001 3.750010e-001
    endloop
  endfacet
  facet normal 7.738540e-001 -6.333637e-001 6.619359e-004
    outer loop
      vertex   -1.050405e+002 6.228352e+001 1.000000e-006
      vertex   -1.049577e+002 6.238470e+001 1.000000e-006
      vertex   -1.049631e+002 6.237854e+001 3.750010e-001
    endloop
  endfacet
  facet normal 8.444948e-001 -5.355258e-001 6.376480e-003
    outer loop
      vertex   -1.050890e+002 6.221762e+001 2.625001e+000
      vertex   -1.051348e+002 6.214979e+001 3.000001e+000
      vertex   -1.051986e+002 6.204468e+001 2.625001e+000
    endloop
  endfacet
  facet normal 8.445120e-001 -5.355366e-001 -1.014724e-014
    outer loop
      vertex   -1.050890e+002 6.221762e+001 2.250001e+000
      vertex   -1.051986e+002 6.204468e+001 2.625001e+000
      vertex   -1.051986e+002 6.204468e+001 2.250001e+000
    endloop
  endfacet
  facet normal 8.445120e-001 -5.355366e-001 4.215054e-014
    outer loop
      vertex   -1.050890e+002 6.221762e+001 1.875001e+000
      vertex   -1.051986e+002 6.204468e+001 2.250001e+000
      vertex   -1.051986e+002 6.204468e+001 1.875001e+000
    endloop
  endfacet
  facet normal 8.445120e-001 -5.355366e-001 0.000000e+000
    outer loop
      vertex   -1.050890e+002 6.221762e+001 1.500001e+000
      vertex   -1.051986e+002 6.204468e+001 1.875001e+000
      vertex   -1.051986e+002 6.204468e+001 1.500001e+000
    endloop
  endfacet
  facet normal 8.445120e-001 -5.355366e-001 0.000000e+000
    outer loop
      vertex   -1.050890e+002 6.221762e+001 1.125001e+000
      vertex   -1.051986e+002 6.204468e+001 1.500001e+000
      vertex   -1.051986e+002 6.204468e+001 1.125001e+000
    endloop
  endfacet
  facet normal 8.445120e-001 -5.355366e-001 4.215054e-014
    outer loop
      vertex   -1.050890e+002 6.221762e+001 7.500010e-001
      vertex   -1.051986e+002 6.204468e+001 1.125001e+000
      vertex   -1.051986e+002 6.204468e+001 7.500010e-001
    endloop
  endfacet
  facet normal 8.445120e-001 -5.355366e-001 -1.014724e-014
    outer loop
      vertex   -1.050890e+002 6.221762e+001 3.750010e-001
      vertex   -1.051986e+002 6.204468e+001 7.500010e-001
      vertex   -1.051986e+002 6.204468e+001 3.750010e-001
    endloop
  endfacet
  facet normal 8.476423e-001 -5.305627e-001 -2.411659e-003
    outer loop
      vertex   -1.051168e+002 6.217715e+001 1.000000e-006
      vertex   -1.051986e+002 6.204468e+001 3.750010e-001
      vertex   -1.051864e+002 6.206601e+001 1.000000e-006
    endloop
  endfacet
  facet normal 8.445021e-001 -5.355303e-001 -4.851746e-003
    outer loop
      vertex   -1.051168e+002 6.217715e+001 1.000000e-006
      vertex   -1.050890e+002 6.221762e+001 3.750010e-001
      vertex   -1.051986e+002 6.204468e+001 3.750010e-001
    endloop
  endfacet
  facet normal 8.932754e-001 -4.494878e-001 4.451656e-003
    outer loop
      vertex   -1.051986e+002 6.204468e+001 2.625001e+000
      vertex   -1.052186e+002 6.200881e+001 3.000001e+000
      vertex   -1.052908e+002 6.186150e+001 2.625001e+000
    endloop
  endfacet
  facet normal 8.932842e-001 -4.494922e-001 0.000000e+000
    outer loop
      vertex   -1.051986e+002 6.204468e+001 2.250001e+000
      vertex   -1.052908e+002 6.186150e+001 2.625001e+000
      vertex   -1.052908e+002 6.186150e+001 2.250001e+000
    endloop
  endfacet
  facet normal 8.932842e-001 -4.494922e-001 8.516892e-015
    outer loop
      vertex   -1.051986e+002 6.204468e+001 1.875001e+000
      vertex   -1.052908e+002 6.186150e+001 2.250001e+000
      vertex   -1.052908e+002 6.186150e+001 1.875001e+000
    endloop
  endfacet
  facet normal 8.932842e-001 -4.494922e-001 0.000000e+000
    outer loop
      vertex   -1.051986e+002 6.204468e+001 1.500001e+000
      vertex   -1.052908e+002 6.186150e+001 1.875001e+000
      vertex   -1.052908e+002 6.186150e+001 1.500001e+000
    endloop
  endfacet
  facet normal 8.932842e-001 -4.494922e-001 0.000000e+000
    outer loop
      vertex   -1.051986e+002 6.204468e+001 1.125001e+000
      vertex   -1.052908e+002 6.186150e+001 1.500001e+000
      vertex   -1.052908e+002 6.186150e+001 1.125001e+000
    endloop
  endfacet
  facet normal 8.932842e-001 -4.494922e-001 8.516892e-015
    outer loop
      vertex   -1.051986e+002 6.204468e+001 7.500010e-001
      vertex   -1.052908e+002 6.186150e+001 1.125001e+000
      vertex   -1.052908e+002 6.186150e+001 7.500010e-001
    endloop
  endfacet
  facet normal 8.932842e-001 -4.494922e-001 0.000000e+000
    outer loop
      vertex   -1.051986e+002 6.204468e+001 3.750010e-001
      vertex   -1.052908e+002 6.186150e+001 7.500010e-001
      vertex   -1.052908e+002 6.186150e+001 3.750010e-001
    endloop
  endfacet
  facet normal 9.086232e-001 -4.176109e-001 2.259049e-003
    outer loop
      vertex   -1.052489e+002 6.195059e+001 1.000000e-006
      vertex   -1.052908e+002 6.186150e+001 3.750010e-001
      vertex   -1.053037e+002 6.183137e+001 1.000000e-006
    endloop
  endfacet
  facet normal 8.932622e-001 -4.494811e-001 -7.027425e-003
    outer loop
      vertex   -1.052489e+002 6.195059e+001 1.000000e-006
      vertex   -1.051986e+002 6.204468e+001 3.750010e-001
      vertex   -1.052908e+002 6.186150e+001 3.750010e-001
    endloop
  endfacet
  facet normal 8.790990e-001 -4.766362e-001 1.686161e-003
    outer loop
      vertex   -1.052489e+002 6.195059e+001 1.000000e-006
      vertex   -1.051864e+002 6.206601e+001 1.000000e-006
      vertex   -1.051986e+002 6.204468e+001 3.750010e-001
    endloop
  endfacet
  facet normal 9.264412e-001 -3.764395e-001 -5.394521e-009
    outer loop
      vertex   -1.052908e+002 6.186150e+001 2.625001e+000
      vertex   -1.052908e+002 6.186150e+001 3.000001e+000
      vertex   -1.053293e+002 6.176668e+001 2.625001e+000
    endloop
  endfacet
  facet normal 9.264412e-001 -3.764395e-001 -7.132703e-015
    outer loop
      vertex   -1.052908e+002 6.186150e+001 2.250001e+000
      vertex   -1.053293e+002 6.176668e+001 2.625001e+000
      vertex   -1.053293e+002 6.176668e+001 2.250001e+000
    endloop
  endfacet
  facet normal 9.264412e-001 -3.764395e-001 7.132703e-015
    outer loop
      vertex   -1.052908e+002 6.186150e+001 1.875001e+000
      vertex   -1.053293e+002 6.176668e+001 2.250001e+000
      vertex   -1.053293e+002 6.176668e+001 1.875001e+000
    endloop
  endfacet
  facet normal 9.264412e-001 -3.764395e-001 0.000000e+000
    outer loop
      vertex   -1.052908e+002 6.186150e+001 1.500001e+000
      vertex   -1.053293e+002 6.176668e+001 1.875001e+000
      vertex   -1.053293e+002 6.176668e+001 1.500001e+000
    endloop
  endfacet
  facet normal 9.264412e-001 -3.764395e-001 -7.132703e-015
    outer loop
      vertex   -1.052908e+002 6.186150e+001 1.125001e+000
      vertex   -1.053293e+002 6.176668e+001 1.500001e+000
      vertex   -1.053293e+002 6.176668e+001 1.125001e+000
    endloop
  endfacet
  facet normal 9.264412e-001 -3.764395e-001 7.132703e-015
    outer loop
      vertex   -1.052908e+002 6.186150e+001 7.500010e-001
      vertex   -1.053293e+002 6.176668e+001 1.125001e+000
      vertex   -1.053293e+002 6.176668e+001 7.500010e-001
    endloop
  endfacet
  facet normal 9.264412e-001 -3.764395e-001 0.000000e+000
    outer loop
      vertex   -1.052908e+002 6.186150e+001 3.750010e-001
      vertex   -1.053293e+002 6.176668e+001 7.500010e-001
      vertex   -1.053293e+002 6.176668e+001 3.750010e-001
    endloop
  endfacet
  facet normal 9.360145e-001 -3.519469e-001 3.216767e-003
    outer loop
      vertex   -1.053037e+002 6.183137e+001 1.000000e-006
      vertex   -1.053293e+002 6.176668e+001 3.750010e-001
      vertex   -1.053498e+002 6.170889e+001 1.000000e-006
    endloop
  endfacet
  facet normal 9.264399e-001 -3.764390e-001 -1.662694e-003
    outer loop
      vertex   -1.053037e+002 6.183137e+001 1.000000e-006
      vertex   -1.052908e+002 6.186150e+001 3.750010e-001
      vertex   -1.053293e+002 6.176668e+001 3.750010e-001
    endloop
  endfacet
  facet normal 9.841260e-001 -1.774160e-001 -4.418321e-003
    outer loop
      vertex   -1.053936e+002 6.155198e+001 3.000001e+000
      vertex   -1.054225e+002 6.139180e+001 3.000001e+000
      vertex   -1.054097e+002 6.147223e+001 2.625001e+000
    endloop
  endfacet
  facet normal 9.909331e-001 -1.342604e-001 5.069897e-003
    outer loop
      vertex   -1.054097e+002 6.147223e+001 2.625001e+000
      vertex   -1.054225e+002 6.139180e+001 3.000001e+000
      vertex   -1.054371e+002 6.127019e+001 2.625001e+000
    endloop
  endfacet
  facet normal 9.909459e-001 -1.342621e-001 -2.543972e-015
    outer loop
      vertex   -1.054097e+002 6.147223e+001 2.250001e+000
      vertex   -1.054371e+002 6.127019e+001 2.625001e+000
      vertex   -1.054371e+002 6.127019e+001 2.250001e+000
    endloop
  endfacet
  facet normal 9.909459e-001 -1.342621e-001 4.009647e-014
    outer loop
      vertex   -1.054097e+002 6.147223e+001 1.875001e+000
      vertex   -1.054371e+002 6.127019e+001 2.250001e+000
      vertex   -1.054371e+002 6.127019e+001 1.875001e+000
    endloop
  endfacet
  facet normal 9.909459e-001 -1.342621e-001 -3.755250e-014
    outer loop
      vertex   -1.054097e+002 6.147223e+001 1.500001e+000
      vertex   -1.054371e+002 6.127019e+001 1.875001e+000
      vertex   -1.054371e+002 6.127019e+001 1.500001e+000
    endloop
  endfacet
  facet normal 9.909459e-001 -1.342621e-001 3.500853e-014
    outer loop
      vertex   -1.054097e+002 6.147223e+001 1.125001e+000
      vertex   -1.054371e+002 6.127019e+001 1.500001e+000
      vertex   -1.054371e+002 6.127019e+001 1.125001e+000
    endloop
  endfacet
  facet normal 9.909459e-001 -1.342621e-001 -3.500853e-014
    outer loop
      vertex   -1.054097e+002 6.147223e+001 7.500010e-001
      vertex   -1.054371e+002 6.127019e+001 1.125001e+000
      vertex   -1.054371e+002 6.127019e+001 7.500010e-001
    endloop
  endfacet
  facet normal 9.909459e-001 -1.342621e-001 0.000000e+000
    outer loop
      vertex   -1.054097e+002 6.147223e+001 3.750010e-001
      vertex   -1.054371e+002 6.127019e+001 7.500010e-001
      vertex   -1.054371e+002 6.127019e+001 3.750010e-001
    endloop
  endfacet
  facet normal 9.959879e-001 -8.944086e-002 2.919221e-003
    outer loop
      vertex   -1.054309e+002 6.132706e+001 1.000000e-006
      vertex   -1.054371e+002 6.127019e+001 3.750010e-001
      vertex   -1.054543e+002 6.106601e+001 1.000000e-006
    endloop
  endfacet
  facet normal 9.909381e-001 -1.342610e-001 -3.962477e-003
    outer loop
      vertex   -1.054309e+002 6.132706e+001 1.000000e-006
      vertex   -1.054097e+002 6.147223e+001 3.750010e-001
      vertex   -1.054371e+002 6.127019e+001 3.750010e-001
    endloop
  endfacet
  facet normal 9.900356e-001 -1.408107e-001 -1.376123e-003
    outer loop
      vertex   -1.054309e+002 6.132706e+001 1.000000e-006
      vertex   -1.054125e+002 6.145619e+001 1.000000e-006
      vertex   -1.054097e+002 6.147223e+001 3.750010e-001
    endloop
  endfacet
  facet normal 9.952461e-001 -9.712972e-002 -7.139556e-003
    outer loop
      vertex   -1.054225e+002 6.139180e+001 3.000001e+000
      vertex   -1.054543e+002 6.106601e+001 3.000001e+000
      vertex   -1.054371e+002 6.127019e+001 2.625001e+000
    endloop
  endfacet
  facet normal 9.964557e-001 -8.411864e-002 -1.591667e-015
    outer loop
      vertex   -1.054371e+002 6.127019e+001 2.625001e+000
      vertex   -1.054543e+002 6.106601e+001 3.000001e+000
      vertex   -1.054371e+002 6.127019e+001 2.250001e+000
    endloop
  endfacet
  facet normal 9.964557e-001 -8.411864e-002 3.935142e-014
    outer loop
      vertex   -1.054371e+002 6.127019e+001 2.250001e+000
      vertex   -1.054543e+002 6.106601e+001 3.000001e+000
      vertex   -1.054371e+002 6.127019e+001 1.875001e+000
    endloop
  endfacet
  facet normal 9.964557e-001 -8.411864e-002 -3.775976e-014
    outer loop
      vertex   -1.054371e+002 6.127019e+001 1.875001e+000
      vertex   -1.054543e+002 6.106601e+001 3.000001e+000
      vertex   -1.054371e+002 6.127019e+001 1.500001e+000
    endloop
  endfacet
  facet normal 9.964557e-001 -8.411864e-002 0.000000e+000
    outer loop
      vertex   -1.054371e+002 6.127019e+001 1.500001e+000
      vertex   -1.054543e+002 6.106601e+001 3.000001e+000
      vertex   -1.054543e+002 6.106601e+001 1.000000e-006
    endloop
  endfacet
  facet normal 9.964557e-001 -8.411864e-002 -3.616809e-014
    outer loop
      vertex   -1.054371e+002 6.127019e+001 1.125001e+000
      vertex   -1.054543e+002 6.106601e+001 1.000000e-006
      vertex   -1.054371e+002 6.127019e+001 7.500010e-001
    endloop
  endfacet
  facet normal 9.964557e-001 -8.411864e-002 3.616744e-014
    outer loop
      vertex   -1.054371e+002 6.127019e+001 1.125001e+000
      vertex   -1.054371e+002 6.127019e+001 1.500001e+000
      vertex   -1.054543e+002 6.106601e+001 1.000000e-006
    endloop
  endfacet
  facet normal 9.964557e-001 -8.411864e-002 0.000000e+000
    outer loop
      vertex   -1.054371e+002 6.127019e+001 7.500010e-001
      vertex   -1.054543e+002 6.106601e+001 1.000000e-006
      vertex   -1.054371e+002 6.127019e+001 3.750010e-001
    endloop
  endfacet
  facet normal 2.349760e-001 -9.719911e-001 4.431232e-003
    outer loop
      vertex   -1.040035e+002 6.298914e+001 1.000000e-006
      vertex   -1.038445e+002 6.302757e+001 1.000000e-006
      vertex   -1.039323e+002 6.300805e+001 3.750010e-001
    endloop
  endfacet
  facet normal 1.889608e-001 -9.819606e-001 -6.865984e-003
    outer loop
      vertex   -1.039323e+002 6.300805e+001 3.750010e-001
      vertex   -1.038445e+002 6.302757e+001 1.000000e-006
      vertex   -1.037316e+002 6.304668e+001 3.750010e-001
    endloop
  endfacet
  facet normal 1.889653e-001 -9.819838e-001 2.576739e-014
    outer loop
      vertex   -1.039323e+002 6.300805e+001 7.500010e-001
      vertex   -1.037316e+002 6.304668e+001 3.750010e-001
      vertex   -1.037316e+002 6.304668e+001 7.500010e-001
    endloop
  endfacet
  facet normal 1.889653e-001 -9.819838e-001 -7.160956e-015
    outer loop
      vertex   -1.039323e+002 6.300805e+001 1.125001e+000
      vertex   -1.037316e+002 6.304668e+001 7.500010e-001
      vertex   -1.037316e+002 6.304668e+001 1.125001e+000
    endloop
  endfacet
  facet normal 1.889653e-001 -9.819838e-001 0.000000e+000
    outer loop
      vertex   -1.039323e+002 6.300805e+001 1.500001e+000
      vertex   -1.037316e+002 6.304668e+001 1.125001e+000
      vertex   -1.037316e+002 6.304668e+001 1.500001e+000
    endloop
  endfacet
  facet normal 1.889653e-001 -9.819838e-001 7.160956e-015
    outer loop
      vertex   -1.039323e+002 6.300805e+001 1.875001e+000
      vertex   -1.037316e+002 6.304668e+001 1.500001e+000
      vertex   -1.037316e+002 6.304668e+001 1.875001e+000
    endloop
  endfacet
  facet normal 1.889653e-001 -9.819838e-001 -7.160956e-015
    outer loop
      vertex   -1.039323e+002 6.300805e+001 2.250001e+000
      vertex   -1.037316e+002 6.304668e+001 1.875001e+000
      vertex   -1.037316e+002 6.304668e+001 2.250001e+000
    endloop
  endfacet
  facet normal 1.889653e-001 -9.819838e-001 2.576739e-014
    outer loop
      vertex   -1.039323e+002 6.300805e+001 2.625001e+000
      vertex   -1.037316e+002 6.304668e+001 2.250001e+000
      vertex   -1.037316e+002 6.304668e+001 2.625001e+000
    endloop
  endfacet
  facet normal 1.446678e-001 -9.894725e-001 -3.915994e-003
    outer loop
      vertex   -1.038204e+002 6.303221e+001 3.000001e+000
      vertex   -1.037316e+002 6.304668e+001 2.625001e+000
      vertex   -1.036666e+002 6.305469e+001 3.000001e+000
    endloop
  endfacet
  facet normal 1.889608e-001 -9.819606e-001 6.864274e-003
    outer loop
      vertex   -1.038204e+002 6.303221e+001 3.000001e+000
      vertex   -1.039323e+002 6.300805e+001 2.625001e+000
      vertex   -1.037316e+002 6.304668e+001 2.625001e+000
    endloop
  endfacet
  facet normal 1.547559e-001 -9.879457e-001 3.738410e-003
    outer loop
      vertex   -1.038445e+002 6.302757e+001 1.000000e-006
      vertex   -1.036829e+002 6.305289e+001 1.000000e-006
      vertex   -1.037316e+002 6.304668e+001 3.750010e-001
    endloop
  endfacet
  facet normal 8.792286e-002 -9.961144e-001 -5.075091e-003
    outer loop
      vertex   -1.037316e+002 6.304668e+001 3.750010e-001
      vertex   -1.036829e+002 6.305289e+001 1.000000e-006
      vertex   -1.035279e+002 6.306465e+001 3.750010e-001
    endloop
  endfacet
  facet normal 8.792399e-002 -9.961272e-001 0.000000e+000
    outer loop
      vertex   -1.037316e+002 6.304668e+001 7.500010e-001
      vertex   -1.035279e+002 6.306465e+001 3.750010e-001
      vertex   -1.035279e+002 6.306465e+001 7.500010e-001
    endloop
  endfacet
  facet normal 8.792399e-002 -9.961272e-001 0.000000e+000
    outer loop
      vertex   -1.037316e+002 6.304668e+001 1.125001e+000
      vertex   -1.035279e+002 6.306465e+001 7.500010e-001
      vertex   -1.035279e+002 6.306465e+001 1.125001e+000
    endloop
  endfacet
  facet normal 8.792399e-002 -9.961272e-001 -3.331933e-015
    outer loop
      vertex   -1.037316e+002 6.304668e+001 1.500001e+000
      vertex   -1.035279e+002 6.306465e+001 1.125001e+000
      vertex   -1.035279e+002 6.306465e+001 1.500001e+000
    endloop
  endfacet
  facet normal 8.792399e-002 -9.961272e-001 0.000000e+000
    outer loop
      vertex   -1.037316e+002 6.304668e+001 1.875001e+000
      vertex   -1.035279e+002 6.306465e+001 1.500001e+000
      vertex   -1.035279e+002 6.306465e+001 1.875001e+000
    endloop
  endfacet
  facet normal 8.792399e-002 -9.961272e-001 0.000000e+000
    outer loop
      vertex   -1.037316e+002 6.304668e+001 2.250001e+000
      vertex   -1.035279e+002 6.306465e+001 1.875001e+000
      vertex   -1.035279e+002 6.306465e+001 2.250001e+000
    endloop
  endfacet
  facet normal 8.792399e-002 -9.961272e-001 0.000000e+000
    outer loop
      vertex   -1.037316e+002 6.304668e+001 2.625001e+000
      vertex   -1.035279e+002 6.306465e+001 2.250001e+000
      vertex   -1.035279e+002 6.306465e+001 2.625001e+000
    endloop
  endfacet
  facet normal 6.756540e-002 -9.977137e-001 -1.516841e-003
    outer loop
      vertex   -1.036666e+002 6.305469e+001 3.000001e+000
      vertex   -1.035279e+002 6.306465e+001 2.625001e+000
      vertex   -1.035116e+002 6.306519e+001 3.000001e+000
    endloop
  endfacet
  facet normal 8.792238e-002 -9.961089e-001 6.055156e-003
    outer loop
      vertex   -1.036666e+002 6.305469e+001 3.000001e+000
      vertex   -1.037316e+002 6.304668e+001 2.625001e+000
      vertex   -1.035279e+002 6.306465e+001 2.625001e+000
    endloop
  endfacet
  facet normal 7.367950e-002 -9.972816e-001 8.473898e-004
    outer loop
      vertex   -1.036829e+002 6.305289e+001 1.000000e-006
      vertex   -1.035197e+002 6.306494e+001 1.000000e-006
      vertex   -1.035279e+002 6.306465e+001 3.750010e-001
    endloop
  endfacet
  facet normal -8.208116e-003 -9.999659e-001 -9.401505e-004
    outer loop
      vertex   -1.035279e+002 6.306465e+001 3.750010e-001
      vertex   -1.035197e+002 6.306494e+001 1.000000e-006
      vertex   -1.033562e+002 6.306360e+001 1.000000e-006
    endloop
  endfacet
  facet normal -8.996647e-002 -9.959407e-001 2.850967e-003
    outer loop
      vertex   -1.033235e+002 6.306172e+001 3.750010e-001
      vertex   -1.033562e+002 6.306360e+001 1.000000e-006
      vertex   -1.031933e+002 6.304888e+001 1.000000e-006
    endloop
  endfacet
  facet normal -1.708682e-001 -9.852849e-001 4.210095e-003
    outer loop
      vertex   -1.031312e+002 6.303972e+001 3.750010e-001
      vertex   -1.031933e+002 6.304888e+001 1.000000e-006
      vertex   -1.030321e+002 6.302093e+001 1.000000e-006
    endloop
  endfacet
  facet normal -2.508812e-001 -9.680079e-001 4.399605e-003
    outer loop
      vertex   -1.029419e+002 6.299927e+001 3.750010e-001
      vertex   -1.030321e+002 6.302093e+001 1.000000e-006
      vertex   -1.028737e+002 6.297989e+001 1.000000e-006
    endloop
  endfacet
  facet normal -3.292855e-001 -9.442245e-001 3.341138e-003
    outer loop
      vertex   -1.027575e+002 6.294067e+001 3.750010e-001
      vertex   -1.028737e+002 6.297989e+001 1.000000e-006
      vertex   -1.027193e+002 6.292603e+001 1.000000e-006
    endloop
  endfacet
  facet normal -4.051841e-001 -9.142344e-001 1.108055e-003
    outer loop
      vertex   -1.025795e+002 6.286454e+001 3.750010e-001
      vertex   -1.027193e+002 6.292603e+001 1.000000e-006
      vertex   -1.025697e+002 6.285975e+001 1.000000e-006
    endloop
  endfacet
  facet normal -4.785276e-001 -8.780716e-001 -1.270679e-003
    outer loop
      vertex   -1.024261e+002 6.278147e+001 1.000000e-006
      vertex   -1.025795e+002 6.286454e+001 3.750010e-001
      vertex   -1.025697e+002 6.285975e+001 1.000000e-006
    endloop
  endfacet
  facet normal -4.803333e-001 -8.770832e-001 -2.228400e-003
    outer loop
      vertex   -1.024261e+002 6.278147e+001 1.000000e-006
      vertex   -1.024098e+002 6.277158e+001 3.750010e-001
      vertex   -1.025795e+002 6.286454e+001 3.750010e-001
    endloop
  endfacet
  facet normal -5.488529e-001 -8.359169e-001 1.840558e-003
    outer loop
      vertex   -1.024261e+002 6.278147e+001 1.000000e-006
      vertex   -1.022894e+002 6.269169e+001 1.000000e-006
      vertex   -1.024098e+002 6.277158e+001 3.750010e-001
    endloop
  endfacet
  facet normal -5.630033e-001 -8.264412e-001 -4.721767e-003
    outer loop
      vertex   -1.024098e+002 6.277158e+001 3.750010e-001
      vertex   -1.022894e+002 6.269169e+001 1.000000e-006
      vertex   -1.022498e+002 6.266261e+001 3.750010e-001
    endloop
  endfacet
  facet normal -5.630096e-001 -8.264504e-001 0.000000e+000
    outer loop
      vertex   -1.024098e+002 6.277158e+001 7.500010e-001
      vertex   -1.022498e+002 6.266261e+001 3.750010e-001
      vertex   -1.022498e+002 6.266261e+001 7.500010e-001
    endloop
  endfacet
  facet normal -5.630096e-001 -8.264504e-001 0.000000e+000
    outer loop
      vertex   -1.024098e+002 6.277158e+001 1.125001e+000
      vertex   -1.022498e+002 6.266261e+001 7.500010e-001
      vertex   -1.022498e+002 6.266261e+001 1.125001e+000
    endloop
  endfacet
  facet normal -5.630096e-001 -8.264504e-001 -2.133559e-014
    outer loop
      vertex   -1.024098e+002 6.277158e+001 1.500001e+000
      vertex   -1.022498e+002 6.266261e+001 1.125001e+000
      vertex   -1.022498e+002 6.266261e+001 1.500001e+000
    endloop
  endfacet
  facet normal -5.630096e-001 -8.264504e-001 -2.133559e-014
    outer loop
      vertex   -1.024098e+002 6.277158e+001 1.875001e+000
      vertex   -1.022498e+002 6.266261e+001 1.500001e+000
      vertex   -1.022498e+002 6.266261e+001 1.875001e+000
    endloop
  endfacet
  facet normal -5.630096e-001 -8.264504e-001 2.133559e-014
    outer loop
      vertex   -1.024098e+002 6.277158e+001 2.250001e+000
      vertex   -1.022498e+002 6.266261e+001 1.875001e+000
      vertex   -1.022498e+002 6.266261e+001 2.250001e+000
    endloop
  endfacet
  facet normal -5.630096e-001 -8.264504e-001 -5.676171e-015
    outer loop
      vertex   -1.024098e+002 6.277158e+001 2.625001e+000
      vertex   -1.022498e+002 6.266261e+001 2.250001e+000
      vertex   -1.022498e+002 6.266261e+001 2.625001e+000
    endloop
  endfacet
  facet normal -5.908032e-001 -8.068082e-001 -3.470991e-003
    outer loop
      vertex   -1.023364e+002 6.272438e+001 3.000001e+000
      vertex   -1.022498e+002 6.266261e+001 2.625001e+000
      vertex   -1.022110e+002 6.263257e+001 3.000001e+000
    endloop
  endfacet
  facet normal -5.629988e-001 -8.264346e-001 6.180219e-003
    outer loop
      vertex   -1.023364e+002 6.272438e+001 3.000001e+000
      vertex   -1.024098e+002 6.277158e+001 2.625001e+000
      vertex   -1.022498e+002 6.266261e+001 2.625001e+000
    endloop
  endfacet
  facet normal -5.264061e-001 -8.502239e-001 -3.975584e-003
    outer loop
      vertex   -1.023364e+002 6.272438e+001 3.000001e+000
      vertex   -1.024685e+002 6.280619e+001 3.000001e+000
      vertex   -1.024098e+002 6.277158e+001 2.625001e+000
    endloop
  endfacet
  facet normal -4.803266e-001 -8.770710e-001 5.719238e-003
    outer loop
      vertex   -1.024098e+002 6.277158e+001 2.625001e+000
      vertex   -1.024685e+002 6.280619e+001 3.000001e+000
      vertex   -1.025795e+002 6.286454e+001 2.625001e+000
    endloop
  endfacet
  facet normal -4.803345e-001 -8.770854e-001 -0.000000e+000
    outer loop
      vertex   -1.024098e+002 6.277158e+001 2.250001e+000
      vertex   -1.025795e+002 6.286454e+001 2.625001e+000
      vertex   -1.025795e+002 6.286454e+001 2.250001e+000
    endloop
  endfacet
  facet normal -4.803345e-001 -8.770854e-001 -0.000000e+000
    outer loop
      vertex   -1.024098e+002 6.277158e+001 1.875001e+000
      vertex   -1.025795e+002 6.286454e+001 2.250001e+000
      vertex   -1.025795e+002 6.286454e+001 1.875001e+000
    endloop
  endfacet
  facet normal -4.803345e-001 -8.770854e-001 -0.000000e+000
    outer loop
      vertex   -1.024098e+002 6.277158e+001 1.500001e+000
      vertex   -1.025795e+002 6.286454e+001 1.875001e+000
      vertex   -1.025795e+002 6.286454e+001 1.500001e+000
    endloop
  endfacet
  facet normal -4.803345e-001 -8.770854e-001 -0.000000e+000
    outer loop
      vertex   -1.024098e+002 6.277158e+001 1.125001e+000
      vertex   -1.025795e+002 6.286454e+001 1.500001e+000
      vertex   -1.025795e+002 6.286454e+001 1.125001e+000
    endloop
  endfacet
  facet normal -4.803345e-001 -8.770854e-001 -0.000000e+000
    outer loop
      vertex   -1.024098e+002 6.277158e+001 7.500010e-001
      vertex   -1.025795e+002 6.286454e+001 1.125001e+000
      vertex   -1.025795e+002 6.286454e+001 7.500010e-001
    endloop
  endfacet
  facet normal -4.803345e-001 -8.770854e-001 -0.000000e+000
    outer loop
      vertex   -1.024098e+002 6.277158e+001 3.750010e-001
      vertex   -1.025795e+002 6.286454e+001 7.500010e-001
      vertex   -1.025795e+002 6.286454e+001 3.750010e-001
    endloop
  endfacet
  facet normal -4.803345e-001 -8.770854e-001 0.000000e+000
    outer loop
      vertex   -1.024098e+002 6.277158e+001 3.750010e-001
      vertex   -1.024098e+002 6.277158e+001 7.500010e-001
      vertex   -1.025795e+002 6.286454e+001 7.500010e-001
    endloop
  endfacet
  facet normal -5.630096e-001 -8.264504e-001 0.000000e+000
    outer loop
      vertex   -1.024098e+002 6.277158e+001 3.750010e-001
      vertex   -1.022498e+002 6.266261e+001 3.750010e-001
      vertex   -1.024098e+002 6.277158e+001 7.500010e-001
    endloop
  endfacet
  facet normal -1.435598e-002 -9.998899e-001 -3.756091e-003
    outer loop
      vertex   -1.035279e+002 6.306465e+001 3.750010e-001
      vertex   -1.033562e+002 6.306360e+001 1.000000e-006
      vertex   -1.033235e+002 6.306172e+001 3.750010e-001
    endloop
  endfacet
  facet normal -1.435609e-002 -9.998969e-001 5.440326e-016
    outer loop
      vertex   -1.035279e+002 6.306465e+001 7.500010e-001
      vertex   -1.033235e+002 6.306172e+001 3.750010e-001
      vertex   -1.033235e+002 6.306172e+001 7.500010e-001
    endloop
  endfacet
  facet normal -1.435609e-002 -9.998969e-001 -5.440326e-016
    outer loop
      vertex   -1.035279e+002 6.306465e+001 1.125001e+000
      vertex   -1.033235e+002 6.306172e+001 7.500010e-001
      vertex   -1.033235e+002 6.306172e+001 1.125001e+000
    endloop
  endfacet
  facet normal -1.435609e-002 -9.998969e-001 0.000000e+000
    outer loop
      vertex   -1.035279e+002 6.306465e+001 1.500001e+000
      vertex   -1.033235e+002 6.306172e+001 1.125001e+000
      vertex   -1.033235e+002 6.306172e+001 1.500001e+000
    endloop
  endfacet
  facet normal -1.435609e-002 -9.998969e-001 5.440326e-016
    outer loop
      vertex   -1.035279e+002 6.306465e+001 1.875001e+000
      vertex   -1.033235e+002 6.306172e+001 1.500001e+000
      vertex   -1.033235e+002 6.306172e+001 1.875001e+000
    endloop
  endfacet
  facet normal -1.435609e-002 -9.998969e-001 -5.440326e-016
    outer loop
      vertex   -1.035279e+002 6.306465e+001 2.250001e+000
      vertex   -1.033235e+002 6.306172e+001 1.875001e+000
      vertex   -1.033235e+002 6.306172e+001 2.250001e+000
    endloop
  endfacet
  facet normal -1.435609e-002 -9.998969e-001 5.440326e-016
    outer loop
      vertex   -1.035279e+002 6.306465e+001 2.625001e+000
      vertex   -1.033235e+002 6.306172e+001 2.250001e+000
      vertex   -1.033235e+002 6.306172e+001 2.625001e+000
    endloop
  endfacet
  facet normal -8.793395e-002 -9.961227e-001 -2.672981e-003
    outer loop
      vertex   -1.033562e+002 6.306360e+001 3.000001e+000
      vertex   -1.033235e+002 6.306172e+001 2.625001e+000
      vertex   -1.032014e+002 6.304993e+001 3.000001e+000
    endloop
  endfacet
  facet normal -1.435598e-002 -9.998899e-001 3.756092e-003
    outer loop
      vertex   -1.033562e+002 6.306360e+001 3.000001e+000
      vertex   -1.035279e+002 6.306465e+001 2.625001e+000
      vertex   -1.033235e+002 6.306172e+001 2.625001e+000
    endloop
  endfacet
  facet normal -1.026100e-002 -9.999456e-001 1.880430e-003
    outer loop
      vertex   -1.033562e+002 6.306360e+001 3.000001e+000
      vertex   -1.035116e+002 6.306519e+001 3.000001e+000
      vertex   -1.035279e+002 6.306465e+001 2.625001e+000
    endloop
  endfacet
  facet normal -1.136497e-001 -9.935059e-001 -5.458115e-003
    outer loop
      vertex   -1.033235e+002 6.306172e+001 3.750010e-001
      vertex   -1.031933e+002 6.304888e+001 1.000000e-006
      vertex   -1.031312e+002 6.303972e+001 3.750010e-001
    endloop
  endfacet
  facet normal -1.136514e-001 -9.935207e-001 -4.306889e-015
    outer loop
      vertex   -1.033235e+002 6.306172e+001 7.500010e-001
      vertex   -1.031312e+002 6.303972e+001 3.750010e-001
      vertex   -1.031312e+002 6.303972e+001 7.500010e-001
    endloop
  endfacet
  facet normal -1.136514e-001 -9.935207e-001 0.000000e+000
    outer loop
      vertex   -1.033235e+002 6.306172e+001 1.125001e+000
      vertex   -1.031312e+002 6.303972e+001 7.500010e-001
      vertex   -1.031312e+002 6.303972e+001 1.125001e+000
    endloop
  endfacet
  facet normal -1.136514e-001 -9.935207e-001 4.306889e-015
    outer loop
      vertex   -1.033235e+002 6.306172e+001 1.500001e+000
      vertex   -1.031312e+002 6.303972e+001 1.125001e+000
      vertex   -1.031312e+002 6.303972e+001 1.500001e+000
    endloop
  endfacet
  facet normal -1.136514e-001 -9.935207e-001 4.306889e-015
    outer loop
      vertex   -1.033235e+002 6.306172e+001 1.875001e+000
      vertex   -1.031312e+002 6.303972e+001 1.500001e+000
      vertex   -1.031312e+002 6.303972e+001 1.875001e+000
    endloop
  endfacet
  facet normal -1.136514e-001 -9.935207e-001 -4.306889e-015
    outer loop
      vertex   -1.033235e+002 6.306172e+001 2.250001e+000
      vertex   -1.031312e+002 6.303972e+001 1.875001e+000
      vertex   -1.031312e+002 6.303972e+001 2.250001e+000
    endloop
  endfacet
  facet normal -1.136514e-001 -9.935207e-001 4.306889e-015
    outer loop
      vertex   -1.033235e+002 6.306172e+001 2.625001e+000
      vertex   -1.031312e+002 6.303972e+001 2.250001e+000
      vertex   -1.031312e+002 6.303972e+001 2.625001e+000
    endloop
  endfacet
  facet normal -1.648298e-001 -9.863140e-001 -3.986906e-003
    outer loop
      vertex   -1.032014e+002 6.304993e+001 3.000001e+000
      vertex   -1.031312e+002 6.303972e+001 2.625001e+000
      vertex   -1.030481e+002 6.302432e+001 3.000001e+000
    endloop
  endfacet
  facet normal -1.136495e-001 -9.935041e-001 5.784544e-003
    outer loop
      vertex   -1.032014e+002 6.304993e+001 3.000001e+000
      vertex   -1.033235e+002 6.306172e+001 2.625001e+000
      vertex   -1.031312e+002 6.303972e+001 2.625001e+000
    endloop
  endfacet
  facet normal -2.089988e-001 -9.778960e-001 -6.239341e-003
    outer loop
      vertex   -1.031312e+002 6.303972e+001 3.750010e-001
      vertex   -1.030321e+002 6.302093e+001 1.000000e-006
      vertex   -1.029419e+002 6.299927e+001 3.750010e-001
    endloop
  endfacet
  facet normal -2.090029e-001 -9.779150e-001 1.852934e-014
    outer loop
      vertex   -1.031312e+002 6.303972e+001 7.500010e-001
      vertex   -1.029419e+002 6.299927e+001 3.750010e-001
      vertex   -1.029419e+002 6.299927e+001 7.500010e-001
    endloop
  endfacet
  facet normal -2.090029e-001 -9.779150e-001 -1.852934e-014
    outer loop
      vertex   -1.031312e+002 6.303972e+001 1.125001e+000
      vertex   -1.029419e+002 6.299927e+001 7.500010e-001
      vertex   -1.029419e+002 6.299927e+001 1.125001e+000
    endloop
  endfacet
  facet normal -2.090029e-001 -9.779150e-001 -7.920292e-015
    outer loop
      vertex   -1.031312e+002 6.303972e+001 1.500001e+000
      vertex   -1.029419e+002 6.299927e+001 1.125001e+000
      vertex   -1.029419e+002 6.299927e+001 1.500001e+000
    endloop
  endfacet
  facet normal -2.090029e-001 -9.779150e-001 1.852934e-014
    outer loop
      vertex   -1.031312e+002 6.303972e+001 1.875001e+000
      vertex   -1.029419e+002 6.299927e+001 1.500001e+000
      vertex   -1.029419e+002 6.299927e+001 1.875001e+000
    endloop
  endfacet
  facet normal -2.090029e-001 -9.779150e-001 -1.852934e-014
    outer loop
      vertex   -1.031312e+002 6.303972e+001 2.250001e+000
      vertex   -1.029419e+002 6.299927e+001 1.875001e+000
      vertex   -1.029419e+002 6.299927e+001 2.250001e+000
    endloop
  endfacet
  facet normal -2.090029e-001 -9.779150e-001 1.852934e-014
    outer loop
      vertex   -1.031312e+002 6.303972e+001 2.625001e+000
      vertex   -1.029419e+002 6.299927e+001 2.250001e+000
      vertex   -1.029419e+002 6.299927e+001 2.625001e+000
    endloop
  endfacet
  facet normal -2.409370e-001 -9.705349e-001 -3.383664e-003
    outer loop
      vertex   -1.030481e+002 6.302432e+001 3.000001e+000
      vertex   -1.029419e+002 6.299927e+001 2.625001e+000
      vertex   -1.028973e+002 6.298687e+001 3.000001e+000
    endloop
  endfacet
  facet normal -2.089989e-001 -9.778965e-001 6.148741e-003
    outer loop
      vertex   -1.030481e+002 6.302432e+001 3.000001e+000
      vertex   -1.031312e+002 6.303972e+001 2.625001e+000
      vertex   -1.029419e+002 6.299927e+001 2.625001e+000
    endloop
  endfacet
  facet normal -3.027549e-001 -9.530508e-001 -5.807219e-003
    outer loop
      vertex   -1.029419e+002 6.299927e+001 3.750010e-001
      vertex   -1.028737e+002 6.297989e+001 1.000000e-006
      vertex   -1.027575e+002 6.294067e+001 3.750010e-001
    endloop
  endfacet
  facet normal -3.027600e-001 -9.530668e-001 0.000000e+000
    outer loop
      vertex   -1.029419e+002 6.299927e+001 7.500010e-001
      vertex   -1.027575e+002 6.294067e+001 3.750010e-001
      vertex   -1.027575e+002 6.294067e+001 7.500010e-001
    endloop
  endfacet
  facet normal -3.027600e-001 -9.530668e-001 1.805853e-014
    outer loop
      vertex   -1.029419e+002 6.299927e+001 1.125001e+000
      vertex   -1.027575e+002 6.294067e+001 7.500010e-001
      vertex   -1.027575e+002 6.294067e+001 1.125001e+000
    endloop
  endfacet
  facet normal -3.027600e-001 -9.530668e-001 0.000000e+000
    outer loop
      vertex   -1.029419e+002 6.299927e+001 1.500001e+000
      vertex   -1.027575e+002 6.294067e+001 1.125001e+000
      vertex   -1.027575e+002 6.294067e+001 1.500001e+000
    endloop
  endfacet
  facet normal -3.027600e-001 -9.530668e-001 1.805853e-014
    outer loop
      vertex   -1.029419e+002 6.299927e+001 1.875001e+000
      vertex   -1.027575e+002 6.294067e+001 1.500001e+000
      vertex   -1.027575e+002 6.294067e+001 1.875001e+000
    endloop
  endfacet
  facet normal -3.027600e-001 -9.530668e-001 -1.805853e-014
    outer loop
      vertex   -1.029419e+002 6.299927e+001 2.250001e+000
      vertex   -1.027575e+002 6.294067e+001 1.875001e+000
      vertex   -1.027575e+002 6.294067e+001 2.250001e+000
    endloop
  endfacet
  facet normal -3.027600e-001 -9.530668e-001 1.805853e-014
    outer loop
      vertex   -1.029419e+002 6.299927e+001 2.625001e+000
      vertex   -1.027575e+002 6.294067e+001 2.250001e+000
      vertex   -1.027575e+002 6.294067e+001 2.625001e+000
    endloop
  endfacet
  facet normal -3.157441e-001 -9.488440e-001 -8.022816e-004
    outer loop
      vertex   -1.028973e+002 6.298687e+001 3.000001e+000
      vertex   -1.027575e+002 6.294067e+001 2.625001e+000
      vertex   -1.027498e+002 6.293781e+001 3.000001e+000
    endloop
  endfacet
  facet normal -3.027569e-001 -9.530569e-001 4.558052e-003
    outer loop
      vertex   -1.028973e+002 6.298687e+001 3.000001e+000
      vertex   -1.029419e+002 6.299927e+001 2.625001e+000
      vertex   -1.027575e+002 6.294067e+001 2.625001e+000
    endloop
  endfacet
  facet normal -3.933350e-001 -9.193859e-001 -4.152458e-003
    outer loop
      vertex   -1.027575e+002 6.294067e+001 3.750010e-001
      vertex   -1.027193e+002 6.292603e+001 1.000000e-006
      vertex   -1.025795e+002 6.286454e+001 3.750010e-001
    endloop
  endfacet
  facet normal -3.933384e-001 -9.193938e-001 0.000000e+000
    outer loop
      vertex   -1.027575e+002 6.294067e+001 7.500010e-001
      vertex   -1.025795e+002 6.286454e+001 3.750010e-001
      vertex   -1.025795e+002 6.286454e+001 7.500010e-001
    endloop
  endfacet
  facet normal -3.933384e-001 -9.193938e-001 0.000000e+000
    outer loop
      vertex   -1.027575e+002 6.294067e+001 1.125001e+000
      vertex   -1.025795e+002 6.286454e+001 7.500010e-001
      vertex   -1.025795e+002 6.286454e+001 1.125001e+000
    endloop
  endfacet
  facet normal -3.933384e-001 -9.193938e-001 0.000000e+000
    outer loop
      vertex   -1.027575e+002 6.294067e+001 1.500001e+000
      vertex   -1.025795e+002 6.286454e+001 1.125001e+000
      vertex   -1.025795e+002 6.286454e+001 1.500001e+000
    endloop
  endfacet
  facet normal -3.933384e-001 -9.193938e-001 0.000000e+000
    outer loop
      vertex   -1.027575e+002 6.294067e+001 1.875001e+000
      vertex   -1.025795e+002 6.286454e+001 1.500001e+000
      vertex   -1.025795e+002 6.286454e+001 1.875001e+000
    endloop
  endfacet
  facet normal -3.933384e-001 -9.193938e-001 0.000000e+000
    outer loop
      vertex   -1.027575e+002 6.294067e+001 2.250001e+000
      vertex   -1.025795e+002 6.286454e+001 1.875001e+000
      vertex   -1.025795e+002 6.286454e+001 2.250001e+000
    endloop
  endfacet
  facet normal -3.933384e-001 -9.193938e-001 0.000000e+000
    outer loop
      vertex   -1.027575e+002 6.294067e+001 2.625001e+000
      vertex   -1.025795e+002 6.286454e+001 2.250001e+000
      vertex   -1.025795e+002 6.286454e+001 2.625001e+000
    endloop
  endfacet
  facet normal -4.586121e-001 -8.886330e-001 -2.508707e-003
    outer loop
      vertex   -1.026066e+002 6.287746e+001 3.000001e+000
      vertex   -1.025795e+002 6.286454e+001 2.625001e+000
      vertex   -1.024685e+002 6.280619e+001 3.000001e+000
    endloop
  endfacet
  facet normal -3.933363e-001 -9.193889e-001 3.263424e-003
    outer loop
      vertex   -1.026066e+002 6.287746e+001 3.000001e+000
      vertex   -1.027575e+002 6.294067e+001 2.625001e+000
      vertex   -1.025795e+002 6.286454e+001 2.625001e+000
    endloop
  endfacet
  facet normal -3.883295e-001 -9.215201e-001 8.898073e-004
    outer loop
      vertex   -1.026066e+002 6.287746e+001 3.000001e+000
      vertex   -1.027498e+002 6.293781e+001 3.000001e+000
      vertex   -1.027575e+002 6.294067e+001 2.625001e+000
    endloop
  endfacet
  facet normal -6.152114e-001 -7.883533e-001 3.737369e-003
    outer loop
      vertex   -1.022894e+002 6.269169e+001 1.000000e-006
      vertex   -1.021604e+002 6.259105e+001 1.000000e-006
      vertex   -1.022498e+002 6.266261e+001 3.750010e-001
    endloop
  endfacet
  facet normal -6.400929e-001 -7.682738e-001 -6.026933e-003
    outer loop
      vertex   -1.022498e+002 6.266261e+001 3.750010e-001
      vertex   -1.021604e+002 6.259105e+001 1.000000e-006
      vertex   -1.021011e+002 6.253872e+001 3.750010e-001
    endloop
  endfacet
  facet normal -6.401046e-001 -7.682878e-001 0.000000e+000
    outer loop
      vertex   -1.022498e+002 6.266261e+001 7.500010e-001
      vertex   -1.021011e+002 6.253872e+001 3.750010e-001
      vertex   -1.021011e+002 6.253872e+001 7.500010e-001
    endloop
  endfacet
  facet normal -6.401046e-001 -7.682878e-001 1.455737e-014
    outer loop
      vertex   -1.022498e+002 6.266261e+001 1.125001e+000
      vertex   -1.021011e+002 6.253872e+001 7.500010e-001
      vertex   -1.021011e+002 6.253872e+001 1.125001e+000
    endloop
  endfacet
  facet normal -6.401046e-001 -7.682878e-001 0.000000e+000
    outer loop
      vertex   -1.022498e+002 6.266261e+001 1.500001e+000
      vertex   -1.021011e+002 6.253872e+001 1.125001e+000
      vertex   -1.021011e+002 6.253872e+001 1.500001e+000
    endloop
  endfacet
  facet normal -6.401046e-001 -7.682878e-001 -2.425715e-014
    outer loop
      vertex   -1.022498e+002 6.266261e+001 1.875001e+000
      vertex   -1.021011e+002 6.253872e+001 1.500001e+000
      vertex   -1.021011e+002 6.253872e+001 1.875001e+000
    endloop
  endfacet
  facet normal -6.401046e-001 -7.682878e-001 1.455737e-014
    outer loop
      vertex   -1.022498e+002 6.266261e+001 2.250001e+000
      vertex   -1.021011e+002 6.253872e+001 1.875001e+000
      vertex   -1.021011e+002 6.253872e+001 2.250001e+000
    endloop
  endfacet
  facet normal -6.401046e-001 -7.682878e-001 -2.425715e-014
    outer loop
      vertex   -1.022498e+002 6.266261e+001 2.625001e+000
      vertex   -1.021011e+002 6.253872e+001 2.250001e+000
      vertex   -1.021011e+002 6.253872e+001 2.625001e+000
    endloop
  endfacet
  facet normal -6.515343e-001 -7.586184e-001 -1.050330e-003
    outer loop
      vertex   -1.022110e+002 6.263257e+001 3.000001e+000
      vertex   -1.021011e+002 6.253872e+001 2.625001e+000
      vertex   -1.020931e+002 6.253132e+001 3.000001e+000
    endloop
  endfacet
  facet normal -6.400974e-001 -7.682792e-001 4.718579e-003
    outer loop
      vertex   -1.022110e+002 6.263257e+001 3.000001e+000
      vertex   -1.022498e+002 6.266261e+001 2.625001e+000
      vertex   -1.021011e+002 6.253872e+001 2.625001e+000
    endloop
  endfacet
  facet normal -6.775100e-001 -7.355000e-001 4.462278e-003
    outer loop
      vertex   -1.021604e+002 6.259105e+001 1.000000e-006
      vertex   -1.020401e+002 6.248023e+001 1.000000e-006
      vertex   -1.021011e+002 6.253872e+001 3.750010e-001
    endloop
  endfacet
  facet normal -7.114316e-001 -7.027282e-001 -6.169720e-003
    outer loop
      vertex   -1.021011e+002 6.253872e+001 3.750010e-001
      vertex   -1.020401e+002 6.248023e+001 1.000000e-006
      vertex   -1.019651e+002 6.240102e+001 3.750010e-001
    endloop
  endfacet
  facet normal -7.114452e-001 -7.027416e-001 0.000000e+000
    outer loop
      vertex   -1.021011e+002 6.253872e+001 7.500010e-001
      vertex   -1.019651e+002 6.240102e+001 3.750010e-001
      vertex   -1.019651e+002 6.240102e+001 7.500010e-001
    endloop
  endfacet
  facet normal -7.114452e-001 -7.027416e-001 0.000000e+000
    outer loop
      vertex   -1.021011e+002 6.253872e+001 1.125001e+000
      vertex   -1.019651e+002 6.240102e+001 7.500010e-001
      vertex   -1.019651e+002 6.240102e+001 1.125001e+000
    endloop
  endfacet
  facet normal -7.114452e-001 -7.027416e-001 0.000000e+000
    outer loop
      vertex   -1.021011e+002 6.253872e+001 1.500001e+000
      vertex   -1.019651e+002 6.240102e+001 1.125001e+000
      vertex   -1.019651e+002 6.240102e+001 1.500001e+000
    endloop
  endfacet
  facet normal -7.114452e-001 -7.027416e-001 -3.298279e-016
    outer loop
      vertex   -1.021011e+002 6.253872e+001 1.875001e+000
      vertex   -1.019651e+002 6.240102e+001 1.500001e+000
      vertex   -1.019651e+002 6.240102e+001 1.875001e+000
    endloop
  endfacet
  facet normal -7.114452e-001 -7.027416e-001 -1.331541e-014
    outer loop
      vertex   -1.021011e+002 6.253872e+001 2.250001e+000
      vertex   -1.019651e+002 6.240102e+001 1.875001e+000
      vertex   -1.019651e+002 6.240102e+001 2.250001e+000
    endloop
  endfacet
  facet normal -7.114452e-001 -7.027416e-001 0.000000e+000
    outer loop
      vertex   -1.021011e+002 6.253872e+001 2.625001e+000
      vertex   -1.019651e+002 6.240102e+001 2.250001e+000
      vertex   -1.019651e+002 6.240102e+001 2.625001e+000
    endloop
  endfacet
  facet normal -7.612728e-001 -6.484275e-001 -2.327569e-003
    outer loop
      vertex   -1.019834e+002 6.242121e+001 3.000001e+000
      vertex   -1.019651e+002 6.240102e+001 2.625001e+000
      vertex   -1.018827e+002 6.230290e+001 3.000001e+000
    endloop
  endfacet
  facet normal -7.114419e-001 -7.027384e-001 3.032385e-003
    outer loop
      vertex   -1.019834e+002 6.242121e+001 3.000001e+000
      vertex   -1.021011e+002 6.253872e+001 2.625001e+000
      vertex   -1.019651e+002 6.240102e+001 2.625001e+000
    endloop
  endfacet
  facet normal -7.085563e-001 -7.056532e-001 1.213503e-003
    outer loop
      vertex   -1.019834e+002 6.242121e+001 3.000001e+000
      vertex   -1.020931e+002 6.253132e+001 3.000001e+000
      vertex   -1.021011e+002 6.253872e+001 2.625001e+000
    endloop
  endfacet
  facet normal -7.355021e-001 -6.775108e-001 3.969424e-003
    outer loop
      vertex   -1.020401e+002 6.248023e+001 1.000000e-006
      vertex   -1.019293e+002 6.235992e+001 1.000000e-006
      vertex   -1.019651e+002 6.240102e+001 3.750010e-001
    endloop
  endfacet
  facet normal -7.760606e-001 -6.306381e-001 -5.045458e-003
    outer loop
      vertex   -1.019651e+002 6.240102e+001 3.750010e-001
      vertex   -1.019293e+002 6.235992e+001 1.000000e-006
      vertex   -1.018430e+002 6.225082e+001 3.750010e-001
    endloop
  endfacet
  facet normal -7.760705e-001 -6.306461e-001 0.000000e+000
    outer loop
      vertex   -1.019651e+002 6.240102e+001 7.500010e-001
      vertex   -1.018430e+002 6.225082e+001 3.750010e-001
      vertex   -1.018430e+002 6.225082e+001 7.500010e-001
    endloop
  endfacet
  facet normal -7.760705e-001 -6.306461e-001 -1.746031e-014
    outer loop
      vertex   -1.019651e+002 6.240102e+001 1.125001e+000
      vertex   -1.018430e+002 6.225082e+001 7.500010e-001
      vertex   -1.018430e+002 6.225082e+001 1.125001e+000
    endloop
  endfacet
  facet normal -7.760705e-001 -6.306461e-001 -1.194936e-014
    outer loop
      vertex   -1.019651e+002 6.240102e+001 1.500001e+000
      vertex   -1.018430e+002 6.225082e+001 1.125001e+000
      vertex   -1.018430e+002 6.225082e+001 1.500001e+000
    endloop
  endfacet
  facet normal -7.760705e-001 -6.306461e-001 0.000000e+000
    outer loop
      vertex   -1.019651e+002 6.240102e+001 1.875001e+000
      vertex   -1.018430e+002 6.225082e+001 1.500001e+000
      vertex   -1.018430e+002 6.225082e+001 1.875001e+000
    endloop
  endfacet
  facet normal -7.760705e-001 -6.306461e-001 -1.746031e-014
    outer loop
      vertex   -1.019651e+002 6.240102e+001 2.250001e+000
      vertex   -1.018430e+002 6.225082e+001 1.875001e+000
      vertex   -1.018430e+002 6.225082e+001 2.250001e+000
    endloop
  endfacet
  facet normal -7.760705e-001 -6.306461e-001 -4.135903e-014
    outer loop
      vertex   -1.019651e+002 6.240102e+001 2.625001e+000
      vertex   -1.018430e+002 6.225082e+001 2.250001e+000
      vertex   -1.018430e+002 6.225082e+001 2.625001e+000
    endloop
  endfacet
  facet normal -8.092113e-001 -5.875046e-001 -3.916545e-003
    outer loop
      vertex   -1.018827e+002 6.230290e+001 3.000001e+000
      vertex   -1.018430e+002 6.225082e+001 2.625001e+000
      vertex   -1.017914e+002 6.217715e+001 3.000001e+000
    endloop
  endfacet
  facet normal -7.760584e-001 -6.306363e-001 5.577739e-003
    outer loop
      vertex   -1.018827e+002 6.230290e+001 3.000001e+000
      vertex   -1.019651e+002 6.240102e+001 2.625001e+000
      vertex   -1.018430e+002 6.225082e+001 2.625001e+000
    endloop
  endfacet
  facet normal -7.883570e-001 -6.152138e-001 2.269047e-003
    outer loop
      vertex   -1.019293e+002 6.235992e+001 1.000000e-006
      vertex   -1.018286e+002 6.223096e+001 1.000000e-006
      vertex   -1.018430e+002 6.225082e+001 3.750010e-001
    endloop
  endfacet
  facet normal -8.332903e-001 -5.528287e-001 -2.762893e-003
    outer loop
      vertex   -1.018430e+002 6.225082e+001 3.750010e-001
      vertex   -1.018286e+002 6.223096e+001 1.000000e-006
      vertex   -1.017361e+002 6.208954e+001 3.750010e-001
    endloop
  endfacet
  facet normal -8.332935e-001 -5.528308e-001 -1.047493e-014
    outer loop
      vertex   -1.018430e+002 6.225082e+001 7.500010e-001
      vertex   -1.017361e+002 6.208954e+001 3.750010e-001
      vertex   -1.017361e+002 6.208954e+001 7.500010e-001
    endloop
  endfacet
  facet normal -8.332935e-001 -5.528308e-001 0.000000e+000
    outer loop
      vertex   -1.018430e+002 6.225082e+001 1.125001e+000
      vertex   -1.017361e+002 6.208954e+001 7.500010e-001
      vertex   -1.017361e+002 6.208954e+001 1.125001e+000
    endloop
  endfacet
  facet normal -8.332935e-001 -5.528308e-001 0.000000e+000
    outer loop
      vertex   -1.018430e+002 6.225082e+001 1.500001e+000
      vertex   -1.017361e+002 6.208954e+001 1.125001e+000
      vertex   -1.017361e+002 6.208954e+001 1.500001e+000
    endloop
  endfacet
  facet normal -8.332935e-001 -5.528308e-001 0.000000e+000
    outer loop
      vertex   -1.018430e+002 6.225082e+001 1.875001e+000
      vertex   -1.017361e+002 6.208954e+001 1.500001e+000
      vertex   -1.017361e+002 6.208954e+001 1.875001e+000
    endloop
  endfacet
  facet normal -8.332935e-001 -5.528308e-001 0.000000e+000
    outer loop
      vertex   -1.018430e+002 6.225082e+001 2.250001e+000
      vertex   -1.017361e+002 6.208954e+001 1.875001e+000
      vertex   -1.017361e+002 6.208954e+001 2.250001e+000
    endloop
  endfacet
  facet normal -8.332935e-001 -5.528308e-001 -1.047493e-014
    outer loop
      vertex   -1.018430e+002 6.225082e+001 2.625001e+000
      vertex   -1.017361e+002 6.208954e+001 2.250001e+000
      vertex   -1.017361e+002 6.208954e+001 2.625001e+000
    endloop
  endfacet
  facet normal -8.523763e-001 -5.229166e-001 -3.590254e-003
    outer loop
      vertex   -1.017914e+002 6.217715e+001 3.000001e+000
      vertex   -1.017361e+002 6.208954e+001 2.625001e+000
      vertex   -1.017101e+002 6.204468e+001 3.000001e+000
    endloop
  endfacet
  facet normal -8.332774e-001 -5.528201e-001 6.213634e-003
    outer loop
      vertex   -1.017914e+002 6.217715e+001 3.000001e+000
      vertex   -1.018430e+002 6.225082e+001 2.625001e+000
      vertex   -1.017361e+002 6.208954e+001 2.625001e+000
    endloop
  endfacet
  facet normal -8.359179e-001 -5.488541e-001 -6.153400e-004
    outer loop
      vertex   -1.018286e+002 6.223096e+001 1.000000e-006
      vertex   -1.017388e+002 6.209422e+001 1.000000e-006
      vertex   -1.017361e+002 6.208954e+001 3.750010e-001
    endloop
  endfacet
  facet normal -8.780715e-001 -4.785291e-001 5.771117e-004
    outer loop
      vertex   -1.017361e+002 6.208954e+001 3.750010e-001
      vertex   -1.017388e+002 6.209422e+001 1.000000e-006
      vertex   -1.016606e+002 6.195059e+001 1.000000e-006
    endloop
  endfacet
  facet normal -9.142305e-001 -4.051833e-001 3.022078e-003
    outer loop
      vertex   -1.016452e+002 6.191865e+001 3.750010e-001
      vertex   -1.016606e+002 6.195059e+001 1.000000e-006
      vertex   -1.015943e+002 6.180104e+001 1.000000e-006
    endloop
  endfacet
  facet normal -9.442213e-001 -3.292838e-001 4.277724e-003
    outer loop
      vertex   -1.015712e+002 6.173979e+001 3.750010e-001
      vertex   -1.015943e+002 6.180104e+001 1.000000e-006
      vertex   -1.015404e+002 6.164658e+001 1.000000e-006
    endloop
  endfacet
  facet normal -9.680086e-001 -2.508791e-001 4.353907e-003
    outer loop
      vertex   -1.015149e+002 6.155462e+001 3.750010e-001
      vertex   -1.015404e+002 6.164658e+001 1.000000e-006
      vertex   -1.014994e+002 6.148824e+001 1.000000e-006
    endloop
  endfacet
  facet normal -9.852890e-001 -1.708670e-001 3.185469e-003
    outer loop
      vertex   -1.014768e+002 6.136487e+001 3.750010e-001
      vertex   -1.014994e+002 6.148824e+001 1.000000e-006
      vertex   -1.014714e+002 6.132706e+001 1.000000e-006
    endloop
  endfacet
  facet normal -9.959444e-001 -8.996675e-002 8.465219e-004
    outer loop
      vertex   -1.014571e+002 6.117232e+001 3.750010e-001
      vertex   -1.014714e+002 6.132706e+001 1.000000e-006
      vertex   -1.014567e+002 6.116415e+001 1.000000e-006
    endloop
  endfacet
  facet normal -9.999659e-001 -8.208317e-003 -9.393265e-004
    outer loop
      vertex   -1.014554e+002 6.100058e+001 1.000000e-006
      vertex   -1.014571e+002 6.117232e+001 3.750010e-001
      vertex   -1.014567e+002 6.116415e+001 1.000000e-006
    endloop
  endfacet
  facet normal -9.999854e-001 -4.786532e-003 -2.506504e-003
    outer loop
      vertex   -1.014554e+002 6.100058e+001 1.000000e-006
      vertex   -1.014562e+002 6.097878e+001 3.750010e-001
      vertex   -1.014571e+002 6.117232e+001 3.750010e-001
    endloop
  endfacet
  facet normal -9.972797e-001 7.368175e-002 2.061150e-003
    outer loop
      vertex   -1.014554e+002 6.100058e+001 1.000000e-006
      vertex   -1.014674e+002 6.083744e+001 1.000000e-006
      vertex   -1.014562e+002 6.097878e+001 3.750010e-001
    endloop
  endfacet
  facet normal -9.957475e-001 9.199455e-002 -4.886602e-003
    outer loop
      vertex   -1.014562e+002 6.097878e+001 3.750010e-001
      vertex   -1.014674e+002 6.083744e+001 1.000000e-006
      vertex   -1.014740e+002 6.078605e+001 3.750010e-001
    endloop
  endfacet
  facet normal -9.957594e-001 9.199565e-002 0.000000e+000
    outer loop
      vertex   -1.014562e+002 6.097878e+001 7.500010e-001
      vertex   -1.014740e+002 6.078605e+001 3.750010e-001
      vertex   -1.014740e+002 6.078605e+001 7.500010e-001
    endloop
  endfacet
  facet normal -9.957594e-001 9.199565e-002 -1.743116e-015
    outer loop
      vertex   -1.014562e+002 6.097878e+001 1.125001e+000
      vertex   -1.014740e+002 6.078605e+001 7.500010e-001
      vertex   -1.014740e+002 6.078605e+001 1.125001e+000
    endloop
  endfacet
  facet normal -9.957594e-001 9.199565e-002 1.743116e-015
    outer loop
      vertex   -1.014562e+002 6.097878e+001 1.500001e+000
      vertex   -1.014740e+002 6.078605e+001 1.125001e+000
      vertex   -1.014740e+002 6.078605e+001 1.500001e+000
    endloop
  endfacet
  facet normal -9.957594e-001 9.199565e-002 -1.743116e-015
    outer loop
      vertex   -1.014562e+002 6.097878e+001 1.875001e+000
      vertex   -1.014740e+002 6.078605e+001 1.500001e+000
      vertex   -1.014740e+002 6.078605e+001 1.875001e+000
    endloop
  endfacet
  facet normal -9.957594e-001 9.199565e-002 1.743116e-015
    outer loop
      vertex   -1.014562e+002 6.097878e+001 2.250001e+000
      vertex   -1.014740e+002 6.078605e+001 1.875001e+000
      vertex   -1.014740e+002 6.078605e+001 2.250001e+000
    endloop
  endfacet
  facet normal -9.957594e-001 9.199565e-002 0.000000e+000
    outer loop
      vertex   -1.014562e+002 6.097878e+001 2.625001e+000
      vertex   -1.014740e+002 6.078605e+001 2.250001e+000
      vertex   -1.014740e+002 6.078605e+001 2.625001e+000
    endloop
  endfacet
  facet normal -9.888742e-001 1.487053e-001 -3.807061e-003
    outer loop
      vertex   -1.014665e+002 6.084557e+001 3.000001e+000
      vertex   -1.014740e+002 6.078605e+001 2.625001e+000
      vertex   -1.014896e+002 6.069190e+001 3.000001e+000
    endloop
  endfacet
  facet normal -9.957453e-001 9.199434e-002 5.332011e-003
    outer loop
      vertex   -1.014665e+002 6.084557e+001 3.000001e+000
      vertex   -1.014562e+002 6.097878e+001 2.625001e+000
      vertex   -1.014740e+002 6.078605e+001 2.625001e+000
    endloop
  endfacet
  facet normal -9.974283e-001 7.164528e-002 -1.942432e-003
    outer loop
      vertex   -1.014665e+002 6.084557e+001 3.000001e+000
      vertex   -1.014554e+002 6.100058e+001 3.000001e+000
      vertex   -1.014562e+002 6.097878e+001 2.625001e+000
    endloop
  endfacet
  facet normal -9.999854e-001 -4.786532e-003 2.506505e-003
    outer loop
      vertex   -1.014562e+002 6.097878e+001 2.625001e+000
      vertex   -1.014554e+002 6.100058e+001 3.000001e+000
      vertex   -1.014571e+002 6.117232e+001 2.625001e+000
    endloop
  endfacet
  facet normal -9.999885e-001 -4.786547e-003 -3.789518e-014
    outer loop
      vertex   -1.014562e+002 6.097878e+001 2.250001e+000
      vertex   -1.014571e+002 6.117232e+001 2.625001e+000
      vertex   -1.014571e+002 6.117232e+001 2.250001e+000
    endloop
  endfacet
  facet normal -9.999885e-001 -4.786547e-003 3.789518e-014
    outer loop
      vertex   -1.014562e+002 6.097878e+001 1.875001e+000
      vertex   -1.014571e+002 6.117232e+001 2.250001e+000
      vertex   -1.014571e+002 6.117232e+001 1.875001e+000
    endloop
  endfacet
  facet normal -9.999885e-001 -4.786547e-003 -0.000000e+000
    outer loop
      vertex   -1.014562e+002 6.097878e+001 1.500001e+000
      vertex   -1.014571e+002 6.117232e+001 1.875001e+000
      vertex   -1.014571e+002 6.117232e+001 1.500001e+000
    endloop
  endfacet
  facet normal -9.999885e-001 -4.786547e-003 -3.789518e-014
    outer loop
      vertex   -1.014562e+002 6.097878e+001 1.125001e+000
      vertex   -1.014571e+002 6.117232e+001 1.500001e+000
      vertex   -1.014571e+002 6.117232e+001 1.125001e+000
    endloop
  endfacet
  facet normal -9.999885e-001 -4.786547e-003 3.789518e-014
    outer loop
      vertex   -1.014562e+002 6.097878e+001 7.500010e-001
      vertex   -1.014571e+002 6.117232e+001 1.125001e+000
      vertex   -1.014571e+002 6.117232e+001 7.500010e-001
    endloop
  endfacet
  facet normal -9.999885e-001 -4.786547e-003 -3.789518e-014
    outer loop
      vertex   -1.014562e+002 6.097878e+001 3.750010e-001
      vertex   -1.014571e+002 6.117232e+001 7.500010e-001
      vertex   -1.014571e+002 6.117232e+001 3.750010e-001
    endloop
  endfacet
  facet normal -9.999885e-001 -4.786547e-003 0.000000e+000
    outer loop
      vertex   -1.014562e+002 6.097878e+001 3.750010e-001
      vertex   -1.014562e+002 6.097878e+001 7.500010e-001
      vertex   -1.014571e+002 6.117232e+001 7.500010e-001
    endloop
  endfacet
  facet normal -9.957594e-001 9.199565e-002 0.000000e+000
    outer loop
      vertex   -1.014562e+002 6.097878e+001 3.750010e-001
      vertex   -1.014740e+002 6.078605e+001 3.750010e-001
      vertex   -1.014562e+002 6.097878e+001 7.500010e-001
    endloop
  endfacet
  facet normal -8.829200e-001 -4.695086e-001 -3.741120e-003
    outer loop
      vertex   -1.017361e+002 6.208954e+001 3.750010e-001
      vertex   -1.016606e+002 6.195059e+001 1.000000e-006
      vertex   -1.016452e+002 6.191865e+001 3.750010e-001
    endloop
  endfacet
  facet normal -8.829261e-001 -4.695119e-001 0.000000e+000
    outer loop
      vertex   -1.017361e+002 6.208954e+001 7.500010e-001
      vertex   -1.016452e+002 6.191865e+001 3.750010e-001
      vertex   -1.016452e+002 6.191865e+001 7.500010e-001
    endloop
  endfacet
  facet normal -8.829261e-001 -4.695119e-001 0.000000e+000
    outer loop
      vertex   -1.017361e+002 6.208954e+001 1.125001e+000
      vertex   -1.016452e+002 6.191865e+001 7.500010e-001
      vertex   -1.016452e+002 6.191865e+001 1.125001e+000
    endloop
  endfacet
  facet normal -8.829261e-001 -4.695119e-001 8.896221e-015
    outer loop
      vertex   -1.017361e+002 6.208954e+001 1.500001e+000
      vertex   -1.016452e+002 6.191865e+001 1.125001e+000
      vertex   -1.016452e+002 6.191865e+001 1.500001e+000
    endloop
  endfacet
  facet normal -8.829261e-001 -4.695119e-001 0.000000e+000
    outer loop
      vertex   -1.017361e+002 6.208954e+001 1.875001e+000
      vertex   -1.016452e+002 6.191865e+001 1.500001e+000
      vertex   -1.016452e+002 6.191865e+001 1.875001e+000
    endloop
  endfacet
  facet normal -8.829261e-001 -4.695119e-001 0.000000e+000
    outer loop
      vertex   -1.017361e+002 6.208954e+001 2.250001e+000
      vertex   -1.016452e+002 6.191865e+001 1.875001e+000
      vertex   -1.016452e+002 6.191865e+001 2.250001e+000
    endloop
  endfacet
  facet normal -8.829261e-001 -4.695119e-001 0.000000e+000
    outer loop
      vertex   -1.017361e+002 6.208954e+001 2.625001e+000
      vertex   -1.016452e+002 6.191865e+001 2.250001e+000
      vertex   -1.016452e+002 6.191865e+001 2.625001e+000
    endloop
  endfacet
  facet normal -8.905045e-001 -4.549727e-001 -1.288406e-003
    outer loop
      vertex   -1.017101e+002 6.204468e+001 3.000001e+000
      vertex   -1.016452e+002 6.191865e+001 2.625001e+000
      vertex   -1.016394e+002 6.190630e+001 3.000001e+000
    endloop
  endfacet
  facet normal -8.829155e-001 -4.695062e-001 4.910215e-003
    outer loop
      vertex   -1.017101e+002 6.204468e+001 3.000001e+000
      vertex   -1.017361e+002 6.208954e+001 2.625001e+000
      vertex   -1.016452e+002 6.191865e+001 2.625001e+000
    endloop
  endfacet
  facet normal -9.241251e-001 -3.820493e-001 -5.576428e-003
    outer loop
      vertex   -1.016452e+002 6.191865e+001 3.750010e-001
      vertex   -1.015943e+002 6.180104e+001 1.000000e-006
      vertex   -1.015712e+002 6.173979e+001 3.750010e-001
    endloop
  endfacet
  facet normal -9.241395e-001 -3.820552e-001 0.000000e+000
    outer loop
      vertex   -1.016452e+002 6.191865e+001 7.500010e-001
      vertex   -1.015712e+002 6.173979e+001 3.750010e-001
      vertex   -1.015712e+002 6.173979e+001 7.500010e-001
    endloop
  endfacet
  facet normal -9.241395e-001 -3.820552e-001 -3.502083e-014
    outer loop
      vertex   -1.016452e+002 6.191865e+001 1.125001e+000
      vertex   -1.015712e+002 6.173979e+001 7.500010e-001
      vertex   -1.015712e+002 6.173979e+001 1.125001e+000
    endloop
  endfacet
  facet normal -9.241395e-001 -3.820552e-001 0.000000e+000
    outer loop
      vertex   -1.016452e+002 6.191865e+001 1.500001e+000
      vertex   -1.015712e+002 6.173979e+001 1.125001e+000
      vertex   -1.015712e+002 6.173979e+001 1.500001e+000
    endloop
  endfacet
  facet normal -9.241395e-001 -3.820552e-001 0.000000e+000
    outer loop
      vertex   -1.016452e+002 6.191865e+001 1.875001e+000
      vertex   -1.015712e+002 6.173979e+001 1.500001e+000
      vertex   -1.015712e+002 6.173979e+001 1.875001e+000
    endloop
  endfacet
  facet normal -9.241395e-001 -3.820552e-001 -3.502083e-014
    outer loop
      vertex   -1.016452e+002 6.191865e+001 2.250001e+000
      vertex   -1.015712e+002 6.173979e+001 1.875001e+000
      vertex   -1.015712e+002 6.173979e+001 2.250001e+000
    endloop
  endfacet
  facet normal -9.241395e-001 -3.820552e-001 0.000000e+000
    outer loop
      vertex   -1.016452e+002 6.191865e+001 2.625001e+000
      vertex   -1.015712e+002 6.173979e+001 2.250001e+000
      vertex   -1.015712e+002 6.173979e+001 2.625001e+000
    endloop
  endfacet
  facet normal -9.501262e-001 -3.118582e-001 -2.140404e-003
    outer loop
      vertex   -1.015796e+002 6.176284e+001 3.000001e+000
      vertex   -1.015712e+002 6.173979e+001 2.625001e+000
      vertex   -1.015312e+002 6.161519e+001 3.000001e+000
    endloop
  endfacet
  facet normal -9.241360e-001 -3.820537e-001 2.758588e-003
    outer loop
      vertex   -1.015796e+002 6.176284e+001 3.000001e+000
      vertex   -1.016452e+002 6.191865e+001 2.625001e+000
      vertex   -1.015712e+002 6.173979e+001 2.625001e+000
    endloop
  endfacet
  facet normal -9.230958e-001 -3.845669e-001 1.532614e-003
    outer loop
      vertex   -1.015796e+002 6.176284e+001 3.000001e+000
      vertex   -1.016394e+002 6.190630e+001 3.000001e+000
      vertex   -1.016452e+002 6.191865e+001 2.625001e+000
    endloop
  endfacet
  facet normal -9.566977e-001 -2.910160e-001 -6.258547e-003
    outer loop
      vertex   -1.015712e+002 6.173979e+001 3.750010e-001
      vertex   -1.015404e+002 6.164658e+001 1.000000e-006
      vertex   -1.015149e+002 6.155462e+001 3.750010e-001
    endloop
  endfacet
  facet normal -9.567165e-001 -2.910217e-001 0.000000e+000
    outer loop
      vertex   -1.015712e+002 6.173979e+001 7.500010e-001
      vertex   -1.015149e+002 6.155462e+001 3.750010e-001
      vertex   -1.015149e+002 6.155462e+001 7.500010e-001
    endloop
  endfacet
  facet normal -9.567165e-001 -2.910217e-001 0.000000e+000
    outer loop
      vertex   -1.015712e+002 6.173979e+001 1.125001e+000
      vertex   -1.015149e+002 6.155462e+001 7.500010e-001
      vertex   -1.015149e+002 6.155462e+001 1.125001e+000
    endloop
  endfacet
  facet normal -9.567165e-001 -2.910217e-001 0.000000e+000
    outer loop
      vertex   -1.015712e+002 6.173979e+001 1.500001e+000
      vertex   -1.015149e+002 6.155462e+001 1.125001e+000
      vertex   -1.015149e+002 6.155462e+001 1.500001e+000
    endloop
  endfacet
  facet normal -9.567165e-001 -2.910217e-001 0.000000e+000
    outer loop
      vertex   -1.015712e+002 6.173979e+001 1.875001e+000
      vertex   -1.015149e+002 6.155462e+001 1.500001e+000
      vertex   -1.015149e+002 6.155462e+001 1.875001e+000
    endloop
  endfacet
  facet normal -9.567165e-001 -2.910217e-001 0.000000e+000
    outer loop
      vertex   -1.015712e+002 6.173979e+001 2.250001e+000
      vertex   -1.015149e+002 6.155462e+001 1.875001e+000
      vertex   -1.015149e+002 6.155462e+001 2.250001e+000
    endloop
  endfacet
  facet normal -9.567165e-001 -2.910217e-001 -3.625536e-014
    outer loop
      vertex   -1.015712e+002 6.173979e+001 2.625001e+000
      vertex   -1.015149e+002 6.155462e+001 2.250001e+000
      vertex   -1.015149e+002 6.155462e+001 2.625001e+000
    endloop
  endfacet
  facet normal -9.715140e-001 -2.369504e-001 -3.889286e-003
    outer loop
      vertex   -1.015312e+002 6.161519e+001 3.000001e+000
      vertex   -1.015149e+002 6.155462e+001 2.625001e+000
      vertex   -1.014944e+002 6.146422e+001 3.000001e+000
    endloop
  endfacet
  facet normal -9.567021e-001 -2.910173e-001 5.486428e-003
    outer loop
      vertex   -1.015312e+002 6.161519e+001 3.000001e+000
      vertex   -1.015712e+002 6.173979e+001 2.625001e+000
      vertex   -1.015149e+002 6.155462e+001 2.625001e+000
    endloop
  endfacet
  facet normal -9.803913e-001 -1.969782e-001 -5.700077e-003
    outer loop
      vertex   -1.015149e+002 6.155462e+001 3.750010e-001
      vertex   -1.014994e+002 6.148824e+001 1.000000e-006
      vertex   -1.014768e+002 6.136487e+001 3.750010e-001
    endloop
  endfacet
  facet normal -9.804072e-001 -1.969814e-001 -3.732366e-015
    outer loop
      vertex   -1.015149e+002 6.155462e+001 7.500010e-001
      vertex   -1.014768e+002 6.136487e+001 3.750010e-001
      vertex   -1.014768e+002 6.136487e+001 7.500010e-001
    endloop
  endfacet
  facet normal -9.804072e-001 -1.969814e-001 3.732366e-015
    outer loop
      vertex   -1.015149e+002 6.155462e+001 1.125001e+000
      vertex   -1.014768e+002 6.136487e+001 7.500010e-001
      vertex   -1.014768e+002 6.136487e+001 1.125001e+000
    endloop
  endfacet
  facet normal -9.804072e-001 -1.969814e-001 0.000000e+000
    outer loop
      vertex   -1.015149e+002 6.155462e+001 1.500001e+000
      vertex   -1.014768e+002 6.136487e+001 1.125001e+000
      vertex   -1.014768e+002 6.136487e+001 1.500001e+000
    endloop
  endfacet
  facet normal -9.804072e-001 -1.969814e-001 -3.732366e-015
    outer loop
      vertex   -1.015149e+002 6.155462e+001 1.875001e+000
      vertex   -1.014768e+002 6.136487e+001 1.500001e+000
      vertex   -1.014768e+002 6.136487e+001 1.875001e+000
    endloop
  endfacet
  facet normal -9.804072e-001 -1.969814e-001 3.732366e-015
    outer loop
      vertex   -1.015149e+002 6.155462e+001 2.250001e+000
      vertex   -1.014768e+002 6.136487e+001 1.875001e+000
      vertex   -1.014768e+002 6.136487e+001 2.250001e+000
    endloop
  endfacet
  facet normal -9.804072e-001 -1.969814e-001 -3.732366e-015
    outer loop
      vertex   -1.015149e+002 6.155462e+001 2.625001e+000
      vertex   -1.014768e+002 6.136487e+001 2.250001e+000
      vertex   -1.014768e+002 6.136487e+001 2.625001e+000
    endloop
  endfacet
  facet normal -9.869801e-001 -1.608008e-001 -3.659614e-003
    outer loop
      vertex   -1.014944e+002 6.146422e+001 3.000001e+000
      vertex   -1.014768e+002 6.136487e+001 2.625001e+000
      vertex   -1.014694e+002 6.131083e+001 3.000001e+000
    endloop
  endfacet
  facet normal -9.803882e-001 -1.969776e-001 6.233641e-003
    outer loop
      vertex   -1.014944e+002 6.146422e+001 3.000001e+000
      vertex   -1.015149e+002 6.155462e+001 2.625001e+000
      vertex   -1.014768e+002 6.136487e+001 2.625001e+000
    endloop
  endfacet
  facet normal -9.948301e-001 -1.014767e-001 -3.945620e-003
    outer loop
      vertex   -1.014768e+002 6.136487e+001 3.750010e-001
      vertex   -1.014714e+002 6.132706e+001 1.000000e-006
      vertex   -1.014571e+002 6.117232e+001 3.750010e-001
    endloop
  endfacet
  facet normal -9.948378e-001 -1.014775e-001 -3.769999e-014
    outer loop
      vertex   -1.014768e+002 6.136487e+001 7.500010e-001
      vertex   -1.014571e+002 6.117232e+001 3.750010e-001
      vertex   -1.014571e+002 6.117232e+001 7.500010e-001
    endloop
  endfacet
  facet normal -9.948378e-001 -1.014775e-001 3.769999e-014
    outer loop
      vertex   -1.014768e+002 6.136487e+001 1.125001e+000
      vertex   -1.014571e+002 6.117232e+001 7.500010e-001
      vertex   -1.014571e+002 6.117232e+001 1.125001e+000
    endloop
  endfacet
  facet normal -9.948378e-001 -1.014775e-001 -3.769999e-014
    outer loop
      vertex   -1.014768e+002 6.136487e+001 1.500001e+000
      vertex   -1.014571e+002 6.117232e+001 1.125001e+000
      vertex   -1.014571e+002 6.117232e+001 1.500001e+000
    endloop
  endfacet
  facet normal -9.948378e-001 -1.014775e-001 0.000000e+000
    outer loop
      vertex   -1.014768e+002 6.136487e+001 1.875001e+000
      vertex   -1.014571e+002 6.117232e+001 1.500001e+000
      vertex   -1.014571e+002 6.117232e+001 1.875001e+000
    endloop
  endfacet
  facet normal -9.948378e-001 -1.014775e-001 3.769999e-014
    outer loop
      vertex   -1.014768e+002 6.136487e+001 2.250001e+000
      vertex   -1.014571e+002 6.117232e+001 1.875001e+000
      vertex   -1.014571e+002 6.117232e+001 2.250001e+000
    endloop
  endfacet
  facet normal -9.948378e-001 -1.014775e-001 -3.769999e-014
    outer loop
      vertex   -1.014768e+002 6.136487e+001 2.625001e+000
      vertex   -1.014571e+002 6.117232e+001 2.250001e+000
      vertex   -1.014571e+002 6.117232e+001 2.625001e+000
    endloop
  endfacet
  facet normal -9.964760e-001 -8.386522e-002 -1.515196e-003
    outer loop
      vertex   -1.014694e+002 6.131083e+001 3.000001e+000
      vertex   -1.014571e+002 6.117232e+001 2.625001e+000
      vertex   -1.014563e+002 6.115598e+001 3.000001e+000
    endloop
  endfacet
  facet normal -9.948252e-001 -1.014762e-001 5.043647e-003
    outer loop
      vertex   -1.014694e+002 6.131083e+001 3.000001e+000
      vertex   -1.014768e+002 6.136487e+001 2.625001e+000
      vertex   -1.014571e+002 6.117232e+001 2.625001e+000
    endloop
  endfacet
  facet normal -9.879452e-001 1.547562e-001 3.851806e-003
    outer loop
      vertex   -1.014674e+002 6.083744e+001 1.000000e-006
      vertex   -1.014927e+002 6.067583e+001 1.000000e-006
      vertex   -1.014740e+002 6.078605e+001 3.750010e-001
    endloop
  endfacet
  facet normal -9.822235e-001 1.876162e-001 -6.091842e-003
    outer loop
      vertex   -1.014740e+002 6.078605e+001 3.750010e-001
      vertex   -1.014927e+002 6.067583e+001 1.000000e-006
      vertex   -1.015103e+002 6.059594e+001 3.750010e-001
    endloop
  endfacet
  facet normal -9.822418e-001 1.876197e-001 3.554981e-015
    outer loop
      vertex   -1.014740e+002 6.078605e+001 7.500010e-001
      vertex   -1.015103e+002 6.059594e+001 3.750010e-001
      vertex   -1.015103e+002 6.059594e+001 7.500010e-001
    endloop
  endfacet
  facet normal -9.822418e-001 1.876197e-001 -3.554981e-015
    outer loop
      vertex   -1.014740e+002 6.078605e+001 1.125001e+000
      vertex   -1.015103e+002 6.059594e+001 7.500010e-001
      vertex   -1.015103e+002 6.059594e+001 1.125001e+000
    endloop
  endfacet
  facet normal -9.822418e-001 1.876197e-001 0.000000e+000
    outer loop
      vertex   -1.014740e+002 6.078605e+001 1.500001e+000
      vertex   -1.015103e+002 6.059594e+001 1.125001e+000
      vertex   -1.015103e+002 6.059594e+001 1.500001e+000
    endloop
  endfacet
  facet normal -9.822418e-001 1.876197e-001 0.000000e+000
    outer loop
      vertex   -1.014740e+002 6.078605e+001 1.875001e+000
      vertex   -1.015103e+002 6.059594e+001 1.500001e+000
      vertex   -1.015103e+002 6.059594e+001 1.875001e+000
    endloop
  endfacet
  facet normal -9.822418e-001 1.876197e-001 -3.554981e-015
    outer loop
      vertex   -1.014740e+002 6.078605e+001 2.250001e+000
      vertex   -1.015103e+002 6.059594e+001 1.875001e+000
      vertex   -1.015103e+002 6.059594e+001 2.250001e+000
    endloop
  endfacet
  facet normal -9.822418e-001 1.876197e-001 3.554981e-015
    outer loop
      vertex   -1.014740e+002 6.078605e+001 2.625001e+000
      vertex   -1.015103e+002 6.059594e+001 2.250001e+000
      vertex   -1.015103e+002 6.059594e+001 2.625001e+000
    endloop
  endfacet
  facet normal -9.743558e-001 2.249817e-001 -3.756065e-003
    outer loop
      vertex   -1.014896e+002 6.069190e+001 3.000001e+000
      vertex   -1.015103e+002 6.059594e+001 2.625001e+000
      vertex   -1.015246e+002 6.054048e+001 3.000001e+000
    endloop
  endfacet
  facet normal -9.822226e-001 1.876160e-001 6.239433e-003
    outer loop
      vertex   -1.014896e+002 6.069190e+001 3.000001e+000
      vertex   -1.014740e+002 6.078605e+001 2.625001e+000
      vertex   -1.015103e+002 6.059594e+001 2.625001e+000
    endloop
  endfacet
  facet normal -9.719949e-001 2.349593e-001 4.474166e-003
    outer loop
      vertex   -1.014927e+002 6.067583e+001 1.000000e-006
      vertex   -1.015312e+002 6.051684e+001 1.000000e-006
      vertex   -1.015103e+002 6.059594e+001 3.750010e-001
    endloop
  endfacet
  facet normal -9.594386e-001 2.818514e-001 -6.115427e-003
    outer loop
      vertex   -1.015103e+002 6.059594e+001 3.750010e-001
      vertex   -1.015312e+002 6.051684e+001 1.000000e-006
      vertex   -1.015649e+002 6.041025e+001 3.750010e-001
    endloop
  endfacet
  facet normal -9.594565e-001 2.818567e-001 3.635919e-014
    outer loop
      vertex   -1.015103e+002 6.059594e+001 7.500010e-001
      vertex   -1.015649e+002 6.041025e+001 3.750010e-001
      vertex   -1.015649e+002 6.041025e+001 7.500010e-001
    endloop
  endfacet
  facet normal -9.594565e-001 2.818567e-001 -3.635919e-014
    outer loop
      vertex   -1.015103e+002 6.059594e+001 1.125001e+000
      vertex   -1.015649e+002 6.041025e+001 7.500010e-001
      vertex   -1.015649e+002 6.041025e+001 1.125001e+000
    endloop
  endfacet
  facet normal -9.594565e-001 2.818567e-001 0.000000e+000
    outer loop
      vertex   -1.015103e+002 6.059594e+001 1.500001e+000
      vertex   -1.015649e+002 6.041025e+001 1.125001e+000
      vertex   -1.015649e+002 6.041025e+001 1.500001e+000
    endloop
  endfacet
  facet normal -9.594565e-001 2.818567e-001 3.635919e-014
    outer loop
      vertex   -1.015103e+002 6.059594e+001 1.875001e+000
      vertex   -1.015649e+002 6.041025e+001 1.500001e+000
      vertex   -1.015649e+002 6.041025e+001 1.875001e+000
    endloop
  endfacet
  facet normal -9.594565e-001 2.818567e-001 -3.635919e-014
    outer loop
      vertex   -1.015103e+002 6.059594e+001 2.250001e+000
      vertex   -1.015649e+002 6.041025e+001 1.875001e+000
      vertex   -1.015649e+002 6.041025e+001 2.250001e+000
    endloop
  endfacet
  facet normal -9.594565e-001 2.818567e-001 3.635919e-014
    outer loop
      vertex   -1.015103e+002 6.059594e+001 2.625001e+000
      vertex   -1.015649e+002 6.041025e+001 2.250001e+000
      vertex   -1.015649e+002 6.041025e+001 2.625001e+000
    endloop
  endfacet
  facet normal -9.538850e-001 3.001671e-001 -1.735563e-003
    outer loop
      vertex   -1.015246e+002 6.054048e+001 3.000001e+000
      vertex   -1.015649e+002 6.041025e+001 2.625001e+000
      vertex   -1.015712e+002 6.039224e+001 3.000001e+000
    endloop
  endfacet
  facet normal -9.594434e-001 2.818528e-001 5.222071e-003
    outer loop
      vertex   -1.015246e+002 6.054048e+001 3.000001e+000
      vertex   -1.015103e+002 6.059594e+001 2.625001e+000
      vertex   -1.015649e+002 6.041025e+001 2.625001e+000
    endloop
  endfacet
  facet normal -9.494818e-001 3.137983e-001 3.860237e-003
    outer loop
      vertex   -1.015312e+002 6.051684e+001 1.000000e-006
      vertex   -1.015825e+002 6.036152e+001 1.000000e-006
      vertex   -1.015649e+002 6.041025e+001 3.750010e-001
    endloop
  endfacet
  facet normal -9.277240e-001 3.732350e-001 -4.884937e-003
    outer loop
      vertex   -1.015649e+002 6.041025e+001 3.750010e-001
      vertex   -1.015825e+002 6.036152e+001 1.000000e-006
      vertex   -1.016371e+002 6.023068e+001 3.750010e-001
    endloop
  endfacet
  facet normal -9.277350e-001 3.732395e-001 0.000000e+000
    outer loop
      vertex   -1.015649e+002 6.041025e+001 7.500010e-001
      vertex   -1.016371e+002 6.023068e+001 3.750010e-001
      vertex   -1.016371e+002 6.023068e+001 7.500010e-001
    endloop
  endfacet
  facet normal -9.277350e-001 3.732395e-001 3.515709e-014
    outer loop
      vertex   -1.015649e+002 6.041025e+001 1.125001e+000
      vertex   -1.016371e+002 6.023068e+001 7.500010e-001
      vertex   -1.016371e+002 6.023068e+001 1.125001e+000
    endloop
  endfacet
  facet normal -9.277350e-001 3.732395e-001 0.000000e+000
    outer loop
      vertex   -1.015649e+002 6.041025e+001 1.500001e+000
      vertex   -1.016371e+002 6.023068e+001 1.125001e+000
      vertex   -1.016371e+002 6.023068e+001 1.500001e+000
    endloop
  endfacet
  facet normal -9.277350e-001 3.732395e-001 0.000000e+000
    outer loop
      vertex   -1.015649e+002 6.041025e+001 1.875001e+000
      vertex   -1.016371e+002 6.023068e+001 1.500001e+000
      vertex   -1.016371e+002 6.023068e+001 1.875001e+000
    endloop
  endfacet
  facet normal -9.277350e-001 3.732395e-001 3.515709e-014
    outer loop
      vertex   -1.015649e+002 6.041025e+001 2.250001e+000
      vertex   -1.016371e+002 6.023068e+001 1.875001e+000
      vertex   -1.016371e+002 6.023068e+001 2.250001e+000
    endloop
  endfacet
  facet normal -9.277350e-001 3.732395e-001 3.515709e-014
    outer loop
      vertex   -1.015649e+002 6.041025e+001 2.625001e+000
      vertex   -1.016371e+002 6.023068e+001 2.250001e+000
      vertex   -1.016371e+002 6.023068e+001 2.625001e+000
    endloop
  endfacet
  facet normal -9.277322e-001 3.732399e-001 2.214498e-003
    outer loop
      vertex   -1.015712e+002 6.039224e+001 3.000001e+000
      vertex   -1.016371e+002 6.023068e+001 2.625001e+000
      vertex   -1.016292e+002 6.024807e+001 3.000001e+000
    endloop
  endfacet
  facet normal -9.277328e-001 3.732386e-001 2.215185e-003
    outer loop
      vertex   -1.015712e+002 6.039224e+001 3.000001e+000
      vertex   -1.015649e+002 6.041025e+001 2.625001e+000
      vertex   -1.016371e+002 6.023068e+001 2.625001e+000
    endloop
  endfacet
  facet normal -9.207240e-001 3.902090e-001 2.056808e-003
    outer loop
      vertex   -1.015825e+002 6.036152e+001 1.000000e-006
      vertex   -1.016463e+002 6.021091e+001 1.000000e-006
      vertex   -1.016371e+002 6.023068e+001 3.750010e-001
    endloop
  endfacet
  facet normal -8.873719e-001 4.610476e-001 -2.498324e-003
    outer loop
      vertex   -1.016371e+002 6.023068e+001 3.750010e-001
      vertex   -1.016463e+002 6.021091e+001 1.000000e-006
      vertex   -1.017264e+002 6.005894e+001 3.750010e-001
    endloop
  endfacet
  facet normal -8.873746e-001 4.610491e-001 0.000000e+000
    outer loop
      vertex   -1.016371e+002 6.023068e+001 7.500010e-001
      vertex   -1.017264e+002 6.005894e+001 3.750010e-001
      vertex   -1.017264e+002 6.005894e+001 7.500010e-001
    endloop
  endfacet
  facet normal -8.873746e-001 4.610491e-001 8.735868e-015
    outer loop
      vertex   -1.016371e+002 6.023068e+001 1.125001e+000
      vertex   -1.017264e+002 6.005894e+001 7.500010e-001
      vertex   -1.017264e+002 6.005894e+001 1.125001e+000
    endloop
  endfacet
  facet normal -8.873746e-001 4.610491e-001 -8.735868e-015
    outer loop
      vertex   -1.016371e+002 6.023068e+001 1.500001e+000
      vertex   -1.017264e+002 6.005894e+001 1.125001e+000
      vertex   -1.017264e+002 6.005894e+001 1.500001e+000
    endloop
  endfacet
  facet normal -8.873746e-001 4.610491e-001 8.735868e-015
    outer loop
      vertex   -1.016371e+002 6.023068e+001 1.875001e+000
      vertex   -1.017264e+002 6.005894e+001 1.500001e+000
      vertex   -1.017264e+002 6.005894e+001 1.875001e+000
    endloop
  endfacet
  facet normal -8.873746e-001 4.610491e-001 -8.735868e-015
    outer loop
      vertex   -1.016371e+002 6.023068e+001 2.250001e+000
      vertex   -1.017264e+002 6.005894e+001 1.875001e+000
      vertex   -1.017264e+002 6.005894e+001 2.250001e+000
    endloop
  endfacet
  facet normal -8.873746e-001 4.610491e-001 0.000000e+000
    outer loop
      vertex   -1.016371e+002 6.023068e+001 2.625001e+000
      vertex   -1.017264e+002 6.005894e+001 2.250001e+000
      vertex   -1.017264e+002 6.005894e+001 2.625001e+000
    endloop
  endfacet
  facet normal -8.587478e-001 5.123847e-001 -3.762281e-003
    outer loop
      vertex   -1.016982e+002 6.010882e+001 3.000001e+000
      vertex   -1.017264e+002 6.005894e+001 2.625001e+000
      vertex   -1.017779e+002 5.997537e+001 3.000001e+000
    endloop
  endfacet
  facet normal -8.873626e-001 4.610428e-001 5.213355e-003
    outer loop
      vertex   -1.016982e+002 6.010882e+001 3.000001e+000
      vertex   -1.016371e+002 6.023068e+001 2.625001e+000
      vertex   -1.017264e+002 6.005894e+001 2.625001e+000
    endloop
  endfacet
  facet normal -8.960208e-001 4.440087e-001 -1.733106e-003
    outer loop
      vertex   -1.016982e+002 6.010882e+001 3.000001e+000
      vertex   -1.016292e+002 6.024807e+001 3.000001e+000
      vertex   -1.016371e+002 6.023068e+001 2.625001e+000
    endloop
  endfacet
  facet normal -8.857998e-001 4.640666e-001 -9.394043e-004
    outer loop
      vertex   -1.016463e+002 6.021091e+001 1.000000e-006
      vertex   -1.017223e+002 6.006601e+001 1.000000e-006
      vertex   -1.017264e+002 6.005894e+001 3.750010e-001
    endloop
  endfacet
  facet normal -8.447939e-001 5.350911e-001 8.497454e-004
    outer loop
      vertex   -1.017264e+002 6.005894e+001 3.750010e-001
      vertex   -1.017223e+002 6.006601e+001 1.000000e-006
      vertex   -1.018098e+002 5.992783e+001 1.000000e-006
    endloop
  endfacet
  facet normal -7.982910e-001 6.022635e-001 3.184013e-003
    outer loop
      vertex   -1.018318e+002 5.989664e+001 3.750010e-001
      vertex   -1.018098e+002 5.992783e+001 1.000000e-006
      vertex   -1.019083e+002 5.979724e+001 1.000000e-006
    endloop
  endfacet
  facet normal -7.464969e-001 6.653748e-001 4.336848e-003
    outer loop
      vertex   -1.019524e+002 5.974528e+001 3.750010e-001
      vertex   -1.019083e+002 5.979724e+001 1.000000e-006
      vertex   -1.020171e+002 5.967513e+001 1.000000e-006
    endloop
  endfacet
  facet normal -6.894782e-001 7.242937e-001 4.294086e-003
    outer loop
      vertex   -1.020871e+002 5.960629e+001 3.750010e-001
      vertex   -1.020171e+002 5.967513e+001 1.000000e-006
      vertex   -1.021356e+002 5.956235e+001 1.000000e-006
    endloop
  endfacet
  facet normal -6.279961e-001 7.782106e-001 3.020939e-003
    outer loop
      vertex   -1.022346e+002 5.948099e+001 3.750010e-001
      vertex   -1.021356e+002 5.956235e+001 1.000000e-006
      vertex   -1.022629e+002 5.945962e+001 1.000000e-006
    endloop
  endfacet
  facet normal -5.624503e-001 8.268309e-001 5.748395e-004
    outer loop
      vertex   -1.023935e+002 5.937050e+001 3.750010e-001
      vertex   -1.022629e+002 5.945962e+001 1.000000e-006
      vertex   -1.023982e+002 5.936761e+001 1.000000e-006
    endloop
  endfacet
  facet normal -4.928746e-001 8.701001e-001 -6.168220e-004
    outer loop
      vertex   -1.025405e+002 5.928699e+001 1.000000e-006
      vertex   -1.023935e+002 5.937050e+001 3.750010e-001
      vertex   -1.023982e+002 5.936761e+001 1.000000e-006
    endloop
  endfacet
  facet normal -4.887056e-001 8.724443e-001 -2.772601e-003
    outer loop
      vertex   -1.025405e+002 5.928699e+001 1.000000e-006
      vertex   -1.025624e+002 5.927592e+001 3.750010e-001
      vertex   -1.023935e+002 5.937050e+001 3.750010e-001
    endloop
  endfacet
  facet normal -4.200594e-001 9.074938e-001 2.271913e-003
    outer loop
      vertex   -1.025405e+002 5.928699e+001 1.000000e-006
      vertex   -1.026889e+002 5.921828e+001 1.000000e-006
      vertex   -1.025624e+002 5.927592e+001 3.750010e-001
    endloop
  endfacet
  facet normal -4.020727e-001 9.155939e-001 -5.042820e-003
    outer loop
      vertex   -1.025624e+002 5.927592e+001 3.750010e-001
      vertex   -1.026889e+002 5.921828e+001 1.000000e-006
      vertex   -1.027396e+002 5.919809e+001 3.750010e-001
    endloop
  endfacet
  facet normal -4.020778e-001 9.156055e-001 -1.734872e-014
    outer loop
      vertex   -1.025624e+002 5.927592e+001 7.500010e-001
      vertex   -1.027396e+002 5.919809e+001 3.750010e-001
      vertex   -1.027396e+002 5.919809e+001 7.500010e-001
    endloop
  endfacet
  facet normal -4.020778e-001 9.156055e-001 0.000000e+000
    outer loop
      vertex   -1.025624e+002 5.927592e+001 1.125001e+000
      vertex   -1.027396e+002 5.919809e+001 7.500010e-001
      vertex   -1.027396e+002 5.919809e+001 1.125001e+000
    endloop
  endfacet
  facet normal -4.020778e-001 9.156055e-001 0.000000e+000
    outer loop
      vertex   -1.025624e+002 5.927592e+001 1.500001e+000
      vertex   -1.027396e+002 5.919809e+001 1.125001e+000
      vertex   -1.027396e+002 5.919809e+001 1.500001e+000
    endloop
  endfacet
  facet normal -4.020778e-001 9.156055e-001 0.000000e+000
    outer loop
      vertex   -1.025624e+002 5.927592e+001 1.875001e+000
      vertex   -1.027396e+002 5.919809e+001 1.500001e+000
      vertex   -1.027396e+002 5.919809e+001 1.875001e+000
    endloop
  endfacet
  facet normal -4.020778e-001 9.156055e-001 1.734872e-014
    outer loop
      vertex   -1.025624e+002 5.927592e+001 2.250001e+000
      vertex   -1.027396e+002 5.919809e+001 1.875001e+000
      vertex   -1.027396e+002 5.919809e+001 2.250001e+000
    endloop
  endfacet
  facet normal -4.020778e-001 9.156055e-001 -1.734872e-014
    outer loop
      vertex   -1.025624e+002 5.927592e+001 2.625001e+000
      vertex   -1.027396e+002 5.919809e+001 2.250001e+000
      vertex   -1.027396e+002 5.919809e+001 2.625001e+000
    endloop
  endfacet
  facet normal -3.995823e-001 9.166960e-001 1.532349e-003
    outer loop
      vertex   -1.025844e+002 5.926511e+001 3.000001e+000
      vertex   -1.027396e+002 5.919809e+001 2.625001e+000
      vertex   -1.027269e+002 5.920301e+001 3.000001e+000
    endloop
  endfacet
  facet normal -4.020762e-001 9.156020e-001 2.759864e-003
    outer loop
      vertex   -1.025844e+002 5.926511e+001 3.000001e+000
      vertex   -1.025624e+002 5.927592e+001 2.625001e+000
      vertex   -1.027396e+002 5.919809e+001 2.625001e+000
    endloop
  endfacet
  facet normal -4.695002e-001 8.829297e-001 -2.143763e-003
    outer loop
      vertex   -1.025844e+002 5.926511e+001 3.000001e+000
      vertex   -1.024472e+002 5.933807e+001 3.000001e+000
      vertex   -1.025624e+002 5.927592e+001 2.625001e+000
    endloop
  endfacet
  facet normal -4.887001e-001 8.724345e-001 5.492584e-003
    outer loop
      vertex   -1.025624e+002 5.927592e+001 2.625001e+000
      vertex   -1.024472e+002 5.933807e+001 3.000001e+000
      vertex   -1.023935e+002 5.937050e+001 2.625001e+000
    endloop
  endfacet
  facet normal -4.887075e-001 8.724477e-001 0.000000e+000
    outer loop
      vertex   -1.025624e+002 5.927592e+001 2.250001e+000
      vertex   -1.023935e+002 5.937050e+001 2.625001e+000
      vertex   -1.023935e+002 5.937050e+001 2.250001e+000
    endloop
  endfacet
  facet normal -4.887075e-001 8.724477e-001 0.000000e+000
    outer loop
      vertex   -1.025624e+002 5.927592e+001 1.875001e+000
      vertex   -1.023935e+002 5.937050e+001 2.250001e+000
      vertex   -1.023935e+002 5.937050e+001 1.875001e+000
    endloop
  endfacet
  facet normal -4.887075e-001 8.724477e-001 0.000000e+000
    outer loop
      vertex   -1.025624e+002 5.927592e+001 1.500001e+000
      vertex   -1.023935e+002 5.937050e+001 1.875001e+000
      vertex   -1.023935e+002 5.937050e+001 1.500001e+000
    endloop
  endfacet
  facet normal -4.887075e-001 8.724477e-001 0.000000e+000
    outer loop
      vertex   -1.025624e+002 5.927592e+001 1.125001e+000
      vertex   -1.023935e+002 5.937050e+001 1.500001e+000
      vertex   -1.023935e+002 5.937050e+001 1.125001e+000
    endloop
  endfacet
  facet normal -4.887075e-001 8.724477e-001 0.000000e+000
    outer loop
      vertex   -1.025624e+002 5.927592e+001 7.500010e-001
      vertex   -1.023935e+002 5.937050e+001 1.125001e+000
      vertex   -1.023935e+002 5.937050e+001 7.500010e-001
    endloop
  endfacet
  facet normal -4.887075e-001 8.724477e-001 0.000000e+000
    outer loop
      vertex   -1.025624e+002 5.927592e+001 3.750010e-001
      vertex   -1.023935e+002 5.937050e+001 7.500010e-001
      vertex   -1.023935e+002 5.937050e+001 3.750010e-001
    endloop
  endfacet
  facet normal -4.887075e-001 8.724477e-001 -1.851987e-014
    outer loop
      vertex   -1.025624e+002 5.927592e+001 3.750010e-001
      vertex   -1.025624e+002 5.927592e+001 7.500010e-001
      vertex   -1.023935e+002 5.937050e+001 7.500010e-001
    endloop
  endfacet
  facet normal -4.020778e-001 9.156055e-001 -1.524858e-014
    outer loop
      vertex   -1.025624e+002 5.927592e+001 3.750010e-001
      vertex   -1.027396e+002 5.919809e+001 3.750010e-001
      vertex   -1.025624e+002 5.927592e+001 7.500010e-001
    endloop
  endfacet
  facet normal -8.385279e-001 5.448442e-001 -3.954217e-003
    outer loop
      vertex   -1.017264e+002 6.005894e+001 3.750010e-001
      vertex   -1.018098e+002 5.992783e+001 1.000000e-006
      vertex   -1.018318e+002 5.989664e+001 3.750010e-001
    endloop
  endfacet
  facet normal -8.385345e-001 5.448485e-001 3.177678e-014
    outer loop
      vertex   -1.017264e+002 6.005894e+001 7.500010e-001
      vertex   -1.018318e+002 5.989664e+001 3.750010e-001
      vertex   -1.018318e+002 5.989664e+001 7.500010e-001
    endloop
  endfacet
  facet normal -8.385345e-001 5.448485e-001 -3.177678e-014
    outer loop
      vertex   -1.017264e+002 6.005894e+001 1.125001e+000
      vertex   -1.018318e+002 5.989664e+001 7.500010e-001
      vertex   -1.018318e+002 5.989664e+001 1.125001e+000
    endloop
  endfacet
  facet normal -8.385345e-001 5.448485e-001 0.000000e+000
    outer loop
      vertex   -1.017264e+002 6.005894e+001 1.500001e+000
      vertex   -1.018318e+002 5.989664e+001 1.125001e+000
      vertex   -1.018318e+002 5.989664e+001 1.500001e+000
    endloop
  endfacet
  facet normal -8.385345e-001 5.448485e-001 3.177678e-014
    outer loop
      vertex   -1.017264e+002 6.005894e+001 1.875001e+000
      vertex   -1.018318e+002 5.989664e+001 1.500001e+000
      vertex   -1.018318e+002 5.989664e+001 1.875001e+000
    endloop
  endfacet
  facet normal -8.385345e-001 5.448485e-001 -3.177678e-014
    outer loop
      vertex   -1.017264e+002 6.005894e+001 2.250001e+000
      vertex   -1.018318e+002 5.989664e+001 1.875001e+000
      vertex   -1.018318e+002 5.989664e+001 2.250001e+000
    endloop
  endfacet
  facet normal -8.385345e-001 5.448485e-001 3.177678e-014
    outer loop
      vertex   -1.017264e+002 6.005894e+001 2.625001e+000
      vertex   -1.018318e+002 5.989664e+001 2.250001e+000
      vertex   -1.018318e+002 5.989664e+001 2.625001e+000
    endloop
  endfacet
  facet normal -8.163467e-001 5.775497e-001 -3.809075e-003
    outer loop
      vertex   -1.017779e+002 5.997537e+001 3.000001e+000
      vertex   -1.018318e+002 5.989664e+001 2.625001e+000
      vertex   -1.018676e+002 5.984851e+001 3.000001e+000
    endloop
  endfacet
  facet normal -8.385181e-001 5.448379e-001 6.248109e-003
    outer loop
      vertex   -1.017779e+002 5.997537e+001 3.000001e+000
      vertex   -1.017264e+002 6.005894e+001 2.625001e+000
      vertex   -1.018318e+002 5.989664e+001 2.625001e+000
    endloop
  endfacet
  facet normal -7.820297e-001 6.232152e-001 -5.686648e-003
    outer loop
      vertex   -1.018318e+002 5.989664e+001 3.750010e-001
      vertex   -1.019083e+002 5.979724e+001 1.000000e-006
      vertex   -1.019524e+002 5.974528e+001 3.750010e-001
    endloop
  endfacet
  facet normal -7.820424e-001 6.232253e-001 2.963597e-014
    outer loop
      vertex   -1.018318e+002 5.989664e+001 7.500010e-001
      vertex   -1.019524e+002 5.974528e+001 3.750010e-001
      vertex   -1.019524e+002 5.974528e+001 7.500010e-001
    endloop
  endfacet
  facet normal -7.820424e-001 6.232253e-001 -4.144473e-014
    outer loop
      vertex   -1.018318e+002 5.989664e+001 1.125001e+000
      vertex   -1.019524e+002 5.974528e+001 7.500010e-001
      vertex   -1.019524e+002 5.974528e+001 1.125001e+000
    endloop
  endfacet
  facet normal -7.820424e-001 6.232253e-001 4.144473e-014
    outer loop
      vertex   -1.018318e+002 5.989664e+001 1.500001e+000
      vertex   -1.019524e+002 5.974528e+001 1.125001e+000
      vertex   -1.019524e+002 5.974528e+001 1.500001e+000
    endloop
  endfacet
  facet normal -7.820424e-001 6.232253e-001 -1.180875e-014
    outer loop
      vertex   -1.018318e+002 5.989664e+001 1.875001e+000
      vertex   -1.019524e+002 5.974528e+001 1.500001e+000
      vertex   -1.019524e+002 5.974528e+001 1.875001e+000
    endloop
  endfacet
  facet normal -7.820424e-001 6.232253e-001 -1.782722e-014
    outer loop
      vertex   -1.018318e+002 5.989664e+001 2.250001e+000
      vertex   -1.019524e+002 5.974528e+001 1.875001e+000
      vertex   -1.019524e+002 5.974528e+001 2.250001e+000
    endloop
  endfacet
  facet normal -7.820424e-001 6.232253e-001 2.963597e-014
    outer loop
      vertex   -1.018318e+002 5.989664e+001 2.625001e+000
      vertex   -1.019524e+002 5.974528e+001 2.250001e+000
      vertex   -1.019524e+002 5.974528e+001 2.625001e+000
    endloop
  endfacet
  facet normal -7.691617e-001 6.390513e-001 -1.940127e-003
    outer loop
      vertex   -1.018676e+002 5.984851e+001 3.000001e+000
      vertex   -1.019524e+002 5.974528e+001 2.625001e+000
      vertex   -1.019669e+002 5.972898e+001 3.000001e+000
    endloop
  endfacet
  facet normal -7.820312e-001 6.232164e-001 5.329553e-003
    outer loop
      vertex   -1.018676e+002 5.984851e+001 3.000001e+000
      vertex   -1.018318e+002 5.989664e+001 2.625001e+000
      vertex   -1.019524e+002 5.974528e+001 2.625001e+000
    endloop
  endfacet
  facet normal -7.181250e-001 6.958859e-001 -6.266519e-003
    outer loop
      vertex   -1.019524e+002 5.974528e+001 3.750010e-001
      vertex   -1.020171e+002 5.967513e+001 1.000000e-006
      vertex   -1.020871e+002 5.960629e+001 3.750010e-001
    endloop
  endfacet
  facet normal -7.181391e-001 6.958996e-001 0.000000e+000
    outer loop
      vertex   -1.019524e+002 5.974528e+001 7.500010e-001
      vertex   -1.020871e+002 5.960629e+001 3.750010e-001
      vertex   -1.020871e+002 5.960629e+001 7.500010e-001
    endloop
  endfacet
  facet normal -7.181391e-001 6.958996e-001 6.761441e-014
    outer loop
      vertex   -1.019524e+002 5.974528e+001 1.125001e+000
      vertex   -1.020871e+002 5.960629e+001 7.500010e-001
      vertex   -1.020871e+002 5.960629e+001 1.125001e+000
    endloop
  endfacet
  facet normal -7.181391e-001 6.958996e-001 -1.318577e-014
    outer loop
      vertex   -1.019524e+002 5.974528e+001 1.500001e+000
      vertex   -1.020871e+002 5.960629e+001 1.125001e+000
      vertex   -1.020871e+002 5.960629e+001 1.500001e+000
    endloop
  endfacet
  facet normal -7.181391e-001 6.958996e-001 1.318577e-014
    outer loop
      vertex   -1.019524e+002 5.974528e+001 1.875001e+000
      vertex   -1.020871e+002 5.960629e+001 1.500001e+000
      vertex   -1.020871e+002 5.960629e+001 1.875001e+000
    endloop
  endfacet
  facet normal -7.181391e-001 6.958996e-001 -1.318577e-014
    outer loop
      vertex   -1.019524e+002 5.974528e+001 2.250001e+000
      vertex   -1.020871e+002 5.960629e+001 1.875001e+000
      vertex   -1.020871e+002 5.960629e+001 2.250001e+000
    endloop
  endfacet
  facet normal -7.181391e-001 6.958996e-001 2.721432e-014
    outer loop
      vertex   -1.019524e+002 5.974528e+001 2.625001e+000
      vertex   -1.020871e+002 5.960629e+001 2.250001e+000
      vertex   -1.020871e+002 5.960629e+001 2.625001e+000
    endloop
  endfacet
  facet normal -7.171902e-001 6.968749e-001 1.880606e-003
    outer loop
      vertex   -1.019669e+002 5.972898e+001 3.000001e+000
      vertex   -1.020871e+002 5.960629e+001 2.625001e+000
      vertex   -1.020752e+002 5.961752e+001 3.000001e+000
    endloop
  endfacet
  facet normal -7.181369e-001 6.958974e-001 2.503809e-003
    outer loop
      vertex   -1.019669e+002 5.972898e+001 3.000001e+000
      vertex   -1.019524e+002 5.974528e+001 2.625001e+000
      vertex   -1.020871e+002 5.960629e+001 2.625001e+000
    endloop
  endfacet
  facet normal -6.473860e-001 7.621418e-001 -5.584879e-003
    outer loop
      vertex   -1.020871e+002 5.960629e+001 3.750010e-001
      vertex   -1.021356e+002 5.956235e+001 1.000000e-006
      vertex   -1.022346e+002 5.948099e+001 3.750010e-001
    endloop
  endfacet
  facet normal -6.473961e-001 7.621537e-001 0.000000e+000
    outer loop
      vertex   -1.020871e+002 5.960629e+001 7.500010e-001
      vertex   -1.022346e+002 5.948099e+001 3.750010e-001
      vertex   -1.022346e+002 5.948099e+001 7.500010e-001
    endloop
  endfacet
  facet normal -6.473961e-001 7.621537e-001 2.453347e-014
    outer loop
      vertex   -1.020871e+002 5.960629e+001 1.125001e+000
      vertex   -1.022346e+002 5.948099e+001 7.500010e-001
      vertex   -1.022346e+002 5.948099e+001 1.125001e+000
    endloop
  endfacet
  facet normal -6.473961e-001 7.621537e-001 0.000000e+000
    outer loop
      vertex   -1.020871e+002 5.960629e+001 1.500001e+000
      vertex   -1.022346e+002 5.948099e+001 1.125001e+000
      vertex   -1.022346e+002 5.948099e+001 1.500001e+000
    endloop
  endfacet
  facet normal -6.473961e-001 7.621537e-001 0.000000e+000
    outer loop
      vertex   -1.020871e+002 5.960629e+001 1.875001e+000
      vertex   -1.022346e+002 5.948099e+001 1.500001e+000
      vertex   -1.022346e+002 5.948099e+001 1.875001e+000
    endloop
  endfacet
  facet normal -6.473961e-001 7.621537e-001 0.000000e+000
    outer loop
      vertex   -1.020871e+002 5.960629e+001 2.250001e+000
      vertex   -1.022346e+002 5.948099e+001 1.875001e+000
      vertex   -1.022346e+002 5.948099e+001 2.250001e+000
    endloop
  endfacet
  facet normal -6.473961e-001 7.621537e-001 0.000000e+000
    outer loop
      vertex   -1.020871e+002 5.960629e+001 2.625001e+000
      vertex   -1.022346e+002 5.948099e+001 2.250001e+000
      vertex   -1.022346e+002 5.948099e+001 2.625001e+000
    endloop
  endfacet
  facet normal -6.006328e-001 7.995167e-001 -3.658348e-003
    outer loop
      vertex   -1.021919e+002 5.951484e+001 3.000001e+000
      vertex   -1.022346e+002 5.948099e+001 2.625001e+000
      vertex   -1.023161e+002 5.942149e+001 3.000001e+000
    endloop
  endfacet
  facet normal -6.473879e-001 7.621440e-001 5.047066e-003
    outer loop
      vertex   -1.021919e+002 5.951484e+001 3.000001e+000
      vertex   -1.020871e+002 5.960629e+001 2.625001e+000
      vertex   -1.022346e+002 5.948099e+001 2.625001e+000
    endloop
  endfacet
  facet normal -6.607861e-001 7.505727e-001 -1.517306e-003
    outer loop
      vertex   -1.021919e+002 5.951484e+001 3.000001e+000
      vertex   -1.020752e+002 5.961752e+001 3.000001e+000
      vertex   -1.020871e+002 5.960629e+001 2.625001e+000
    endloop
  endfacet
  facet normal -5.708579e-001 8.210404e-001 -3.729872e-003
    outer loop
      vertex   -1.022346e+002 5.948099e+001 3.750010e-001
      vertex   -1.022629e+002 5.945962e+001 1.000000e-006
      vertex   -1.023935e+002 5.937050e+001 3.750010e-001
    endloop
  endfacet
  facet normal -5.708619e-001 8.210461e-001 0.000000e+000
    outer loop
      vertex   -1.022346e+002 5.948099e+001 7.500010e-001
      vertex   -1.023935e+002 5.937050e+001 3.750010e-001
      vertex   -1.023935e+002 5.937050e+001 7.500010e-001
    endloop
  endfacet
  facet normal -5.708619e-001 8.210461e-001 0.000000e+000
    outer loop
      vertex   -1.022346e+002 5.948099e+001 1.125001e+000
      vertex   -1.023935e+002 5.937050e+001 7.500010e-001
      vertex   -1.023935e+002 5.937050e+001 1.125001e+000
    endloop
  endfacet
  facet normal -5.708619e-001 8.210461e-001 0.000000e+000
    outer loop
      vertex   -1.022346e+002 5.948099e+001 1.500001e+000
      vertex   -1.023935e+002 5.937050e+001 1.125001e+000
      vertex   -1.023935e+002 5.937050e+001 1.500001e+000
    endloop
  endfacet
  facet normal -5.708619e-001 8.210461e-001 0.000000e+000
    outer loop
      vertex   -1.022346e+002 5.948099e+001 1.875001e+000
      vertex   -1.023935e+002 5.937050e+001 1.500001e+000
      vertex   -1.023935e+002 5.937050e+001 1.875001e+000
    endloop
  endfacet
  facet normal -5.708619e-001 8.210461e-001 0.000000e+000
    outer loop
      vertex   -1.022346e+002 5.948099e+001 2.250001e+000
      vertex   -1.023935e+002 5.937050e+001 1.875001e+000
      vertex   -1.023935e+002 5.937050e+001 2.250001e+000
    endloop
  endfacet
  facet normal -5.708619e-001 8.210461e-001 0.000000e+000
    outer loop
      vertex   -1.022346e+002 5.948099e+001 2.625001e+000
      vertex   -1.023935e+002 5.937050e+001 2.250001e+000
      vertex   -1.023935e+002 5.937050e+001 2.625001e+000
    endloop
  endfacet
  facet normal -5.368185e-001 8.436888e-001 -3.881828e-003
    outer loop
      vertex   -1.023161e+002 5.942149e+001 3.000001e+000
      vertex   -1.023935e+002 5.937050e+001 2.625001e+000
      vertex   -1.024472e+002 5.933807e+001 3.000001e+000
    endloop
  endfacet
  facet normal -5.708508e-001 8.210302e-001 6.226151e-003
    outer loop
      vertex   -1.023161e+002 5.942149e+001 3.000001e+000
      vertex   -1.022346e+002 5.948099e+001 2.625001e+000
      vertex   -1.023935e+002 5.937050e+001 2.625001e+000
    endloop
  endfacet
  facet normal -3.446708e-001 9.387153e-001 3.957512e-003
    outer loop
      vertex   -1.026889e+002 5.921828e+001 1.000000e-006
      vertex   -1.028425e+002 5.916190e+001 1.000000e-006
      vertex   -1.027396e+002 5.919809e+001 3.750010e-001
    endloop
  endfacet
  facet normal -3.118457e-001 9.501128e-001 -6.148768e-003
    outer loop
      vertex   -1.027396e+002 5.919809e+001 3.750010e-001
      vertex   -1.028425e+002 5.916190e+001 1.000000e-006
      vertex   -1.029235e+002 5.913774e+001 3.750010e-001
    endloop
  endfacet
  facet normal -3.118516e-001 9.501308e-001 0.000000e+000
    outer loop
      vertex   -1.027396e+002 5.919809e+001 7.500010e-001
      vertex   -1.029235e+002 5.913774e+001 3.750010e-001
      vertex   -1.029235e+002 5.913774e+001 7.500010e-001
    endloop
  endfacet
  facet normal -3.118516e-001 9.501308e-001 1.800289e-014
    outer loop
      vertex   -1.027396e+002 5.919809e+001 1.125001e+000
      vertex   -1.029235e+002 5.913774e+001 7.500010e-001
      vertex   -1.029235e+002 5.913774e+001 1.125001e+000
    endloop
  endfacet
  facet normal -3.118516e-001 9.501308e-001 0.000000e+000
    outer loop
      vertex   -1.027396e+002 5.919809e+001 1.500001e+000
      vertex   -1.029235e+002 5.913774e+001 1.125001e+000
      vertex   -1.029235e+002 5.913774e+001 1.500001e+000
    endloop
  endfacet
  facet normal -3.118516e-001 9.501308e-001 0.000000e+000
    outer loop
      vertex   -1.027396e+002 5.919809e+001 1.875001e+000
      vertex   -1.029235e+002 5.913774e+001 1.500001e+000
      vertex   -1.029235e+002 5.913774e+001 1.875001e+000
    endloop
  endfacet
  facet normal -3.118516e-001 9.501308e-001 1.800289e-014
    outer loop
      vertex   -1.027396e+002 5.919809e+001 2.250001e+000
      vertex   -1.029235e+002 5.913774e+001 1.875001e+000
      vertex   -1.029235e+002 5.913774e+001 2.250001e+000
    endloop
  endfacet
  facet normal -3.118516e-001 9.501308e-001 0.000000e+000
    outer loop
      vertex   -1.027396e+002 5.919809e+001 2.625001e+000
      vertex   -1.029235e+002 5.913774e+001 2.250001e+000
      vertex   -1.029235e+002 5.913774e+001 2.625001e+000
    endloop
  endfacet
  facet normal -2.528669e-001 9.674944e-001 -3.593941e-003
    outer loop
      vertex   -1.028737e+002 5.915214e+001 3.000001e+000
      vertex   -1.029235e+002 5.913774e+001 2.625001e+000
      vertex   -1.030241e+002 5.911284e+001 3.000001e+000
    endloop
  endfacet
  facet normal -3.118479e-001 9.501194e-001 4.901237e-003
    outer loop
      vertex   -1.028737e+002 5.915214e+001 3.000001e+000
      vertex   -1.027396e+002 5.919809e+001 2.625001e+000
      vertex   -1.029235e+002 5.913774e+001 2.625001e+000
    endloop
  endfacet
  facet normal -3.273605e-001 9.448986e-001 -1.286820e-003
    outer loop
      vertex   -1.028737e+002 5.915214e+001 3.000001e+000
      vertex   -1.027269e+002 5.920301e+001 3.000001e+000
      vertex   -1.027396e+002 5.919809e+001 2.625001e+000
    endloop
  endfacet
  facet normal -2.667383e-001 9.637586e-001 4.474162e-003
    outer loop
      vertex   -1.028425e+002 5.916190e+001 1.000000e-006
      vertex   -1.030002e+002 5.911827e+001 1.000000e-006
      vertex   -1.029235e+002 5.913774e+001 3.750010e-001
    endloop
  endfacet
  facet normal -2.183321e-001 9.758558e-001 -6.047245e-003
    outer loop
      vertex   -1.029235e+002 5.913774e+001 3.750010e-001
      vertex   -1.030002e+002 5.911827e+001 1.000000e-006
      vertex   -1.031124e+002 5.909548e+001 3.750010e-001
    endloop
  endfacet
  facet normal -2.183361e-001 9.758736e-001 0.000000e+000
    outer loop
      vertex   -1.029235e+002 5.913774e+001 7.500010e-001
      vertex   -1.031124e+002 5.909548e+001 3.750010e-001
      vertex   -1.031124e+002 5.909548e+001 7.500010e-001
    endloop
  endfacet
  facet normal -2.183361e-001 9.758736e-001 0.000000e+000
    outer loop
      vertex   -1.029235e+002 5.913774e+001 1.125001e+000
      vertex   -1.031124e+002 5.909548e+001 7.500010e-001
      vertex   -1.031124e+002 5.909548e+001 1.125001e+000
    endloop
  endfacet
  facet normal -2.183361e-001 9.758736e-001 0.000000e+000
    outer loop
      vertex   -1.029235e+002 5.913774e+001 1.500001e+000
      vertex   -1.031124e+002 5.909548e+001 1.125001e+000
      vertex   -1.031124e+002 5.909548e+001 1.500001e+000
    endloop
  endfacet
  facet normal -2.183361e-001 9.758736e-001 0.000000e+000
    outer loop
      vertex   -1.029235e+002 5.913774e+001 1.875001e+000
      vertex   -1.031124e+002 5.909548e+001 1.500001e+000
      vertex   -1.031124e+002 5.909548e+001 1.875001e+000
    endloop
  endfacet
  facet normal -2.183361e-001 9.758736e-001 0.000000e+000
    outer loop
      vertex   -1.029235e+002 5.913774e+001 2.250001e+000
      vertex   -1.031124e+002 5.909548e+001 1.875001e+000
      vertex   -1.031124e+002 5.909548e+001 2.250001e+000
    endloop
  endfacet
  facet normal -2.183361e-001 9.758736e-001 0.000000e+000
    outer loop
      vertex   -1.029235e+002 5.913774e+001 2.625001e+000
      vertex   -1.031124e+002 5.909548e+001 2.250001e+000
      vertex   -1.031124e+002 5.909548e+001 2.625001e+000
    endloop
  endfacet
  facet normal -1.768971e-001 9.842215e-001 -3.919471e-003
    outer loop
      vertex   -1.030241e+002 5.911284e+001 3.000001e+000
      vertex   -1.031124e+002 5.909548e+001 2.625001e+000
      vertex   -1.031770e+002 5.908535e+001 3.000001e+000
    endloop
  endfacet
  facet normal -2.183319e-001 9.758547e-001 6.223712e-003
    outer loop
      vertex   -1.030241e+002 5.911284e+001 3.000001e+000
      vertex   -1.029235e+002 5.913774e+001 2.625001e+000
      vertex   -1.031124e+002 5.909548e+001 2.625001e+000
    endloop
  endfacet
  facet normal -1.869423e-001 9.823638e-001 3.742523e-003
    outer loop
      vertex   -1.030002e+002 5.911827e+001 1.000000e-006
      vertex   -1.031608e+002 5.908769e+001 1.000000e-006
      vertex   -1.031124e+002 5.909548e+001 3.750010e-001
    endloop
  endfacet
  facet normal -1.231020e-001 9.923828e-001 -4.716160e-003
    outer loop
      vertex   -1.031124e+002 5.909548e+001 3.750010e-001
      vertex   -1.031608e+002 5.908769e+001 1.000000e-006
      vertex   -1.033045e+002 5.907165e+001 3.750010e-001
    endloop
  endfacet
  facet normal -1.231034e-001 9.923938e-001 -4.665079e-015
    outer loop
      vertex   -1.031124e+002 5.909548e+001 7.500010e-001
      vertex   -1.033045e+002 5.907165e+001 3.750010e-001
      vertex   -1.033045e+002 5.907165e+001 7.500010e-001
    endloop
  endfacet
  facet normal -1.231034e-001 9.923938e-001 -1.413861e-014
    outer loop
      vertex   -1.031124e+002 5.909548e+001 1.125001e+000
      vertex   -1.033045e+002 5.907165e+001 7.500010e-001
      vertex   -1.033045e+002 5.907165e+001 1.125001e+000
    endloop
  endfacet
  facet normal -1.231034e-001 9.923938e-001 -4.665079e-015
    outer loop
      vertex   -1.031124e+002 5.909548e+001 1.500001e+000
      vertex   -1.033045e+002 5.907165e+001 1.125001e+000
      vertex   -1.033045e+002 5.907165e+001 1.500001e+000
    endloop
  endfacet
  facet normal -1.231034e-001 9.923938e-001 -4.665079e-015
    outer loop
      vertex   -1.031124e+002 5.909548e+001 1.875001e+000
      vertex   -1.033045e+002 5.907165e+001 1.500001e+000
      vertex   -1.033045e+002 5.907165e+001 1.875001e+000
    endloop
  endfacet
  facet normal -1.231034e-001 9.923938e-001 -1.880369e-014
    outer loop
      vertex   -1.031124e+002 5.909548e+001 2.250001e+000
      vertex   -1.033045e+002 5.907165e+001 1.875001e+000
      vertex   -1.033045e+002 5.907165e+001 2.250001e+000
    endloop
  endfacet
  facet normal -1.231034e-001 9.923938e-001 4.665079e-015
    outer loop
      vertex   -1.031124e+002 5.909548e+001 2.625001e+000
      vertex   -1.033045e+002 5.907165e+001 2.250001e+000
      vertex   -1.033045e+002 5.907165e+001 2.625001e+000
    endloop
  endfacet
  facet normal -1.001250e-001 9.949721e-001 -2.325254e-003
    outer loop
      vertex   -1.031770e+002 5.908535e+001 3.000001e+000
      vertex   -1.033045e+002 5.907165e+001 2.625001e+000
      vertex   -1.033317e+002 5.906979e+001 3.000001e+000
    endloop
  endfacet
  facet normal -1.231015e-001 9.923784e-001 5.576426e-003
    outer loop
      vertex   -1.031770e+002 5.908535e+001 3.000001e+000
      vertex   -1.031124e+002 5.909548e+001 2.625001e+000
      vertex   -1.033045e+002 5.907165e+001 2.625001e+000
    endloop
  endfacet
  facet normal -1.062139e-001 9.943416e-001 1.835157e-003
    outer loop
      vertex   -1.031608e+002 5.908769e+001 1.000000e-006
      vertex   -1.033235e+002 5.907031e+001 1.000000e-006
      vertex   -1.033045e+002 5.907165e+001 3.750010e-001
    endloop
  endfacet
  facet normal -2.665794e-002 9.996421e-001 -2.223636e-003
    outer loop
      vertex   -1.033045e+002 5.907165e+001 3.750010e-001
      vertex   -1.033235e+002 5.907031e+001 1.000000e-006
      vertex   -1.034979e+002 5.906649e+001 3.750010e-001
    endloop
  endfacet
  facet normal -2.665801e-002 9.996446e-001 -1.995129e-014
    outer loop
      vertex   -1.033045e+002 5.907165e+001 7.500010e-001
      vertex   -1.034979e+002 5.906649e+001 3.750010e-001
      vertex   -1.034979e+002 5.906649e+001 7.500010e-001
    endloop
  endfacet
  facet normal -2.665801e-002 9.996446e-001 0.000000e+000
    outer loop
      vertex   -1.033045e+002 5.907165e+001 1.125001e+000
      vertex   -1.034979e+002 5.906649e+001 7.500010e-001
      vertex   -1.034979e+002 5.906649e+001 1.125001e+000
    endloop
  endfacet
  facet normal -2.665801e-002 9.996446e-001 -1.010222e-015
    outer loop
      vertex   -1.033045e+002 5.907165e+001 1.500001e+000
      vertex   -1.034979e+002 5.906649e+001 1.125001e+000
      vertex   -1.034979e+002 5.906649e+001 1.500001e+000
    endloop
  endfacet
  facet normal -2.665801e-002 9.996446e-001 0.000000e+000
    outer loop
      vertex   -1.033045e+002 5.907165e+001 1.875001e+000
      vertex   -1.034979e+002 5.906649e+001 1.500001e+000
      vertex   -1.034979e+002 5.906649e+001 1.875001e+000
    endloop
  endfacet
  facet normal -2.665801e-002 9.996446e-001 1.894107e-014
    outer loop
      vertex   -1.033045e+002 5.907165e+001 2.250001e+000
      vertex   -1.034979e+002 5.906649e+001 1.875001e+000
      vertex   -1.034979e+002 5.906649e+001 2.250001e+000
    endloop
  endfacet
  facet normal -2.665801e-002 9.996446e-001 -1.995129e-014
    outer loop
      vertex   -1.033045e+002 5.907165e+001 2.625001e+000
      vertex   -1.034979e+002 5.906649e+001 2.250001e+000
      vertex   -1.034979e+002 5.906649e+001 2.625001e+000
    endloop
  endfacet
  facet normal -2.256841e-002 9.997446e-001 1.213974e-003
    outer loop
      vertex   -1.033317e+002 5.906979e+001 3.000001e+000
      vertex   -1.034979e+002 5.906649e+001 2.625001e+000
      vertex   -1.034870e+002 5.906628e+001 3.000001e+000
    endloop
  endfacet
  facet normal -2.665789e-002 9.996400e-001 3.028122e-003
    outer loop
      vertex   -1.033317e+002 5.906979e+001 3.000001e+000
      vertex   -1.033045e+002 5.907165e+001 2.625001e+000
      vertex   -1.034979e+002 5.906649e+001 2.625001e+000
    endloop
  endfacet
  facet normal -2.461656e-002 9.996962e-001 -1.273514e-003
    outer loop
      vertex   -1.033235e+002 5.907031e+001 1.000000e-006
      vertex   -1.034870e+002 5.906628e+001 1.000000e-006
      vertex   -1.034979e+002 5.906649e+001 3.750010e-001
    endloop
  endfacet
  facet normal 5.735768e-002 9.983531e-001 1.111341e-003
    outer loop
      vertex   -1.034979e+002 5.906649e+001 3.750010e-001
      vertex   -1.034870e+002 5.906628e+001 1.000000e-006
      vertex   -1.036503e+002 5.907567e+001 1.000000e-006
    endloop
  endfacet
  facet normal 1.386063e-001 9.903419e-001 3.337129e-003
    outer loop
      vertex   -1.036910e+002 5.908009e+001 3.750010e-001
      vertex   -1.036503e+002 5.907567e+001 1.000000e-006
      vertex   -1.038123e+002 5.909834e+001 1.000000e-006
    endloop
  endfacet
  facet normal 2.190002e-001 9.757150e-001 4.388499e-003
    outer loop
      vertex   -1.038819e+002 5.911226e+001 3.750010e-001
      vertex   -1.038123e+002 5.909834e+001 1.000000e-006
      vertex   -1.039719e+002 5.913416e+001 1.000000e-006
    endloop
  endfacet
  facet normal 2.982467e-001 9.544795e-001 4.223509e-003
    outer loop
      vertex   -1.040687e+002 5.916273e+001 3.750010e-001
      vertex   -1.039719e+002 5.913416e+001 1.000000e-006
      vertex   -1.041281e+002 5.918294e+001 1.000000e-006
    endloop
  endfacet
  facet normal 3.751603e-001 9.269556e-001 2.845448e-003
    outer loop
      vertex   -1.042498e+002 5.923105e+001 3.750010e-001
      vertex   -1.041281e+002 5.918294e+001 1.000000e-006
      vertex   -1.042797e+002 5.924431e+001 1.000000e-006
    endloop
  endfacet
  facet normal 4.494444e-001 8.933082e-001 2.922237e-004
    outer loop
      vertex   -1.044234e+002 5.931651e+001 3.750010e-001
      vertex   -1.042797e+002 5.924431e+001 1.000000e-006
      vertex   -1.044258e+002 5.931784e+001 1.000000e-006
    endloop
  endfacet
  facet normal 5.209616e-001 8.535801e-001 -3.028765e-004
    outer loop
      vertex   -1.045655e+002 5.940309e+001 1.000000e-006
      vertex   -1.044234e+002 5.931651e+001 3.750010e-001
      vertex   -1.044258e+002 5.931784e+001 1.000000e-006
    endloop
  endfacet
  facet normal 5.261873e-001 8.503633e-001 -3.025246e-003
    outer loop
      vertex   -1.045655e+002 5.940309e+001 1.000000e-006
      vertex   -1.045881e+002 5.941839e+001 3.750010e-001
      vertex   -1.044234e+002 5.931651e+001 3.750010e-001
    endloop
  endfacet
  facet normal 5.889713e-001 8.081501e-001 2.478856e-003
    outer loop
      vertex   -1.045655e+002 5.940309e+001 1.000000e-006
      vertex   -1.046977e+002 5.949946e+001 1.000000e-006
      vertex   -1.045881e+002 5.941839e+001 3.750010e-001
    endloop
  endfacet
  facet normal 6.059285e-001 7.955020e-001 -5.213960e-003
    outer loop
      vertex   -1.045881e+002 5.941839e+001 3.750010e-001
      vertex   -1.046977e+002 5.949946e+001 1.000000e-006
      vertex   -1.047421e+002 5.953570e+001 3.750010e-001
    endloop
  endfacet
  facet normal 6.059368e-001 7.955128e-001 2.296234e-014
    outer loop
      vertex   -1.045881e+002 5.941839e+001 7.500010e-001
      vertex   -1.047421e+002 5.953570e+001 3.750010e-001
      vertex   -1.047421e+002 5.953570e+001 7.500010e-001
    endloop
  endfacet
  facet normal 6.059368e-001 7.955128e-001 -3.803557e-014
    outer loop
      vertex   -1.045881e+002 5.941839e+001 1.125001e+000
      vertex   -1.047421e+002 5.953570e+001 7.500010e-001
      vertex   -1.047421e+002 5.953570e+001 1.125001e+000
    endloop
  endfacet
  facet normal 6.059368e-001 7.955128e-001 1.507322e-014
    outer loop
      vertex   -1.045881e+002 5.941839e+001 1.500001e+000
      vertex   -1.047421e+002 5.953570e+001 1.125001e+000
      vertex   -1.047421e+002 5.953570e+001 1.500001e+000
    endloop
  endfacet
  facet normal 6.059368e-001 7.955128e-001 -0.000000e+000
    outer loop
      vertex   -1.045881e+002 5.941839e+001 1.875001e+000
      vertex   -1.047421e+002 5.953570e+001 1.500001e+000
      vertex   -1.047421e+002 5.953570e+001 1.875001e+000
    endloop
  endfacet
  facet normal 6.059368e-001 7.955128e-001 -1.507322e-014
    outer loop
      vertex   -1.045881e+002 5.941839e+001 2.250001e+000
      vertex   -1.047421e+002 5.953570e+001 1.875001e+000
      vertex   -1.047421e+002 5.953570e+001 2.250001e+000
    endloop
  endfacet
  facet normal 6.059368e-001 7.955128e-001 3.803557e-014
    outer loop
      vertex   -1.045881e+002 5.941839e+001 2.625001e+000
      vertex   -1.047421e+002 5.953570e+001 2.250001e+000
      vertex   -1.047421e+002 5.953570e+001 2.625001e+000
    endloop
  endfacet
  facet normal 6.263774e-001 7.795153e-001 -2.687305e-003
    outer loop
      vertex   -1.046458e+002 5.945962e+001 3.000001e+000
      vertex   -1.047421e+002 5.953570e+001 2.625001e+000
      vertex   -1.047669e+002 5.955697e+001 3.000001e+000
    endloop
  endfacet
  facet normal 6.059266e-001 7.954994e-001 5.806449e-003
    outer loop
      vertex   -1.046458e+002 5.945962e+001 3.000001e+000
      vertex   -1.045881e+002 5.941839e+001 2.625001e+000
      vertex   -1.047421e+002 5.953570e+001 2.625001e+000
    endloop
  endfacet
  facet normal 5.639068e-001 8.258288e-001 -3.994951e-003
    outer loop
      vertex   -1.046458e+002 5.945962e+001 3.000001e+000
      vertex   -1.045174e+002 5.937195e+001 3.000001e+000
      vertex   -1.045881e+002 5.941839e+001 2.625001e+000
    endloop
  endfacet
  facet normal 5.261798e-001 8.503511e-001 6.152446e-003
    outer loop
      vertex   -1.045881e+002 5.941839e+001 2.625001e+000
      vertex   -1.045174e+002 5.937195e+001 3.000001e+000
      vertex   -1.044234e+002 5.931651e+001 2.625001e+000
    endloop
  endfacet
  facet normal 5.261898e-001 8.503672e-001 1.611259e-014
    outer loop
      vertex   -1.045881e+002 5.941839e+001 2.250001e+000
      vertex   -1.044234e+002 5.931651e+001 2.625001e+000
      vertex   -1.044234e+002 5.931651e+001 2.250001e+000
    endloop
  endfacet
  facet normal 5.261898e-001 8.503672e-001 -1.994028e-014
    outer loop
      vertex   -1.045881e+002 5.941839e+001 1.875001e+000
      vertex   -1.044234e+002 5.931651e+001 2.250001e+000
      vertex   -1.044234e+002 5.931651e+001 1.875001e+000
    endloop
  endfacet
  facet normal 5.261898e-001 8.503672e-001 0.000000e+000
    outer loop
      vertex   -1.045881e+002 5.941839e+001 1.500001e+000
      vertex   -1.044234e+002 5.931651e+001 1.875001e+000
      vertex   -1.044234e+002 5.931651e+001 1.500001e+000
    endloop
  endfacet
  facet normal 5.261898e-001 8.503672e-001 0.000000e+000
    outer loop
      vertex   -1.045881e+002 5.941839e+001 1.125001e+000
      vertex   -1.044234e+002 5.931651e+001 1.500001e+000
      vertex   -1.044234e+002 5.931651e+001 1.125001e+000
    endloop
  endfacet
  facet normal 5.261898e-001 8.503672e-001 -1.994028e-014
    outer loop
      vertex   -1.045881e+002 5.941839e+001 7.500010e-001
      vertex   -1.044234e+002 5.931651e+001 1.125001e+000
      vertex   -1.044234e+002 5.931651e+001 7.500010e-001
    endloop
  endfacet
  facet normal 5.261898e-001 8.503672e-001 0.000000e+000
    outer loop
      vertex   -1.045881e+002 5.941839e+001 3.750010e-001
      vertex   -1.044234e+002 5.931651e+001 7.500010e-001
      vertex   -1.044234e+002 5.931651e+001 3.750010e-001
    endloop
  endfacet
  facet normal 5.261898e-001 8.503672e-001 1.611259e-014
    outer loop
      vertex   -1.045881e+002 5.941839e+001 3.750010e-001
      vertex   -1.045881e+002 5.941839e+001 7.500010e-001
      vertex   -1.044234e+002 5.931651e+001 7.500010e-001
    endloop
  endfacet
  facet normal 6.059368e-001 7.955128e-001 1.505433e-014
    outer loop
      vertex   -1.045881e+002 5.941839e+001 3.750010e-001
      vertex   -1.047421e+002 5.953570e+001 3.750010e-001
      vertex   -1.045881e+002 5.941839e+001 7.500010e-001
    endloop
  endfacet
  facet normal 7.027271e-002 9.975192e-001 -4.157997e-003
    outer loop
      vertex   -1.034979e+002 5.906649e+001 3.750010e-001
      vertex   -1.036503e+002 5.907567e+001 1.000000e-006
      vertex   -1.036910e+002 5.908009e+001 3.750010e-001
    endloop
  endfacet
  facet normal 7.027331e-002 9.975278e-001 -1.623791e-014
    outer loop
      vertex   -1.034979e+002 5.906649e+001 7.500010e-001
      vertex   -1.036910e+002 5.908009e+001 3.750010e-001
      vertex   -1.036910e+002 5.908009e+001 7.500010e-001
    endloop
  endfacet
  facet normal 7.027331e-002 9.975278e-001 1.890096e-014
    outer loop
      vertex   -1.034979e+002 5.906649e+001 1.125001e+000
      vertex   -1.036910e+002 5.908009e+001 7.500010e-001
      vertex   -1.036910e+002 5.908009e+001 1.125001e+000
    endloop
  endfacet
  facet normal 7.027331e-002 9.975278e-001 -1.890096e-014
    outer loop
      vertex   -1.034979e+002 5.906649e+001 1.500001e+000
      vertex   -1.036910e+002 5.908009e+001 1.125001e+000
      vertex   -1.036910e+002 5.908009e+001 1.500001e+000
    endloop
  endfacet
  facet normal 7.027331e-002 9.975278e-001 -1.623791e-014
    outer loop
      vertex   -1.034979e+002 5.906649e+001 1.875001e+000
      vertex   -1.036910e+002 5.908009e+001 1.500001e+000
      vertex   -1.036910e+002 5.908009e+001 1.875001e+000
    endloop
  endfacet
  facet normal 7.027331e-002 9.975278e-001 -0.000000e+000
    outer loop
      vertex   -1.034979e+002 5.906649e+001 2.250001e+000
      vertex   -1.036910e+002 5.908009e+001 1.875001e+000
      vertex   -1.036910e+002 5.908009e+001 2.250001e+000
    endloop
  endfacet
  facet normal 7.027331e-002 9.975278e-001 2.156401e-014
    outer loop
      vertex   -1.034979e+002 5.906649e+001 2.625001e+000
      vertex   -1.036910e+002 5.908009e+001 2.250001e+000
      vertex   -1.036910e+002 5.908009e+001 2.625001e+000
    endloop
  endfacet
  facet normal 1.325424e-001 9.911713e-001 -3.470636e-003
    outer loop
      vertex   -1.036422e+002 5.907488e+001 3.000001e+000
      vertex   -1.036910e+002 5.908009e+001 2.625001e+000
      vertex   -1.037962e+002 5.909548e+001 3.000001e+000
    endloop
  endfacet
  facet normal 7.027253e-002 9.975167e-001 4.722672e-003
    outer loop
      vertex   -1.036422e+002 5.907488e+001 3.000001e+000
      vertex   -1.034979e+002 5.906649e+001 2.625001e+000
      vertex   -1.036910e+002 5.908009e+001 2.625001e+000
    endloop
  endfacet
  facet normal 5.531735e-002 9.984683e-001 -1.051937e-003
    outer loop
      vertex   -1.036422e+002 5.907488e+001 3.000001e+000
      vertex   -1.034870e+002 5.906628e+001 3.000001e+000
      vertex   -1.034979e+002 5.906649e+001 2.625001e+000
    endloop
  endfacet
  facet normal 1.661720e-001 9.860798e-001 -5.789557e-003
    outer loop
      vertex   -1.036910e+002 5.908009e+001 3.750010e-001
      vertex   -1.038123e+002 5.909834e+001 1.000000e-006
      vertex   -1.038819e+002 5.911226e+001 3.750010e-001
    endloop
  endfacet
  facet normal 1.661748e-001 9.860963e-001 -0.000000e+000
    outer loop
      vertex   -1.036910e+002 5.908009e+001 7.500010e-001
      vertex   -1.038819e+002 5.911226e+001 3.750010e-001
      vertex   -1.038819e+002 5.911226e+001 7.500010e-001
    endloop
  endfacet
  facet normal 1.661748e-001 9.860963e-001 -0.000000e+000
    outer loop
      vertex   -1.036910e+002 5.908009e+001 1.125001e+000
      vertex   -1.038819e+002 5.911226e+001 7.500010e-001
      vertex   -1.038819e+002 5.911226e+001 1.125001e+000
    endloop
  endfacet
  facet normal 1.661748e-001 9.860963e-001 -0.000000e+000
    outer loop
      vertex   -1.036910e+002 5.908009e+001 1.500001e+000
      vertex   -1.038819e+002 5.911226e+001 1.125001e+000
      vertex   -1.038819e+002 5.911226e+001 1.500001e+000
    endloop
  endfacet
  facet normal 1.661748e-001 9.860963e-001 -0.000000e+000
    outer loop
      vertex   -1.036910e+002 5.908009e+001 1.875001e+000
      vertex   -1.038819e+002 5.911226e+001 1.500001e+000
      vertex   -1.038819e+002 5.911226e+001 1.875001e+000
    endloop
  endfacet
  facet normal 1.661748e-001 9.860963e-001 -0.000000e+000
    outer loop
      vertex   -1.036910e+002 5.908009e+001 2.250001e+000
      vertex   -1.038819e+002 5.911226e+001 1.875001e+000
      vertex   -1.038819e+002 5.911226e+001 2.250001e+000
    endloop
  endfacet
  facet normal 1.661748e-001 9.860963e-001 -1.868436e-014
    outer loop
      vertex   -1.036910e+002 5.908009e+001 2.625001e+000
      vertex   -1.038819e+002 5.911226e+001 2.250001e+000
      vertex   -1.038819e+002 5.911226e+001 2.625001e+000
    endloop
  endfacet
  facet normal 2.089954e-001 9.779086e-001 -3.969102e-003
    outer loop
      vertex   -1.037962e+002 5.909548e+001 3.000001e+000
      vertex   -1.038819e+002 5.911226e+001 2.625001e+000
      vertex   -1.039482e+002 5.912796e+001 3.000001e+000
    endloop
  endfacet
  facet normal 1.661716e-001 9.860775e-001 6.174881e-003
    outer loop
      vertex   -1.037962e+002 5.909548e+001 3.000001e+000
      vertex   -1.036910e+002 5.908009e+001 2.625001e+000
      vertex   -1.038819e+002 5.911226e+001 2.625001e+000
    endloop
  endfacet
  facet normal 2.608204e-001 9.653670e-001 -6.261553e-003
    outer loop
      vertex   -1.038819e+002 5.911226e+001 3.750010e-001
      vertex   -1.039719e+002 5.913416e+001 1.000000e-006
      vertex   -1.040687e+002 5.916273e+001 3.750010e-001
    endloop
  endfacet
  facet normal 2.608255e-001 9.653860e-001 -8.407803e-015
    outer loop
      vertex   -1.038819e+002 5.911226e+001 7.500010e-001
      vertex   -1.040687e+002 5.916273e+001 3.750010e-001
      vertex   -1.040687e+002 5.916273e+001 7.500010e-001
    endloop
  endfacet
  facet normal 2.608255e-001 9.653860e-001 1.829195e-014
    outer loop
      vertex   -1.038819e+002 5.911226e+001 1.125001e+000
      vertex   -1.040687e+002 5.916273e+001 7.500010e-001
      vertex   -1.040687e+002 5.916273e+001 1.125001e+000
    endloop
  endfacet
  facet normal 2.608255e-001 9.653860e-001 -1.829195e-014
    outer loop
      vertex   -1.038819e+002 5.911226e+001 1.500001e+000
      vertex   -1.040687e+002 5.916273e+001 1.125001e+000
      vertex   -1.040687e+002 5.916273e+001 1.500001e+000
    endloop
  endfacet
  facet normal 2.608255e-001 9.653860e-001 -1.829195e-014
    outer loop
      vertex   -1.038819e+002 5.911226e+001 1.875001e+000
      vertex   -1.040687e+002 5.916273e+001 1.500001e+000
      vertex   -1.040687e+002 5.916273e+001 1.875001e+000
    endloop
  endfacet
  facet normal 2.608255e-001 9.653860e-001 -9.884143e-015
    outer loop
      vertex   -1.038819e+002 5.911226e+001 2.250001e+000
      vertex   -1.040687e+002 5.916273e+001 1.875001e+000
      vertex   -1.040687e+002 5.916273e+001 2.250001e+000
    endloop
  endfacet
  facet normal 2.608255e-001 9.653860e-001 2.817609e-014
    outer loop
      vertex   -1.038819e+002 5.911226e+001 2.625001e+000
      vertex   -1.040687e+002 5.916273e+001 2.250001e+000
      vertex   -1.040687e+002 5.916273e+001 2.625001e+000
    endloop
  endfacet
  facet normal 2.845225e-001 9.586661e-001 -2.513514e-003
    outer loop
      vertex   -1.039482e+002 5.912796e+001 3.000001e+000
      vertex   -1.040687e+002 5.916273e+001 2.625001e+000
      vertex   -1.040972e+002 5.917217e+001 3.000001e+000
    endloop
  endfacet
  facet normal 2.608212e-001 9.653701e-001 5.723512e-003
    outer loop
      vertex   -1.039482e+002 5.912796e+001 3.000001e+000
      vertex   -1.038819e+002 5.911226e+001 2.625001e+000
      vertex   -1.040687e+002 5.916273e+001 2.625001e+000
    endloop
  endfacet
  facet normal 3.529907e-001 9.356109e-001 -5.459834e-003
    outer loop
      vertex   -1.040687e+002 5.916273e+001 3.750010e-001
      vertex   -1.041281e+002 5.918294e+001 1.000000e-006
      vertex   -1.042498e+002 5.923105e+001 3.750010e-001
    endloop
  endfacet
  facet normal 3.529960e-001 9.356248e-001 -1.772804e-014
    outer loop
      vertex   -1.040687e+002 5.916273e+001 7.500010e-001
      vertex   -1.042498e+002 5.923105e+001 3.750010e-001
      vertex   -1.042498e+002 5.923105e+001 7.500010e-001
    endloop
  endfacet
  facet normal 3.529960e-001 9.356248e-001 1.772804e-014
    outer loop
      vertex   -1.040687e+002 5.916273e+001 1.125001e+000
      vertex   -1.042498e+002 5.923105e+001 7.500010e-001
      vertex   -1.042498e+002 5.923105e+001 1.125001e+000
    endloop
  endfacet
  facet normal 3.529960e-001 9.356248e-001 -1.772804e-014
    outer loop
      vertex   -1.040687e+002 5.916273e+001 1.500001e+000
      vertex   -1.042498e+002 5.923105e+001 1.125001e+000
      vertex   -1.042498e+002 5.923105e+001 1.500001e+000
    endloop
  endfacet
  facet normal 3.529960e-001 9.356248e-001 -1.772804e-014
    outer loop
      vertex   -1.040687e+002 5.916273e+001 1.875001e+000
      vertex   -1.042498e+002 5.923105e+001 1.500001e+000
      vertex   -1.042498e+002 5.923105e+001 1.875001e+000
    endloop
  endfacet
  facet normal 3.529960e-001 9.356248e-001 -0.000000e+000
    outer loop
      vertex   -1.040687e+002 5.916273e+001 2.250001e+000
      vertex   -1.042498e+002 5.923105e+001 1.875001e+000
      vertex   -1.042498e+002 5.923105e+001 2.250001e+000
    endloop
  endfacet
  facet normal 3.529960e-001 9.356248e-001 1.772804e-014
    outer loop
      vertex   -1.040687e+002 5.916273e+001 2.625001e+000
      vertex   -1.042498e+002 5.923105e+001 2.250001e+000
      vertex   -1.042498e+002 5.923105e+001 2.625001e+000
    endloop
  endfacet
  facet normal 3.580862e-001 9.336881e-001 8.893385e-004
    outer loop
      vertex   -1.040972e+002 5.917217e+001 3.000001e+000
      vertex   -1.042498e+002 5.923105e+001 2.625001e+000
      vertex   -1.042422e+002 5.922781e+001 3.000001e+000
    endloop
  endfacet
  facet normal 3.529941e-001 9.356199e-001 3.264799e-003
    outer loop
      vertex   -1.040972e+002 5.917217e+001 3.000001e+000
      vertex   -1.040687e+002 5.916273e+001 2.625001e+000
      vertex   -1.042498e+002 5.923105e+001 2.625001e+000
    endloop
  endfacet
  facet normal 4.415274e-001 8.972409e-001 -3.500033e-003
    outer loop
      vertex   -1.042498e+002 5.923105e+001 3.750010e-001
      vertex   -1.042797e+002 5.924431e+001 1.000000e-006
      vertex   -1.044234e+002 5.931651e+001 3.750010e-001
    endloop
  endfacet
  facet normal 4.415301e-001 8.972464e-001 -0.000000e+000
    outer loop
      vertex   -1.042498e+002 5.923105e+001 7.500010e-001
      vertex   -1.044234e+002 5.931651e+001 3.750010e-001
      vertex   -1.044234e+002 5.931651e+001 7.500010e-001
    endloop
  endfacet
  facet normal 4.415301e-001 8.972464e-001 -1.673205e-014
    outer loop
      vertex   -1.042498e+002 5.923105e+001 1.125001e+000
      vertex   -1.044234e+002 5.931651e+001 7.500010e-001
      vertex   -1.044234e+002 5.931651e+001 1.125001e+000
    endloop
  endfacet
  facet normal 4.415301e-001 8.972464e-001 -0.000000e+000
    outer loop
      vertex   -1.042498e+002 5.923105e+001 1.500001e+000
      vertex   -1.044234e+002 5.931651e+001 1.125001e+000
      vertex   -1.044234e+002 5.931651e+001 1.500001e+000
    endloop
  endfacet
  facet normal 4.415301e-001 8.972464e-001 -0.000000e+000
    outer loop
      vertex   -1.042498e+002 5.923105e+001 1.875001e+000
      vertex   -1.044234e+002 5.931651e+001 1.500001e+000
      vertex   -1.044234e+002 5.931651e+001 1.875001e+000
    endloop
  endfacet
  facet normal 4.415301e-001 8.972464e-001 -1.673205e-014
    outer loop
      vertex   -1.042498e+002 5.923105e+001 2.250001e+000
      vertex   -1.044234e+002 5.931651e+001 1.875001e+000
      vertex   -1.044234e+002 5.931651e+001 2.250001e+000
    endloop
  endfacet
  facet normal 4.415301e-001 8.972464e-001 1.700085e-014
    outer loop
      vertex   -1.042498e+002 5.923105e+001 2.625001e+000
      vertex   -1.044234e+002 5.931651e+001 2.250001e+000
      vertex   -1.044234e+002 5.931651e+001 2.625001e+000
    endloop
  endfacet
  facet normal 4.980578e-001 8.671373e-001 -3.376376e-003
    outer loop
      vertex   -1.043826e+002 5.929452e+001 3.000001e+000
      vertex   -1.044234e+002 5.931651e+001 2.625001e+000
      vertex   -1.045174e+002 5.937195e+001 3.000001e+000
    endloop
  endfacet
  facet normal 4.415256e-001 8.972372e-001 4.542793e-003
    outer loop
      vertex   -1.043826e+002 5.929452e+001 3.000001e+000
      vertex   -1.042498e+002 5.923105e+001 2.625001e+000
      vertex   -1.044234e+002 5.931651e+001 2.625001e+000
    endloop
  endfacet
  facet normal 4.292788e-001 9.031717e-001 -8.004565e-004
    outer loop
      vertex   -1.043826e+002 5.929452e+001 3.000001e+000
      vertex   -1.042422e+002 5.922781e+001 3.000001e+000
      vertex   -1.042498e+002 5.923105e+001 2.625001e+000
    endloop
  endfacet
  facet normal 6.532347e-001 7.571444e-001 4.086613e-003
    outer loop
      vertex   -1.046977e+002 5.949946e+001 1.000000e-006
      vertex   -1.048216e+002 5.960629e+001 1.000000e-006
      vertex   -1.047421e+002 5.953570e+001 3.750010e-001
    endloop
  endfacet
  facet normal 6.804351e-001 7.327816e-001 -6.264677e-003
    outer loop
      vertex   -1.047421e+002 5.953570e+001 3.750010e-001
      vertex   -1.048216e+002 5.960629e+001 1.000000e-006
      vertex   -1.048838e+002 5.966731e+001 3.750010e-001
    endloop
  endfacet
  facet normal 6.804484e-001 7.327960e-001 -0.000000e+000
    outer loop
      vertex   -1.047421e+002 5.953570e+001 7.500010e-001
      vertex   -1.048838e+002 5.966731e+001 3.750010e-001
      vertex   -1.048838e+002 5.966731e+001 7.500010e-001
    endloop
  endfacet
  facet normal 6.804484e-001 7.327960e-001 1.190113e-014
    outer loop
      vertex   -1.047421e+002 5.953570e+001 1.125001e+000
      vertex   -1.048838e+002 5.966731e+001 7.500010e-001
      vertex   -1.048838e+002 5.966731e+001 1.125001e+000
    endloop
  endfacet
  facet normal 6.804484e-001 7.327960e-001 -0.000000e+000
    outer loop
      vertex   -1.047421e+002 5.953570e+001 1.500001e+000
      vertex   -1.048838e+002 5.966731e+001 1.125001e+000
      vertex   -1.048838e+002 5.966731e+001 1.500001e+000
    endloop
  endfacet
  facet normal 6.804484e-001 7.327960e-001 -0.000000e+000
    outer loop
      vertex   -1.047421e+002 5.953570e+001 1.875001e+000
      vertex   -1.048838e+002 5.966731e+001 1.500001e+000
      vertex   -1.048838e+002 5.966731e+001 1.875001e+000
    endloop
  endfacet
  facet normal 6.804484e-001 7.327960e-001 1.190113e-014
    outer loop
      vertex   -1.047421e+002 5.953570e+001 2.250001e+000
      vertex   -1.048838e+002 5.966731e+001 1.875001e+000
      vertex   -1.048838e+002 5.966731e+001 2.250001e+000
    endloop
  endfacet
  facet normal 6.804484e-001 7.327960e-001 -0.000000e+000
    outer loop
      vertex   -1.047421e+002 5.953570e+001 2.625001e+000
      vertex   -1.048838e+002 5.966731e+001 2.250001e+000
      vertex   -1.048838e+002 5.966731e+001 2.625001e+000
    endloop
  endfacet
  facet normal 6.854814e-001 7.280899e-001 5.938921e-004
    outer loop
      vertex   -1.047669e+002 5.955697e+001 3.000001e+000
      vertex   -1.048838e+002 5.966731e+001 2.625001e+000
      vertex   -1.048800e+002 5.966342e+001 3.000001e+000
    endloop
  endfacet
  facet normal 6.804441e-001 7.327914e-001 3.547340e-003
    outer loop
      vertex   -1.047669e+002 5.955697e+001 3.000001e+000
      vertex   -1.047421e+002 5.953570e+001 2.625001e+000
      vertex   -1.048838e+002 5.966731e+001 2.625001e+000
    endloop
  endfacet
  facet normal 7.136517e-001 7.004862e-001 4.505524e-003
    outer loop
      vertex   -1.048216e+002 5.960629e+001 1.000000e-006
      vertex   -1.049360e+002 5.972290e+001 1.000000e-006
      vertex   -1.048838e+002 5.966731e+001 3.750010e-001
    endloop
  endfacet
  facet normal 7.487676e-001 6.628057e-001 -5.968064e-003
    outer loop
      vertex   -1.048838e+002 5.966731e+001 3.750010e-001
      vertex   -1.049360e+002 5.972290e+001 1.000000e-006
      vertex   -1.050120e+002 5.981206e+001 3.750010e-001
    endloop
  endfacet
  facet normal 7.487809e-001 6.628175e-001 2.837551e-014
    outer loop
      vertex   -1.048838e+002 5.966731e+001 7.500010e-001
      vertex   -1.050120e+002 5.981206e+001 3.750010e-001
      vertex   -1.050120e+002 5.981206e+001 7.500010e-001
    endloop
  endfacet
  facet normal 7.487809e-001 6.628175e-001 -5.349339e-014
    outer loop
      vertex   -1.048838e+002 5.966731e+001 1.125001e+000
      vertex   -1.050120e+002 5.981206e+001 7.500010e-001
      vertex   -1.050120e+002 5.981206e+001 1.125001e+000
    endloop
  endfacet
  facet normal 7.487809e-001 6.628175e-001 2.837551e-014
    outer loop
      vertex   -1.048838e+002 5.966731e+001 1.500001e+000
      vertex   -1.050120e+002 5.981206e+001 1.125001e+000
      vertex   -1.050120e+002 5.981206e+001 1.500001e+000
    endloop
  endfacet
  facet normal 7.487809e-001 6.628175e-001 2.837551e-014
    outer loop
      vertex   -1.048838e+002 5.966731e+001 1.875001e+000
      vertex   -1.050120e+002 5.981206e+001 1.500001e+000
      vertex   -1.050120e+002 5.981206e+001 1.875001e+000
    endloop
  endfacet
  facet normal 7.487809e-001 6.628175e-001 -2.511788e-014
    outer loop
      vertex   -1.048838e+002 5.966731e+001 2.250001e+000
      vertex   -1.050120e+002 5.981206e+001 1.875001e+000
      vertex   -1.050120e+002 5.981206e+001 2.250001e+000
    endloop
  endfacet
  facet normal 7.487809e-001 6.628175e-001 -2.837551e-014
    outer loop
      vertex   -1.048838e+002 5.966731e+001 2.625001e+000
      vertex   -1.050120e+002 5.981206e+001 2.250001e+000
      vertex   -1.050120e+002 5.981206e+001 2.625001e+000
    endloop
  endfacet
  facet normal 7.901262e-001 6.129360e-001 -3.185908e-003
    outer loop
      vertex   -1.049843e+002 5.977836e+001 3.000001e+000
      vertex   -1.050120e+002 5.981206e+001 2.625001e+000
      vertex   -1.050795e+002 5.990107e+001 3.000001e+000
    endloop
  endfacet
  facet normal 7.487739e-001 6.628113e-001 4.344289e-003
    outer loop
      vertex   -1.049843e+002 5.977836e+001 3.000001e+000
      vertex   -1.048838e+002 5.966731e+001 2.625001e+000
      vertex   -1.050120e+002 5.981206e+001 2.625001e+000
    endloop
  endfacet
  facet normal 7.406030e-001 6.719427e-001 -5.491514e-004
    outer loop
      vertex   -1.049843e+002 5.977836e+001 3.000001e+000
      vertex   -1.048800e+002 5.966342e+001 3.000001e+000
      vertex   -1.048838e+002 5.966731e+001 2.625001e+000
    endloop
  endfacet
  facet normal 7.686825e-001 6.396205e-001 3.576501e-003
    outer loop
      vertex   -1.049360e+002 5.972290e+001 1.000000e-006
      vertex   -1.050405e+002 5.984851e+001 1.000000e-006
      vertex   -1.050120e+002 5.981206e+001 3.750010e-001
    endloop
  endfacet
  facet normal 8.084526e-001 5.885447e-001 -4.419862e-003
    outer loop
      vertex   -1.050120e+002 5.981206e+001 3.750010e-001
      vertex   -1.050405e+002 5.984851e+001 1.000000e-006
      vertex   -1.051259e+002 5.996852e+001 3.750010e-001
    endloop
  endfacet
  facet normal 8.084605e-001 5.885505e-001 -4.178885e-014
    outer loop
      vertex   -1.050120e+002 5.981206e+001 7.500010e-001
      vertex   -1.051259e+002 5.996852e+001 3.750010e-001
      vertex   -1.051259e+002 5.996852e+001 7.500010e-001
    endloop
  endfacet
  facet normal 8.084605e-001 5.885505e-001 3.063710e-014
    outer loop
      vertex   -1.050120e+002 5.981206e+001 1.125001e+000
      vertex   -1.051259e+002 5.996852e+001 7.500010e-001
      vertex   -1.051259e+002 5.996852e+001 1.125001e+000
    endloop
  endfacet
  facet normal 8.084605e-001 5.885505e-001 -0.000000e+000
    outer loop
      vertex   -1.050120e+002 5.981206e+001 1.500001e+000
      vertex   -1.051259e+002 5.996852e+001 1.125001e+000
      vertex   -1.051259e+002 5.996852e+001 1.500001e+000
    endloop
  endfacet
  facet normal 8.084605e-001 5.885505e-001 -3.063710e-014
    outer loop
      vertex   -1.050120e+002 5.981206e+001 1.875001e+000
      vertex   -1.051259e+002 5.996852e+001 1.500001e+000
      vertex   -1.051259e+002 5.996852e+001 1.875001e+000
    endloop
  endfacet
  facet normal 8.084605e-001 5.885505e-001 3.063710e-014
    outer loop
      vertex   -1.050120e+002 5.981206e+001 2.250001e+000
      vertex   -1.051259e+002 5.996852e+001 1.875001e+000
      vertex   -1.051259e+002 5.996852e+001 2.250001e+000
    endloop
  endfacet
  facet normal 8.084605e-001 5.885505e-001 -1.115174e-014
    outer loop
      vertex   -1.050120e+002 5.981206e+001 2.625001e+000
      vertex   -1.051259e+002 5.996852e+001 2.250001e+000
      vertex   -1.051259e+002 5.996852e+001 2.625001e+000
    endloop
  endfacet
  facet normal 8.339239e-001 5.518660e-001 -3.841732e-003
    outer loop
      vertex   -1.050795e+002 5.990107e+001 3.000001e+000
      vertex   -1.051259e+002 5.996852e+001 2.625001e+000
      vertex   -1.051653e+002 6.003080e+001 3.000001e+000
    endloop
  endfacet
  facet normal 8.084464e-001 5.885402e-001 5.904859e-003
    outer loop
      vertex   -1.050795e+002 5.990107e+001 3.000001e+000
      vertex   -1.050120e+002 5.981206e+001 2.625001e+000
      vertex   -1.051259e+002 5.996852e+001 2.625001e+000
    endloop
  endfacet
  facet normal 8.173068e-001 5.762007e-001 1.545324e-003
    outer loop
      vertex   -1.050405e+002 5.984851e+001 1.000000e-006
      vertex   -1.051348e+002 5.998224e+001 1.000000e-006
      vertex   -1.051259e+002 5.996852e+001 3.750010e-001
    endloop
  endfacet
  facet normal 8.594465e-001 5.112224e-001 -1.837750e-003
    outer loop
      vertex   -1.051259e+002 5.996852e+001 3.750010e-001
      vertex   -1.051348e+002 5.998224e+001 1.000000e-006
      vertex   -1.052250e+002 6.013527e+001 3.750010e-001
    endloop
  endfacet
  facet normal 8.594479e-001 5.112233e-001 3.256931e-014
    outer loop
      vertex   -1.051259e+002 5.996852e+001 7.500010e-001
      vertex   -1.052250e+002 6.013527e+001 3.750010e-001
      vertex   -1.052250e+002 6.013527e+001 7.500010e-001
    endloop
  endfacet
  facet normal 8.594479e-001 5.112233e-001 -0.000000e+000
    outer loop
      vertex   -1.051259e+002 5.996852e+001 1.125001e+000
      vertex   -1.052250e+002 6.013527e+001 7.500010e-001
      vertex   -1.052250e+002 6.013527e+001 1.125001e+000
    endloop
  endfacet
  facet normal 8.594479e-001 5.112233e-001 -9.686559e-015
    outer loop
      vertex   -1.051259e+002 5.996852e+001 1.500001e+000
      vertex   -1.052250e+002 6.013527e+001 1.125001e+000
      vertex   -1.052250e+002 6.013527e+001 1.500001e+000
    endloop
  endfacet
  facet normal 8.594479e-001 5.112233e-001 -0.000000e+000
    outer loop
      vertex   -1.051259e+002 5.996852e+001 1.875001e+000
      vertex   -1.052250e+002 6.013527e+001 1.500001e+000
      vertex   -1.052250e+002 6.013527e+001 1.875001e+000
    endloop
  endfacet
  facet normal 8.594479e-001 5.112233e-001 6.513861e-014
    outer loop
      vertex   -1.051259e+002 5.996852e+001 2.250001e+000
      vertex   -1.052250e+002 6.013527e+001 1.875001e+000
      vertex   -1.052250e+002 6.013527e+001 2.250001e+000
    endloop
  endfacet
  facet normal 8.594479e-001 5.112233e-001 -0.000000e+000
    outer loop
      vertex   -1.051259e+002 5.996852e+001 2.625001e+000
      vertex   -1.052250e+002 6.013527e+001 2.250001e+000
      vertex   -1.052250e+002 6.013527e+001 2.625001e+000
    endloop
  endfacet
  facet normal 8.724485e-001 4.886983e-001 -2.748984e-003
    outer loop
      vertex   -1.051653e+002 6.003080e+001 3.000001e+000
      vertex   -1.052250e+002 6.013527e+001 2.625001e+000
      vertex   -1.052415e+002 6.016680e+001 3.000001e+000
    endloop
  endfacet
  facet normal 8.594345e-001 5.112153e-001 5.595552e-003
    outer loop
      vertex   -1.051653e+002 6.003080e+001 3.000001e+000
      vertex   -1.051259e+002 5.996852e+001 2.625001e+000
      vertex   -1.052250e+002 6.013527e+001 2.625001e+000
    endloop
  endfacet
  facet normal 8.597651e-001 5.106874e-001 -1.542745e-003
    outer loop
      vertex   -1.051348e+002 5.998224e+001 1.000000e-006
      vertex   -1.052186e+002 6.012322e+001 1.000000e-006
      vertex   -1.052250e+002 6.013527e+001 3.750010e-001
    endloop
  endfacet
  facet normal 8.978105e-001 4.403798e-001 1.373809e-003
    outer loop
      vertex   -1.052250e+002 6.013527e+001 3.750010e-001
      vertex   -1.052186e+002 6.012322e+001 1.000000e-006
      vertex   -1.052908e+002 6.027053e+001 1.000000e-006
    endloop
  endfacet
  facet normal 9.327787e-001 3.604288e-001 3.879247e-003
    outer loop
      vertex   -1.053079e+002 6.031075e+001 3.750010e-001
      vertex   -1.052908e+002 6.027053e+001 1.000000e-006
      vertex   -1.053498e+002 6.042314e+001 1.000000e-006
    endloop
  endfacet
  facet normal 9.630882e-001 2.691316e-001 5.420544e-003
    outer loop
      vertex   -1.053715e+002 6.049328e+001 3.750010e-001
      vertex   -1.053498e+002 6.042314e+001 1.000000e-006
      vertex   -1.053936e+002 6.058005e+001 1.000000e-006
    endloop
  endfacet
  facet normal 9.841275e-001 1.774170e-001 4.031192e-003
    outer loop
      vertex   -1.054134e+002 6.068119e+001 3.750010e-001
      vertex   -1.053936e+002 6.058005e+001 1.000000e-006
      vertex   -1.054225e+002 6.074023e+001 1.000000e-006
    endloop
  endfacet
  facet normal 9.952456e-001 9.713005e-002 7.208622e-003
    outer loop
      vertex   -1.054382e+002 6.087270e+001 3.750010e-001
      vertex   -1.054225e+002 6.074023e+001 1.000000e-006
      vertex   -1.054543e+002 6.106601e+001 1.000000e-006
    endloop
  endfacet
  facet normal 9.965284e-001 8.325377e-002 -3.776644e-014
    outer loop
      vertex   -1.054382e+002 6.087270e+001 7.500010e-001
      vertex   -1.054543e+002 6.106601e+001 1.000000e-006
      vertex   -1.054382e+002 6.087270e+001 1.125001e+000
    endloop
  endfacet
  facet normal 9.917509e-001 1.281800e-001 -2.431481e-015
    outer loop
      vertex   -1.054134e+002 6.068119e+001 1.125001e+000
      vertex   -1.054382e+002 6.087270e+001 1.125001e+000
      vertex   -1.054134e+002 6.068119e+001 1.500001e+000
    endloop
  endfacet
  facet normal 9.760228e-001 2.176684e-001 0.000000e+000
    outer loop
      vertex   -1.053715e+002 6.049328e+001 1.500001e+000
      vertex   -1.054134e+002 6.068119e+001 1.500001e+000
      vertex   -1.053715e+002 6.049328e+001 1.875001e+000
    endloop
  endfacet
  facet normal 9.443508e-001 3.289400e-001 0.000000e+000
    outer loop
      vertex   -1.053079e+002 6.031075e+001 1.875001e+000
      vertex   -1.053715e+002 6.049328e+001 1.875001e+000
      vertex   -1.053079e+002 6.031075e+001 2.250001e+000
    endloop
  endfacet
  facet normal 9.042350e-001 4.270352e-001 0.000000e+000
    outer loop
      vertex   -1.052250e+002 6.013527e+001 2.250001e+000
      vertex   -1.053079e+002 6.031075e+001 2.250001e+000
      vertex   -1.052250e+002 6.013527e+001 2.625001e+000
    endloop
  endfacet
  facet normal 9.042350e-001 4.270352e-001 -0.000000e+000
    outer loop
      vertex   -1.052250e+002 6.013527e+001 2.250001e+000
      vertex   -1.053079e+002 6.031075e+001 1.875001e+000
      vertex   -1.053079e+002 6.031075e+001 2.250001e+000
    endloop
  endfacet
  facet normal 9.042350e-001 4.270352e-001 6.853308e-014
    outer loop
      vertex   -1.052250e+002 6.013527e+001 2.250001e+000
      vertex   -1.052250e+002 6.013527e+001 1.875001e+000
      vertex   -1.053079e+002 6.031075e+001 1.875001e+000
    endloop
  endfacet
  facet normal 9.042350e-001 4.270352e-001 0.000000e+000
    outer loop
      vertex   -1.053079e+002 6.031075e+001 1.875001e+000
      vertex   -1.052250e+002 6.013527e+001 1.875001e+000
      vertex   -1.053079e+002 6.031075e+001 1.500001e+000
    endloop
  endfacet
  facet normal 9.443508e-001 3.289400e-001 0.000000e+000
    outer loop
      vertex   -1.053715e+002 6.049328e+001 1.500001e+000
      vertex   -1.053079e+002 6.031075e+001 1.500001e+000
      vertex   -1.053715e+002 6.049328e+001 1.125001e+000
    endloop
  endfacet
  facet normal 9.760228e-001 2.176684e-001 -3.697951e-014
    outer loop
      vertex   -1.054134e+002 6.068119e+001 1.125001e+000
      vertex   -1.053715e+002 6.049328e+001 1.125001e+000
      vertex   -1.054134e+002 6.068119e+001 7.500010e-001
    endloop
  endfacet
  facet normal 9.917509e-001 1.281800e-001 0.000000e+000
    outer loop
      vertex   -1.054382e+002 6.087270e+001 7.500010e-001
      vertex   -1.054134e+002 6.068119e+001 7.500010e-001
      vertex   -1.054382e+002 6.087270e+001 3.750010e-001
    endloop
  endfacet
  facet normal 9.965284e-001 8.325377e-002 0.000000e+000
    outer loop
      vertex   -1.054543e+002 6.106601e+001 1.000000e-006
      vertex   -1.054382e+002 6.087270e+001 7.500010e-001
      vertex   -1.054382e+002 6.087270e+001 3.750010e-001
    endloop
  endfacet
  facet normal 9.042256e-001 4.270307e-001 -4.566110e-003
    outer loop
      vertex   -1.052250e+002 6.013527e+001 3.750010e-001
      vertex   -1.052908e+002 6.027053e+001 1.000000e-006
      vertex   -1.053079e+002 6.031075e+001 3.750010e-001
    endloop
  endfacet
  facet normal 9.042350e-001 4.270352e-001 -0.000000e+000
    outer loop
      vertex   -1.052250e+002 6.013527e+001 7.500010e-001
      vertex   -1.053079e+002 6.031075e+001 3.750010e-001
      vertex   -1.053079e+002 6.031075e+001 7.500010e-001
    endloop
  endfacet
  facet normal 9.042350e-001 4.270352e-001 -0.000000e+000
    outer loop
      vertex   -1.052250e+002 6.013527e+001 1.125001e+000
      vertex   -1.053079e+002 6.031075e+001 7.500010e-001
      vertex   -1.053079e+002 6.031075e+001 1.125001e+000
    endloop
  endfacet
  facet normal 9.042350e-001 4.270352e-001 -0.000000e+000
    outer loop
      vertex   -1.052250e+002 6.013527e+001 1.500001e+000
      vertex   -1.053079e+002 6.031075e+001 1.125001e+000
      vertex   -1.053079e+002 6.031075e+001 1.500001e+000
    endloop
  endfacet
  facet normal 9.042350e-001 4.270352e-001 0.000000e+000
    outer loop
      vertex   -1.052250e+002 6.013527e+001 1.875001e+000
      vertex   -1.052250e+002 6.013527e+001 1.500001e+000
      vertex   -1.053079e+002 6.031075e+001 1.500001e+000
    endloop
  endfacet
  facet normal 9.443287e-001 3.289322e-001 -6.850538e-003
    outer loop
      vertex   -1.053079e+002 6.031075e+001 3.750010e-001
      vertex   -1.053498e+002 6.042314e+001 1.000000e-006
      vertex   -1.053715e+002 6.049328e+001 3.750010e-001
    endloop
  endfacet
  facet normal 9.443508e-001 3.289400e-001 3.578675e-014
    outer loop
      vertex   -1.053079e+002 6.031075e+001 7.500010e-001
      vertex   -1.053715e+002 6.049328e+001 3.750010e-001
      vertex   -1.053715e+002 6.049328e+001 7.500010e-001
    endloop
  endfacet
  facet normal 9.443508e-001 3.289400e-001 -6.232691e-015
    outer loop
      vertex   -1.053079e+002 6.031075e+001 1.125001e+000
      vertex   -1.053715e+002 6.049328e+001 7.500010e-001
      vertex   -1.053715e+002 6.049328e+001 1.125001e+000
    endloop
  endfacet
  facet normal 9.443508e-001 3.289400e-001 0.000000e+000
    outer loop
      vertex   -1.053079e+002 6.031075e+001 1.500001e+000
      vertex   -1.053079e+002 6.031075e+001 1.125001e+000
      vertex   -1.053715e+002 6.049328e+001 1.125001e+000
    endloop
  endfacet
  facet normal 9.759971e-001 2.176627e-001 -7.251057e-003
    outer loop
      vertex   -1.053715e+002 6.049328e+001 3.750010e-001
      vertex   -1.053936e+002 6.058005e+001 1.000000e-006
      vertex   -1.054134e+002 6.068119e+001 3.750010e-001
    endloop
  endfacet
  facet normal 9.760228e-001 2.176684e-001 4.111132e-014
    outer loop
      vertex   -1.053715e+002 6.049328e+001 7.500010e-001
      vertex   -1.054134e+002 6.068119e+001 3.750010e-001
      vertex   -1.054134e+002 6.068119e+001 7.500010e-001
    endloop
  endfacet
  facet normal 9.760228e-001 2.176684e-001 -4.124339e-015
    outer loop
      vertex   -1.053715e+002 6.049328e+001 1.125001e+000
      vertex   -1.053715e+002 6.049328e+001 7.500010e-001
      vertex   -1.054134e+002 6.068119e+001 7.500010e-001
    endloop
  endfacet
  facet normal 9.917434e-001 1.281791e-001 -3.905827e-003
    outer loop
      vertex   -1.054134e+002 6.068119e+001 3.750010e-001
      vertex   -1.054225e+002 6.074023e+001 1.000000e-006
      vertex   -1.054382e+002 6.087270e+001 3.750010e-001
    endloop
  endfacet
  facet normal 9.917509e-001 1.281800e-001 4.001174e-014
    outer loop
      vertex   -1.054134e+002 6.068119e+001 7.500010e-001
      vertex   -1.054134e+002 6.068119e+001 3.750010e-001
      vertex   -1.054382e+002 6.087270e+001 3.750010e-001
    endloop
  endfacet
  facet normal 9.965284e-001 8.325377e-002 3.776644e-014
    outer loop
      vertex   -1.054382e+002 6.087270e+001 1.125001e+000
      vertex   -1.054543e+002 6.106601e+001 1.000000e-006
      vertex   -1.054382e+002 6.087270e+001 1.500001e+000
    endloop
  endfacet
  facet normal 9.917509e-001 1.281800e-001 3.515467e-014
    outer loop
      vertex   -1.054134e+002 6.068119e+001 1.500001e+000
      vertex   -1.054382e+002 6.087270e+001 1.500001e+000
      vertex   -1.054134e+002 6.068119e+001 1.875001e+000
    endloop
  endfacet
  facet normal 9.760228e-001 2.176684e-001 -4.132863e-015
    outer loop
      vertex   -1.053715e+002 6.049328e+001 1.875001e+000
      vertex   -1.054134e+002 6.068119e+001 1.875001e+000
      vertex   -1.053715e+002 6.049328e+001 2.250001e+000
    endloop
  endfacet
  facet normal 9.443508e-001 3.289400e-001 0.000000e+000
    outer loop
      vertex   -1.053079e+002 6.031075e+001 2.250001e+000
      vertex   -1.053715e+002 6.049328e+001 2.250001e+000
      vertex   -1.053079e+002 6.031075e+001 2.625001e+000
    endloop
  endfacet
  facet normal 9.042284e-001 4.270320e-001 3.831587e-003
    outer loop
      vertex   -1.052250e+002 6.013527e+001 2.625001e+000
      vertex   -1.053079e+002 6.031075e+001 2.625001e+000
      vertex   -1.052415e+002 6.016680e+001 3.000001e+000
    endloop
  endfacet
  facet normal 9.042350e-001 4.270352e-001 -0.000000e+000
    outer loop
      vertex   -1.052250e+002 6.013527e+001 2.625001e+000
      vertex   -1.053079e+002 6.031075e+001 2.250001e+000
      vertex   -1.053079e+002 6.031075e+001 2.625001e+000
    endloop
  endfacet
  facet normal 9.954539e-001 9.504704e-002 -6.125834e-003
    outer loop
      vertex   -1.054247e+002 6.075638e+001 3.000001e+000
      vertex   -1.054382e+002 6.087270e+001 2.625001e+000
      vertex   -1.054543e+002 6.106601e+001 3.000001e+000
    endloop
  endfacet
  facet normal 9.917418e-001 1.281789e-001 4.283745e-003
    outer loop
      vertex   -1.054247e+002 6.075638e+001 3.000001e+000
      vertex   -1.054134e+002 6.068119e+001 2.625001e+000
      vertex   -1.054382e+002 6.087270e+001 2.625001e+000
    endloop
  endfacet
  facet normal 9.858626e-001 1.675130e-001 -3.781318e-003
    outer loop
      vertex   -1.054247e+002 6.075638e+001 3.000001e+000
      vertex   -1.053988e+002 6.060390e+001 3.000001e+000
      vertex   -1.054134e+002 6.068119e+001 2.625001e+000
    endloop
  endfacet
  facet normal 9.759993e-001 2.176632e-001 6.937903e-003
    outer loop
      vertex   -1.054134e+002 6.068119e+001 2.625001e+000
      vertex   -1.053988e+002 6.060390e+001 3.000001e+000
      vertex   -1.053715e+002 6.049328e+001 2.625001e+000
    endloop
  endfacet
  facet normal 9.760228e-001 2.176684e-001 0.000000e+000
    outer loop
      vertex   -1.054134e+002 6.068119e+001 2.250001e+000
      vertex   -1.053715e+002 6.049328e+001 2.625001e+000
      vertex   -1.053715e+002 6.049328e+001 2.250001e+000
    endloop
  endfacet
  facet normal 9.760228e-001 2.176684e-001 -3.286264e-014
    outer loop
      vertex   -1.054134e+002 6.068119e+001 1.875001e+000
      vertex   -1.054134e+002 6.068119e+001 2.250001e+000
      vertex   -1.053715e+002 6.049328e+001 2.250001e+000
    endloop
  endfacet
  facet normal 9.917509e-001 1.281800e-001 -3.515467e-014
    outer loop
      vertex   -1.054134e+002 6.068119e+001 1.875001e+000
      vertex   -1.054382e+002 6.087270e+001 1.875001e+000
      vertex   -1.054134e+002 6.068119e+001 2.250001e+000
    endloop
  endfacet
  facet normal 9.917509e-001 1.281800e-001 -0.000000e+000
    outer loop
      vertex   -1.054134e+002 6.068119e+001 1.875001e+000
      vertex   -1.054382e+002 6.087270e+001 1.500001e+000
      vertex   -1.054382e+002 6.087270e+001 1.875001e+000
    endloop
  endfacet
  facet normal 9.965284e-001 8.325377e-002 0.000000e+000
    outer loop
      vertex   -1.054382e+002 6.087270e+001 1.875001e+000
      vertex   -1.054382e+002 6.087270e+001 1.500001e+000
      vertex   -1.054543e+002 6.106601e+001 3.000001e+000
    endloop
  endfacet
  facet normal 9.965284e-001 8.325377e-002 3.776644e-014
    outer loop
      vertex   -1.054382e+002 6.087270e+001 2.250001e+000
      vertex   -1.054543e+002 6.106601e+001 3.000001e+000
      vertex   -1.054382e+002 6.087270e+001 2.625001e+000
    endloop
  endfacet
  facet normal 9.917509e-001 1.281800e-001 3.758301e-014
    outer loop
      vertex   -1.054134e+002 6.068119e+001 2.625001e+000
      vertex   -1.054382e+002 6.087270e+001 2.250001e+000
      vertex   -1.054382e+002 6.087270e+001 2.625001e+000
    endloop
  endfacet
  facet normal 9.917509e-001 1.281800e-001 3.515428e-014
    outer loop
      vertex   -1.054134e+002 6.068119e+001 2.625001e+000
      vertex   -1.054134e+002 6.068119e+001 2.250001e+000
      vertex   -1.054382e+002 6.087270e+001 2.250001e+000
    endloop
  endfacet
  facet normal 9.760228e-001 2.176684e-001 3.284665e-014
    outer loop
      vertex   -1.054134e+002 6.068119e+001 2.625001e+000
      vertex   -1.053715e+002 6.049328e+001 2.625001e+000
      vertex   -1.054134e+002 6.068119e+001 2.250001e+000
    endloop
  endfacet
  facet normal 9.676733e-001 2.521777e-001 -3.849993e-003
    outer loop
      vertex   -1.053988e+002 6.060390e+001 3.000001e+000
      vertex   -1.053598e+002 6.045421e+001 3.000001e+000
      vertex   -1.053715e+002 6.049328e+001 2.625001e+000
    endloop
  endfacet
  facet normal 9.443396e-001 3.289361e-001 4.873178e-003
    outer loop
      vertex   -1.053715e+002 6.049328e+001 2.625001e+000
      vertex   -1.053598e+002 6.045421e+001 3.000001e+000
      vertex   -1.053079e+002 6.031075e+001 2.625001e+000
    endloop
  endfacet
  facet normal 9.443508e-001 3.289400e-001 -0.000000e+000
    outer loop
      vertex   -1.053715e+002 6.049328e+001 2.250001e+000
      vertex   -1.053715e+002 6.049328e+001 2.625001e+000
      vertex   -1.053079e+002 6.031075e+001 2.625001e+000
    endloop
  endfacet
  facet normal 9.400809e-001 3.409513e-001 -3.130662e-004
    outer loop
      vertex   -1.053598e+002 6.045421e+001 3.000001e+000
      vertex   -1.053069e+002 6.030822e+001 3.000001e+000
      vertex   -1.053079e+002 6.031075e+001 2.625001e+000
    endloop
  endfacet
  facet normal 9.077658e-001 4.194772e-001 3.052175e-004
    outer loop
      vertex   -1.053079e+002 6.031075e+001 2.625001e+000
      vertex   -1.053069e+002 6.030822e+001 3.000001e+000
      vertex   -1.052415e+002 6.016680e+001 3.000001e+000
    endloop
  endfacet
  facet normal -9.999793e-001 -6.156973e-003 1.878851e-003
    outer loop
      vertex   -1.014554e+002 6.100058e+001 3.000001e+000
      vertex   -1.014563e+002 6.115598e+001 3.000001e+000
      vertex   -1.014571e+002 6.117232e+001 2.625001e+000
    endloop
  endfacet
  facet normal 9.965284e-001 8.325377e-002 -3.776644e-014
    outer loop
      vertex   -1.054382e+002 6.087270e+001 1.875001e+000
      vertex   -1.054543e+002 6.106601e+001 3.000001e+000
      vertex   -1.054382e+002 6.087270e+001 2.250001e+000
    endloop
  endfacet
  facet normal 9.917509e-001 1.281800e-001 -3.758301e-014
    outer loop
      vertex   -1.054134e+002 6.068119e+001 2.250001e+000
      vertex   -1.054382e+002 6.087270e+001 1.875001e+000
      vertex   -1.054382e+002 6.087270e+001 2.250001e+000
    endloop
  endfacet
  facet normal 9.965284e-001 8.325377e-002 0.000000e+000
    outer loop
      vertex   -1.054543e+002 6.106601e+001 3.000001e+000
      vertex   -1.054382e+002 6.087270e+001 1.500001e+000
      vertex   -1.054543e+002 6.106601e+001 1.000000e-006
    endloop
  endfacet
  facet normal 9.917509e-001 1.281800e-001 3.758301e-014
    outer loop
      vertex   -1.054134e+002 6.068119e+001 1.500001e+000
      vertex   -1.054382e+002 6.087270e+001 1.125001e+000
      vertex   -1.054382e+002 6.087270e+001 1.500001e+000
    endloop
  endfacet
  facet normal 9.909459e-001 -1.342621e-001 0.000000e+000
    outer loop
      vertex   -1.054097e+002 6.147223e+001 2.250001e+000
      vertex   -1.054097e+002 6.147223e+001 2.625001e+000
      vertex   -1.054371e+002 6.127019e+001 2.625001e+000
    endloop
  endfacet
  facet normal 9.647395e-001 -2.631982e-001 -2.077824e-003
    outer loop
      vertex   -1.053622e+002 6.167002e+001 2.625001e+000
      vertex   -1.053936e+002 6.155198e+001 3.000001e+000
      vertex   -1.053890e+002 6.157179e+001 2.625001e+000
    endloop
  endfacet
  facet normal 9.647416e-001 -2.631988e-001 -4.154651e-014
    outer loop
      vertex   -1.053622e+002 6.167002e+001 2.250001e+000
      vertex   -1.053890e+002 6.157179e+001 2.625001e+000
      vertex   -1.053890e+002 6.157179e+001 2.250001e+000
    endloop
  endfacet
  facet normal 9.647416e-001 -2.631988e-001 4.154651e-014
    outer loop
      vertex   -1.053622e+002 6.167002e+001 1.875001e+000
      vertex   -1.053890e+002 6.157179e+001 2.250001e+000
      vertex   -1.053890e+002 6.157179e+001 1.875001e+000
    endloop
  endfacet
  facet normal 9.647416e-001 -2.631988e-001 -4.154651e-014
    outer loop
      vertex   -1.053622e+002 6.167002e+001 1.500001e+000
      vertex   -1.053890e+002 6.157179e+001 1.875001e+000
      vertex   -1.053890e+002 6.157179e+001 1.500001e+000
    endloop
  endfacet
  facet normal 9.647416e-001 -2.631988e-001 -3.655947e-014
    outer loop
      vertex   -1.053622e+002 6.167002e+001 1.125001e+000
      vertex   -1.053890e+002 6.157179e+001 1.500001e+000
      vertex   -1.053890e+002 6.157179e+001 1.125001e+000
    endloop
  endfacet
  facet normal 9.647416e-001 -2.631988e-001 4.987039e-015
    outer loop
      vertex   -1.053622e+002 6.167002e+001 7.500010e-001
      vertex   -1.053890e+002 6.157179e+001 1.125001e+000
      vertex   -1.053890e+002 6.157179e+001 7.500010e-001
    endloop
  endfacet
  facet normal 9.647416e-001 -2.631988e-001 3.157244e-014
    outer loop
      vertex   -1.053622e+002 6.167002e+001 3.750010e-001
      vertex   -1.053890e+002 6.157179e+001 7.500010e-001
      vertex   -1.053890e+002 6.157179e+001 3.750010e-001
    endloop
  endfacet
  facet normal 9.647416e-001 -2.631988e-001 3.655947e-014
    outer loop
      vertex   -1.053622e+002 6.167002e+001 3.750010e-001
      vertex   -1.053622e+002 6.167002e+001 7.500010e-001
      vertex   -1.053890e+002 6.157179e+001 7.500010e-001
    endloop
  endfacet
  facet normal 9.466875e-001 -3.221533e-001 3.587366e-014
    outer loop
      vertex   -1.053622e+002 6.167002e+001 3.750010e-001
      vertex   -1.053293e+002 6.176668e+001 3.750010e-001
      vertex   -1.053622e+002 6.167002e+001 7.500010e-001
    endloop
  endfacet
  facet normal 9.791444e-001 -2.031654e-001 -4.094527e-014
    outer loop
      vertex   -1.053890e+002 6.157179e+001 2.625001e+000
      vertex   -1.054097e+002 6.147223e+001 2.625001e+000
      vertex   -1.053890e+002 6.157179e+001 2.250001e+000
    endloop
  endfacet
  facet normal 9.466875e-001 -3.221533e-001 3.587530e-014
    outer loop
      vertex   -1.053293e+002 6.176668e+001 2.250001e+000
      vertex   -1.053622e+002 6.167002e+001 2.625001e+000
      vertex   -1.053622e+002 6.167002e+001 2.250001e+000
    endloop
  endfacet
  facet normal 9.647416e-001 -2.631988e-001 3.655947e-014
    outer loop
      vertex   -1.053622e+002 6.167002e+001 2.250001e+000
      vertex   -1.053622e+002 6.167002e+001 2.625001e+000
      vertex   -1.053890e+002 6.157179e+001 2.625001e+000
    endloop
  endfacet
  facet normal 9.264412e-001 -3.764395e-001 0.000000e+000
    outer loop
      vertex   -1.052908e+002 6.186150e+001 2.250001e+000
      vertex   -1.052908e+002 6.186150e+001 2.625001e+000
      vertex   -1.053293e+002 6.176668e+001 2.625001e+000
    endloop
  endfacet
  facet normal 8.932842e-001 -4.494922e-001 -8.516892e-015
    outer loop
      vertex   -1.051986e+002 6.204468e+001 2.250001e+000
      vertex   -1.051986e+002 6.204468e+001 2.625001e+000
      vertex   -1.052908e+002 6.186150e+001 2.625001e+000
    endloop
  endfacet
  facet normal 8.445120e-001 -5.355366e-001 3.200330e-014
    outer loop
      vertex   -1.050890e+002 6.221762e+001 2.250001e+000
      vertex   -1.050890e+002 6.221762e+001 2.625001e+000
      vertex   -1.051986e+002 6.204468e+001 2.625001e+000
    endloop
  endfacet
  facet normal 7.876347e-001 -6.161424e-001 -1.167455e-014
    outer loop
      vertex   -1.049631e+002 6.237854e+001 2.250001e+000
      vertex   -1.049631e+002 6.237854e+001 2.625001e+000
      vertex   -1.050890e+002 6.221762e+001 2.625001e+000
    endloop
  endfacet
  facet normal 7.208540e-001 -6.930869e-001 -1.313248e-014
    outer loop
      vertex   -1.048216e+002 6.252574e+001 2.250001e+000
      vertex   -1.048216e+002 6.252574e+001 2.625001e+000
      vertex   -1.049631e+002 6.237854e+001 2.625001e+000
    endloop
  endfacet
  facet normal 6.454253e-001 -7.638234e-001 0.000000e+000
    outer loop
      vertex   -1.046654e+002 6.265767e+001 2.250001e+000
      vertex   -1.046654e+002 6.265767e+001 2.625001e+000
      vertex   -1.048216e+002 6.252574e+001 2.625001e+000
    endloop
  endfacet
  facet normal 5.639126e-001 -8.258345e-001 1.564775e-014
    outer loop
      vertex   -1.044965e+002 6.277300e+001 2.250001e+000
      vertex   -1.044965e+002 6.277300e+001 2.625001e+000
      vertex   -1.046654e+002 6.265767e+001 2.625001e+000
    endloop
  endfacet
  facet normal 4.766242e-001 -8.791071e-001 0.000000e+000
    outer loop
      vertex   -1.043168e+002 6.287046e+001 2.250001e+000
      vertex   -1.043168e+002 6.287046e+001 2.625001e+000
      vertex   -1.044965e+002 6.277300e+001 2.625001e+000
    endloop
  endfacet
  facet normal 2.884373e-001 -9.574988e-001 1.814250e-014
    outer loop
      vertex   -1.039323e+002 6.300805e+001 2.250001e+000
      vertex   -1.041281e+002 6.294909e+001 2.625001e+000
      vertex   -1.041281e+002 6.294909e+001 2.250001e+000
    endloop
  endfacet
  facet normal 3.845876e-001 -9.230885e-001 1.749050e-014
    outer loop
      vertex   -1.041281e+002 6.294909e+001 2.250001e+000
      vertex   -1.041281e+002 6.294909e+001 2.625001e+000
      vertex   -1.043168e+002 6.287046e+001 2.625001e+000
    endloop
  endfacet
  facet normal 1.889653e-001 -9.819838e-001 -7.160956e-015
    outer loop
      vertex   -1.037316e+002 6.304668e+001 2.250001e+000
      vertex   -1.039323e+002 6.300805e+001 2.625001e+000
      vertex   -1.039323e+002 6.300805e+001 2.250001e+000
    endloop
  endfacet
  facet normal 8.792399e-002 -9.961272e-001 2.220636e-014
    outer loop
      vertex   -1.035279e+002 6.306465e+001 2.250001e+000
      vertex   -1.037316e+002 6.304668e+001 2.625001e+000
      vertex   -1.037316e+002 6.304668e+001 2.250001e+000
    endloop
  endfacet
  facet normal -1.435609e-002 -9.998969e-001 -0.000000e+000
    outer loop
      vertex   -1.033235e+002 6.306172e+001 2.250001e+000
      vertex   -1.035279e+002 6.306465e+001 2.625001e+000
      vertex   -1.035279e+002 6.306465e+001 2.250001e+000
    endloop
  endfacet
  facet normal -1.136514e-001 -9.935207e-001 4.306889e-015
    outer loop
      vertex   -1.031312e+002 6.303972e+001 2.250001e+000
      vertex   -1.033235e+002 6.306172e+001 2.625001e+000
      vertex   -1.033235e+002 6.306172e+001 2.250001e+000
    endloop
  endfacet
  facet normal -2.090029e-001 -9.779150e-001 7.920292e-015
    outer loop
      vertex   -1.029419e+002 6.299927e+001 2.250001e+000
      vertex   -1.031312e+002 6.303972e+001 2.625001e+000
      vertex   -1.031312e+002 6.303972e+001 2.250001e+000
    endloop
  endfacet
  facet normal -3.027600e-001 -9.530668e-001 1.805853e-014
    outer loop
      vertex   -1.027575e+002 6.294067e+001 2.250001e+000
      vertex   -1.029419e+002 6.299927e+001 2.625001e+000
      vertex   -1.029419e+002 6.299927e+001 2.250001e+000
    endloop
  endfacet
  facet normal -3.933384e-001 -9.193938e-001 1.742050e-014
    outer loop
      vertex   -1.025795e+002 6.286454e+001 2.250001e+000
      vertex   -1.027575e+002 6.294067e+001 2.625001e+000
      vertex   -1.027575e+002 6.294067e+001 2.250001e+000
    endloop
  endfacet
  facet normal -5.630096e-001 -8.264504e-001 -0.000000e+000
    outer loop
      vertex   -1.022498e+002 6.266261e+001 2.250001e+000
      vertex   -1.024098e+002 6.277158e+001 2.625001e+000
      vertex   -1.024098e+002 6.277158e+001 2.250001e+000
    endloop
  endfacet
  facet normal -4.803345e-001 -8.770854e-001 0.000000e+000
    outer loop
      vertex   -1.024098e+002 6.277158e+001 2.250001e+000
      vertex   -1.024098e+002 6.277158e+001 2.625001e+000
      vertex   -1.025795e+002 6.286454e+001 2.625001e+000
    endloop
  endfacet
  facet normal -6.401046e-001 -7.682878e-001 -9.699786e-015
    outer loop
      vertex   -1.021011e+002 6.253872e+001 2.250001e+000
      vertex   -1.022498e+002 6.266261e+001 2.625001e+000
      vertex   -1.022498e+002 6.266261e+001 2.250001e+000
    endloop
  endfacet
  facet normal -7.114452e-001 -7.027416e-001 -2.696065e-014
    outer loop
      vertex   -1.019651e+002 6.240102e+001 2.250001e+000
      vertex   -1.021011e+002 6.253872e+001 2.625001e+000
      vertex   -1.021011e+002 6.253872e+001 2.250001e+000
    endloop
  endfacet
  facet normal -7.760705e-001 -6.306461e-001 -0.000000e+000
    outer loop
      vertex   -1.018430e+002 6.225082e+001 2.250001e+000
      vertex   -1.019651e+002 6.240102e+001 2.625001e+000
      vertex   -1.019651e+002 6.240102e+001 2.250001e+000
    endloop
  endfacet
  facet normal -8.332935e-001 -5.528308e-001 -4.205310e-014
    outer loop
      vertex   -1.017361e+002 6.208954e+001 2.250001e+000
      vertex   -1.018430e+002 6.225082e+001 2.625001e+000
      vertex   -1.018430e+002 6.225082e+001 2.250001e+000
    endloop
  endfacet
  facet normal -8.829261e-001 -4.695119e-001 -8.896221e-015
    outer loop
      vertex   -1.016452e+002 6.191865e+001 2.250001e+000
      vertex   -1.017361e+002 6.208954e+001 2.625001e+000
      vertex   -1.017361e+002 6.208954e+001 2.250001e+000
    endloop
  endfacet
  facet normal -9.241395e-001 -3.820552e-001 -0.000000e+000
    outer loop
      vertex   -1.015712e+002 6.173979e+001 2.250001e+000
      vertex   -1.016452e+002 6.191865e+001 2.625001e+000
      vertex   -1.016452e+002 6.191865e+001 2.250001e+000
    endloop
  endfacet
  facet normal -9.567165e-001 -2.910217e-001 -0.000000e+000
    outer loop
      vertex   -1.015149e+002 6.155462e+001 2.250001e+000
      vertex   -1.015712e+002 6.173979e+001 2.625001e+000
      vertex   -1.015712e+002 6.173979e+001 2.250001e+000
    endloop
  endfacet
  facet normal -9.804072e-001 -1.969814e-001 -3.715313e-014
    outer loop
      vertex   -1.014768e+002 6.136487e+001 2.250001e+000
      vertex   -1.015149e+002 6.155462e+001 2.625001e+000
      vertex   -1.015149e+002 6.155462e+001 2.250001e+000
    endloop
  endfacet
  facet normal -9.948378e-001 -1.014775e-001 -1.922777e-015
    outer loop
      vertex   -1.014571e+002 6.117232e+001 2.250001e+000
      vertex   -1.014768e+002 6.136487e+001 2.625001e+000
      vertex   -1.014768e+002 6.136487e+001 2.250001e+000
    endloop
  endfacet
  facet normal -9.957594e-001 9.199565e-002 0.000000e+000
    outer loop
      vertex   -1.014740e+002 6.078605e+001 2.250001e+000
      vertex   -1.014562e+002 6.097878e+001 2.625001e+000
      vertex   -1.014562e+002 6.097878e+001 2.250001e+000
    endloop
  endfacet
  facet normal -9.999885e-001 -4.786547e-003 0.000000e+000
    outer loop
      vertex   -1.014562e+002 6.097878e+001 2.250001e+000
      vertex   -1.014562e+002 6.097878e+001 2.625001e+000
      vertex   -1.014571e+002 6.117232e+001 2.625001e+000
    endloop
  endfacet
  facet normal -9.822418e-001 1.876197e-001 0.000000e+000
    outer loop
      vertex   -1.015103e+002 6.059594e+001 2.250001e+000
      vertex   -1.014740e+002 6.078605e+001 2.625001e+000
      vertex   -1.014740e+002 6.078605e+001 2.250001e+000
    endloop
  endfacet
  facet normal -9.594565e-001 2.818567e-001 5.340566e-015
    outer loop
      vertex   -1.015649e+002 6.041025e+001 2.250001e+000
      vertex   -1.015103e+002 6.059594e+001 2.625001e+000
      vertex   -1.015103e+002 6.059594e+001 2.250001e+000
    endloop
  endfacet
  facet normal -9.277350e-001 3.732395e-001 3.515709e-014
    outer loop
      vertex   -1.016371e+002 6.023068e+001 2.250001e+000
      vertex   -1.015649e+002 6.041025e+001 2.625001e+000
      vertex   -1.015649e+002 6.041025e+001 2.250001e+000
    endloop
  endfacet
  facet normal -8.873746e-001 4.610491e-001 3.362761e-014
    outer loop
      vertex   -1.017264e+002 6.005894e+001 2.250001e+000
      vertex   -1.016371e+002 6.023068e+001 2.625001e+000
      vertex   -1.016371e+002 6.023068e+001 2.250001e+000
    endloop
  endfacet
  facet normal -8.385345e-001 5.448485e-001 0.000000e+000
    outer loop
      vertex   -1.018318e+002 5.989664e+001 2.250001e+000
      vertex   -1.017264e+002 6.005894e+001 2.625001e+000
      vertex   -1.017264e+002 6.005894e+001 2.250001e+000
    endloop
  endfacet
  facet normal -7.820424e-001 6.232253e-001 2.963597e-014
    outer loop
      vertex   -1.019524e+002 5.974528e+001 2.250001e+000
      vertex   -1.018318e+002 5.989664e+001 2.625001e+000
      vertex   -1.018318e+002 5.989664e+001 2.250001e+000
    endloop
  endfacet
  facet normal -7.181391e-001 6.958996e-001 2.721432e-014
    outer loop
      vertex   -1.020871e+002 5.960629e+001 2.250001e+000
      vertex   -1.019524e+002 5.974528e+001 2.625001e+000
      vertex   -1.019524e+002 5.974528e+001 2.250001e+000
    endloop
  endfacet
  facet normal -6.473961e-001 7.621537e-001 2.453347e-014
    outer loop
      vertex   -1.022346e+002 5.948099e+001 2.250001e+000
      vertex   -1.020871e+002 5.960629e+001 2.625001e+000
      vertex   -1.020871e+002 5.960629e+001 2.250001e+000
    endloop
  endfacet
  facet normal -5.708619e-001 8.210461e-001 0.000000e+000
    outer loop
      vertex   -1.023935e+002 5.937050e+001 2.250001e+000
      vertex   -1.022346e+002 5.948099e+001 2.625001e+000
      vertex   -1.022346e+002 5.948099e+001 2.250001e+000
    endloop
  endfacet
  facet normal -4.020778e-001 9.156055e-001 0.000000e+000
    outer loop
      vertex   -1.027396e+002 5.919809e+001 2.250001e+000
      vertex   -1.025624e+002 5.927592e+001 2.625001e+000
      vertex   -1.025624e+002 5.927592e+001 2.250001e+000
    endloop
  endfacet
  facet normal -4.887075e-001 8.724477e-001 0.000000e+000
    outer loop
      vertex   -1.025624e+002 5.927592e+001 2.250001e+000
      vertex   -1.025624e+002 5.927592e+001 2.625001e+000
      vertex   -1.023935e+002 5.937050e+001 2.625001e+000
    endloop
  endfacet
  facet normal -3.118516e-001 9.501308e-001 -1.800289e-014
    outer loop
      vertex   -1.029235e+002 5.913774e+001 2.250001e+000
      vertex   -1.027396e+002 5.919809e+001 2.625001e+000
      vertex   -1.027396e+002 5.919809e+001 2.250001e+000
    endloop
  endfacet
  facet normal -2.183361e-001 9.758736e-001 0.000000e+000
    outer loop
      vertex   -1.031124e+002 5.909548e+001 2.250001e+000
      vertex   -1.029235e+002 5.913774e+001 2.625001e+000
      vertex   -1.029235e+002 5.913774e+001 2.250001e+000
    endloop
  endfacet
  facet normal -1.231034e-001 9.923938e-001 0.000000e+000
    outer loop
      vertex   -1.033045e+002 5.907165e+001 2.250001e+000
      vertex   -1.031124e+002 5.909548e+001 2.625001e+000
      vertex   -1.031124e+002 5.909548e+001 2.250001e+000
    endloop
  endfacet
  facet normal -2.665801e-002 9.996446e-001 1.010222e-015
    outer loop
      vertex   -1.034979e+002 5.906649e+001 2.250001e+000
      vertex   -1.033045e+002 5.907165e+001 2.625001e+000
      vertex   -1.033045e+002 5.907165e+001 2.250001e+000
    endloop
  endfacet
  facet normal 7.027331e-002 9.975278e-001 -1.623791e-014
    outer loop
      vertex   -1.036910e+002 5.908009e+001 2.250001e+000
      vertex   -1.034979e+002 5.906649e+001 2.625001e+000
      vertex   -1.034979e+002 5.906649e+001 2.250001e+000
    endloop
  endfacet
  facet normal 1.661748e-001 9.860963e-001 2.498166e-014
    outer loop
      vertex   -1.038819e+002 5.911226e+001 2.250001e+000
      vertex   -1.036910e+002 5.908009e+001 2.625001e+000
      vertex   -1.036910e+002 5.908009e+001 2.250001e+000
    endloop
  endfacet
  facet normal 2.608255e-001 9.653860e-001 -1.829195e-014
    outer loop
      vertex   -1.040687e+002 5.916273e+001 2.250001e+000
      vertex   -1.038819e+002 5.911226e+001 2.625001e+000
      vertex   -1.038819e+002 5.911226e+001 2.250001e+000
    endloop
  endfacet
  facet normal 3.529960e-001 9.356248e-001 3.110504e-014
    outer loop
      vertex   -1.042498e+002 5.923105e+001 2.250001e+000
      vertex   -1.040687e+002 5.916273e+001 2.625001e+000
      vertex   -1.040687e+002 5.916273e+001 2.250001e+000
    endloop
  endfacet
  facet normal 4.415301e-001 8.972464e-001 1.700085e-014
    outer loop
      vertex   -1.044234e+002 5.931651e+001 2.250001e+000
      vertex   -1.042498e+002 5.923105e+001 2.625001e+000
      vertex   -1.042498e+002 5.923105e+001 2.250001e+000
    endloop
  endfacet
  facet normal 6.059368e-001 7.955128e-001 1.507322e-014
    outer loop
      vertex   -1.047421e+002 5.953570e+001 2.250001e+000
      vertex   -1.045881e+002 5.941839e+001 2.625001e+000
      vertex   -1.045881e+002 5.941839e+001 2.250001e+000
    endloop
  endfacet
  facet normal 5.261898e-001 8.503672e-001 1.611259e-014
    outer loop
      vertex   -1.045881e+002 5.941839e+001 2.250001e+000
      vertex   -1.045881e+002 5.941839e+001 2.625001e+000
      vertex   -1.044234e+002 5.931651e+001 2.625001e+000
    endloop
  endfacet
  facet normal 6.804484e-001 7.327960e-001 3.967089e-014
    outer loop
      vertex   -1.048838e+002 5.966731e+001 2.250001e+000
      vertex   -1.047421e+002 5.953570e+001 2.625001e+000
      vertex   -1.047421e+002 5.953570e+001 2.250001e+000
    endloop
  endfacet
  facet normal 7.487809e-001 6.628175e-001 0.000000e+000
    outer loop
      vertex   -1.050120e+002 5.981206e+001 2.250001e+000
      vertex   -1.048838e+002 5.966731e+001 2.625001e+000
      vertex   -1.048838e+002 5.966731e+001 2.250001e+000
    endloop
  endfacet
  facet normal 8.084605e-001 5.885505e-001 -3.063710e-014
    outer loop
      vertex   -1.051259e+002 5.996852e+001 2.250001e+000
      vertex   -1.050120e+002 5.981206e+001 2.625001e+000
      vertex   -1.050120e+002 5.981206e+001 2.250001e+000
    endloop
  endfacet
  facet normal 8.594479e-001 5.112233e-001 -9.686559e-015
    outer loop
      vertex   -1.052250e+002 6.013527e+001 2.250001e+000
      vertex   -1.051259e+002 5.996852e+001 2.625001e+000
      vertex   -1.051259e+002 5.996852e+001 2.250001e+000
    endloop
  endfacet
  facet normal 9.760228e-001 2.176684e-001 3.698698e-014
    outer loop
      vertex   -1.053715e+002 6.049328e+001 7.500010e-001
      vertex   -1.053715e+002 6.049328e+001 3.750010e-001
      vertex   -1.054134e+002 6.068119e+001 3.750010e-001
    endloop
  endfacet
  facet normal 9.443508e-001 3.289400e-001 0.000000e+000
    outer loop
      vertex   -1.053079e+002 6.031075e+001 7.500010e-001
      vertex   -1.053079e+002 6.031075e+001 3.750010e-001
      vertex   -1.053715e+002 6.049328e+001 3.750010e-001
    endloop
  endfacet
  facet normal 9.042350e-001 4.270352e-001 3.426654e-014
    outer loop
      vertex   -1.052250e+002 6.013527e+001 7.500010e-001
      vertex   -1.052250e+002 6.013527e+001 3.750010e-001
      vertex   -1.053079e+002 6.031075e+001 3.750010e-001
    endloop
  endfacet
  facet normal 8.594479e-001 5.112233e-001 -4.225587e-014
    outer loop
      vertex   -1.051259e+002 5.996852e+001 7.500010e-001
      vertex   -1.051259e+002 5.996852e+001 3.750010e-001
      vertex   -1.052250e+002 6.013527e+001 3.750010e-001
    endloop
  endfacet
  facet normal 8.084605e-001 5.885505e-001 3.063710e-014
    outer loop
      vertex   -1.050120e+002 5.981206e+001 7.500010e-001
      vertex   -1.050120e+002 5.981206e+001 3.750010e-001
      vertex   -1.051259e+002 5.996852e+001 3.750010e-001
    endloop
  endfacet
  facet normal 7.487809e-001 6.628175e-001 0.000000e+000
    outer loop
      vertex   -1.048838e+002 5.966731e+001 7.500010e-001
      vertex   -1.048838e+002 5.966731e+001 3.750010e-001
      vertex   -1.050120e+002 5.981206e+001 3.750010e-001
    endloop
  endfacet
  facet normal 6.804484e-001 7.327960e-001 2.578601e-014
    outer loop
      vertex   -1.047421e+002 5.953570e+001 7.500010e-001
      vertex   -1.047421e+002 5.953570e+001 3.750010e-001
      vertex   -1.048838e+002 5.966731e+001 3.750010e-001
    endloop
  endfacet
  facet normal 4.415301e-001 8.972464e-001 -1.700085e-014
    outer loop
      vertex   -1.042498e+002 5.923105e+001 7.500010e-001
      vertex   -1.042498e+002 5.923105e+001 3.750010e-001
      vertex   -1.044234e+002 5.931651e+001 3.750010e-001
    endloop
  endfacet
  facet normal 3.529960e-001 9.356248e-001 -4.351040e-015
    outer loop
      vertex   -1.040687e+002 5.916273e+001 7.500010e-001
      vertex   -1.040687e+002 5.916273e+001 3.750010e-001
      vertex   -1.042498e+002 5.923105e+001 3.750010e-001
    endloop
  endfacet
  facet normal 2.608255e-001 9.653860e-001 0.000000e+000
    outer loop
      vertex   -1.038819e+002 5.911226e+001 7.500010e-001
      vertex   -1.038819e+002 5.911226e+001 3.750010e-001
      vertex   -1.040687e+002 5.916273e+001 3.750010e-001
    endloop
  endfacet
  facet normal 1.661748e-001 9.860963e-001 -1.238707e-014
    outer loop
      vertex   -1.036910e+002 5.908009e+001 7.500010e-001
      vertex   -1.036910e+002 5.908009e+001 3.750010e-001
      vertex   -1.038819e+002 5.911226e+001 3.750010e-001
    endloop
  endfacet
  facet normal 7.027331e-002 9.975278e-001 -1.623791e-014
    outer loop
      vertex   -1.034979e+002 5.906649e+001 7.500010e-001
      vertex   -1.034979e+002 5.906649e+001 3.750010e-001
      vertex   -1.036910e+002 5.908009e+001 3.750010e-001
    endloop
  endfacet
  facet normal -2.665801e-002 9.996446e-001 -1.010222e-015
    outer loop
      vertex   -1.033045e+002 5.907165e+001 7.500010e-001
      vertex   -1.033045e+002 5.907165e+001 3.750010e-001
      vertex   -1.034979e+002 5.906649e+001 3.750010e-001
    endloop
  endfacet
  facet normal -1.231034e-001 9.923938e-001 0.000000e+000
    outer loop
      vertex   -1.031124e+002 5.909548e+001 7.500010e-001
      vertex   -1.031124e+002 5.909548e+001 3.750010e-001
      vertex   -1.033045e+002 5.907165e+001 3.750010e-001
    endloop
  endfacet
  facet normal -2.183361e-001 9.758736e-001 0.000000e+000
    outer loop
      vertex   -1.029235e+002 5.913774e+001 7.500010e-001
      vertex   -1.029235e+002 5.913774e+001 3.750010e-001
      vertex   -1.031124e+002 5.909548e+001 3.750010e-001
    endloop
  endfacet
  facet normal -3.118516e-001 9.501308e-001 -1.800289e-014
    outer loop
      vertex   -1.027396e+002 5.919809e+001 7.500010e-001
      vertex   -1.027396e+002 5.919809e+001 3.750010e-001
      vertex   -1.029235e+002 5.913774e+001 3.750010e-001
    endloop
  endfacet
  facet normal -5.708619e-001 8.210461e-001 0.000000e+000
    outer loop
      vertex   -1.022346e+002 5.948099e+001 7.500010e-001
      vertex   -1.022346e+002 5.948099e+001 3.750010e-001
      vertex   -1.023935e+002 5.937050e+001 3.750010e-001
    endloop
  endfacet
  facet normal -6.473961e-001 7.621537e-001 0.000000e+000
    outer loop
      vertex   -1.020871e+002 5.960629e+001 7.500010e-001
      vertex   -1.020871e+002 5.960629e+001 3.750010e-001
      vertex   -1.022346e+002 5.948099e+001 3.750010e-001
    endloop
  endfacet
  facet normal -7.181391e-001 6.958996e-001 2.721432e-014
    outer loop
      vertex   -1.019524e+002 5.974528e+001 7.500010e-001
      vertex   -1.019524e+002 5.974528e+001 3.750010e-001
      vertex   -1.020871e+002 5.960629e+001 3.750010e-001
    endloop
  endfacet
  facet normal -7.820424e-001 6.232253e-001 2.963597e-014
    outer loop
      vertex   -1.018318e+002 5.989664e+001 7.500010e-001
      vertex   -1.018318e+002 5.989664e+001 3.750010e-001
      vertex   -1.019524e+002 5.974528e+001 3.750010e-001
    endloop
  endfacet
  facet normal -8.385345e-001 5.448485e-001 0.000000e+000
    outer loop
      vertex   -1.017264e+002 6.005894e+001 7.500010e-001
      vertex   -1.017264e+002 6.005894e+001 3.750010e-001
      vertex   -1.018318e+002 5.989664e+001 3.750010e-001
    endloop
  endfacet
  facet normal -8.873746e-001 4.610491e-001 0.000000e+000
    outer loop
      vertex   -1.016371e+002 6.023068e+001 7.500010e-001
      vertex   -1.016371e+002 6.023068e+001 3.750010e-001
      vertex   -1.017264e+002 6.005894e+001 3.750010e-001
    endloop
  endfacet
  facet normal -9.277350e-001 3.732395e-001 3.515709e-014
    outer loop
      vertex   -1.015649e+002 6.041025e+001 7.500010e-001
      vertex   -1.015649e+002 6.041025e+001 3.750010e-001
      vertex   -1.016371e+002 6.023068e+001 3.750010e-001
    endloop
  endfacet
  facet normal -9.594565e-001 2.818567e-001 5.340566e-015
    outer loop
      vertex   -1.015103e+002 6.059594e+001 7.500010e-001
      vertex   -1.015103e+002 6.059594e+001 3.750010e-001
      vertex   -1.015649e+002 6.041025e+001 3.750010e-001
    endloop
  endfacet
  facet normal -9.822418e-001 1.876197e-001 0.000000e+000
    outer loop
      vertex   -1.014740e+002 6.078605e+001 7.500010e-001
      vertex   -1.014740e+002 6.078605e+001 3.750010e-001
      vertex   -1.015103e+002 6.059594e+001 3.750010e-001
    endloop
  endfacet
  facet normal -9.948378e-001 -1.014775e-001 -1.922777e-015
    outer loop
      vertex   -1.014768e+002 6.136487e+001 7.500010e-001
      vertex   -1.014768e+002 6.136487e+001 3.750010e-001
      vertex   -1.014571e+002 6.117232e+001 3.750010e-001
    endloop
  endfacet
  facet normal -9.804072e-001 -1.969814e-001 -0.000000e+000
    outer loop
      vertex   -1.015149e+002 6.155462e+001 7.500010e-001
      vertex   -1.015149e+002 6.155462e+001 3.750010e-001
      vertex   -1.014768e+002 6.136487e+001 3.750010e-001
    endloop
  endfacet
  facet normal -9.567165e-001 -2.910217e-001 -0.000000e+000
    outer loop
      vertex   -1.015712e+002 6.173979e+001 7.500010e-001
      vertex   -1.015712e+002 6.173979e+001 3.750010e-001
      vertex   -1.015149e+002 6.155462e+001 3.750010e-001
    endloop
  endfacet
  facet normal -9.241395e-001 -3.820552e-001 -0.000000e+000
    outer loop
      vertex   -1.016452e+002 6.191865e+001 7.500010e-001
      vertex   -1.016452e+002 6.191865e+001 3.750010e-001
      vertex   -1.015712e+002 6.173979e+001 3.750010e-001
    endloop
  endfacet
  facet normal -8.829261e-001 -4.695119e-001 -8.896221e-015
    outer loop
      vertex   -1.017361e+002 6.208954e+001 7.500010e-001
      vertex   -1.017361e+002 6.208954e+001 3.750010e-001
      vertex   -1.016452e+002 6.191865e+001 3.750010e-001
    endloop
  endfacet
  facet normal -8.332935e-001 -5.528308e-001 -0.000000e+000
    outer loop
      vertex   -1.018430e+002 6.225082e+001 7.500010e-001
      vertex   -1.018430e+002 6.225082e+001 3.750010e-001
      vertex   -1.017361e+002 6.208954e+001 3.750010e-001
    endloop
  endfacet
  facet normal -7.760705e-001 -6.306461e-001 -0.000000e+000
    outer loop
      vertex   -1.019651e+002 6.240102e+001 7.500010e-001
      vertex   -1.019651e+002 6.240102e+001 3.750010e-001
      vertex   -1.018430e+002 6.225082e+001 3.750010e-001
    endloop
  endfacet
  facet normal -7.114452e-001 -7.027416e-001 -0.000000e+000
    outer loop
      vertex   -1.021011e+002 6.253872e+001 7.500010e-001
      vertex   -1.021011e+002 6.253872e+001 3.750010e-001
      vertex   -1.019651e+002 6.240102e+001 3.750010e-001
    endloop
  endfacet
  facet normal -6.401046e-001 -7.682878e-001 -0.000000e+000
    outer loop
      vertex   -1.022498e+002 6.266261e+001 7.500010e-001
      vertex   -1.022498e+002 6.266261e+001 3.750010e-001
      vertex   -1.021011e+002 6.253872e+001 3.750010e-001
    endloop
  endfacet
  facet normal -3.933384e-001 -9.193938e-001 -0.000000e+000
    outer loop
      vertex   -1.027575e+002 6.294067e+001 7.500010e-001
      vertex   -1.027575e+002 6.294067e+001 3.750010e-001
      vertex   -1.025795e+002 6.286454e+001 3.750010e-001
    endloop
  endfacet
  facet normal -3.027600e-001 -9.530668e-001 1.805853e-014
    outer loop
      vertex   -1.029419e+002 6.299927e+001 7.500010e-001
      vertex   -1.029419e+002 6.299927e+001 3.750010e-001
      vertex   -1.027575e+002 6.294067e+001 3.750010e-001
    endloop
  endfacet
  facet normal -2.090029e-001 -9.779150e-001 -7.920292e-015
    outer loop
      vertex   -1.031312e+002 6.303972e+001 7.500010e-001
      vertex   -1.031312e+002 6.303972e+001 3.750010e-001
      vertex   -1.029419e+002 6.299927e+001 3.750010e-001
    endloop
  endfacet
  facet normal -1.136514e-001 -9.935207e-001 4.306889e-015
    outer loop
      vertex   -1.033235e+002 6.306172e+001 7.500010e-001
      vertex   -1.033235e+002 6.306172e+001 3.750010e-001
      vertex   -1.031312e+002 6.303972e+001 3.750010e-001
    endloop
  endfacet
  facet normal -1.435609e-002 -9.998969e-001 -0.000000e+000
    outer loop
      vertex   -1.035279e+002 6.306465e+001 7.500010e-001
      vertex   -1.035279e+002 6.306465e+001 3.750010e-001
      vertex   -1.033235e+002 6.306172e+001 3.750010e-001
    endloop
  endfacet
  facet normal 8.792399e-002 -9.961272e-001 2.220636e-014
    outer loop
      vertex   -1.037316e+002 6.304668e+001 7.500010e-001
      vertex   -1.037316e+002 6.304668e+001 3.750010e-001
      vertex   -1.035279e+002 6.306465e+001 3.750010e-001
    endloop
  endfacet
  facet normal 1.889653e-001 -9.819838e-001 -7.160956e-015
    outer loop
      vertex   -1.039323e+002 6.300805e+001 7.500010e-001
      vertex   -1.039323e+002 6.300805e+001 3.750010e-001
      vertex   -1.037316e+002 6.304668e+001 3.750010e-001
    endloop
  endfacet
  facet normal 3.845876e-001 -9.230885e-001 0.000000e+000
    outer loop
      vertex   -1.043168e+002 6.287046e+001 7.500010e-001
      vertex   -1.041281e+002 6.294909e+001 3.750010e-001
      vertex   -1.041281e+002 6.294909e+001 7.500010e-001
    endloop
  endfacet
  facet normal 2.884373e-001 -9.574988e-001 0.000000e+000
    outer loop
      vertex   -1.041281e+002 6.294909e+001 7.500010e-001
      vertex   -1.041281e+002 6.294909e+001 3.750010e-001
      vertex   -1.039323e+002 6.300805e+001 3.750010e-001
    endloop
  endfacet
  facet normal 4.766242e-001 -8.791071e-001 0.000000e+000
    outer loop
      vertex   -1.044965e+002 6.277300e+001 7.500010e-001
      vertex   -1.043168e+002 6.287046e+001 3.750010e-001
      vertex   -1.043168e+002 6.287046e+001 7.500010e-001
    endloop
  endfacet
  facet normal 5.639126e-001 -8.258345e-001 3.701756e-014
    outer loop
      vertex   -1.046654e+002 6.265767e+001 7.500010e-001
      vertex   -1.044965e+002 6.277300e+001 3.750010e-001
      vertex   -1.044965e+002 6.277300e+001 7.500010e-001
    endloop
  endfacet
  facet normal 6.454253e-001 -7.638234e-001 1.447278e-014
    outer loop
      vertex   -1.048216e+002 6.252574e+001 7.500010e-001
      vertex   -1.046654e+002 6.265767e+001 3.750010e-001
      vertex   -1.046654e+002 6.265767e+001 7.500010e-001
    endloop
  endfacet
  facet normal 7.208540e-001 -6.930869e-001 -1.313248e-014
    outer loop
      vertex   -1.049631e+002 6.237854e+001 7.500010e-001
      vertex   -1.048216e+002 6.252574e+001 3.750010e-001
      vertex   -1.048216e+002 6.252574e+001 7.500010e-001
    endloop
  endfacet
  facet normal 7.876347e-001 -6.161424e-001 -1.167455e-014
    outer loop
      vertex   -1.050890e+002 6.221762e+001 7.500010e-001
      vertex   -1.049631e+002 6.237854e+001 3.750010e-001
      vertex   -1.049631e+002 6.237854e+001 7.500010e-001
    endloop
  endfacet
  facet normal 8.445120e-001 -5.355366e-001 -3.200330e-014
    outer loop
      vertex   -1.051986e+002 6.204468e+001 7.500010e-001
      vertex   -1.050890e+002 6.221762e+001 3.750010e-001
      vertex   -1.050890e+002 6.221762e+001 7.500010e-001
    endloop
  endfacet
  facet normal 8.932842e-001 -4.494922e-001 -8.516892e-015
    outer loop
      vertex   -1.052908e+002 6.186150e+001 7.500010e-001
      vertex   -1.051986e+002 6.204468e+001 3.750010e-001
      vertex   -1.051986e+002 6.204468e+001 7.500010e-001
    endloop
  endfacet
  facet normal 9.264412e-001 -3.764395e-001 0.000000e+000
    outer loop
      vertex   -1.053293e+002 6.176668e+001 7.500010e-001
      vertex   -1.052908e+002 6.186150e+001 3.750010e-001
      vertex   -1.052908e+002 6.186150e+001 7.500010e-001
    endloop
  endfacet
  facet normal 9.791444e-001 -2.031654e-001 3.325574e-014
    outer loop
      vertex   -1.054097e+002 6.147223e+001 7.500010e-001
      vertex   -1.053890e+002 6.157179e+001 3.750010e-001
      vertex   -1.053890e+002 6.157179e+001 7.500010e-001
    endloop
  endfacet
  facet normal 9.909459e-001 -1.342621e-001 0.000000e+000
    outer loop
      vertex   -1.054371e+002 6.127019e+001 7.500010e-001
      vertex   -1.054097e+002 6.147223e+001 3.750010e-001
      vertex   -1.054097e+002 6.147223e+001 7.500010e-001
    endloop
  endfacet
  facet normal 9.909459e-001 -1.342621e-001 0.000000e+000
    outer loop
      vertex   -1.054097e+002 6.147223e+001 1.875001e+000
      vertex   -1.054097e+002 6.147223e+001 2.250001e+000
      vertex   -1.054371e+002 6.127019e+001 2.250001e+000
    endloop
  endfacet
  facet normal 9.791444e-001 -2.031654e-001 4.095482e-014
    outer loop
      vertex   -1.053890e+002 6.157179e+001 1.875001e+000
      vertex   -1.053890e+002 6.157179e+001 2.250001e+000
      vertex   -1.054097e+002 6.147223e+001 2.250001e+000
    endloop
  endfacet
  facet normal 9.466875e-001 -3.221533e-001 -3.587530e-014
    outer loop
      vertex   -1.053293e+002 6.176668e+001 1.875001e+000
      vertex   -1.053622e+002 6.167002e+001 2.250001e+000
      vertex   -1.053622e+002 6.167002e+001 1.875001e+000
    endloop
  endfacet
  facet normal 9.647416e-001 -2.631988e-001 -3.655947e-014
    outer loop
      vertex   -1.053622e+002 6.167002e+001 1.875001e+000
      vertex   -1.053622e+002 6.167002e+001 2.250001e+000
      vertex   -1.053890e+002 6.157179e+001 2.250001e+000
    endloop
  endfacet
  facet normal 9.264412e-001 -3.764395e-001 7.132703e-015
    outer loop
      vertex   -1.052908e+002 6.186150e+001 1.875001e+000
      vertex   -1.052908e+002 6.186150e+001 2.250001e+000
      vertex   -1.053293e+002 6.176668e+001 2.250001e+000
    endloop
  endfacet
  facet normal 8.932842e-001 -4.494922e-001 4.236845e-014
    outer loop
      vertex   -1.051986e+002 6.204468e+001 1.875001e+000
      vertex   -1.051986e+002 6.204468e+001 2.250001e+000
      vertex   -1.052908e+002 6.186150e+001 2.250001e+000
    endloop
  endfacet
  facet normal 8.445120e-001 -5.355366e-001 -2.185605e-014
    outer loop
      vertex   -1.050890e+002 6.221762e+001 1.875001e+000
      vertex   -1.050890e+002 6.221762e+001 2.250001e+000
      vertex   -1.051986e+002 6.204468e+001 2.250001e+000
    endloop
  endfacet
  facet normal 7.876347e-001 -6.161424e-001 4.152245e-014
    outer loop
      vertex   -1.049631e+002 6.237854e+001 1.875001e+000
      vertex   -1.049631e+002 6.237854e+001 2.250001e+000
      vertex   -1.050890e+002 6.221762e+001 2.250001e+000
    endloop
  endfacet
  facet normal 7.208540e-001 -6.930869e-001 1.313248e-014
    outer loop
      vertex   -1.048216e+002 6.252574e+001 1.875001e+000
      vertex   -1.048216e+002 6.252574e+001 2.250001e+000
      vertex   -1.049631e+002 6.237854e+001 2.250001e+000
    endloop
  endfacet
  facet normal 6.454253e-001 -7.638234e-001 2.894556e-014
    outer loop
      vertex   -1.046654e+002 6.265767e+001 1.875001e+000
      vertex   -1.046654e+002 6.265767e+001 2.250001e+000
      vertex   -1.048216e+002 6.252574e+001 2.250001e+000
    endloop
  endfacet
  facet normal 5.639126e-001 -8.258345e-001 -3.701756e-014
    outer loop
      vertex   -1.044965e+002 6.277300e+001 1.875001e+000
      vertex   -1.044965e+002 6.277300e+001 2.250001e+000
      vertex   -1.046654e+002 6.265767e+001 2.250001e+000
    endloop
  endfacet
  facet normal 4.766242e-001 -8.791071e-001 1.665715e-014
    outer loop
      vertex   -1.043168e+002 6.287046e+001 1.875001e+000
      vertex   -1.043168e+002 6.287046e+001 2.250001e+000
      vertex   -1.044965e+002 6.277300e+001 2.250001e+000
    endloop
  endfacet
  facet normal 2.884373e-001 -9.574988e-001 2.907301e-014
    outer loop
      vertex   -1.039323e+002 6.300805e+001 1.875001e+000
      vertex   -1.041281e+002 6.294909e+001 2.250001e+000
      vertex   -1.041281e+002 6.294909e+001 1.875001e+000
    endloop
  endfacet
  facet normal 3.845876e-001 -9.230885e-001 3.206468e-014
    outer loop
      vertex   -1.041281e+002 6.294909e+001 1.875001e+000
      vertex   -1.041281e+002 6.294909e+001 2.250001e+000
      vertex   -1.043168e+002 6.287046e+001 2.250001e+000
    endloop
  endfacet
  facet normal 1.889653e-001 -9.819838e-001 2.576739e-014
    outer loop
      vertex   -1.037316e+002 6.304668e+001 1.875001e+000
      vertex   -1.039323e+002 6.300805e+001 2.250001e+000
      vertex   -1.039323e+002 6.300805e+001 1.875001e+000
    endloop
  endfacet
  facet normal 8.792399e-002 -9.961272e-001 -3.331933e-015
    outer loop
      vertex   -1.035279e+002 6.306465e+001 1.875001e+000
      vertex   -1.037316e+002 6.304668e+001 2.250001e+000
      vertex   -1.037316e+002 6.304668e+001 1.875001e+000
    endloop
  endfacet
  facet normal -1.435609e-002 -9.998969e-001 -0.000000e+000
    outer loop
      vertex   -1.033235e+002 6.306172e+001 1.875001e+000
      vertex   -1.035279e+002 6.306465e+001 2.250001e+000
      vertex   -1.035279e+002 6.306465e+001 1.875001e+000
    endloop
  endfacet
  facet normal -1.136514e-001 -9.935207e-001 -4.306889e-015
    outer loop
      vertex   -1.031312e+002 6.303972e+001 1.875001e+000
      vertex   -1.033235e+002 6.306172e+001 2.250001e+000
      vertex   -1.033235e+002 6.306172e+001 1.875001e+000
    endloop
  endfacet
  facet normal -2.090029e-001 -9.779150e-001 -7.920292e-015
    outer loop
      vertex   -1.029419e+002 6.299927e+001 1.875001e+000
      vertex   -1.031312e+002 6.303972e+001 2.250001e+000
      vertex   -1.031312e+002 6.303972e+001 1.875001e+000
    endloop
  endfacet
  facet normal -3.027600e-001 -9.530668e-001 -1.805853e-014
    outer loop
      vertex   -1.027575e+002 6.294067e+001 1.875001e+000
      vertex   -1.029419e+002 6.299927e+001 2.250001e+000
      vertex   -1.029419e+002 6.299927e+001 1.875001e+000
    endloop
  endfacet
  facet normal -3.933384e-001 -9.193938e-001 -1.742050e-014
    outer loop
      vertex   -1.025795e+002 6.286454e+001 1.875001e+000
      vertex   -1.027575e+002 6.294067e+001 2.250001e+000
      vertex   -1.027575e+002 6.294067e+001 1.875001e+000
    endloop
  endfacet
  facet normal -5.630096e-001 -8.264504e-001 -1.565942e-014
    outer loop
      vertex   -1.022498e+002 6.266261e+001 1.875001e+000
      vertex   -1.024098e+002 6.277158e+001 2.250001e+000
      vertex   -1.024098e+002 6.277158e+001 1.875001e+000
    endloop
  endfacet
  facet normal -4.803345e-001 -8.770854e-001 -1.661884e-014
    outer loop
      vertex   -1.024098e+002 6.277158e+001 1.875001e+000
      vertex   -1.024098e+002 6.277158e+001 2.250001e+000
      vertex   -1.025795e+002 6.286454e+001 2.250001e+000
    endloop
  endfacet
  facet normal -6.401046e-001 -7.682878e-001 2.425715e-014
    outer loop
      vertex   -1.021011e+002 6.253872e+001 1.875001e+000
      vertex   -1.022498e+002 6.266261e+001 2.250001e+000
      vertex   -1.022498e+002 6.266261e+001 1.875001e+000
    endloop
  endfacet
  facet normal -7.114452e-001 -7.027416e-001 1.331541e-014
    outer loop
      vertex   -1.019651e+002 6.240102e+001 1.875001e+000
      vertex   -1.021011e+002 6.253872e+001 2.250001e+000
      vertex   -1.021011e+002 6.253872e+001 1.875001e+000
    endloop
  endfacet
  facet normal -7.760705e-001 -6.306461e-001 -1.194936e-014
    outer loop
      vertex   -1.018430e+002 6.225082e+001 1.875001e+000
      vertex   -1.019651e+002 6.240102e+001 2.250001e+000
      vertex   -1.019651e+002 6.240102e+001 1.875001e+000
    endloop
  endfacet
  facet normal -8.332935e-001 -5.528308e-001 -2.110324e-014
    outer loop
      vertex   -1.017361e+002 6.208954e+001 1.875001e+000
      vertex   -1.018430e+002 6.225082e+001 2.250001e+000
      vertex   -1.018430e+002 6.225082e+001 1.875001e+000
    endloop
  endfacet
  facet normal -8.829261e-001 -4.695119e-001 -0.000000e+000
    outer loop
      vertex   -1.016452e+002 6.191865e+001 1.875001e+000
      vertex   -1.017361e+002 6.208954e+001 2.250001e+000
      vertex   -1.017361e+002 6.208954e+001 1.875001e+000
    endloop
  endfacet
  facet normal -9.241395e-001 -3.820552e-001 -0.000000e+000
    outer loop
      vertex   -1.015712e+002 6.173979e+001 1.875001e+000
      vertex   -1.016452e+002 6.191865e+001 2.250001e+000
      vertex   -1.016452e+002 6.191865e+001 1.875001e+000
    endloop
  endfacet
  facet normal -9.567165e-001 -2.910217e-001 -3.625536e-014
    outer loop
      vertex   -1.015149e+002 6.155462e+001 1.875001e+000
      vertex   -1.015712e+002 6.173979e+001 2.250001e+000
      vertex   -1.015712e+002 6.173979e+001 1.875001e+000
    endloop
  endfacet
  facet normal -9.804072e-001 -1.969814e-001 -0.000000e+000
    outer loop
      vertex   -1.014768e+002 6.136487e+001 1.875001e+000
      vertex   -1.015149e+002 6.155462e+001 2.250001e+000
      vertex   -1.015149e+002 6.155462e+001 1.875001e+000
    endloop
  endfacet
  facet normal -9.948378e-001 -1.014775e-001 1.922777e-015
    outer loop
      vertex   -1.014571e+002 6.117232e+001 1.875001e+000
      vertex   -1.014768e+002 6.136487e+001 2.250001e+000
      vertex   -1.014768e+002 6.136487e+001 1.875001e+000
    endloop
  endfacet
  facet normal -9.957594e-001 9.199565e-002 -3.773491e-014
    outer loop
      vertex   -1.014740e+002 6.078605e+001 1.875001e+000
      vertex   -1.014562e+002 6.097878e+001 2.250001e+000
      vertex   -1.014562e+002 6.097878e+001 1.875001e+000
    endloop
  endfacet
  facet normal -9.999885e-001 -4.786547e-003 -3.789518e-014
    outer loop
      vertex   -1.014562e+002 6.097878e+001 1.875001e+000
      vertex   -1.014562e+002 6.097878e+001 2.250001e+000
      vertex   -1.014571e+002 6.117232e+001 2.250001e+000
    endloop
  endfacet
  facet normal -9.822418e-001 1.876197e-001 3.554981e-015
    outer loop
      vertex   -1.015103e+002 6.059594e+001 1.875001e+000
      vertex   -1.014740e+002 6.078605e+001 2.250001e+000
      vertex   -1.014740e+002 6.078605e+001 1.875001e+000
    endloop
  endfacet
  facet normal -9.594565e-001 2.818567e-001 -5.340566e-015
    outer loop
      vertex   -1.015649e+002 6.041025e+001 1.875001e+000
      vertex   -1.015103e+002 6.059594e+001 2.250001e+000
      vertex   -1.015103e+002 6.059594e+001 1.875001e+000
    endloop
  endfacet
  facet normal -9.277350e-001 3.732395e-001 -3.515709e-014
    outer loop
      vertex   -1.016371e+002 6.023068e+001 1.875001e+000
      vertex   -1.015649e+002 6.041025e+001 2.250001e+000
      vertex   -1.015649e+002 6.041025e+001 1.875001e+000
    endloop
  endfacet
  facet normal -8.873746e-001 4.610491e-001 3.362761e-014
    outer loop
      vertex   -1.017264e+002 6.005894e+001 1.875001e+000
      vertex   -1.016371e+002 6.023068e+001 2.250001e+000
      vertex   -1.016371e+002 6.023068e+001 1.875001e+000
    endloop
  endfacet
  facet normal -8.385345e-001 5.448485e-001 -1.032368e-014
    outer loop
      vertex   -1.018318e+002 5.989664e+001 1.875001e+000
      vertex   -1.017264e+002 6.005894e+001 2.250001e+000
      vertex   -1.017264e+002 6.005894e+001 1.875001e+000
    endloop
  endfacet
  facet normal -7.820424e-001 6.232253e-001 -2.963597e-014
    outer loop
      vertex   -1.019524e+002 5.974528e+001 1.875001e+000
      vertex   -1.018318e+002 5.989664e+001 2.250001e+000
      vertex   -1.018318e+002 5.989664e+001 1.875001e+000
    endloop
  endfacet
  facet normal -7.181391e-001 6.958996e-001 -1.402855e-014
    outer loop
      vertex   -1.020871e+002 5.960629e+001 1.875001e+000
      vertex   -1.019524e+002 5.974528e+001 2.250001e+000
      vertex   -1.019524e+002 5.974528e+001 1.875001e+000
    endloop
  endfacet
  facet normal -6.473961e-001 7.621537e-001 -1.444114e-014
    outer loop
      vertex   -1.022346e+002 5.948099e+001 1.875001e+000
      vertex   -1.020871e+002 5.960629e+001 2.250001e+000
      vertex   -1.020871e+002 5.960629e+001 1.875001e+000
    endloop
  endfacet
  facet normal -5.708619e-001 8.210461e-001 0.000000e+000
    outer loop
      vertex   -1.023935e+002 5.937050e+001 1.875001e+000
      vertex   -1.022346e+002 5.948099e+001 2.250001e+000
      vertex   -1.022346e+002 5.948099e+001 1.875001e+000
    endloop
  endfacet
  facet normal -4.020778e-001 9.156055e-001 3.258570e-014
    outer loop
      vertex   -1.027396e+002 5.919809e+001 1.875001e+000
      vertex   -1.025624e+002 5.927592e+001 2.250001e+000
      vertex   -1.025624e+002 5.927592e+001 1.875001e+000
    endloop
  endfacet
  facet normal -4.887075e-001 8.724477e-001 3.505084e-014
    outer loop
      vertex   -1.025624e+002 5.927592e+001 1.875001e+000
      vertex   -1.025624e+002 5.927592e+001 2.250001e+000
      vertex   -1.023935e+002 5.937050e+001 2.250001e+000
    endloop
  endfacet
  facet normal -3.118516e-001 9.501308e-001 1.800289e-014
    outer loop
      vertex   -1.029235e+002 5.913774e+001 1.875001e+000
      vertex   -1.027396e+002 5.919809e+001 2.250001e+000
      vertex   -1.027396e+002 5.919809e+001 1.875001e+000
    endloop
  endfacet
  facet normal -2.183361e-001 9.758736e-001 1.849066e-014
    outer loop
      vertex   -1.031124e+002 5.909548e+001 1.875001e+000
      vertex   -1.029235e+002 5.913774e+001 2.250001e+000
      vertex   -1.029235e+002 5.913774e+001 1.875001e+000
    endloop
  endfacet
  facet normal -1.231034e-001 9.923938e-001 0.000000e+000
    outer loop
      vertex   -1.033045e+002 5.907165e+001 1.875001e+000
      vertex   -1.031124e+002 5.909548e+001 2.250001e+000
      vertex   -1.031124e+002 5.909548e+001 1.875001e+000
    endloop
  endfacet
  facet normal -2.665801e-002 9.996446e-001 -1.894107e-014
    outer loop
      vertex   -1.034979e+002 5.906649e+001 1.875001e+000
      vertex   -1.033045e+002 5.907165e+001 2.250001e+000
      vertex   -1.033045e+002 5.907165e+001 1.875001e+000
    endloop
  endfacet
  facet normal 7.027331e-002 9.975278e-001 1.890096e-014
    outer loop
      vertex   -1.036910e+002 5.908009e+001 1.875001e+000
      vertex   -1.034979e+002 5.906649e+001 2.250001e+000
      vertex   -1.034979e+002 5.906649e+001 1.875001e+000
    endloop
  endfacet
  facet normal 1.661748e-001 9.860963e-001 0.000000e+000
    outer loop
      vertex   -1.038819e+002 5.911226e+001 1.875001e+000
      vertex   -1.036910e+002 5.908009e+001 2.250001e+000
      vertex   -1.036910e+002 5.908009e+001 1.875001e+000
    endloop
  endfacet
  facet normal 2.608255e-001 9.653860e-001 0.000000e+000
    outer loop
      vertex   -1.040687e+002 5.916273e+001 1.875001e+000
      vertex   -1.038819e+002 5.911226e+001 2.250001e+000
      vertex   -1.038819e+002 5.911226e+001 1.875001e+000
    endloop
  endfacet
  facet normal 3.529960e-001 9.356248e-001 -1.337700e-014
    outer loop
      vertex   -1.042498e+002 5.923105e+001 1.875001e+000
      vertex   -1.040687e+002 5.916273e+001 2.250001e+000
      vertex   -1.040687e+002 5.916273e+001 1.875001e+000
    endloop
  endfacet
  facet normal 4.415301e-001 8.972464e-001 0.000000e+000
    outer loop
      vertex   -1.044234e+002 5.931651e+001 1.875001e+000
      vertex   -1.042498e+002 5.923105e+001 2.250001e+000
      vertex   -1.042498e+002 5.923105e+001 1.875001e+000
    endloop
  endfacet
  facet normal 6.059368e-001 7.955128e-001 0.000000e+000
    outer loop
      vertex   -1.047421e+002 5.953570e+001 1.875001e+000
      vertex   -1.045881e+002 5.941839e+001 2.250001e+000
      vertex   -1.045881e+002 5.941839e+001 1.875001e+000
    endloop
  endfacet
  facet normal 5.261898e-001 8.503672e-001 -0.000000e+000
    outer loop
      vertex   -1.045881e+002 5.941839e+001 1.875001e+000
      vertex   -1.045881e+002 5.941839e+001 2.250001e+000
      vertex   -1.044234e+002 5.931651e+001 2.250001e+000
    endloop
  endfacet
  facet normal 6.804484e-001 7.327960e-001 -1.388488e-014
    outer loop
      vertex   -1.048838e+002 5.966731e+001 1.875001e+000
      vertex   -1.047421e+002 5.953570e+001 2.250001e+000
      vertex   -1.047421e+002 5.953570e+001 1.875001e+000
    endloop
  endfacet
  facet normal 7.487809e-001 6.628175e-001 1.581657e-014
    outer loop
      vertex   -1.050120e+002 5.981206e+001 1.875001e+000
      vertex   -1.048838e+002 5.966731e+001 2.250001e+000
      vertex   -1.048838e+002 5.966731e+001 1.875001e+000
    endloop
  endfacet
  facet normal 8.084605e-001 5.885505e-001 -2.230348e-014
    outer loop
      vertex   -1.051259e+002 5.996852e+001 1.875001e+000
      vertex   -1.050120e+002 5.981206e+001 2.250001e+000
      vertex   -1.050120e+002 5.981206e+001 1.875001e+000
    endloop
  endfacet
  facet normal 8.594479e-001 5.112233e-001 3.256931e-014
    outer loop
      vertex   -1.052250e+002 6.013527e+001 1.875001e+000
      vertex   -1.051259e+002 5.996852e+001 2.250001e+000
      vertex   -1.051259e+002 5.996852e+001 1.875001e+000
    endloop
  endfacet
  facet normal 9.443508e-001 3.289400e-001 -6.232691e-015
    outer loop
      vertex   -1.053715e+002 6.049328e+001 1.875001e+000
      vertex   -1.053715e+002 6.049328e+001 2.250001e+000
      vertex   -1.053079e+002 6.031075e+001 2.250001e+000
    endloop
  endfacet
  facet normal 9.909459e-001 -1.342621e-001 0.000000e+000
    outer loop
      vertex   -1.054097e+002 6.147223e+001 1.500001e+000
      vertex   -1.054097e+002 6.147223e+001 1.875001e+000
      vertex   -1.054371e+002 6.127019e+001 1.875001e+000
    endloop
  endfacet
  facet normal 9.791444e-001 -2.031654e-001 -4.095482e-014
    outer loop
      vertex   -1.053890e+002 6.157179e+001 1.500001e+000
      vertex   -1.053890e+002 6.157179e+001 1.875001e+000
      vertex   -1.054097e+002 6.147223e+001 1.875001e+000
    endloop
  endfacet
  facet normal 9.466875e-001 -3.221533e-001 6.104099e-015
    outer loop
      vertex   -1.053293e+002 6.176668e+001 1.500001e+000
      vertex   -1.053622e+002 6.167002e+001 1.875001e+000
      vertex   -1.053622e+002 6.167002e+001 1.500001e+000
    endloop
  endfacet
  facet normal 9.647416e-001 -2.631988e-001 4.987039e-015
    outer loop
      vertex   -1.053622e+002 6.167002e+001 1.500001e+000
      vertex   -1.053622e+002 6.167002e+001 1.875001e+000
      vertex   -1.053890e+002 6.157179e+001 1.875001e+000
    endloop
  endfacet
  facet normal 9.264412e-001 -3.764395e-001 0.000000e+000
    outer loop
      vertex   -1.052908e+002 6.186150e+001 1.500001e+000
      vertex   -1.052908e+002 6.186150e+001 1.875001e+000
      vertex   -1.053293e+002 6.176668e+001 1.875001e+000
    endloop
  endfacet
  facet normal 8.932842e-001 -4.494922e-001 0.000000e+000
    outer loop
      vertex   -1.051986e+002 6.204468e+001 1.500001e+000
      vertex   -1.051986e+002 6.204468e+001 1.875001e+000
      vertex   -1.052908e+002 6.186150e+001 1.875001e+000
    endloop
  endfacet
  facet normal 8.445120e-001 -5.355366e-001 3.200330e-014
    outer loop
      vertex   -1.050890e+002 6.221762e+001 1.500001e+000
      vertex   -1.050890e+002 6.221762e+001 1.875001e+000
      vertex   -1.051986e+002 6.204468e+001 1.875001e+000
    endloop
  endfacet
  facet normal 7.876347e-001 -6.161424e-001 0.000000e+000
    outer loop
      vertex   -1.049631e+002 6.237854e+001 1.500001e+000
      vertex   -1.049631e+002 6.237854e+001 1.875001e+000
      vertex   -1.050890e+002 6.221762e+001 1.875001e+000
    endloop
  endfacet
  facet normal 7.208540e-001 -6.930869e-001 0.000000e+000
    outer loop
      vertex   -1.048216e+002 6.252574e+001 1.500001e+000
      vertex   -1.048216e+002 6.252574e+001 1.875001e+000
      vertex   -1.049631e+002 6.237854e+001 1.875001e+000
    endloop
  endfacet
  facet normal 6.454253e-001 -7.638234e-001 0.000000e+000
    outer loop
      vertex   -1.046654e+002 6.265767e+001 1.500001e+000
      vertex   -1.046654e+002 6.265767e+001 1.875001e+000
      vertex   -1.048216e+002 6.252574e+001 1.875001e+000
    endloop
  endfacet
  facet normal 5.639126e-001 -8.258345e-001 3.701756e-014
    outer loop
      vertex   -1.044965e+002 6.277300e+001 1.500001e+000
      vertex   -1.044965e+002 6.277300e+001 1.875001e+000
      vertex   -1.046654e+002 6.265767e+001 1.875001e+000
    endloop
  endfacet
  facet normal 4.766242e-001 -8.791071e-001 0.000000e+000
    outer loop
      vertex   -1.043168e+002 6.287046e+001 1.500001e+000
      vertex   -1.043168e+002 6.287046e+001 1.875001e+000
      vertex   -1.044965e+002 6.277300e+001 1.875001e+000
    endloop
  endfacet
  facet normal 2.884373e-001 -9.574988e-001 0.000000e+000
    outer loop
      vertex   -1.039323e+002 6.300805e+001 1.500001e+000
      vertex   -1.041281e+002 6.294909e+001 1.875001e+000
      vertex   -1.041281e+002 6.294909e+001 1.500001e+000
    endloop
  endfacet
  facet normal 3.845876e-001 -9.230885e-001 0.000000e+000
    outer loop
      vertex   -1.041281e+002 6.294909e+001 1.500001e+000
      vertex   -1.041281e+002 6.294909e+001 1.875001e+000
      vertex   -1.043168e+002 6.287046e+001 1.875001e+000
    endloop
  endfacet
  facet normal 1.889653e-001 -9.819838e-001 0.000000e+000
    outer loop
      vertex   -1.037316e+002 6.304668e+001 1.500001e+000
      vertex   -1.039323e+002 6.300805e+001 1.875001e+000
      vertex   -1.039323e+002 6.300805e+001 1.500001e+000
    endloop
  endfacet
  facet normal 8.792399e-002 -9.961272e-001 3.331933e-015
    outer loop
      vertex   -1.035279e+002 6.306465e+001 1.500001e+000
      vertex   -1.037316e+002 6.304668e+001 1.875001e+000
      vertex   -1.037316e+002 6.304668e+001 1.500001e+000
    endloop
  endfacet
  facet normal -1.435609e-002 -9.998969e-001 -0.000000e+000
    outer loop
      vertex   -1.033235e+002 6.306172e+001 1.500001e+000
      vertex   -1.035279e+002 6.306465e+001 1.875001e+000
      vertex   -1.035279e+002 6.306465e+001 1.500001e+000
    endloop
  endfacet
  facet normal -1.136514e-001 -9.935207e-001 4.306889e-015
    outer loop
      vertex   -1.031312e+002 6.303972e+001 1.500001e+000
      vertex   -1.033235e+002 6.306172e+001 1.875001e+000
      vertex   -1.033235e+002 6.306172e+001 1.500001e+000
    endloop
  endfacet
  facet normal -2.090029e-001 -9.779150e-001 7.920292e-015
    outer loop
      vertex   -1.029419e+002 6.299927e+001 1.500001e+000
      vertex   -1.031312e+002 6.303972e+001 1.875001e+000
      vertex   -1.031312e+002 6.303972e+001 1.500001e+000
    endloop
  endfacet
  facet normal -3.027600e-001 -9.530668e-001 1.805853e-014
    outer loop
      vertex   -1.027575e+002 6.294067e+001 1.500001e+000
      vertex   -1.029419e+002 6.299927e+001 1.875001e+000
      vertex   -1.029419e+002 6.299927e+001 1.500001e+000
    endloop
  endfacet
  facet normal -3.933384e-001 -9.193938e-001 1.742050e-014
    outer loop
      vertex   -1.025795e+002 6.286454e+001 1.500001e+000
      vertex   -1.027575e+002 6.294067e+001 1.875001e+000
      vertex   -1.027575e+002 6.294067e+001 1.500001e+000
    endloop
  endfacet
  facet normal -5.630096e-001 -8.264504e-001 3.699501e-014
    outer loop
      vertex   -1.022498e+002 6.266261e+001 1.500001e+000
      vertex   -1.024098e+002 6.277158e+001 1.875001e+000
      vertex   -1.024098e+002 6.277158e+001 1.500001e+000
    endloop
  endfacet
  facet normal -4.803345e-001 -8.770854e-001 3.482141e-014
    outer loop
      vertex   -1.024098e+002 6.277158e+001 1.500001e+000
      vertex   -1.024098e+002 6.277158e+001 1.875001e+000
      vertex   -1.025795e+002 6.286454e+001 1.875001e+000
    endloop
  endfacet
  facet normal -6.401046e-001 -7.682878e-001 -2.425715e-014
    outer loop
      vertex   -1.021011e+002 6.253872e+001 1.500001e+000
      vertex   -1.022498e+002 6.266261e+001 1.875001e+000
      vertex   -1.022498e+002 6.266261e+001 1.500001e+000
    endloop
  endfacet
  facet normal -7.114452e-001 -7.027416e-001 -2.696065e-014
    outer loop
      vertex   -1.019651e+002 6.240102e+001 1.500001e+000
      vertex   -1.021011e+002 6.253872e+001 1.875001e+000
      vertex   -1.021011e+002 6.253872e+001 1.500001e+000
    endloop
  endfacet
  facet normal -7.760705e-001 -6.306461e-001 -5.510946e-015
    outer loop
      vertex   -1.018430e+002 6.225082e+001 1.500001e+000
      vertex   -1.019651e+002 6.240102e+001 1.875001e+000
      vertex   -1.019651e+002 6.240102e+001 1.500001e+000
    endloop
  endfacet
  facet normal -8.332935e-001 -5.528308e-001 -0.000000e+000
    outer loop
      vertex   -1.017361e+002 6.208954e+001 1.500001e+000
      vertex   -1.018430e+002 6.225082e+001 1.875001e+000
      vertex   -1.018430e+002 6.225082e+001 1.500001e+000
    endloop
  endfacet
  facet normal -8.829261e-001 -4.695119e-001 -0.000000e+000
    outer loop
      vertex   -1.016452e+002 6.191865e+001 1.500001e+000
      vertex   -1.017361e+002 6.208954e+001 1.875001e+000
      vertex   -1.017361e+002 6.208954e+001 1.500001e+000
    endloop
  endfacet
  facet normal -9.241395e-001 -3.820552e-001 -0.000000e+000
    outer loop
      vertex   -1.015712e+002 6.173979e+001 1.500001e+000
      vertex   -1.016452e+002 6.191865e+001 1.875001e+000
      vertex   -1.016452e+002 6.191865e+001 1.500001e+000
    endloop
  endfacet
  facet normal -9.567165e-001 -2.910217e-001 -0.000000e+000
    outer loop
      vertex   -1.015149e+002 6.155462e+001 1.500001e+000
      vertex   -1.015712e+002 6.173979e+001 1.875001e+000
      vertex   -1.015712e+002 6.173979e+001 1.500001e+000
    endloop
  endfacet
  facet normal -9.804072e-001 -1.969814e-001 -0.000000e+000
    outer loop
      vertex   -1.014768e+002 6.136487e+001 1.500001e+000
      vertex   -1.015149e+002 6.155462e+001 1.875001e+000
      vertex   -1.015149e+002 6.155462e+001 1.500001e+000
    endloop
  endfacet
  facet normal -9.948378e-001 -1.014775e-001 -1.922777e-015
    outer loop
      vertex   -1.014571e+002 6.117232e+001 1.500001e+000
      vertex   -1.014768e+002 6.136487e+001 1.875001e+000
      vertex   -1.014768e+002 6.136487e+001 1.500001e+000
    endloop
  endfacet
  facet normal -9.957594e-001 9.199565e-002 0.000000e+000
    outer loop
      vertex   -1.014740e+002 6.078605e+001 1.500001e+000
      vertex   -1.014562e+002 6.097878e+001 1.875001e+000
      vertex   -1.014562e+002 6.097878e+001 1.500001e+000
    endloop
  endfacet
  facet normal -9.999885e-001 -4.786547e-003 0.000000e+000
    outer loop
      vertex   -1.014562e+002 6.097878e+001 1.500001e+000
      vertex   -1.014562e+002 6.097878e+001 1.875001e+000
      vertex   -1.014571e+002 6.117232e+001 1.875001e+000
    endloop
  endfacet
  facet normal -9.822418e-001 1.876197e-001 -3.554981e-015
    outer loop
      vertex   -1.015103e+002 6.059594e+001 1.500001e+000
      vertex   -1.014740e+002 6.078605e+001 1.875001e+000
      vertex   -1.014740e+002 6.078605e+001 1.500001e+000
    endloop
  endfacet
  facet normal -9.594565e-001 2.818567e-001 0.000000e+000
    outer loop
      vertex   -1.015649e+002 6.041025e+001 1.500001e+000
      vertex   -1.015103e+002 6.059594e+001 1.875001e+000
      vertex   -1.015103e+002 6.059594e+001 1.500001e+000
    endloop
  endfacet
  facet normal -9.277350e-001 3.732395e-001 3.515709e-014
    outer loop
      vertex   -1.016371e+002 6.023068e+001 1.500001e+000
      vertex   -1.015649e+002 6.041025e+001 1.875001e+000
      vertex   -1.015649e+002 6.041025e+001 1.500001e+000
    endloop
  endfacet
  facet normal -8.873746e-001 4.610491e-001 0.000000e+000
    outer loop
      vertex   -1.017264e+002 6.005894e+001 1.500001e+000
      vertex   -1.016371e+002 6.023068e+001 1.875001e+000
      vertex   -1.016371e+002 6.023068e+001 1.500001e+000
    endloop
  endfacet
  facet normal -8.385345e-001 5.448485e-001 1.032368e-014
    outer loop
      vertex   -1.018318e+002 5.989664e+001 1.500001e+000
      vertex   -1.017264e+002 6.005894e+001 1.875001e+000
      vertex   -1.017264e+002 6.005894e+001 1.500001e+000
    endloop
  endfacet
  facet normal -7.820424e-001 6.232253e-001 2.963597e-014
    outer loop
      vertex   -1.019524e+002 5.974528e+001 1.500001e+000
      vertex   -1.018318e+002 5.989664e+001 1.875001e+000
      vertex   -1.018318e+002 5.989664e+001 1.500001e+000
    endloop
  endfacet
  facet normal -7.181391e-001 6.958996e-001 -1.318577e-014
    outer loop
      vertex   -1.020871e+002 5.960629e+001 1.500001e+000
      vertex   -1.019524e+002 5.974528e+001 1.875001e+000
      vertex   -1.019524e+002 5.974528e+001 1.500001e+000
    endloop
  endfacet
  facet normal -6.473961e-001 7.621537e-001 1.444114e-014
    outer loop
      vertex   -1.022346e+002 5.948099e+001 1.500001e+000
      vertex   -1.020871e+002 5.960629e+001 1.875001e+000
      vertex   -1.020871e+002 5.960629e+001 1.500001e+000
    endloop
  endfacet
  facet normal -5.708619e-001 8.210461e-001 0.000000e+000
    outer loop
      vertex   -1.023935e+002 5.937050e+001 1.500001e+000
      vertex   -1.022346e+002 5.948099e+001 1.875001e+000
      vertex   -1.022346e+002 5.948099e+001 1.500001e+000
    endloop
  endfacet
  facet normal -4.020778e-001 9.156055e-001 -1.523698e-014
    outer loop
      vertex   -1.027396e+002 5.919809e+001 1.500001e+000
      vertex   -1.025624e+002 5.927592e+001 1.875001e+000
      vertex   -1.025624e+002 5.927592e+001 1.500001e+000
    endloop
  endfacet
  facet normal -4.887075e-001 8.724477e-001 -1.851987e-014
    outer loop
      vertex   -1.025624e+002 5.927592e+001 1.500001e+000
      vertex   -1.025624e+002 5.927592e+001 1.875001e+000
      vertex   -1.023935e+002 5.937050e+001 1.875001e+000
    endloop
  endfacet
  facet normal -3.118516e-001 9.501308e-001 0.000000e+000
    outer loop
      vertex   -1.029235e+002 5.913774e+001 1.500001e+000
      vertex   -1.027396e+002 5.919809e+001 1.875001e+000
      vertex   -1.027396e+002 5.919809e+001 1.500001e+000
    endloop
  endfacet
  facet normal -2.183361e-001 9.758736e-001 0.000000e+000
    outer loop
      vertex   -1.031124e+002 5.909548e+001 1.500001e+000
      vertex   -1.029235e+002 5.913774e+001 1.875001e+000
      vertex   -1.029235e+002 5.913774e+001 1.500001e+000
    endloop
  endfacet
  facet normal -1.231034e-001 9.923938e-001 0.000000e+000
    outer loop
      vertex   -1.033045e+002 5.907165e+001 1.500001e+000
      vertex   -1.031124e+002 5.909548e+001 1.875001e+000
      vertex   -1.031124e+002 5.909548e+001 1.500001e+000
    endloop
  endfacet
  facet normal -2.665801e-002 9.996446e-001 -1.010222e-015
    outer loop
      vertex   -1.034979e+002 5.906649e+001 1.500001e+000
      vertex   -1.033045e+002 5.907165e+001 1.875001e+000
      vertex   -1.033045e+002 5.907165e+001 1.500001e+000
    endloop
  endfacet
  facet normal 7.027331e-002 9.975278e-001 0.000000e+000
    outer loop
      vertex   -1.036910e+002 5.908009e+001 1.500001e+000
      vertex   -1.034979e+002 5.906649e+001 1.875001e+000
      vertex   -1.034979e+002 5.906649e+001 1.500001e+000
    endloop
  endfacet
  facet normal 1.661748e-001 9.860963e-001 -1.238707e-014
    outer loop
      vertex   -1.038819e+002 5.911226e+001 1.500001e+000
      vertex   -1.036910e+002 5.908009e+001 1.875001e+000
      vertex   -1.036910e+002 5.908009e+001 1.500001e+000
    endloop
  endfacet
  facet normal 2.608255e-001 9.653860e-001 0.000000e+000
    outer loop
      vertex   -1.040687e+002 5.916273e+001 1.500001e+000
      vertex   -1.038819e+002 5.911226e+001 1.875001e+000
      vertex   -1.038819e+002 5.911226e+001 1.500001e+000
    endloop
  endfacet
  facet normal 3.529960e-001 9.356248e-001 -1.772804e-014
    outer loop
      vertex   -1.042498e+002 5.923105e+001 1.500001e+000
      vertex   -1.040687e+002 5.916273e+001 1.875001e+000
      vertex   -1.040687e+002 5.916273e+001 1.500001e+000
    endloop
  endfacet
  facet normal 4.415301e-001 8.972464e-001 -1.700085e-014
    outer loop
      vertex   -1.044234e+002 5.931651e+001 1.500001e+000
      vertex   -1.042498e+002 5.923105e+001 1.875001e+000
      vertex   -1.042498e+002 5.923105e+001 1.500001e+000
    endloop
  endfacet
  facet normal 6.059368e-001 7.955128e-001 0.000000e+000
    outer loop
      vertex   -1.047421e+002 5.953570e+001 1.500001e+000
      vertex   -1.045881e+002 5.941839e+001 1.875001e+000
      vertex   -1.045881e+002 5.941839e+001 1.500001e+000
    endloop
  endfacet
  facet normal 5.261898e-001 8.503672e-001 -0.000000e+000
    outer loop
      vertex   -1.045881e+002 5.941839e+001 1.500001e+000
      vertex   -1.045881e+002 5.941839e+001 1.875001e+000
      vertex   -1.044234e+002 5.931651e+001 1.875001e+000
    endloop
  endfacet
  facet normal 6.804484e-001 7.327960e-001 0.000000e+000
    outer loop
      vertex   -1.048838e+002 5.966731e+001 1.500001e+000
      vertex   -1.047421e+002 5.953570e+001 1.875001e+000
      vertex   -1.047421e+002 5.953570e+001 1.500001e+000
    endloop
  endfacet
  facet normal 7.487809e-001 6.628175e-001 0.000000e+000
    outer loop
      vertex   -1.050120e+002 5.981206e+001 1.500001e+000
      vertex   -1.048838e+002 5.966731e+001 1.875001e+000
      vertex   -1.048838e+002 5.966731e+001 1.500001e+000
    endloop
  endfacet
  facet normal 8.084605e-001 5.885505e-001 3.063710e-014
    outer loop
      vertex   -1.051259e+002 5.996852e+001 1.500001e+000
      vertex   -1.050120e+002 5.981206e+001 1.875001e+000
      vertex   -1.050120e+002 5.981206e+001 1.500001e+000
    endloop
  endfacet
  facet normal 8.594479e-001 5.112233e-001 -3.256931e-014
    outer loop
      vertex   -1.052250e+002 6.013527e+001 1.500001e+000
      vertex   -1.051259e+002 5.996852e+001 1.875001e+000
      vertex   -1.051259e+002 5.996852e+001 1.500001e+000
    endloop
  endfacet
  facet normal 9.443508e-001 3.289400e-001 -0.000000e+000
    outer loop
      vertex   -1.053715e+002 6.049328e+001 1.500001e+000
      vertex   -1.053715e+002 6.049328e+001 1.875001e+000
      vertex   -1.053079e+002 6.031075e+001 1.875001e+000
    endloop
  endfacet
  facet normal 9.443508e-001 3.289400e-001 0.000000e+000
    outer loop
      vertex   -1.053079e+002 6.031075e+001 1.500001e+000
      vertex   -1.053715e+002 6.049328e+001 1.500001e+000
      vertex   -1.053079e+002 6.031075e+001 1.875001e+000
    endloop
  endfacet
  facet normal 9.760228e-001 2.176684e-001 3.286264e-014
    outer loop
      vertex   -1.054134e+002 6.068119e+001 1.500001e+000
      vertex   -1.054134e+002 6.068119e+001 1.875001e+000
      vertex   -1.053715e+002 6.049328e+001 1.875001e+000
    endloop
  endfacet
  facet normal 9.909459e-001 -1.342621e-001 0.000000e+000
    outer loop
      vertex   -1.054097e+002 6.147223e+001 1.125001e+000
      vertex   -1.054097e+002 6.147223e+001 1.500001e+000
      vertex   -1.054371e+002 6.127019e+001 1.500001e+000
    endloop
  endfacet
  facet normal 9.791444e-001 -2.031654e-001 -3.710528e-014
    outer loop
      vertex   -1.053890e+002 6.157179e+001 1.125001e+000
      vertex   -1.053890e+002 6.157179e+001 1.500001e+000
      vertex   -1.054097e+002 6.147223e+001 1.500001e+000
    endloop
  endfacet
  facet normal 9.466875e-001 -3.221533e-001 3.587530e-014
    outer loop
      vertex   -1.053293e+002 6.176668e+001 1.125001e+000
      vertex   -1.053622e+002 6.167002e+001 1.500001e+000
      vertex   -1.053622e+002 6.167002e+001 1.125001e+000
    endloop
  endfacet
  facet normal 9.647416e-001 -2.631988e-001 3.655947e-014
    outer loop
      vertex   -1.053622e+002 6.167002e+001 1.125001e+000
      vertex   -1.053622e+002 6.167002e+001 1.500001e+000
      vertex   -1.053890e+002 6.157179e+001 1.500001e+000
    endloop
  endfacet
  facet normal 9.264412e-001 -3.764395e-001 0.000000e+000
    outer loop
      vertex   -1.052908e+002 6.186150e+001 1.125001e+000
      vertex   -1.052908e+002 6.186150e+001 1.500001e+000
      vertex   -1.053293e+002 6.176668e+001 1.500001e+000
    endloop
  endfacet
  facet normal 8.932842e-001 -4.494922e-001 0.000000e+000
    outer loop
      vertex   -1.051986e+002 6.204468e+001 1.125001e+000
      vertex   -1.051986e+002 6.204468e+001 1.500001e+000
      vertex   -1.052908e+002 6.186150e+001 1.500001e+000
    endloop
  endfacet
  facet normal 8.445120e-001 -5.355366e-001 3.200330e-014
    outer loop
      vertex   -1.050890e+002 6.221762e+001 1.125001e+000
      vertex   -1.050890e+002 6.221762e+001 1.500001e+000
      vertex   -1.051986e+002 6.204468e+001 1.500001e+000
    endloop
  endfacet
  facet normal 7.876347e-001 -6.161424e-001 0.000000e+000
    outer loop
      vertex   -1.049631e+002 6.237854e+001 1.125001e+000
      vertex   -1.049631e+002 6.237854e+001 1.500001e+000
      vertex   -1.050890e+002 6.221762e+001 1.500001e+000
    endloop
  endfacet
  facet normal 7.208540e-001 -6.930869e-001 0.000000e+000
    outer loop
      vertex   -1.048216e+002 6.252574e+001 1.125001e+000
      vertex   -1.048216e+002 6.252574e+001 1.500001e+000
      vertex   -1.049631e+002 6.237854e+001 1.500001e+000
    endloop
  endfacet
  facet normal 6.454253e-001 -7.638234e-001 0.000000e+000
    outer loop
      vertex   -1.046654e+002 6.265767e+001 1.125001e+000
      vertex   -1.046654e+002 6.265767e+001 1.500001e+000
      vertex   -1.048216e+002 6.252574e+001 1.500001e+000
    endloop
  endfacet
  facet normal 5.639126e-001 -8.258345e-001 0.000000e+000
    outer loop
      vertex   -1.044965e+002 6.277300e+001 1.125001e+000
      vertex   -1.044965e+002 6.277300e+001 1.500001e+000
      vertex   -1.046654e+002 6.265767e+001 1.500001e+000
    endloop
  endfacet
  facet normal 4.766242e-001 -8.791071e-001 0.000000e+000
    outer loop
      vertex   -1.043168e+002 6.287046e+001 1.125001e+000
      vertex   -1.043168e+002 6.287046e+001 1.500001e+000
      vertex   -1.044965e+002 6.277300e+001 1.500001e+000
    endloop
  endfacet
  facet normal 2.884373e-001 -9.574988e-001 1.814250e-014
    outer loop
      vertex   -1.039323e+002 6.300805e+001 1.125001e+000
      vertex   -1.041281e+002 6.294909e+001 1.500001e+000
      vertex   -1.041281e+002 6.294909e+001 1.125001e+000
    endloop
  endfacet
  facet normal 3.845876e-001 -9.230885e-001 1.749050e-014
    outer loop
      vertex   -1.041281e+002 6.294909e+001 1.125001e+000
      vertex   -1.041281e+002 6.294909e+001 1.500001e+000
      vertex   -1.043168e+002 6.287046e+001 1.500001e+000
    endloop
  endfacet
  facet normal 1.889653e-001 -9.819838e-001 -7.160956e-015
    outer loop
      vertex   -1.037316e+002 6.304668e+001 1.125001e+000
      vertex   -1.039323e+002 6.300805e+001 1.500001e+000
      vertex   -1.039323e+002 6.300805e+001 1.125001e+000
    endloop
  endfacet
  facet normal 8.792399e-002 -9.961272e-001 0.000000e+000
    outer loop
      vertex   -1.035279e+002 6.306465e+001 1.125001e+000
      vertex   -1.037316e+002 6.304668e+001 1.500001e+000
      vertex   -1.037316e+002 6.304668e+001 1.125001e+000
    endloop
  endfacet
  facet normal -1.435609e-002 -9.998969e-001 5.440326e-016
    outer loop
      vertex   -1.033235e+002 6.306172e+001 1.125001e+000
      vertex   -1.035279e+002 6.306465e+001 1.500001e+000
      vertex   -1.035279e+002 6.306465e+001 1.125001e+000
    endloop
  endfacet
  facet normal -1.136514e-001 -9.935207e-001 -0.000000e+000
    outer loop
      vertex   -1.031312e+002 6.303972e+001 1.125001e+000
      vertex   -1.033235e+002 6.306172e+001 1.500001e+000
      vertex   -1.033235e+002 6.306172e+001 1.125001e+000
    endloop
  endfacet
  facet normal -2.090029e-001 -9.779150e-001 7.920292e-015
    outer loop
      vertex   -1.029419e+002 6.299927e+001 1.125001e+000
      vertex   -1.031312e+002 6.303972e+001 1.500001e+000
      vertex   -1.031312e+002 6.303972e+001 1.125001e+000
    endloop
  endfacet
  facet normal -3.027600e-001 -9.530668e-001 -1.147328e-014
    outer loop
      vertex   -1.027575e+002 6.294067e+001 1.125001e+000
      vertex   -1.029419e+002 6.299927e+001 1.500001e+000
      vertex   -1.029419e+002 6.299927e+001 1.125001e+000
    endloop
  endfacet
  facet normal -3.933384e-001 -9.193938e-001 -0.000000e+000
    outer loop
      vertex   -1.025795e+002 6.286454e+001 1.125001e+000
      vertex   -1.027575e+002 6.294067e+001 1.500001e+000
      vertex   -1.027575e+002 6.294067e+001 1.125001e+000
    endloop
  endfacet
  facet normal -5.630096e-001 -8.264504e-001 -1.565942e-014
    outer loop
      vertex   -1.022498e+002 6.266261e+001 1.125001e+000
      vertex   -1.024098e+002 6.277158e+001 1.500001e+000
      vertex   -1.024098e+002 6.277158e+001 1.125001e+000
    endloop
  endfacet
  facet normal -4.803345e-001 -8.770854e-001 -1.661884e-014
    outer loop
      vertex   -1.024098e+002 6.277158e+001 1.125001e+000
      vertex   -1.024098e+002 6.277158e+001 1.500001e+000
      vertex   -1.025795e+002 6.286454e+001 1.500001e+000
    endloop
  endfacet
  facet normal -6.401046e-001 -7.682878e-001 -2.425715e-014
    outer loop
      vertex   -1.021011e+002 6.253872e+001 1.125001e+000
      vertex   -1.022498e+002 6.266261e+001 1.500001e+000
      vertex   -1.022498e+002 6.266261e+001 1.125001e+000
    endloop
  endfacet
  facet normal -7.114452e-001 -7.027416e-001 -0.000000e+000
    outer loop
      vertex   -1.019651e+002 6.240102e+001 1.125001e+000
      vertex   -1.021011e+002 6.253872e+001 1.500001e+000
      vertex   -1.021011e+002 6.253872e+001 1.125001e+000
    endloop
  endfacet
  facet normal -7.760705e-001 -6.306461e-001 -0.000000e+000
    outer loop
      vertex   -1.018430e+002 6.225082e+001 1.125001e+000
      vertex   -1.019651e+002 6.240102e+001 1.500001e+000
      vertex   -1.019651e+002 6.240102e+001 1.125001e+000
    endloop
  endfacet
  facet normal -8.332935e-001 -5.528308e-001 -1.047493e-014
    outer loop
      vertex   -1.017361e+002 6.208954e+001 1.125001e+000
      vertex   -1.018430e+002 6.225082e+001 1.500001e+000
      vertex   -1.018430e+002 6.225082e+001 1.125001e+000
    endloop
  endfacet
  facet normal -8.829261e-001 -4.695119e-001 -0.000000e+000
    outer loop
      vertex   -1.016452e+002 6.191865e+001 1.125001e+000
      vertex   -1.017361e+002 6.208954e+001 1.500001e+000
      vertex   -1.017361e+002 6.208954e+001 1.125001e+000
    endloop
  endfacet
  facet normal -9.241395e-001 -3.820552e-001 7.239108e-015
    outer loop
      vertex   -1.015712e+002 6.173979e+001 1.125001e+000
      vertex   -1.016452e+002 6.191865e+001 1.500001e+000
      vertex   -1.016452e+002 6.191865e+001 1.125001e+000
    endloop
  endfacet
  facet normal -9.567165e-001 -2.910217e-001 -0.000000e+000
    outer loop
      vertex   -1.015149e+002 6.155462e+001 1.125001e+000
      vertex   -1.015712e+002 6.173979e+001 1.500001e+000
      vertex   -1.015712e+002 6.173979e+001 1.125001e+000
    endloop
  endfacet
  facet normal -9.804072e-001 -1.969814e-001 -0.000000e+000
    outer loop
      vertex   -1.014768e+002 6.136487e+001 1.125001e+000
      vertex   -1.015149e+002 6.155462e+001 1.500001e+000
      vertex   -1.015149e+002 6.155462e+001 1.125001e+000
    endloop
  endfacet
  facet normal -9.948378e-001 -1.014775e-001 -0.000000e+000
    outer loop
      vertex   -1.014571e+002 6.117232e+001 1.125001e+000
      vertex   -1.014768e+002 6.136487e+001 1.500001e+000
      vertex   -1.014768e+002 6.136487e+001 1.125001e+000
    endloop
  endfacet
  facet normal -9.957594e-001 9.199565e-002 0.000000e+000
    outer loop
      vertex   -1.014740e+002 6.078605e+001 1.125001e+000
      vertex   -1.014562e+002 6.097878e+001 1.500001e+000
      vertex   -1.014562e+002 6.097878e+001 1.125001e+000
    endloop
  endfacet
  facet normal -9.999885e-001 -4.786547e-003 0.000000e+000
    outer loop
      vertex   -1.014562e+002 6.097878e+001 1.125001e+000
      vertex   -1.014562e+002 6.097878e+001 1.500001e+000
      vertex   -1.014571e+002 6.117232e+001 1.500001e+000
    endloop
  endfacet
  facet normal -9.822418e-001 1.876197e-001 3.554981e-015
    outer loop
      vertex   -1.015103e+002 6.059594e+001 1.125001e+000
      vertex   -1.014740e+002 6.078605e+001 1.500001e+000
      vertex   -1.014740e+002 6.078605e+001 1.125001e+000
    endloop
  endfacet
  facet normal -9.594565e-001 2.818567e-001 0.000000e+000
    outer loop
      vertex   -1.015649e+002 6.041025e+001 1.125001e+000
      vertex   -1.015103e+002 6.059594e+001 1.500001e+000
      vertex   -1.015103e+002 6.059594e+001 1.125001e+000
    endloop
  endfacet
  facet normal -9.277350e-001 3.732395e-001 0.000000e+000
    outer loop
      vertex   -1.016371e+002 6.023068e+001 1.125001e+000
      vertex   -1.015649e+002 6.041025e+001 1.500001e+000
      vertex   -1.015649e+002 6.041025e+001 1.125001e+000
    endloop
  endfacet
  facet normal -8.873746e-001 4.610491e-001 0.000000e+000
    outer loop
      vertex   -1.017264e+002 6.005894e+001 1.125001e+000
      vertex   -1.016371e+002 6.023068e+001 1.500001e+000
      vertex   -1.016371e+002 6.023068e+001 1.125001e+000
    endloop
  endfacet
  facet normal -8.385345e-001 5.448485e-001 -1.032368e-014
    outer loop
      vertex   -1.018318e+002 5.989664e+001 1.125001e+000
      vertex   -1.017264e+002 6.005894e+001 1.500001e+000
      vertex   -1.017264e+002 6.005894e+001 1.125001e+000
    endloop
  endfacet
  facet normal -7.820424e-001 6.232253e-001 0.000000e+000
    outer loop
      vertex   -1.019524e+002 5.974528e+001 1.125001e+000
      vertex   -1.018318e+002 5.989664e+001 1.500001e+000
      vertex   -1.018318e+002 5.989664e+001 1.125001e+000
    endloop
  endfacet
  facet normal -7.181391e-001 6.958996e-001 4.040009e-014
    outer loop
      vertex   -1.020871e+002 5.960629e+001 1.125001e+000
      vertex   -1.019524e+002 5.974528e+001 1.500001e+000
      vertex   -1.019524e+002 5.974528e+001 1.125001e+000
    endloop
  endfacet
  facet normal -6.473961e-001 7.621537e-001 -1.444114e-014
    outer loop
      vertex   -1.022346e+002 5.948099e+001 1.125001e+000
      vertex   -1.020871e+002 5.960629e+001 1.500001e+000
      vertex   -1.020871e+002 5.960629e+001 1.125001e+000
    endloop
  endfacet
  facet normal -5.708619e-001 8.210461e-001 0.000000e+000
    outer loop
      vertex   -1.023935e+002 5.937050e+001 1.125001e+000
      vertex   -1.022346e+002 5.948099e+001 1.500001e+000
      vertex   -1.022346e+002 5.948099e+001 1.125001e+000
    endloop
  endfacet
  facet normal -4.020778e-001 9.156055e-001 0.000000e+000
    outer loop
      vertex   -1.027396e+002 5.919809e+001 1.125001e+000
      vertex   -1.025624e+002 5.927592e+001 1.500001e+000
      vertex   -1.025624e+002 5.927592e+001 1.125001e+000
    endloop
  endfacet
  facet normal -4.887075e-001 8.724477e-001 0.000000e+000
    outer loop
      vertex   -1.025624e+002 5.927592e+001 1.125001e+000
      vertex   -1.025624e+002 5.927592e+001 1.500001e+000
      vertex   -1.023935e+002 5.937050e+001 1.500001e+000
    endloop
  endfacet
  facet normal -3.118516e-001 9.501308e-001 0.000000e+000
    outer loop
      vertex   -1.029235e+002 5.913774e+001 1.125001e+000
      vertex   -1.027396e+002 5.919809e+001 1.500001e+000
      vertex   -1.027396e+002 5.919809e+001 1.125001e+000
    endloop
  endfacet
  facet normal -2.183361e-001 9.758736e-001 0.000000e+000
    outer loop
      vertex   -1.031124e+002 5.909548e+001 1.125001e+000
      vertex   -1.029235e+002 5.913774e+001 1.500001e+000
      vertex   -1.029235e+002 5.913774e+001 1.125001e+000
    endloop
  endfacet
  facet normal -1.231034e-001 9.923938e-001 0.000000e+000
    outer loop
      vertex   -1.033045e+002 5.907165e+001 1.125001e+000
      vertex   -1.031124e+002 5.909548e+001 1.500001e+000
      vertex   -1.031124e+002 5.909548e+001 1.125001e+000
    endloop
  endfacet
  facet normal -2.665801e-002 9.996446e-001 -1.010222e-015
    outer loop
      vertex   -1.034979e+002 5.906649e+001 1.125001e+000
      vertex   -1.033045e+002 5.907165e+001 1.500001e+000
      vertex   -1.033045e+002 5.907165e+001 1.125001e+000
    endloop
  endfacet
  facet normal 7.027331e-002 9.975278e-001 2.663050e-015
    outer loop
      vertex   -1.036910e+002 5.908009e+001 1.125001e+000
      vertex   -1.034979e+002 5.906649e+001 1.500001e+000
      vertex   -1.034979e+002 5.906649e+001 1.125001e+000
    endloop
  endfacet
  facet normal 1.661748e-001 9.860963e-001 -1.868436e-014
    outer loop
      vertex   -1.038819e+002 5.911226e+001 1.125001e+000
      vertex   -1.036910e+002 5.908009e+001 1.500001e+000
      vertex   -1.036910e+002 5.908009e+001 1.125001e+000
    endloop
  endfacet
  facet normal 2.608255e-001 9.653860e-001 0.000000e+000
    outer loop
      vertex   -1.040687e+002 5.916273e+001 1.125001e+000
      vertex   -1.038819e+002 5.911226e+001 1.500001e+000
      vertex   -1.038819e+002 5.911226e+001 1.125001e+000
    endloop
  endfacet
  facet normal 3.529960e-001 9.356248e-001 -1.772804e-014
    outer loop
      vertex   -1.042498e+002 5.923105e+001 1.125001e+000
      vertex   -1.040687e+002 5.916273e+001 1.500001e+000
      vertex   -1.040687e+002 5.916273e+001 1.125001e+000
    endloop
  endfacet
  facet normal 4.415301e-001 8.972464e-001 -1.700085e-014
    outer loop
      vertex   -1.044234e+002 5.931651e+001 1.125001e+000
      vertex   -1.042498e+002 5.923105e+001 1.500001e+000
      vertex   -1.042498e+002 5.923105e+001 1.125001e+000
    endloop
  endfacet
  facet normal 6.059368e-001 7.955128e-001 -2.296234e-014
    outer loop
      vertex   -1.047421e+002 5.953570e+001 1.125001e+000
      vertex   -1.045881e+002 5.941839e+001 1.500001e+000
      vertex   -1.045881e+002 5.941839e+001 1.125001e+000
    endloop
  endfacet
  facet normal 5.261898e-001 8.503672e-001 -1.994028e-014
    outer loop
      vertex   -1.045881e+002 5.941839e+001 1.125001e+000
      vertex   -1.045881e+002 5.941839e+001 1.500001e+000
      vertex   -1.044234e+002 5.931651e+001 1.500001e+000
    endloop
  endfacet
  facet normal 6.804484e-001 7.327960e-001 1.388488e-014
    outer loop
      vertex   -1.048838e+002 5.966731e+001 1.125001e+000
      vertex   -1.047421e+002 5.953570e+001 1.500001e+000
      vertex   -1.047421e+002 5.953570e+001 1.125001e+000
    endloop
  endfacet
  facet normal 7.487809e-001 6.628175e-001 0.000000e+000
    outer loop
      vertex   -1.050120e+002 5.981206e+001 1.125001e+000
      vertex   -1.048838e+002 5.966731e+001 1.500001e+000
      vertex   -1.048838e+002 5.966731e+001 1.125001e+000
    endloop
  endfacet
  facet normal 8.084605e-001 5.885505e-001 3.063710e-014
    outer loop
      vertex   -1.051259e+002 5.996852e+001 1.125001e+000
      vertex   -1.050120e+002 5.981206e+001 1.500001e+000
      vertex   -1.050120e+002 5.981206e+001 1.125001e+000
    endloop
  endfacet
  facet normal 8.594479e-001 5.112233e-001 0.000000e+000
    outer loop
      vertex   -1.052250e+002 6.013527e+001 1.125001e+000
      vertex   -1.051259e+002 5.996852e+001 1.500001e+000
      vertex   -1.051259e+002 5.996852e+001 1.125001e+000
    endloop
  endfacet
  facet normal 9.042350e-001 4.270352e-001 -8.091379e-015
    outer loop
      vertex   -1.053079e+002 6.031075e+001 1.125001e+000
      vertex   -1.052250e+002 6.013527e+001 1.500001e+000
      vertex   -1.052250e+002 6.013527e+001 1.125001e+000
    endloop
  endfacet
  facet normal 9.760228e-001 2.176684e-001 -4.124339e-015
    outer loop
      vertex   -1.054134e+002 6.068119e+001 1.125001e+000
      vertex   -1.054134e+002 6.068119e+001 1.500001e+000
      vertex   -1.053715e+002 6.049328e+001 1.500001e+000
    endloop
  endfacet
  facet normal 9.760228e-001 2.176684e-001 0.000000e+000
    outer loop
      vertex   -1.053715e+002 6.049328e+001 1.125001e+000
      vertex   -1.054134e+002 6.068119e+001 1.125001e+000
      vertex   -1.053715e+002 6.049328e+001 1.500001e+000
    endloop
  endfacet
  facet normal 9.909459e-001 -1.342621e-001 0.000000e+000
    outer loop
      vertex   -1.054097e+002 6.147223e+001 7.500010e-001
      vertex   -1.054097e+002 6.147223e+001 1.125001e+000
      vertex   -1.054371e+002 6.127019e+001 1.125001e+000
    endloop
  endfacet
  facet normal 9.791444e-001 -2.031654e-001 3.849539e-015
    outer loop
      vertex   -1.053890e+002 6.157179e+001 7.500010e-001
      vertex   -1.053890e+002 6.157179e+001 1.125001e+000
      vertex   -1.054097e+002 6.147223e+001 1.125001e+000
    endloop
  endfacet
  facet normal 9.466875e-001 -3.221533e-001 -3.587530e-014
    outer loop
      vertex   -1.053293e+002 6.176668e+001 7.500010e-001
      vertex   -1.053622e+002 6.167002e+001 1.125001e+000
      vertex   -1.053622e+002 6.167002e+001 7.500010e-001
    endloop
  endfacet
  facet normal 9.647416e-001 -2.631988e-001 -3.655947e-014
    outer loop
      vertex   -1.053622e+002 6.167002e+001 7.500010e-001
      vertex   -1.053622e+002 6.167002e+001 1.125001e+000
      vertex   -1.053890e+002 6.157179e+001 1.125001e+000
    endloop
  endfacet
  facet normal 9.264412e-001 -3.764395e-001 7.132703e-015
    outer loop
      vertex   -1.052908e+002 6.186150e+001 7.500010e-001
      vertex   -1.052908e+002 6.186150e+001 1.125001e+000
      vertex   -1.053293e+002 6.176668e+001 1.125001e+000
    endloop
  endfacet
  facet normal 8.932842e-001 -4.494922e-001 4.236845e-014
    outer loop
      vertex   -1.051986e+002 6.204468e+001 7.500010e-001
      vertex   -1.051986e+002 6.204468e+001 1.125001e+000
      vertex   -1.052908e+002 6.186150e+001 1.125001e+000
    endloop
  endfacet
  facet normal 8.445120e-001 -5.355366e-001 1.014724e-014
    outer loop
      vertex   -1.050890e+002 6.221762e+001 7.500010e-001
      vertex   -1.050890e+002 6.221762e+001 1.125001e+000
      vertex   -1.051986e+002 6.204468e+001 1.125001e+000
    endloop
  endfacet
  facet normal 7.876347e-001 -6.161424e-001 2.984790e-014
    outer loop
      vertex   -1.049631e+002 6.237854e+001 7.500010e-001
      vertex   -1.049631e+002 6.237854e+001 1.125001e+000
      vertex   -1.050890e+002 6.221762e+001 1.125001e+000
    endloop
  endfacet
  facet normal 7.208540e-001 -6.930869e-001 0.000000e+000
    outer loop
      vertex   -1.048216e+002 6.252574e+001 7.500010e-001
      vertex   -1.048216e+002 6.252574e+001 1.125001e+000
      vertex   -1.049631e+002 6.237854e+001 1.125001e+000
    endloop
  endfacet
  facet normal 6.454253e-001 -7.638234e-001 0.000000e+000
    outer loop
      vertex   -1.046654e+002 6.265767e+001 7.500010e-001
      vertex   -1.046654e+002 6.265767e+001 1.125001e+000
      vertex   -1.048216e+002 6.252574e+001 1.125001e+000
    endloop
  endfacet
  facet normal 5.639126e-001 -8.258345e-001 -3.701756e-014
    outer loop
      vertex   -1.044965e+002 6.277300e+001 7.500010e-001
      vertex   -1.044965e+002 6.277300e+001 1.125001e+000
      vertex   -1.046654e+002 6.265767e+001 1.125001e+000
    endloop
  endfacet
  facet normal 4.766242e-001 -8.791071e-001 1.665715e-014
    outer loop
      vertex   -1.043168e+002 6.287046e+001 7.500010e-001
      vertex   -1.043168e+002 6.287046e+001 1.125001e+000
      vertex   -1.044965e+002 6.277300e+001 1.125001e+000
    endloop
  endfacet
  facet normal 2.884373e-001 -9.574988e-001 1.093051e-014
    outer loop
      vertex   -1.039323e+002 6.300805e+001 7.500010e-001
      vertex   -1.041281e+002 6.294909e+001 1.125001e+000
      vertex   -1.041281e+002 6.294909e+001 7.500010e-001
    endloop
  endfacet
  facet normal 3.845876e-001 -9.230885e-001 1.457418e-014
    outer loop
      vertex   -1.041281e+002 6.294909e+001 7.500010e-001
      vertex   -1.041281e+002 6.294909e+001 1.125001e+000
      vertex   -1.043168e+002 6.287046e+001 1.125001e+000
    endloop
  endfacet
  facet normal 1.889653e-001 -9.819838e-001 2.576739e-014
    outer loop
      vertex   -1.037316e+002 6.304668e+001 7.500010e-001
      vertex   -1.039323e+002 6.300805e+001 1.125001e+000
      vertex   -1.039323e+002 6.300805e+001 7.500010e-001
    endloop
  endfacet
  facet normal 8.792399e-002 -9.961272e-001 -3.331933e-015
    outer loop
      vertex   -1.035279e+002 6.306465e+001 7.500010e-001
      vertex   -1.037316e+002 6.304668e+001 1.125001e+000
      vertex   -1.037316e+002 6.304668e+001 7.500010e-001
    endloop
  endfacet
  facet normal -1.435609e-002 -9.998969e-001 -0.000000e+000
    outer loop
      vertex   -1.033235e+002 6.306172e+001 7.500010e-001
      vertex   -1.035279e+002 6.306465e+001 1.125001e+000
      vertex   -1.035279e+002 6.306465e+001 7.500010e-001
    endloop
  endfacet
  facet normal -1.136514e-001 -9.935207e-001 -4.306889e-015
    outer loop
      vertex   -1.031312e+002 6.303972e+001 7.500010e-001
      vertex   -1.033235e+002 6.306172e+001 1.125001e+000
      vertex   -1.033235e+002 6.306172e+001 7.500010e-001
    endloop
  endfacet
  facet normal -2.090029e-001 -9.779150e-001 -0.000000e+000
    outer loop
      vertex   -1.029419e+002 6.299927e+001 7.500010e-001
      vertex   -1.031312e+002 6.303972e+001 1.125001e+000
      vertex   -1.031312e+002 6.303972e+001 7.500010e-001
    endloop
  endfacet
  facet normal -3.027600e-001 -9.530668e-001 -1.805853e-014
    outer loop
      vertex   -1.027575e+002 6.294067e+001 7.500010e-001
      vertex   -1.029419e+002 6.299927e+001 1.125001e+000
      vertex   -1.029419e+002 6.299927e+001 7.500010e-001
    endloop
  endfacet
  facet normal -3.933384e-001 -9.193938e-001 1.742050e-014
    outer loop
      vertex   -1.025795e+002 6.286454e+001 7.500010e-001
      vertex   -1.027575e+002 6.294067e+001 1.125001e+000
      vertex   -1.027575e+002 6.294067e+001 7.500010e-001
    endloop
  endfacet
  facet normal -5.630096e-001 -8.264504e-001 1.565942e-014
    outer loop
      vertex   -1.022498e+002 6.266261e+001 7.500010e-001
      vertex   -1.024098e+002 6.277158e+001 1.125001e+000
      vertex   -1.024098e+002 6.277158e+001 7.500010e-001
    endloop
  endfacet
  facet normal -4.803345e-001 -8.770854e-001 1.661884e-014
    outer loop
      vertex   -1.024098e+002 6.277158e+001 7.500010e-001
      vertex   -1.024098e+002 6.277158e+001 1.125001e+000
      vertex   -1.025795e+002 6.286454e+001 1.125001e+000
    endloop
  endfacet
  facet normal -6.401046e-001 -7.682878e-001 -0.000000e+000
    outer loop
      vertex   -1.021011e+002 6.253872e+001 7.500010e-001
      vertex   -1.022498e+002 6.266261e+001 1.125001e+000
      vertex   -1.022498e+002 6.266261e+001 7.500010e-001
    endloop
  endfacet
  facet normal -7.114452e-001 -7.027416e-001 1.331541e-014
    outer loop
      vertex   -1.019651e+002 6.240102e+001 7.500010e-001
      vertex   -1.021011e+002 6.253872e+001 1.125001e+000
      vertex   -1.021011e+002 6.253872e+001 7.500010e-001
    endloop
  endfacet
  facet normal -7.760705e-001 -6.306461e-001 -0.000000e+000
    outer loop
      vertex   -1.018430e+002 6.225082e+001 7.500010e-001
      vertex   -1.019651e+002 6.240102e+001 1.125001e+000
      vertex   -1.019651e+002 6.240102e+001 7.500010e-001
    endloop
  endfacet
  facet normal -8.332935e-001 -5.528308e-001 -2.110324e-014
    outer loop
      vertex   -1.017361e+002 6.208954e+001 7.500010e-001
      vertex   -1.018430e+002 6.225082e+001 1.125001e+000
      vertex   -1.018430e+002 6.225082e+001 7.500010e-001
    endloop
  endfacet
  facet normal -8.829261e-001 -4.695119e-001 -0.000000e+000
    outer loop
      vertex   -1.016452e+002 6.191865e+001 7.500010e-001
      vertex   -1.017361e+002 6.208954e+001 1.125001e+000
      vertex   -1.017361e+002 6.208954e+001 7.500010e-001
    endloop
  endfacet
  facet normal -9.241395e-001 -3.820552e-001 -0.000000e+000
    outer loop
      vertex   -1.015712e+002 6.173979e+001 7.500010e-001
      vertex   -1.016452e+002 6.191865e+001 1.125001e+000
      vertex   -1.016452e+002 6.191865e+001 7.500010e-001
    endloop
  endfacet
  facet normal -9.567165e-001 -2.910217e-001 -3.625536e-014
    outer loop
      vertex   -1.015149e+002 6.155462e+001 7.500010e-001
      vertex   -1.015712e+002 6.173979e+001 1.125001e+000
      vertex   -1.015712e+002 6.173979e+001 7.500010e-001
    endloop
  endfacet
  facet normal -9.804072e-001 -1.969814e-001 -0.000000e+000
    outer loop
      vertex   -1.014768e+002 6.136487e+001 7.500010e-001
      vertex   -1.015149e+002 6.155462e+001 1.125001e+000
      vertex   -1.015149e+002 6.155462e+001 7.500010e-001
    endloop
  endfacet
  facet normal -9.948378e-001 -1.014775e-001 1.922777e-015
    outer loop
      vertex   -1.014571e+002 6.117232e+001 7.500010e-001
      vertex   -1.014768e+002 6.136487e+001 1.125001e+000
      vertex   -1.014768e+002 6.136487e+001 7.500010e-001
    endloop
  endfacet
  facet normal -9.957594e-001 9.199565e-002 0.000000e+000
    outer loop
      vertex   -1.014740e+002 6.078605e+001 7.500010e-001
      vertex   -1.014562e+002 6.097878e+001 1.125001e+000
      vertex   -1.014562e+002 6.097878e+001 7.500010e-001
    endloop
  endfacet
  facet normal -9.999885e-001 -4.786547e-003 0.000000e+000
    outer loop
      vertex   -1.014562e+002 6.097878e+001 7.500010e-001
      vertex   -1.014562e+002 6.097878e+001 1.125001e+000
      vertex   -1.014571e+002 6.117232e+001 1.125001e+000
    endloop
  endfacet
  facet normal -9.822418e-001 1.876197e-001 -3.554981e-015
    outer loop
      vertex   -1.015103e+002 6.059594e+001 7.500010e-001
      vertex   -1.014740e+002 6.078605e+001 1.125001e+000
      vertex   -1.014740e+002 6.078605e+001 7.500010e-001
    endloop
  endfacet
  facet normal -9.594565e-001 2.818567e-001 -5.340566e-015
    outer loop
      vertex   -1.015649e+002 6.041025e+001 7.500010e-001
      vertex   -1.015103e+002 6.059594e+001 1.125001e+000
      vertex   -1.015103e+002 6.059594e+001 7.500010e-001
    endloop
  endfacet
  facet normal -9.277350e-001 3.732395e-001 -3.515709e-014
    outer loop
      vertex   -1.016371e+002 6.023068e+001 7.500010e-001
      vertex   -1.015649e+002 6.041025e+001 1.125001e+000
      vertex   -1.015649e+002 6.041025e+001 7.500010e-001
    endloop
  endfacet
  facet normal -8.873746e-001 4.610491e-001 3.362761e-014
    outer loop
      vertex   -1.017264e+002 6.005894e+001 7.500010e-001
      vertex   -1.016371e+002 6.023068e+001 1.125001e+000
      vertex   -1.016371e+002 6.023068e+001 7.500010e-001
    endloop
  endfacet
  facet normal -8.385345e-001 5.448485e-001 1.032368e-014
    outer loop
      vertex   -1.018318e+002 5.989664e+001 7.500010e-001
      vertex   -1.017264e+002 6.005894e+001 1.125001e+000
      vertex   -1.017264e+002 6.005894e+001 7.500010e-001
    endloop
  endfacet
  facet normal -7.820424e-001 6.232253e-001 -2.963597e-014
    outer loop
      vertex   -1.019524e+002 5.974528e+001 7.500010e-001
      vertex   -1.018318e+002 5.989664e+001 1.125001e+000
      vertex   -1.018318e+002 5.989664e+001 7.500010e-001
    endloop
  endfacet
  facet normal -7.181391e-001 6.958996e-001 -4.040009e-014
    outer loop
      vertex   -1.020871e+002 5.960629e+001 7.500010e-001
      vertex   -1.019524e+002 5.974528e+001 1.125001e+000
      vertex   -1.019524e+002 5.974528e+001 7.500010e-001
    endloop
  endfacet
  facet normal -6.473961e-001 7.621537e-001 6.350809e-014
    outer loop
      vertex   -1.022346e+002 5.948099e+001 7.500010e-001
      vertex   -1.020871e+002 5.960629e+001 1.125001e+000
      vertex   -1.020871e+002 5.960629e+001 7.500010e-001
    endloop
  endfacet
  facet normal -5.708619e-001 8.210461e-001 2.163316e-014
    outer loop
      vertex   -1.023935e+002 5.937050e+001 7.500010e-001
      vertex   -1.022346e+002 5.948099e+001 1.125001e+000
      vertex   -1.022346e+002 5.948099e+001 7.500010e-001
    endloop
  endfacet
  facet normal -4.020778e-001 9.156055e-001 3.258570e-014
    outer loop
      vertex   -1.027396e+002 5.919809e+001 7.500010e-001
      vertex   -1.025624e+002 5.927592e+001 1.125001e+000
      vertex   -1.025624e+002 5.927592e+001 7.500010e-001
    endloop
  endfacet
  facet normal -4.887075e-001 8.724477e-001 3.505084e-014
    outer loop
      vertex   -1.025624e+002 5.927592e+001 7.500010e-001
      vertex   -1.025624e+002 5.927592e+001 1.125001e+000
      vertex   -1.023935e+002 5.937050e+001 1.125001e+000
    endloop
  endfacet
  facet normal -3.118516e-001 9.501308e-001 0.000000e+000
    outer loop
      vertex   -1.029235e+002 5.913774e+001 7.500010e-001
      vertex   -1.027396e+002 5.919809e+001 1.125001e+000
      vertex   -1.027396e+002 5.919809e+001 7.500010e-001
    endloop
  endfacet
  facet normal -2.183361e-001 9.758736e-001 1.849066e-014
    outer loop
      vertex   -1.031124e+002 5.909548e+001 7.500010e-001
      vertex   -1.029235e+002 5.913774e+001 1.125001e+000
      vertex   -1.029235e+002 5.913774e+001 7.500010e-001
    endloop
  endfacet
  facet normal -1.231034e-001 9.923938e-001 0.000000e+000
    outer loop
      vertex   -1.033045e+002 5.907165e+001 7.500010e-001
      vertex   -1.031124e+002 5.909548e+001 1.125001e+000
      vertex   -1.031124e+002 5.909548e+001 7.500010e-001
    endloop
  endfacet
  facet normal -2.665801e-002 9.996446e-001 -1.793085e-014
    outer loop
      vertex   -1.034979e+002 5.906649e+001 7.500010e-001
      vertex   -1.033045e+002 5.907165e+001 1.125001e+000
      vertex   -1.033045e+002 5.907165e+001 7.500010e-001
    endloop
  endfacet
  facet normal 7.027331e-002 9.975278e-001 0.000000e+000
    outer loop
      vertex   -1.036910e+002 5.908009e+001 7.500010e-001
      vertex   -1.034979e+002 5.906649e+001 1.125001e+000
      vertex   -1.034979e+002 5.906649e+001 7.500010e-001
    endloop
  endfacet
  facet normal 1.661748e-001 9.860963e-001 1.868436e-014
    outer loop
      vertex   -1.038819e+002 5.911226e+001 7.500010e-001
      vertex   -1.036910e+002 5.908009e+001 1.125001e+000
      vertex   -1.036910e+002 5.908009e+001 7.500010e-001
    endloop
  endfacet
  facet normal 2.608255e-001 9.653860e-001 0.000000e+000
    outer loop
      vertex   -1.040687e+002 5.916273e+001 7.500010e-001
      vertex   -1.038819e+002 5.911226e+001 1.125001e+000
      vertex   -1.038819e+002 5.911226e+001 7.500010e-001
    endloop
  endfacet
  facet normal 3.529960e-001 9.356248e-001 1.772804e-014
    outer loop
      vertex   -1.042498e+002 5.923105e+001 7.500010e-001
      vertex   -1.040687e+002 5.916273e+001 1.125001e+000
      vertex   -1.040687e+002 5.916273e+001 7.500010e-001
    endloop
  endfacet
  facet normal 4.415301e-001 8.972464e-001 1.700085e-014
    outer loop
      vertex   -1.044234e+002 5.931651e+001 7.500010e-001
      vertex   -1.042498e+002 5.923105e+001 1.125001e+000
      vertex   -1.042498e+002 5.923105e+001 7.500010e-001
    endloop
  endfacet
  facet normal 6.059368e-001 7.955128e-001 -1.507322e-014
    outer loop
      vertex   -1.047421e+002 5.953570e+001 7.500010e-001
      vertex   -1.045881e+002 5.941839e+001 1.125001e+000
      vertex   -1.045881e+002 5.941839e+001 7.500010e-001
    endloop
  endfacet
  facet normal 5.261898e-001 8.503672e-001 -1.611259e-014
    outer loop
      vertex   -1.045881e+002 5.941839e+001 7.500010e-001
      vertex   -1.045881e+002 5.941839e+001 1.125001e+000
      vertex   -1.044234e+002 5.931651e+001 1.125001e+000
    endloop
  endfacet
  facet normal 6.804484e-001 7.327960e-001 -3.967089e-014
    outer loop
      vertex   -1.048838e+002 5.966731e+001 7.500010e-001
      vertex   -1.047421e+002 5.953570e+001 1.125001e+000
      vertex   -1.047421e+002 5.953570e+001 7.500010e-001
    endloop
  endfacet
  facet normal 7.487809e-001 6.628175e-001 1.581657e-014
    outer loop
      vertex   -1.050120e+002 5.981206e+001 7.500010e-001
      vertex   -1.048838e+002 5.966731e+001 1.125001e+000
      vertex   -1.048838e+002 5.966731e+001 7.500010e-001
    endloop
  endfacet
  facet normal 8.084605e-001 5.885505e-001 -5.294059e-014
    outer loop
      vertex   -1.051259e+002 5.996852e+001 7.500010e-001
      vertex   -1.050120e+002 5.981206e+001 1.125001e+000
      vertex   -1.050120e+002 5.981206e+001 7.500010e-001
    endloop
  endfacet
  facet normal 8.594479e-001 5.112233e-001 3.256931e-014
    outer loop
      vertex   -1.052250e+002 6.013527e+001 7.500010e-001
      vertex   -1.051259e+002 5.996852e+001 1.125001e+000
      vertex   -1.051259e+002 5.996852e+001 7.500010e-001
    endloop
  endfacet
  facet normal 9.042350e-001 4.270352e-001 0.000000e+000
    outer loop
      vertex   -1.053079e+002 6.031075e+001 7.500010e-001
      vertex   -1.052250e+002 6.013527e+001 1.125001e+000
      vertex   -1.052250e+002 6.013527e+001 7.500010e-001
    endloop
  endfacet
  facet normal 9.443508e-001 3.289400e-001 0.000000e+000
    outer loop
      vertex   -1.053715e+002 6.049328e+001 7.500010e-001
      vertex   -1.053079e+002 6.031075e+001 1.125001e+000
      vertex   -1.053079e+002 6.031075e+001 7.500010e-001
    endloop
  endfacet
  facet normal 9.917509e-001 1.281800e-001 -3.758301e-014
    outer loop
      vertex   -1.054382e+002 6.087270e+001 7.500010e-001
      vertex   -1.054382e+002 6.087270e+001 1.125001e+000
      vertex   -1.054134e+002 6.068119e+001 1.125001e+000
    endloop
  endfacet
  facet normal 9.917509e-001 1.281800e-001 -3.757417e-014
    outer loop
      vertex   -1.054134e+002 6.068119e+001 7.500010e-001
      vertex   -1.054382e+002 6.087270e+001 7.500010e-001
      vertex   -1.054134e+002 6.068119e+001 1.125001e+000
    endloop
  endfacet
  facet normal -1.000000e+000 0.000000e+000 -0.000000e+000
    outer loop
      vertex   -9.460096e+001 6.051046e+001 4.500001e+000
      vertex   -9.460096e+001 6.314378e+001 4.500001e+000
      vertex   -9.460096e+001 6.051046e+001 1.000000e-006
    endloop
  endfacet
  facet normal -1.000000e+000 0.000000e+000 0.000000e+000
    outer loop
      vertex   -9.460096e+001 6.051046e+001 1.000000e-006
      vertex   -9.460096e+001 6.314378e+001 4.500001e+000
      vertex   -9.460096e+001 6.729313e+001 1.000000e-006
    endloop
  endfacet
  facet normal -1.000000e+000 0.000000e+000 0.000000e+000
    outer loop
      vertex   -9.460096e+001 6.729313e+001 1.000000e-006
      vertex   -9.460096e+001 6.314378e+001 4.500001e+000
      vertex   -9.460096e+001 6.729313e+001 5.100001e+000
    endloop
  endfacet
  facet normal -1.000000e+000 -0.000000e+000 0.000000e+000
    outer loop
      vertex   -9.460096e+001 6.729313e+001 5.100001e+000
      vertex   -9.460096e+001 6.314378e+001 4.500001e+000
      vertex   -9.460096e+001 6.314378e+001 5.100001e+000
    endloop
  endfacet
  facet normal 1.000000e+000 -0.000000e+000 3.157968e-015
    outer loop
      vertex   -9.620062e+001 5.915382e+001 1.000000e-006
      vertex   -9.620062e+001 6.729313e+001 1.000000e-006
      vertex   -9.620062e+001 6.196851e+001 4.500001e+000
    endloop
  endfacet
  facet normal 1.000000e+000 5.048811e-015 0.000000e+000
    outer loop
      vertex   -9.620062e+001 5.915382e+001 4.500001e+000
      vertex   -9.620062e+001 5.915382e+001 1.000000e-006
      vertex   -9.620062e+001 6.196851e+001 4.500001e+000
    endloop
  endfacet
  facet normal 1.000000e+000 -2.668899e-015 0.000000e+000
    outer loop
      vertex   -9.620062e+001 6.196851e+001 5.100001e+000
      vertex   -9.620062e+001 6.196851e+001 4.500001e+000
      vertex   -9.620062e+001 6.729313e+001 5.100001e+000
    endloop
  endfacet
  facet normal 1.000000e+000 -2.668899e-015 0.000000e+000
    outer loop
      vertex   -9.620062e+001 6.729313e+001 5.100001e+000
      vertex   -9.620062e+001 6.196851e+001 4.500001e+000
      vertex   -9.620062e+001 6.729313e+001 1.000000e-006
    endloop
  endfacet
  facet normal 1.000000e+000 0.000000e+000 -0.000000e+000
    outer loop
      vertex   -8.915467e+001 6.045098e+001 1.000000e-006
      vertex   -8.915467e+001 6.724119e+001 1.000000e-006
      vertex   -8.915467e+001 6.302378e+001 4.500001e+000
    endloop
  endfacet
  facet normal 1.000000e+000 -0.000000e+000 0.000000e+000
    outer loop
      vertex   -8.915467e+001 6.045098e+001 4.500001e+000
      vertex   -8.915467e+001 6.045098e+001 1.000000e-006
      vertex   -8.915467e+001 6.302378e+001 4.500001e+000
    endloop
  endfacet
  facet normal 1.000000e+000 -0.000000e+000 0.000000e+000
    outer loop
      vertex   -8.915467e+001 6.302378e+001 5.100001e+000
      vertex   -8.915467e+001 6.302378e+001 4.500001e+000
      vertex   -8.915467e+001 6.724119e+001 5.100001e+000
    endloop
  endfacet
  facet normal 1.000000e+000 0.000000e+000 0.000000e+000
    outer loop
      vertex   -8.915467e+001 6.724119e+001 5.100001e+000
      vertex   -8.915467e+001 6.302378e+001 4.500001e+000
      vertex   -8.915467e+001 6.724119e+001 1.000000e-006
    endloop
  endfacet
  facet normal -0.000000e+000 0.000000e+000 -1.000000e+000
    outer loop
      vertex   -8.746798e+001 5.910789e+001 1.000000e-006
      vertex   -9.132574e+001 5.700397e+001 1.000000e-006
      vertex   -8.915467e+001 6.045098e+001 1.000000e-006
    endloop
  endfacet
  facet normal 0.000000e+000 -0.000000e+000 -1.000000e+000
    outer loop
      vertex   -8.746798e+001 5.910789e+001 1.000000e-006
      vertex   -8.467229e+001 5.752325e+001 1.000000e-006
      vertex   -9.132574e+001 5.700397e+001 1.000000e-006
    endloop
  endfacet
  facet normal 0.000000e+000 -0.000000e+000 -1.000000e+000
    outer loop
      vertex   -8.746798e+001 5.910789e+001 1.000000e-006
      vertex   -8.196329e+001 5.915752e+001 1.000000e-006
      vertex   -8.467229e+001 5.752325e+001 1.000000e-006
    endloop
  endfacet
  facet normal 0.000000e+000 0.000000e+000 -1.000000e+000
    outer loop
      vertex   -8.746798e+001 5.910789e+001 1.000000e-006
      vertex   -8.746798e+001 6.724119e+001 1.000000e-006
      vertex   -8.196329e+001 5.915752e+001 1.000000e-006
    endloop
  endfacet
  facet normal 0.000000e+000 0.000000e+000 -1.000000e+000
    outer loop
      vertex   -8.196329e+001 5.915752e+001 1.000000e-006
      vertex   -8.746798e+001 6.724119e+001 1.000000e-006
      vertex   -8.196329e+001 6.728848e+001 1.000000e-006
    endloop
  endfacet
  facet normal -0.000000e+000 0.000000e+000 -1.000000e+000
    outer loop
      vertex   -8.196329e+001 6.728848e+001 1.000000e-006
      vertex   -8.746798e+001 6.724119e+001 1.000000e-006
      vertex   -8.473770e+001 7.012548e+001 1.000000e-006
    endloop
  endfacet
  facet normal -0.000000e+000 0.000000e+000 -1.000000e+000
    outer loop
      vertex   -7.951739e+001 7.079832e+001 1.000000e-006
      vertex   -8.473770e+001 7.012548e+001 1.000000e-006
      vertex   -8.400566e+001 7.077586e+001 1.000000e-006
    endloop
  endfacet
  facet normal -0.000000e+000 0.000000e+000 -1.000000e+000
    outer loop
      vertex   -7.951739e+001 7.079832e+001 1.000000e-006
      vertex   -8.196329e+001 6.728848e+001 1.000000e-006
      vertex   -8.473770e+001 7.012548e+001 1.000000e-006
    endloop
  endfacet
  facet normal -0.000000e+000 0.000000e+000 -1.000000e+000
    outer loop
      vertex   -7.951739e+001 7.079832e+001 1.000000e-006
      vertex   -8.027613e+001 6.728848e+001 1.000000e-006
      vertex   -8.196329e+001 6.728848e+001 1.000000e-006
    endloop
  endfacet
  facet normal 0.000000e+000 -0.000000e+000 -1.000000e+000
    outer loop
      vertex   -7.951739e+001 7.079832e+001 1.000000e-006
      vertex   -7.335760e+001 7.030944e+001 1.000000e-006
      vertex   -8.027613e+001 6.728848e+001 1.000000e-006
    endloop
  endfacet
  facet normal 0.000000e+000 0.000000e+000 -1.000000e+000
    outer loop
      vertex   -7.951739e+001 7.079832e+001 1.000000e-006
      vertex   -7.349029e+001 7.079832e+001 1.000000e-006
      vertex   -7.335760e+001 7.030944e+001 1.000000e-006
    endloop
  endfacet
  facet normal -0.000000e+000 0.000000e+000 -1.000000e+000
    outer loop
      vertex   -8.473770e+001 7.012548e+001 1.000000e-006
      vertex   -8.746798e+001 6.724119e+001 1.000000e-006
      vertex   -9.098399e+001 7.074134e+001 1.000000e-006
    endloop
  endfacet
  facet normal -0.000000e+000 -0.000000e+000 -1.000000e+000
    outer loop
      vertex   -8.545214e+001 7.074134e+001 1.000000e-006
      vertex   -8.473770e+001 7.012548e+001 1.000000e-006
      vertex   -9.098399e+001 7.074134e+001 1.000000e-006
    endloop
  endfacet
  facet normal 1.019247e-016 0.000000e+000 -1.000000e+000
    outer loop
      vertex   -8.915467e+001 6.045098e+001 1.000000e-006
      vertex   -9.460096e+001 6.051046e+001 1.000000e-006
      vertex   -8.915467e+001 6.724119e+001 1.000000e-006
    endloop
  endfacet
  facet normal 1.012283e-016 -6.375798e-017 -1.000000e+000
    outer loop
      vertex   -8.915467e+001 6.045098e+001 1.000000e-006
      vertex   -9.132574e+001 5.700397e+001 1.000000e-006
      vertex   -9.460096e+001 6.051046e+001 1.000000e-006
    endloop
  endfacet
  facet normal -1.187172e-016 -2.691974e-016 -1.000000e+000
    outer loop
      vertex   -9.460096e+001 6.051046e+001 1.000000e-006
      vertex   -9.132574e+001 5.700397e+001 1.000000e-006
      vertex   -9.620062e+001 5.915382e+001 1.000000e-006
    endloop
  endfacet
  facet normal 0.000000e+000 -0.000000e+000 -1.000000e+000
    outer loop
      vertex   -9.620062e+001 5.915382e+001 1.000000e-006
      vertex   -9.132574e+001 5.700397e+001 1.000000e-006
      vertex   -9.963058e+001 5.313733e+001 1.000000e-006
    endloop
  endfacet
  facet normal -4.699252e-022 2.679014e-022 -1.000000e+000
    outer loop
      vertex   -1.000392e+002 5.321095e+001 1.000000e-006
      vertex   -9.620062e+001 5.915382e+001 1.000000e-006
      vertex   -9.963058e+001 5.313733e+001 1.000000e-006
    endloop
  endfacet
  facet normal -6.230203e-024 -3.160815e-023 -1.000000e+000
    outer loop
      vertex   -1.000392e+002 5.321095e+001 1.000000e-006
      vertex   -1.004460e+002 5.329113e+001 1.000000e-006
      vertex   -9.620062e+001 5.915382e+001 1.000000e-006
    endloop
  endfacet
  facet normal -9.814115e-024 -2.901291e-023 -1.000000e+000
    outer loop
      vertex   -9.620062e+001 5.915382e+001 1.000000e-006
      vertex   -1.004460e+002 5.329113e+001 1.000000e-006
      vertex   -1.022080e+002 5.388715e+001 1.000000e-006
    endloop
  endfacet
  facet normal -1.295995e-023 -2.542466e-023 -1.000000e+000
    outer loop
      vertex   -1.023929e+002 5.398143e+001 1.000000e-006
      vertex   -9.620062e+001 5.915382e+001 1.000000e-006
      vertex   -1.022080e+002 5.388715e+001 1.000000e-006
    endloop
  endfacet
  facet normal 3.363404e-022 -4.436016e-022 -1.000000e+000
    outer loop
      vertex   -1.023929e+002 5.398143e+001 1.000000e-006
      vertex   -1.027552e+002 5.418415e+001 1.000000e-006
      vertex   -9.620062e+001 5.915382e+001 1.000000e-006
    endloop
  endfacet
  facet normal -3.298348e-022 4.350214e-022 -1.000000e+000
    outer loop
      vertex   -9.620062e+001 5.915382e+001 1.000000e-006
      vertex   -1.027552e+002 5.418415e+001 1.000000e-006
      vertex   -1.031067e+002 5.440437e+001 1.000000e-006
    endloop
  endfacet
  facet normal -1.544248e-023 -2.213120e-023 -1.000000e+000
    outer loop
      vertex   -1.034469e+002 5.464175e+001 1.000000e-006
      vertex   -9.620062e+001 5.915382e+001 1.000000e-006
      vertex   -1.031067e+002 5.440437e+001 1.000000e-006
    endloop
  endfacet
  facet normal -1.621363e-023 -2.089274e-023 -1.000000e+000
    outer loop
      vertex   -1.034469e+002 5.464175e+001 1.000000e-006
      vertex   -1.037746e+002 5.489605e+001 1.000000e-006
      vertex   -9.620062e+001 5.915382e+001 1.000000e-006
    endloop
  endfacet
  facet normal 2.490888e-022 -4.928296e-022 -1.000000e+000
    outer loop
      vertex   -9.620062e+001 5.915382e+001 1.000000e-006
      vertex   -1.037746e+002 5.489605e+001 1.000000e-006
      vertex   -1.040887e+002 5.516700e+001 1.000000e-006
    endloop
  endfacet
  facet normal -2.440852e-022 4.829299e-022 -1.000000e+000
    outer loop
      vertex   -1.043880e+002 5.545417e+001 1.000000e-006
      vertex   -9.620062e+001 5.915382e+001 1.000000e-006
      vertex   -1.040887e+002 5.516700e+001 1.000000e-006
    endloop
  endfacet
  facet normal -5.564049e-025 -5.600611e-023 -1.000000e+000
    outer loop
      vertex   -1.043880e+002 5.545417e+001 1.000000e-006
      vertex   -1.026889e+002 5.921828e+001 1.000000e-006
      vertex   -9.620062e+001 5.915382e+001 1.000000e-006
    endloop
  endfacet
  facet normal 2.475981e-023 -6.743366e-023 -1.000000e+000
    outer loop
      vertex   -1.043880e+002 5.545417e+001 1.000000e-006
      vertex   -1.028425e+002 5.916190e+001 1.000000e-006
      vertex   -1.026889e+002 5.921828e+001 1.000000e-006
    endloop
  endfacet
  facet normal -4.214002e-023 -3.954703e-023 -1.000000e+000
    outer loop
      vertex   -1.043880e+002 5.545417e+001 1.000000e-006
      vertex   -1.046719e+002 5.575667e+001 1.000000e-006
      vertex   -1.028425e+002 5.916190e+001 1.000000e-006
    endloop
  endfacet
  facet normal -4.499398e-023 -3.801377e-023 -1.000000e+000
    outer loop
      vertex   -1.028425e+002 5.916190e+001 1.000000e-006
      vertex   -1.046719e+002 5.575667e+001 1.000000e-006
      vertex   -1.049397e+002 5.607357e+001 1.000000e-006
    endloop
  endfacet
  facet normal 4.091777e-022 -3.302010e-022 -1.000000e+000
    outer loop
      vertex   -1.030002e+002 5.911827e+001 1.000000e-006
      vertex   -1.049397e+002 5.607357e+001 1.000000e-006
      vertex   -1.051906e+002 5.640395e+001 1.000000e-006
    endloop
  endfacet
  facet normal -4.297157e-022 3.249963e-022 -1.000000e+000
    outer loop
      vertex   -1.031608e+002 5.908769e+001 1.000000e-006
      vertex   -1.051906e+002 5.640395e+001 1.000000e-006
      vertex   -1.054240e+002 5.674690e+001 1.000000e-006
    endloop
  endfacet
  facet normal -5.747047e-023 -3.490049e-023 -1.000000e+000
    outer loop
      vertex   -1.056393e+002 5.710148e+001 1.000000e-006
      vertex   -1.031608e+002 5.908769e+001 1.000000e-006
      vertex   -1.054240e+002 5.674690e+001 1.000000e-006
    endloop
  endfacet
  facet normal 1.313981e-023 -1.230108e-022 -1.000000e+000
    outer loop
      vertex   -1.056393e+002 5.710148e+001 1.000000e-006
      vertex   -1.033235e+002 5.907031e+001 1.000000e-006
      vertex   -1.031608e+002 5.908769e+001 1.000000e-006
    endloop
  endfacet
  facet normal 2.727442e-024 -1.107634e-022 -1.000000e+000
    outer loop
      vertex   -1.056393e+002 5.710148e+001 1.000000e-006
      vertex   -1.034870e+002 5.906628e+001 1.000000e-006
      vertex   -1.033235e+002 5.907031e+001 1.000000e-006
    endloop
  endfacet
  facet normal -6.596465e-023 -3.551683e-023 -1.000000e+000
    outer loop
      vertex   -1.056393e+002 5.710148e+001 1.000000e-006
      vertex   -1.058360e+002 5.746674e+001 1.000000e-006
      vertex   -1.034870e+002 5.906628e+001 1.000000e-006
    endloop
  endfacet
  facet normal -7.014139e-024 -1.220863e-022 -1.000000e+000
    outer loop
      vertex   -1.034870e+002 5.906628e+001 1.000000e-006
      vertex   -1.058360e+002 5.746674e+001 1.000000e-006
      vertex   -1.036503e+002 5.907567e+001 1.000000e-006
    endloop
  endfacet
  facet normal 2.364602e-022 -4.528320e-022 -1.000000e+000
    outer loop
      vertex   -1.036503e+002 5.907567e+001 1.000000e-006
      vertex   -1.058360e+002 5.746674e+001 1.000000e-006
      vertex   -1.060134e+002 5.784172e+001 1.000000e-006
    endloop
  endfacet
  facet normal -2.552036e-022 4.470072e-022 -1.000000e+000
    outer loop
      vertex   -1.038123e+002 5.909834e+001 1.000000e-006
      vertex   -1.060134e+002 5.784172e+001 1.000000e-006
      vertex   -1.061711e+002 5.822544e+001 1.000000e-006
    endloop
  endfacet
  facet normal -8.553122e-022 1.603803e-021 -1.000000e+000
    outer loop
      vertex   -1.039719e+002 5.913416e+001 1.000000e-006
      vertex   -1.061711e+002 5.822544e+001 1.000000e-006
      vertex   -1.041281e+002 5.918294e+001 1.000000e-006
    endloop
  endfacet
  facet normal 7.920214e-022 -2.382756e-021 -1.000000e+000
    outer loop
      vertex   -1.039719e+002 5.913416e+001 1.000000e-006
      vertex   -1.038123e+002 5.909834e+001 1.000000e-006
      vertex   -1.061711e+002 5.822544e+001 1.000000e-006
    endloop
  endfacet
  facet normal 0.000000e+000 0.000000e+000 -1.000000e+000
    outer loop
      vertex   -8.467229e+001 5.752325e+001 1.000000e-006
      vertex   -8.196329e+001 5.915752e+001 1.000000e-006
      vertex   -7.792444e+001 5.722717e+001 1.000000e-006
    endloop
  endfacet
  facet normal 0.000000e+000 0.000000e+000 -1.000000e+000
    outer loop
      vertex   -8.116062e+001 5.464545e+001 1.000000e-006
      vertex   -8.467229e+001 5.752325e+001 1.000000e-006
      vertex   -7.792444e+001 5.722717e+001 1.000000e-006
    endloop
  endfacet
  facet normal 0.000000e+000 -0.000000e+000 -1.000000e+000
    outer loop
      vertex   -8.027613e+001 6.728848e+001 1.000000e-006
      vertex   -6.863378e+001 6.873886e+001 1.000000e-006
      vertex   -8.027613e+001 6.048567e+001 1.000000e-006
    endloop
  endfacet
  facet normal 0.000000e+000 0.000000e+000 -1.000000e+000
    outer loop
      vertex   -8.027613e+001 6.728848e+001 1.000000e-006
      vertex   -7.335760e+001 7.030944e+001 1.000000e-006
      vertex   -6.863378e+001 6.873886e+001 1.000000e-006
    endloop
  endfacet
  facet normal 0.000000e+000 0.000000e+000 -1.000000e+000
    outer loop
      vertex   -6.863378e+001 6.873886e+001 1.000000e-006
      vertex   -7.335760e+001 7.030944e+001 1.000000e-006
      vertex   -7.321443e+001 7.079715e+001 1.000000e-006
    endloop
  endfacet
  facet normal -0.000000e+000 0.000000e+000 -1.000000e+000
    outer loop
      vertex   -6.602022e+001 7.079715e+001 1.000000e-006
      vertex   -6.863378e+001 6.873886e+001 1.000000e-006
      vertex   -7.321443e+001 7.079715e+001 1.000000e-006
    endloop
  endfacet
  facet normal 0.000000e+000 -0.000000e+000 -1.000000e+000
    outer loop
      vertex   -9.620062e+001 6.729313e+001 1.000000e-006
      vertex   -9.302950e+001 7.081293e+001 1.000000e-006
      vertex   -9.460096e+001 6.729313e+001 1.000000e-006
    endloop
  endfacet
  facet normal 0.000000e+000 0.000000e+000 -1.000000e+000
    outer loop
      vertex   -9.620062e+001 6.729313e+001 1.000000e-006
      vertex   -9.963058e+001 6.899469e+001 1.000000e-006
      vertex   -9.302950e+001 7.081293e+001 1.000000e-006
    endloop
  endfacet
  facet normal -3.801402e-022 -7.662728e-022 -1.000000e+000
    outer loop
      vertex   -9.620062e+001 6.729313e+001 1.000000e-006
      vertex   -1.000392e+002 6.892107e+001 1.000000e-006
      vertex   -9.963058e+001 6.899469e+001 1.000000e-006
    endloop
  endfacet
  facet normal -1.750395e-023 8.880347e-023 -1.000000e+000
    outer loop
      vertex   -9.620062e+001 6.729313e+001 1.000000e-006
      vertex   -1.004460e+002 6.884090e+001 1.000000e-006
      vertex   -1.000392e+002 6.892107e+001 1.000000e-006
    endloop
  endfacet
  facet normal -1.937235e-023 8.367864e-023 -1.000000e+000
    outer loop
      vertex   -9.620062e+001 6.729313e+001 1.000000e-006
      vertex   -1.008493e+002 6.874752e+001 1.000000e-006
      vertex   -1.004460e+002 6.884090e+001 1.000000e-006
    endloop
  endfacet
  facet normal -2.105094e-023 7.831331e-023 -1.000000e+000
    outer loop
      vertex   -9.620062e+001 6.729313e+001 1.000000e-006
      vertex   -1.010492e+002 6.869380e+001 1.000000e-006
      vertex   -1.008493e+002 6.874752e+001 1.000000e-006
    endloop
  endfacet
  facet normal 5.015381e-022 1.887310e-021 -1.000000e+000
    outer loop
      vertex   -9.620062e+001 6.729313e+001 1.000000e-006
      vertex   -1.012475e+002 6.863429e+001 1.000000e-006
      vertex   -1.010492e+002 6.869380e+001 1.000000e-006
    endloop
  endfacet
  facet normal -4.758153e-022 -1.790514e-021 -1.000000e+000
    outer loop
      vertex   -9.620062e+001 6.729313e+001 1.000000e-006
      vertex   -1.014441e+002 6.856829e+001 1.000000e-006
      vertex   -1.012475e+002 6.863429e+001 1.000000e-006
    endloop
  endfacet
  facet normal -2.440723e-023 6.570028e-023 -1.000000e+000
    outer loop
      vertex   -9.620062e+001 6.729313e+001 1.000000e-006
      vertex   -1.016386e+002 6.849604e+001 1.000000e-006
      vertex   -1.014441e+002 6.856829e+001 1.000000e-006
    endloop
  endfacet
  facet normal -2.522444e-023 6.200588e-023 -1.000000e+000
    outer loop
      vertex   -9.620062e+001 6.729313e+001 1.000000e-006
      vertex   -1.018308e+002 6.841785e+001 1.000000e-006
      vertex   -1.016386e+002 6.849604e+001 1.000000e-006
    endloop
  endfacet
  facet normal -2.589615e-023 5.864343e-023 -1.000000e+000
    outer loop
      vertex   -9.620062e+001 6.729313e+001 1.000000e-006
      vertex   -1.020206e+002 6.833405e+001 1.000000e-006
      vertex   -1.018308e+002 6.841785e+001 1.000000e-006
    endloop
  endfacet
  facet normal -2.644549e-023 5.557198e-023 -1.000000e+000
    outer loop
      vertex   -9.620062e+001 6.729313e+001 1.000000e-006
      vertex   -1.022080e+002 6.824488e+001 1.000000e-006
      vertex   -1.020206e+002 6.833405e+001 1.000000e-006
    endloop
  endfacet
  facet normal -2.689165e-023 5.275589e-023 -1.000000e+000
    outer loop
      vertex   -9.620062e+001 6.729313e+001 1.000000e-006
      vertex   -1.023929e+002 6.815060e+001 1.000000e-006
      vertex   -1.022080e+002 6.824488e+001 1.000000e-006
    endloop
  endfacet
  facet normal 8.854249e-023 8.863694e-022 -1.000000e+000
    outer loop
      vertex   -9.620062e+001 6.729313e+001 1.000000e-006
      vertex   -1.027552e+002 6.794788e+001 1.000000e-006
      vertex   -1.023929e+002 6.815060e+001 1.000000e-006
    endloop
  endfacet
  facet normal -8.284402e-023 -8.293239e-022 -1.000000e+000
    outer loop
      vertex   -9.620062e+001 6.729313e+001 1.000000e-006
      vertex   -1.031067e+002 6.772766e+001 1.000000e-006
      vertex   -1.027552e+002 6.794788e+001 1.000000e-006
    endloop
  endfacet
  facet normal -2.812627e-023 4.030867e-023 -1.000000e+000
    outer loop
      vertex   -9.620062e+001 6.729313e+001 1.000000e-006
      vertex   -1.034469e+002 6.749028e+001 1.000000e-006
      vertex   -1.031067e+002 6.772766e+001 1.000000e-006
    endloop
  endfacet
  facet normal -2.823313e-023 3.638081e-023 -1.000000e+000
    outer loop
      vertex   -9.620062e+001 6.729313e+001 1.000000e-006
      vertex   -1.037746e+002 6.723598e+001 1.000000e-006
      vertex   -1.034469e+002 6.749028e+001 1.000000e-006
    endloop
  endfacet
  facet normal -3.415448e-023 8.211344e-022 -1.000000e+000
    outer loop
      vertex   -9.620062e+001 6.729313e+001 1.000000e-006
      vertex   -1.040887e+002 6.696503e+001 1.000000e-006
      vertex   -1.037746e+002 6.723598e+001 1.000000e-006
    endloop
  endfacet
  facet normal 3.206113e-023 -7.708064e-022 -1.000000e+000
    outer loop
      vertex   -9.620062e+001 6.729313e+001 1.000000e-006
      vertex   -1.043880e+002 6.667785e+001 1.000000e-006
      vertex   -1.040887e+002 6.696503e+001 1.000000e-006
    endloop
  endfacet
  facet normal -2.913163e-023 4.348408e-023 -1.000000e+000
    outer loop
      vertex   -9.620062e+001 6.729313e+001 1.000000e-006
      vertex   -1.027193e+002 6.292603e+001 1.000000e-006
      vertex   -1.043880e+002 6.667785e+001 1.000000e-006
    endloop
  endfacet
  facet normal -0.000000e+000 0.000000e+000 -1.000000e+000
    outer loop
      vertex   -9.620062e+001 6.729313e+001 1.000000e-006
      vertex   -1.025697e+002 6.285975e+001 1.000000e-006
      vertex   -1.027193e+002 6.292603e+001 1.000000e-006
    endloop
  endfacet
  facet normal -0.000000e+000 0.000000e+000 -1.000000e+000
    outer loop
      vertex   -9.620062e+001 6.729313e+001 1.000000e-006
      vertex   -1.024261e+002 6.278147e+001 1.000000e-006
      vertex   -1.025697e+002 6.285975e+001 1.000000e-006
    endloop
  endfacet
  facet normal -0.000000e+000 0.000000e+000 -1.000000e+000
    outer loop
      vertex   -9.620062e+001 6.729313e+001 1.000000e-006
      vertex   -1.022894e+002 6.269169e+001 1.000000e-006
      vertex   -1.024261e+002 6.278147e+001 1.000000e-006
    endloop
  endfacet
  facet normal -0.000000e+000 0.000000e+000 -1.000000e+000
    outer loop
      vertex   -9.620062e+001 6.729313e+001 1.000000e-006
      vertex   -1.021604e+002 6.259105e+001 1.000000e-006
      vertex   -1.022894e+002 6.269169e+001 1.000000e-006
    endloop
  endfacet
  facet normal -0.000000e+000 0.000000e+000 -1.000000e+000
    outer loop
      vertex   -9.620062e+001 6.729313e+001 1.000000e-006
      vertex   -1.020401e+002 6.248023e+001 1.000000e-006
      vertex   -1.021604e+002 6.259105e+001 1.000000e-006
    endloop
  endfacet
  facet normal -0.000000e+000 0.000000e+000 -1.000000e+000
    outer loop
      vertex   -9.620062e+001 6.729313e+001 1.000000e-006
      vertex   -1.019293e+002 6.235992e+001 1.000000e-006
      vertex   -1.020401e+002 6.248023e+001 1.000000e-006
    endloop
  endfacet
  facet normal -0.000000e+000 0.000000e+000 -1.000000e+000
    outer loop
      vertex   -9.620062e+001 6.729313e+001 1.000000e-006
      vertex   -1.018286e+002 6.223096e+001 1.000000e-006
      vertex   -1.019293e+002 6.235992e+001 1.000000e-006
    endloop
  endfacet
  facet normal -0.000000e+000 0.000000e+000 -1.000000e+000
    outer loop
      vertex   -9.620062e+001 6.729313e+001 1.000000e-006
      vertex   -1.017388e+002 6.209422e+001 1.000000e-006
      vertex   -1.018286e+002 6.223096e+001 1.000000e-006
    endloop
  endfacet
  facet normal -0.000000e+000 -0.000000e+000 -1.000000e+000
    outer loop
      vertex   -9.620062e+001 6.729313e+001 1.000000e-006
      vertex   -9.620062e+001 5.915382e+001 1.000000e-006
      vertex   -1.017388e+002 6.209422e+001 1.000000e-006
    endloop
  endfacet
  facet normal -0.000000e+000 -0.000000e+000 -1.000000e+000
    outer loop
      vertex   -1.017388e+002 6.209422e+001 1.000000e-006
      vertex   -9.620062e+001 5.915382e+001 1.000000e-006
      vertex   -1.016606e+002 6.195059e+001 1.000000e-006
    endloop
  endfacet
  facet normal -0.000000e+000 -0.000000e+000 -1.000000e+000
    outer loop
      vertex   -1.016606e+002 6.195059e+001 1.000000e-006
      vertex   -9.620062e+001 5.915382e+001 1.000000e-006
      vertex   -1.015943e+002 6.180104e+001 1.000000e-006
    endloop
  endfacet
  facet normal -0.000000e+000 -0.000000e+000 -1.000000e+000
    outer loop
      vertex   -1.015943e+002 6.180104e+001 1.000000e-006
      vertex   -9.620062e+001 5.915382e+001 1.000000e-006
      vertex   -1.015404e+002 6.164658e+001 1.000000e-006
    endloop
  endfacet
  facet normal -0.000000e+000 -0.000000e+000 -1.000000e+000
    outer loop
      vertex   -1.015404e+002 6.164658e+001 1.000000e-006
      vertex   -9.620062e+001 5.915382e+001 1.000000e-006
      vertex   -1.014994e+002 6.148824e+001 1.000000e-006
    endloop
  endfacet
  facet normal -0.000000e+000 -0.000000e+000 -1.000000e+000
    outer loop
      vertex   -1.014994e+002 6.148824e+001 1.000000e-006
      vertex   -9.620062e+001 5.915382e+001 1.000000e-006
      vertex   -1.014714e+002 6.132706e+001 1.000000e-006
    endloop
  endfacet
  facet normal -0.000000e+000 -0.000000e+000 -1.000000e+000
    outer loop
      vertex   -1.014714e+002 6.132706e+001 1.000000e-006
      vertex   -9.620062e+001 5.915382e+001 1.000000e-006
      vertex   -1.014567e+002 6.116415e+001 1.000000e-006
    endloop
  endfacet
  facet normal -0.000000e+000 -0.000000e+000 -1.000000e+000
    outer loop
      vertex   -1.014567e+002 6.116415e+001 1.000000e-006
      vertex   -9.620062e+001 5.915382e+001 1.000000e-006
      vertex   -1.014554e+002 6.100058e+001 1.000000e-006
    endloop
  endfacet
  facet normal -0.000000e+000 -0.000000e+000 -1.000000e+000
    outer loop
      vertex   -1.014554e+002 6.100058e+001 1.000000e-006
      vertex   -9.620062e+001 5.915382e+001 1.000000e-006
      vertex   -1.014674e+002 6.083744e+001 1.000000e-006
    endloop
  endfacet
  facet normal -0.000000e+000 -0.000000e+000 -1.000000e+000
    outer loop
      vertex   -1.014674e+002 6.083744e+001 1.000000e-006
      vertex   -9.620062e+001 5.915382e+001 1.000000e-006
      vertex   -1.014927e+002 6.067583e+001 1.000000e-006
    endloop
  endfacet
  facet normal -0.000000e+000 -0.000000e+000 -1.000000e+000
    outer loop
      vertex   -1.014927e+002 6.067583e+001 1.000000e-006
      vertex   -9.620062e+001 5.915382e+001 1.000000e-006
      vertex   -1.015312e+002 6.051684e+001 1.000000e-006
    endloop
  endfacet
  facet normal -0.000000e+000 -0.000000e+000 -1.000000e+000
    outer loop
      vertex   -1.015312e+002 6.051684e+001 1.000000e-006
      vertex   -9.620062e+001 5.915382e+001 1.000000e-006
      vertex   -1.015825e+002 6.036152e+001 1.000000e-006
    endloop
  endfacet
  facet normal -0.000000e+000 -0.000000e+000 -1.000000e+000
    outer loop
      vertex   -1.015825e+002 6.036152e+001 1.000000e-006
      vertex   -9.620062e+001 5.915382e+001 1.000000e-006
      vertex   -1.016463e+002 6.021091e+001 1.000000e-006
    endloop
  endfacet
  facet normal -0.000000e+000 -0.000000e+000 -1.000000e+000
    outer loop
      vertex   -1.016463e+002 6.021091e+001 1.000000e-006
      vertex   -9.620062e+001 5.915382e+001 1.000000e-006
      vertex   -1.017223e+002 6.006601e+001 1.000000e-006
    endloop
  endfacet
  facet normal -0.000000e+000 -0.000000e+000 -1.000000e+000
    outer loop
      vertex   -1.017223e+002 6.006601e+001 1.000000e-006
      vertex   -9.620062e+001 5.915382e+001 1.000000e-006
      vertex   -1.018098e+002 5.992783e+001 1.000000e-006
    endloop
  endfacet
  facet normal -0.000000e+000 -0.000000e+000 -1.000000e+000
    outer loop
      vertex   -1.018098e+002 5.992783e+001 1.000000e-006
      vertex   -9.620062e+001 5.915382e+001 1.000000e-006
      vertex   -1.019083e+002 5.979724e+001 1.000000e-006
    endloop
  endfacet
  facet normal -0.000000e+000 -0.000000e+000 -1.000000e+000
    outer loop
      vertex   -1.019083e+002 5.979724e+001 1.000000e-006
      vertex   -9.620062e+001 5.915382e+001 1.000000e-006
      vertex   -1.020171e+002 5.967513e+001 1.000000e-006
    endloop
  endfacet
  facet normal -0.000000e+000 -0.000000e+000 -1.000000e+000
    outer loop
      vertex   -1.020171e+002 5.967513e+001 1.000000e-006
      vertex   -9.620062e+001 5.915382e+001 1.000000e-006
      vertex   -1.021356e+002 5.956235e+001 1.000000e-006
    endloop
  endfacet
  facet normal -0.000000e+000 -0.000000e+000 -1.000000e+000
    outer loop
      vertex   -1.021356e+002 5.956235e+001 1.000000e-006
      vertex   -9.620062e+001 5.915382e+001 1.000000e-006
      vertex   -1.022629e+002 5.945962e+001 1.000000e-006
    endloop
  endfacet
  facet normal -0.000000e+000 -0.000000e+000 -1.000000e+000
    outer loop
      vertex   -1.022629e+002 5.945962e+001 1.000000e-006
      vertex   -9.620062e+001 5.915382e+001 1.000000e-006
      vertex   -1.023982e+002 5.936761e+001 1.000000e-006
    endloop
  endfacet
  facet normal -0.000000e+000 -0.000000e+000 -1.000000e+000
    outer loop
      vertex   -1.023982e+002 5.936761e+001 1.000000e-006
      vertex   -9.620062e+001 5.915382e+001 1.000000e-006
      vertex   -1.025405e+002 5.928699e+001 1.000000e-006
    endloop
  endfacet
  facet normal -0.000000e+000 -0.000000e+000 -1.000000e+000
    outer loop
      vertex   -1.025405e+002 5.928699e+001 1.000000e-006
      vertex   -9.620062e+001 5.915382e+001 1.000000e-006
      vertex   -1.026889e+002 5.921828e+001 1.000000e-006
    endloop
  endfacet
  facet normal 7.803988e-019 8.184265e-017 -1.000000e+000
    outer loop
      vertex   -9.460096e+001 6.051046e+001 1.000000e-006
      vertex   -9.460096e+001 6.729313e+001 1.000000e-006
      vertex   -8.915467e+001 6.724119e+001 1.000000e-006
    endloop
  endfacet
  facet normal 0.000000e+000 0.000000e+000 -1.000000e+000
    outer loop
      vertex   -8.915467e+001 6.724119e+001 1.000000e-006
      vertex   -9.460096e+001 6.729313e+001 1.000000e-006
      vertex   -9.195920e+001 7.007646e+001 1.000000e-006
    endloop
  endfacet
  facet normal -0.000000e+000 -0.000000e+000 -1.000000e+000
    outer loop
      vertex   -9.098399e+001 7.074134e+001 1.000000e-006
      vertex   -8.915467e+001 6.724119e+001 1.000000e-006
      vertex   -9.195920e+001 7.007646e+001 1.000000e-006
    endloop
  endfacet
  facet normal -0.000000e+000 -0.000000e+000 -1.000000e+000
    outer loop
      vertex   -9.098399e+001 7.074134e+001 1.000000e-006
      vertex   -8.746798e+001 6.724119e+001 1.000000e-006
      vertex   -8.915467e+001 6.724119e+001 1.000000e-006
    endloop
  endfacet
  facet normal -0.000000e+000 0.000000e+000 -1.000000e+000
    outer loop
      vertex   -1.054309e+002 6.132706e+001 1.000000e-006
      vertex   -1.054543e+002 6.106601e+001 1.000000e-006
      vertex   -1.066936e+002 6.106601e+001 1.000000e-006
    endloop
  endfacet
  facet normal -1.061327e-022 5.133925e-022 -1.000000e+000
    outer loop
      vertex   -1.066828e+002 6.148072e+001 1.000000e-006
      vertex   -1.054309e+002 6.132706e+001 1.000000e-006
      vertex   -1.066936e+002 6.106601e+001 1.000000e-006
    endloop
  endfacet
  facet normal -1.662393e-022 2.364386e-023 -1.000000e+000
    outer loop
      vertex   -1.066828e+002 6.148072e+001 1.000000e-006
      vertex   -1.054125e+002 6.145619e+001 1.000000e-006
      vertex   -1.054309e+002 6.132706e+001 1.000000e-006
    endloop
  endfacet
  facet normal -1.660334e-022 3.431137e-023 -1.000000e+000
    outer loop
      vertex   -1.066828e+002 6.148072e+001 1.000000e-006
      vertex   -1.053862e+002 6.158365e+001 1.000000e-006
      vertex   -1.054125e+002 6.145619e+001 1.000000e-006
    endloop
  endfacet
  facet normal -1.643293e-022 1.284597e-023 -1.000000e+000
    outer loop
      vertex   -1.066828e+002 6.148072e+001 1.000000e-006
      vertex   -1.066505e+002 6.189430e+001 1.000000e-006
      vertex   -1.053862e+002 6.158365e+001 1.000000e-006
    endloop
  endfacet
  facet normal -1.563305e-022 4.540133e-023 -1.000000e+000
    outer loop
      vertex   -1.053862e+002 6.158365e+001 1.000000e-006
      vertex   -1.066505e+002 6.189430e+001 1.000000e-006
      vertex   -1.053498e+002 6.170889e+001 1.000000e-006
    endloop
  endfacet
  facet normal -1.545203e-022 5.810053e-023 -1.000000e+000
    outer loop
      vertex   -1.053498e+002 6.170889e+001 1.000000e-006
      vertex   -1.066505e+002 6.189430e+001 1.000000e-006
      vertex   -1.053037e+002 6.183137e+001 1.000000e-006
    endloop
  endfacet
  facet normal -1.539294e-022 7.074726e-023 -1.000000e+000
    outer loop
      vertex   -1.053037e+002 6.183137e+001 1.000000e-006
      vertex   -1.066505e+002 6.189430e+001 1.000000e-006
      vertex   -1.052489e+002 6.195059e+001 1.000000e-006
    endloop
  endfacet
  facet normal -1.518850e-022 1.984305e-023 -1.000000e+000
    outer loop
      vertex   -1.052489e+002 6.195059e+001 1.000000e-006
      vertex   -1.066505e+002 6.189430e+001 1.000000e-006
      vertex   -1.065968e+002 6.230565e+001 1.000000e-006
    endloop
  endfacet
  facet normal -1.357086e-022 8.494373e-023 -1.000000e+000
    outer loop
      vertex   -1.051864e+002 6.206601e+001 1.000000e-006
      vertex   -1.065968e+002 6.230565e+001 1.000000e-006
      vertex   -1.051168e+002 6.217715e+001 1.000000e-006
    endloop
  endfacet
  facet normal -1.374765e-022 7.453801e-023 -1.000000e+000
    outer loop
      vertex   -1.051864e+002 6.206601e+001 1.000000e-006
      vertex   -1.052489e+002 6.195059e+001 1.000000e-006
      vertex   -1.065968e+002 6.230565e+001 1.000000e-006
    endloop
  endfacet
  facet normal -1.659100e-022 -2.991000e-023 -1.000000e+000
    outer loop
      vertex   -1.053936e+002 6.058005e+001 1.000000e-006
      vertex   -1.066828e+002 6.065131e+001 1.000000e-006
      vertex   -1.054225e+002 6.074023e+001 1.000000e-006
    endloop
  endfacet
  facet normal -1.649696e-022 -1.289602e-023 -1.000000e+000
    outer loop
      vertex   -1.053936e+002 6.058005e+001 1.000000e-006
      vertex   -1.066505e+002 6.023773e+001 1.000000e-006
      vertex   -1.066828e+002 6.065131e+001 1.000000e-006
    endloop
  endfacet
  facet normal -1.565656e-022 -4.375171e-023 -1.000000e+000
    outer loop
      vertex   -1.053936e+002 6.058005e+001 1.000000e-006
      vertex   -1.053498e+002 6.042314e+001 1.000000e-006
      vertex   -1.066505e+002 6.023773e+001 1.000000e-006
    endloop
  endfacet
  facet normal -1.543032e-022 -5.962326e-023 -1.000000e+000
    outer loop
      vertex   -1.066505e+002 6.023773e+001 1.000000e-006
      vertex   -1.053498e+002 6.042314e+001 1.000000e-006
      vertex   -1.052908e+002 6.027053e+001 1.000000e-006
    endloop
  endfacet
  facet normal -1.539203e-022 -7.549852e-023 -1.000000e+000
    outer loop
      vertex   -1.052186e+002 6.012322e+001 1.000000e-006
      vertex   -1.066505e+002 6.023773e+001 1.000000e-006
      vertex   -1.052908e+002 6.027053e+001 1.000000e-006
    endloop
  endfacet
  facet normal -1.494441e-022 -1.952417e-023 -1.000000e+000
    outer loop
      vertex   -1.052186e+002 6.012322e+001 1.000000e-006
      vertex   -1.065968e+002 5.982638e+001 1.000000e-006
      vertex   -1.066505e+002 6.023773e+001 1.000000e-006
    endloop
  endfacet
  facet normal -1.362218e-022 -8.091370e-023 -1.000000e+000
    outer loop
      vertex   -1.052186e+002 6.012322e+001 1.000000e-006
      vertex   -1.051348e+002 5.998224e+001 1.000000e-006
      vertex   -1.065968e+002 5.982638e+001 1.000000e-006
    endloop
  endfacet
  facet normal -1.347223e-022 -9.497916e-023 -1.000000e+000
    outer loop
      vertex   -1.065968e+002 5.982638e+001 1.000000e-006
      vertex   -1.051348e+002 5.998224e+001 1.000000e-006
      vertex   -1.050405e+002 5.984851e+001 1.000000e-006
    endloop
  endfacet
  facet normal 0.000000e+000 0.000000e+000 -1.000000e+000
    outer loop
      vertex   -1.065217e+002 5.941838e+001 1.000000e-006
      vertex   -1.050405e+002 5.984851e+001 1.000000e-006
      vertex   -1.049360e+002 5.972290e+001 1.000000e-006
    endloop
  endfacet
  facet normal -0.000000e+000 0.000000e+000 -1.000000e+000
    outer loop
      vertex   -1.048216e+002 5.960629e+001 1.000000e-006
      vertex   -1.065217e+002 5.941838e+001 1.000000e-006
      vertex   -1.049360e+002 5.972290e+001 1.000000e-006
    endloop
  endfacet
  facet normal 5.650912e-023 -5.112822e-022 -1.000000e+000
    outer loop
      vertex   -1.048216e+002 5.960629e+001 1.000000e-006
      vertex   -1.064255e+002 5.901484e+001 1.000000e-006
      vertex   -1.065217e+002 5.941838e+001 1.000000e-006
    endloop
  endfacet
  facet normal -9.249032e-023 -1.072027e-022 -1.000000e+000
    outer loop
      vertex   -1.048216e+002 5.960629e+001 1.000000e-006
      vertex   -1.046977e+002 5.949946e+001 1.000000e-006
      vertex   -1.064255e+002 5.901484e+001 1.000000e-006
    endloop
  endfacet
  facet normal -8.849900e-023 -1.214329e-022 -1.000000e+000
    outer loop
      vertex   -1.064255e+002 5.901484e+001 1.000000e-006
      vertex   -1.046977e+002 5.949946e+001 1.000000e-006
      vertex   -1.045655e+002 5.940309e+001 1.000000e-006
    endloop
  endfacet
  facet normal -8.483300e-023 -1.389964e-022 -1.000000e+000
    outer loop
      vertex   -1.044258e+002 5.931784e+001 1.000000e-006
      vertex   -1.064255e+002 5.901484e+001 1.000000e-006
      vertex   -1.045655e+002 5.940309e+001 1.000000e-006
    endloop
  endfacet
  facet normal -1.013778e-022 -2.980260e-023 -1.000000e+000
    outer loop
      vertex   -1.044258e+002 5.931784e+001 1.000000e-006
      vertex   -1.063085e+002 5.861684e+001 1.000000e-006
      vertex   -1.064255e+002 5.901484e+001 1.000000e-006
    endloop
  endfacet
  facet normal -6.463893e-023 -1.284753e-022 -1.000000e+000
    outer loop
      vertex   -1.044258e+002 5.931784e+001 1.000000e-006
      vertex   -1.042797e+002 5.924431e+001 1.000000e-006
      vertex   -1.063085e+002 5.861684e+001 1.000000e-006
    endloop
  endfacet
  facet normal -5.916296e-023 -1.461814e-022 -1.000000e+000
    outer loop
      vertex   -1.063085e+002 5.861684e+001 1.000000e-006
      vertex   -1.042797e+002 5.924431e+001 1.000000e-006
      vertex   -1.041281e+002 5.918294e+001 1.000000e-006
    endloop
  endfacet
  facet normal -8.899795e-023 -3.126453e-023 -1.000000e+000
    outer loop
      vertex   -1.061711e+002 5.822544e+001 1.000000e-006
      vertex   -1.063085e+002 5.861684e+001 1.000000e-006
      vertex   -1.041281e+002 5.918294e+001 1.000000e-006
    endloop
  endfacet
  facet normal -1.430772e-022 4.927019e-022 -1.000000e+000
    outer loop
      vertex   -1.065968e+002 5.982638e+001 1.000000e-006
      vertex   -1.050405e+002 5.984851e+001 1.000000e-006
      vertex   -1.065217e+002 5.941838e+001 1.000000e-006
    endloop
  endfacet
  facet normal 0.000000e+000 -0.000000e+000 -1.000000e+000
    outer loop
      vertex   -1.038123e+002 5.909834e+001 1.000000e-006
      vertex   -1.036503e+002 5.907567e+001 1.000000e-006
      vertex   -1.060134e+002 5.784172e+001 1.000000e-006
    endloop
  endfacet
  facet normal 0.000000e+000 -0.000000e+000 -1.000000e+000
    outer loop
      vertex   -1.031608e+002 5.908769e+001 1.000000e-006
      vertex   -1.030002e+002 5.911827e+001 1.000000e-006
      vertex   -1.051906e+002 5.640395e+001 1.000000e-006
    endloop
  endfacet
  facet normal 2.336938e-023 -8.443650e-023 -1.000000e+000
    outer loop
      vertex   -1.030002e+002 5.911827e+001 1.000000e-006
      vertex   -1.028425e+002 5.916190e+001 1.000000e-006
      vertex   -1.049397e+002 5.607357e+001 1.000000e-006
    endloop
  endfacet
  facet normal -4.080339e-023 3.829266e-023 -1.000000e+000
    outer loop
      vertex   -1.043880e+002 6.667785e+001 1.000000e-006
      vertex   -1.027193e+002 6.292603e+001 1.000000e-006
      vertex   -1.046719e+002 6.637535e+001 1.000000e-006
    endloop
  endfacet
  facet normal 2.667556e-023 7.649203e-023 -1.000000e+000
    outer loop
      vertex   -1.046719e+002 6.637535e+001 1.000000e-006
      vertex   -1.027193e+002 6.292603e+001 1.000000e-006
      vertex   -1.028737e+002 6.297989e+001 1.000000e-006
    endloop
  endfacet
  facet normal 2.158043e-023 8.326659e-023 -1.000000e+000
    outer loop
      vertex   -1.049397e+002 6.605846e+001 1.000000e-006
      vertex   -1.028737e+002 6.297989e+001 1.000000e-006
      vertex   -1.030321e+002 6.302093e+001 1.000000e-006
    endloop
  endfacet
  facet normal -4.177883e-022 -3.331145e-022 -1.000000e+000
    outer loop
      vertex   -1.051906e+002 6.572808e+001 1.000000e-006
      vertex   -1.030321e+002 6.302093e+001 1.000000e-006
      vertex   -1.054240e+002 6.538513e+001 1.000000e-006
    endloop
  endfacet
  facet normal 4.117163e-022 3.282731e-022 -1.000000e+000
    outer loop
      vertex   -1.051906e+002 6.572808e+001 1.000000e-006
      vertex   -1.049397e+002 6.605846e+001 1.000000e-006
      vertex   -1.030321e+002 6.302093e+001 1.000000e-006
    endloop
  endfacet
  facet normal -4.537459e-023 3.833539e-023 -1.000000e+000
    outer loop
      vertex   -1.046719e+002 6.637535e+001 1.000000e-006
      vertex   -1.028737e+002 6.297989e+001 1.000000e-006
      vertex   -1.049397e+002 6.605846e+001 1.000000e-006
    endloop
  endfacet
  facet normal 1.883818e-023 1.086275e-022 -1.000000e+000
    outer loop
      vertex   -1.030321e+002 6.302093e+001 1.000000e-006
      vertex   -1.031933e+002 6.304888e+001 1.000000e-006
      vertex   -1.054240e+002 6.538513e+001 1.000000e-006
    endloop
  endfacet
  facet normal -5.802420e-023 3.523679e-023 -1.000000e+000
    outer loop
      vertex   -1.054240e+002 6.538513e+001 1.000000e-006
      vertex   -1.031933e+002 6.304888e+001 1.000000e-006
      vertex   -1.056393e+002 6.503055e+001 1.000000e-006
    endloop
  endfacet
  facet normal 1.086425e-023 1.202687e-022 -1.000000e+000
    outer loop
      vertex   -1.056393e+002 6.503055e+001 1.000000e-006
      vertex   -1.031933e+002 6.304888e+001 1.000000e-006
      vertex   -1.033562e+002 6.306360e+001 1.000000e-006
    endloop
  endfacet
  facet normal 1.099194e-024 1.339109e-022 -1.000000e+000
    outer loop
      vertex   -1.058360e+002 6.466529e+001 1.000000e-006
      vertex   -1.033562e+002 6.306360e+001 1.000000e-006
      vertex   -1.035197e+002 6.306494e+001 1.000000e-006
    endloop
  endfacet
  facet normal -8.831501e-024 1.195379e-022 -1.000000e+000
    outer loop
      vertex   -1.036829e+002 6.305289e+001 1.000000e-006
      vertex   -1.058360e+002 6.466529e+001 1.000000e-006
      vertex   -1.035197e+002 6.306494e+001 1.000000e-006
    endloop
  endfacet
  facet normal 2.396389e-022 4.513284e-022 -1.000000e+000
    outer loop
      vertex   -1.036829e+002 6.305289e+001 1.000000e-006
      vertex   -1.060134e+002 6.429031e+001 1.000000e-006
      vertex   -1.058360e+002 6.466529e+001 1.000000e-006
    endloop
  endfacet
  facet normal -0.000000e+000 0.000000e+000 -1.000000e+000
    outer loop
      vertex   -1.036829e+002 6.305289e+001 1.000000e-006
      vertex   -1.038445e+002 6.302757e+001 1.000000e-006
      vertex   -1.060134e+002 6.429031e+001 1.000000e-006
    endloop
  endfacet
  facet normal -2.592734e-022 -4.453350e-022 -1.000000e+000
    outer loop
      vertex   -1.060134e+002 6.429031e+001 1.000000e-006
      vertex   -1.038445e+002 6.302757e+001 1.000000e-006
      vertex   -1.061711e+002 6.390659e+001 1.000000e-006
    endloop
  endfacet
  facet normal -3.551410e-023 1.469060e-022 -1.000000e+000
    outer loop
      vertex   -1.061711e+002 6.390659e+001 1.000000e-006
      vertex   -1.038445e+002 6.302757e+001 1.000000e-006
      vertex   -1.040035e+002 6.298914e+001 1.000000e-006
    endloop
  endfacet
  facet normal -4.283851e-023 1.296013e-022 -1.000000e+000
    outer loop
      vertex   -1.041588e+002 6.293781e+001 1.000000e-006
      vertex   -1.061711e+002 6.390659e+001 1.000000e-006
      vertex   -1.040035e+002 6.298914e+001 1.000000e-006
    endloop
  endfacet
  facet normal -9.000999e-023 3.162004e-023 -1.000000e+000
    outer loop
      vertex   -1.041588e+002 6.293781e+001 1.000000e-006
      vertex   -1.063085e+002 6.351519e+001 1.000000e-006
      vertex   -1.061711e+002 6.390659e+001 1.000000e-006
    endloop
  endfacet
  facet normal -6.029419e-023 1.422610e-022 -1.000000e+000
    outer loop
      vertex   -1.041588e+002 6.293781e+001 1.000000e-006
      vertex   -1.043094e+002 6.287398e+001 1.000000e-006
      vertex   -1.063085e+002 6.351519e+001 1.000000e-006
    endloop
  endfacet
  facet normal -6.569420e-023 1.254249e-022 -1.000000e+000
    outer loop
      vertex   -1.063085e+002 6.351519e+001 1.000000e-006
      vertex   -1.043094e+002 6.287398e+001 1.000000e-006
      vertex   -1.044543e+002 6.279807e+001 1.000000e-006
    endloop
  endfacet
  facet normal -8.522793e-023 1.371046e-022 -1.000000e+000
    outer loop
      vertex   -1.064255e+002 6.311719e+001 1.000000e-006
      vertex   -1.044543e+002 6.279807e+001 1.000000e-006
      vertex   -1.045655e+002 6.272894e+001 1.000000e-006
    endloop
  endfacet
  facet normal -8.815785e-023 1.230676e-022 -1.000000e+000
    outer loop
      vertex   -1.046719e+002 6.265270e+001 1.000000e-006
      vertex   -1.064255e+002 6.311719e+001 1.000000e-006
      vertex   -1.045655e+002 6.272894e+001 1.000000e-006
    endloop
  endfacet
  facet normal -9.128828e-023 1.112491e-022 -1.000000e+000
    outer loop
      vertex   -1.046719e+002 6.265270e+001 1.000000e-006
      vertex   -1.047731e+002 6.256968e+001 1.000000e-006
      vertex   -1.064255e+002 6.311719e+001 1.000000e-006
    endloop
  endfacet
  facet normal 4.237150e-023 5.146512e-022 -1.000000e+000
    outer loop
      vertex   -1.064255e+002 6.311719e+001 1.000000e-006
      vertex   -1.047731e+002 6.256968e+001 1.000000e-006
      vertex   -1.065217e+002 6.271365e+001 1.000000e-006
    endloop
  endfacet
  facet normal 1.791617e-022 2.176127e-021 -1.000000e+000
    outer loop
      vertex   -1.065217e+002 6.271365e+001 1.000000e-006
      vertex   -1.047731e+002 6.256968e+001 1.000000e-006
      vertex   -1.048685e+002 6.248023e+001 1.000000e-006
    endloop
  endfacet
  facet normal -3.896843e-022 -1.852760e-021 -1.000000e+000
    outer loop
      vertex   -1.049577e+002 6.238470e+001 1.000000e-006
      vertex   -1.065217e+002 6.271365e+001 1.000000e-006
      vertex   -1.048685e+002 6.248023e+001 1.000000e-006
    endloop
  endfacet
  facet normal -0.000000e+000 0.000000e+000 -1.000000e+000
    outer loop
      vertex   -1.049577e+002 6.238470e+001 1.000000e-006
      vertex   -1.050405e+002 6.228352e+001 1.000000e-006
      vertex   -1.065217e+002 6.271365e+001 1.000000e-006
    endloop
  endfacet
  facet normal -1.430771e-022 -4.927019e-022 -1.000000e+000
    outer loop
      vertex   -1.065217e+002 6.271365e+001 1.000000e-006
      vertex   -1.050405e+002 6.228352e+001 1.000000e-006
      vertex   -1.065968e+002 6.230565e+001 1.000000e-006
    endloop
  endfacet
  facet normal -1.346999e-022 9.656091e-023 -1.000000e+000
    outer loop
      vertex   -1.065968e+002 6.230565e+001 1.000000e-006
      vertex   -1.050405e+002 6.228352e+001 1.000000e-006
      vertex   -1.051168e+002 6.217715e+001 1.000000e-006
    endloop
  endfacet
  facet normal -6.335906e-023 3.411395e-023 -1.000000e+000
    outer loop
      vertex   -1.056393e+002 6.503055e+001 1.000000e-006
      vertex   -1.033562e+002 6.306360e+001 1.000000e-006
      vertex   -1.058360e+002 6.466529e+001 1.000000e-006
    endloop
  endfacet
  facet normal -1.025435e-022 3.014525e-023 -1.000000e+000
    outer loop
      vertex   -1.063085e+002 6.351519e+001 1.000000e-006
      vertex   -1.044543e+002 6.279807e+001 1.000000e-006
      vertex   -1.064255e+002 6.311719e+001 1.000000e-006
    endloop
  endfacet
  facet normal -1.317541e-022 -5.140599e-022 -1.000000e+000
    outer loop
      vertex   -1.066828e+002 6.065131e+001 1.000000e-006
      vertex   -1.066936e+002 6.106601e+001 1.000000e-006
      vertex   -1.054225e+002 6.074023e+001 1.000000e-006
    endloop
  endfacet
  facet normal 0.000000e+000 0.000000e+000 -1.000000e+000
    outer loop
      vertex   -1.054225e+002 6.074023e+001 1.000000e-006
      vertex   -1.066936e+002 6.106601e+001 1.000000e-006
      vertex   -1.054543e+002 6.106601e+001 1.000000e-006
    endloop
  endfacet
  facet normal 0.000000e+000 0.000000e+000 -1.000000e+000
    outer loop
      vertex   -9.963058e+001 6.899469e+001 1.000000e-006
      vertex   -1.013831e+002 7.081293e+001 1.000000e-006
      vertex   -9.302950e+001 7.081293e+001 1.000000e-006
    endloop
  endfacet
  facet normal 0.000000e+000 -0.000000e+000 -1.000000e+000
    outer loop
      vertex   -9.302950e+001 7.081293e+001 1.000000e-006
      vertex   -9.195920e+001 7.007646e+001 1.000000e-006
      vertex   -9.460096e+001 6.729313e+001 1.000000e-006
    endloop
  endfacet
  facet normal 0.000000e+000 -0.000000e+000 -1.000000e+000
    outer loop
      vertex   -8.027613e+001 6.048567e+001 1.000000e-006
      vertex   -6.863378e+001 6.873886e+001 1.000000e-006
      vertex   -7.792444e+001 5.722717e+001 1.000000e-006
    endloop
  endfacet
  facet normal 0.000000e+000 0.000000e+000 -1.000000e+000
    outer loop
      vertex   -8.196329e+001 5.915752e+001 1.000000e-006
      vertex   -8.027613e+001 6.048567e+001 1.000000e-006
      vertex   -7.792444e+001 5.722717e+001 1.000000e-006
    endloop
  endfacet
  facet normal 0.000000e+000 0.000000e+000 -1.000000e+000
    outer loop
      vertex   -6.714494e+001 4.869471e+001 1.000000e-006
      vertex   -7.415962e+001 5.405972e+001 1.000000e-006
      vertex   -6.863378e+001 5.304433e+001 1.000000e-006
    endloop
  endfacet
  facet normal 0.000000e+000 0.000000e+000 -1.000000e+000
    outer loop
      vertex   -6.863378e+001 5.304433e+001 1.000000e-006
      vertex   -7.415962e+001 5.405972e+001 1.000000e-006
      vertex   -7.792444e+001 5.722717e+001 1.000000e-006
    endloop
  endfacet
  facet normal -0.000000e+000 -0.000000e+000 -1.000000e+000
    outer loop
      vertex   -6.863378e+001 6.873886e+001 1.000000e-006
      vertex   -6.863378e+001 5.304433e+001 1.000000e-006
      vertex   -7.792444e+001 5.722717e+001 1.000000e-006
    endloop
  endfacet
  facet normal -0.000000e+000 0.000000e+000 -1.000000e+000
    outer loop
      vertex   -8.467229e+001 5.752325e+001 1.000000e-006
      vertex   -8.826944e+001 5.459112e+001 1.000000e-006
      vertex   -9.132574e+001 5.700397e+001 1.000000e-006
    endloop
  endfacet
  facet normal -0.000000e+000 0.000000e+000 -1.000000e+000
    outer loop
      vertex   -9.132574e+001 5.700397e+001 1.000000e-006
      vertex   -1.016392e+002 4.889906e+001 1.000000e-006
      vertex   -9.963058e+001 5.313733e+001 1.000000e-006
    endloop
  endfacet
  facet normal 0.000000e+000 0.000000e+000 -1.000000e+000
    outer loop
      vertex   -1.008493e+002 5.338451e+001 1.000000e-006
      vertex   -1.016386e+002 5.363599e+001 1.000000e-006
      vertex   -1.004460e+002 5.329113e+001 1.000000e-006
    endloop
  endfacet
  facet normal 0.000000e+000 0.000000e+000 -1.000000e+000
    outer loop
      vertex   -1.008493e+002 5.338451e+001 1.000000e-006
      vertex   -1.010492e+002 5.343823e+001 1.000000e-006
      vertex   -1.016386e+002 5.363599e+001 1.000000e-006
    endloop
  endfacet
  facet normal -0.000000e+000 -0.000000e+000 -1.000000e+000
    outer loop
      vertex   -1.016386e+002 5.363599e+001 1.000000e-006
      vertex   -1.010492e+002 5.343823e+001 1.000000e-006
      vertex   -1.014441e+002 5.356374e+001 1.000000e-006
    endloop
  endfacet
  facet normal 1.920466e-020 6.043181e-020 -1.000000e+000
    outer loop
      vertex   -1.014441e+002 5.356374e+001 1.000000e-006
      vertex   -1.010492e+002 5.343823e+001 1.000000e-006
      vertex   -1.012475e+002 5.349774e+001 1.000000e-006
    endloop
  endfacet
  facet normal 0.000000e+000 0.000000e+000 -1.000000e+000
    outer loop
      vertex   -1.016386e+002 5.363599e+001 1.000000e-006
      vertex   -1.018308e+002 5.371418e+001 1.000000e-006
      vertex   -1.004460e+002 5.329113e+001 1.000000e-006
    endloop
  endfacet
  facet normal 0.000000e+000 0.000000e+000 -1.000000e+000
    outer loop
      vertex   -1.004460e+002 5.329113e+001 1.000000e-006
      vertex   -1.018308e+002 5.371418e+001 1.000000e-006
      vertex   -1.020206e+002 5.379798e+001 1.000000e-006
    endloop
  endfacet
  facet normal -0.000000e+000 -0.000000e+000 -1.000000e+000
    outer loop
      vertex   -1.022080e+002 5.388715e+001 1.000000e-006
      vertex   -1.004460e+002 5.329113e+001 1.000000e-006
      vertex   -1.020206e+002 5.379798e+001 1.000000e-006
    endloop
  endfacet
  facet normal -0.000000e+000 -1.000000e+000 0.000000e+000
    outer loop
      vertex   -8.746798e+001 6.724119e+001 1.000000e-006
      vertex   -8.746798e+001 6.724119e+001 5.100001e+000
      vertex   -8.915467e+001 6.724119e+001 1.000000e-006
    endloop
  endfacet
  facet normal 0.000000e+000 -1.000000e+000 0.000000e+000
    outer loop
      vertex   -8.915467e+001 6.724119e+001 1.000000e-006
      vertex   -8.746798e+001 6.724119e+001 5.100001e+000
      vertex   -8.915467e+001 6.724119e+001 5.100001e+000
    endloop
  endfacet
  facet normal -1.000000e+000 0.000000e+000 3.157968e-015
    outer loop
      vertex   -8.027613e+001 6.048567e+001 4.500001e+000
      vertex   -8.027613e+001 6.286814e+001 4.500001e+000
      vertex   -8.027613e+001 6.048567e+001 1.000000e-006
    endloop
  endfacet
  facet normal -1.000000e+000 2.088968e-015 2.051990e-015
    outer loop
      vertex   -8.027613e+001 6.048567e+001 1.000000e-006
      vertex   -8.027613e+001 6.286814e+001 4.500001e+000
      vertex   -8.027613e+001 6.728848e+001 1.000000e-006
    endloop
  endfacet
  facet normal -1.000000e+000 0.000000e+000 0.000000e+000
    outer loop
      vertex   -8.027613e+001 6.728848e+001 1.000000e-006
      vertex   -8.027613e+001 6.286814e+001 4.500001e+000
      vertex   -8.027613e+001 6.728848e+001 5.100001e+000
    endloop
  endfacet
  facet normal -1.000000e+000 -0.000000e+000 0.000000e+000
    outer loop
      vertex   -8.027613e+001 6.728848e+001 5.100001e+000
      vertex   -8.027613e+001 6.286814e+001 4.500001e+000
      vertex   -8.027613e+001 6.286814e+001 5.100001e+000
    endloop
  endfacet
  facet normal -6.437880e-001 -7.652039e-001 0.000000e+000
    outer loop
      vertex   -7.792444e+001 5.722717e+001 1.000000e-006
      vertex   -7.415962e+001 5.405972e+001 1.000000e-006
      vertex   -7.792444e+001 5.722717e+001 3.000001e+000
    endloop
  endfacet
  facet normal -6.437880e-001 -7.652039e-001 2.226275e-009
    outer loop
      vertex   -7.792444e+001 5.722717e+001 3.000001e+000
      vertex   -7.415962e+001 5.405972e+001 1.000000e-006
      vertex   -7.415962e+001 5.405972e+001 3.000001e+000
    endloop
  endfacet
  facet normal -6.075095e-001 -7.943124e-001 -2.226275e-009
    outer loop
      vertex   -7.415962e+001 5.405972e+001 1.000000e-006
      vertex   -6.714494e+001 4.869471e+001 1.000000e-006
      vertex   -7.415962e+001 5.405972e+001 3.000001e+000
    endloop
  endfacet
  facet normal -6.075095e-001 -7.943124e-001 0.000000e+000
    outer loop
      vertex   -7.415962e+001 5.405972e+001 3.000001e+000
      vertex   -6.714494e+001 4.869471e+001 1.000000e-006
      vertex   -6.714494e+001 4.869471e+001 3.000001e+000
    endloop
  endfacet
  facet normal -0.000000e+000 -1.000000e+000 0.000000e+000
    outer loop
      vertex   -9.460096e+001 6.729313e+001 1.000000e-006
      vertex   -9.460096e+001 6.729313e+001 5.100001e+000
      vertex   -9.620062e+001 6.729313e+001 1.000000e-006
    endloop
  endfacet
  facet normal 0.000000e+000 -1.000000e+000 0.000000e+000
    outer loop
      vertex   -9.620062e+001 6.729313e+001 1.000000e-006
      vertex   -9.460096e+001 6.729313e+001 5.100001e+000
      vertex   -9.620062e+001 6.729313e+001 5.100001e+000
    endloop
  endfacet
  facet normal 6.229233e-001 7.822829e-001 -0.000000e+000
    outer loop
      vertex   -8.915467e+001 6.045098e+001 1.000000e-006
      vertex   -8.915467e+001 6.045098e+001 4.500001e+000
      vertex   -8.746798e+001 5.910789e+001 1.000000e-006
    endloop
  endfacet
  facet normal 6.229233e-001 7.822829e-001 0.000000e+000
    outer loop
      vertex   -8.746798e+001 5.910789e+001 1.000000e-006
      vertex   -8.915467e+001 6.045098e+001 4.500001e+000
      vertex   -8.746798e+001 5.910789e+001 4.500001e+000
    endloop
  endfacet
  facet normal -6.467971e-001 7.626621e-001 0.000000e+000
    outer loop
      vertex   -9.620062e+001 5.915382e+001 1.000000e-006
      vertex   -9.620062e+001 5.915382e+001 4.500001e+000
      vertex   -9.460096e+001 6.051046e+001 1.000000e-006
    endloop
  endfacet
  facet normal -6.467971e-001 7.626621e-001 0.000000e+000
    outer loop
      vertex   -9.460096e+001 6.051046e+001 1.000000e-006
      vertex   -9.620062e+001 5.915382e+001 4.500001e+000
      vertex   -9.460096e+001 6.051046e+001 4.500001e+000
    endloop
  endfacet
  facet normal 1.000000e+000 0.000000e+000 -0.000000e+000
    outer loop
      vertex   -8.196329e+001 5.915752e+001 1.000000e-006
      vertex   -8.196329e+001 6.728848e+001 1.000000e-006
      vertex   -8.196329e+001 6.162859e+001 4.500001e+000
    endloop
  endfacet
  facet normal 1.000000e+000 -0.000000e+000 0.000000e+000
    outer loop
      vertex   -8.196329e+001 5.915752e+001 4.500001e+000
      vertex   -8.196329e+001 5.915752e+001 1.000000e-006
      vertex   -8.196329e+001 6.162859e+001 4.500001e+000
    endloop
  endfacet
  facet normal 1.000000e+000 -0.000000e+000 0.000000e+000
    outer loop
      vertex   -8.196329e+001 6.162859e+001 5.100001e+000
      vertex   -8.196329e+001 6.162859e+001 4.500001e+000
      vertex   -8.196329e+001 6.728848e+001 5.100001e+000
    endloop
  endfacet
  facet normal 1.000000e+000 0.000000e+000 0.000000e+000
    outer loop
      vertex   -8.196329e+001 6.728848e+001 5.100001e+000
      vertex   -8.196329e+001 6.162859e+001 4.500001e+000
      vertex   -8.196329e+001 6.728848e+001 1.000000e-006
    endloop
  endfacet
  facet normal -0.000000e+000 -1.000000e+000 0.000000e+000
    outer loop
      vertex   -8.027613e+001 6.728848e+001 1.000000e-006
      vertex   -8.027613e+001 6.728848e+001 5.100001e+000
      vertex   -8.196329e+001 6.728848e+001 1.000000e-006
    endloop
  endfacet
  facet normal 0.000000e+000 -1.000000e+000 0.000000e+000
    outer loop
      vertex   -8.196329e+001 6.728848e+001 1.000000e-006
      vertex   -8.027613e+001 6.728848e+001 5.100001e+000
      vertex   -8.196329e+001 6.728848e+001 5.100001e+000
    endloop
  endfacet
  facet normal -1.000000e+000 0.000000e+000 -0.000000e+000
    outer loop
      vertex   -8.746798e+001 5.910789e+001 4.500001e+000
      vertex   -8.746798e+001 6.178459e+001 4.500001e+000
      vertex   -8.746798e+001 5.910789e+001 1.000000e-006
    endloop
  endfacet
  facet normal -1.000000e+000 0.000000e+000 0.000000e+000
    outer loop
      vertex   -8.746798e+001 5.910789e+001 1.000000e-006
      vertex   -8.746798e+001 6.178459e+001 4.500001e+000
      vertex   -8.746798e+001 6.724119e+001 1.000000e-006
    endloop
  endfacet
  facet normal -1.000000e+000 0.000000e+000 0.000000e+000
    outer loop
      vertex   -8.746798e+001 6.724119e+001 1.000000e-006
      vertex   -8.746798e+001 6.178459e+001 4.500001e+000
      vertex   -8.746798e+001 6.724119e+001 5.100001e+000
    endloop
  endfacet
  facet normal -1.000000e+000 -0.000000e+000 0.000000e+000
    outer loop
      vertex   -8.746798e+001 6.724119e+001 5.100001e+000
      vertex   -8.746798e+001 6.178459e+001 4.500001e+000
      vertex   -8.746798e+001 6.178459e+001 5.100001e+000
    endloop
  endfacet
  facet normal -6.185472e-001 7.857476e-001 0.000000e+000
    outer loop
      vertex   -8.196329e+001 5.915752e+001 1.000000e-006
      vertex   -8.196329e+001 5.915752e+001 4.500001e+000
      vertex   -8.027613e+001 6.048567e+001 1.000000e-006
    endloop
  endfacet
  facet normal -6.185472e-001 7.857476e-001 1.976295e-015
    outer loop
      vertex   -8.027613e+001 6.048567e+001 1.000000e-006
      vertex   -8.196329e+001 5.915752e+001 4.500001e+000
      vertex   -8.027613e+001 6.048567e+001 4.500001e+000
    endloop
  endfacet
  facet normal -6.338466e-001 -7.734588e-001 0.000000e+000
    outer loop
      vertex   -8.116062e+001 5.464545e+001 1.000000e-006
      vertex   -8.116062e+001 5.464545e+001 3.000001e+000
      vertex   -8.467229e+001 5.752325e+001 1.000000e-006
    endloop
  endfacet
  facet normal -6.338466e-001 -7.734588e-001 0.000000e+000
    outer loop
      vertex   -8.467229e+001 5.752325e+001 1.000000e-006
      vertex   -8.116062e+001 5.464545e+001 3.000001e+000
      vertex   -8.467229e+001 5.752325e+001 3.000001e+000
    endloop
  endfacet
  facet normal 6.236309e-001 -7.817189e-001 0.000000e+000
    outer loop
      vertex   -7.776166e+001 5.863626e+001 3.000001e+000
      vertex   -7.776166e+001 5.863626e+001 4.500001e+000
      vertex   -8.115217e+001 5.593142e+001 3.000001e+000
    endloop
  endfacet
  facet normal 6.236309e-001 -7.817189e-001 0.000000e+000
    outer loop
      vertex   -8.115217e+001 5.593142e+001 3.000001e+000
      vertex   -7.776166e+001 5.863626e+001 4.500001e+000
      vertex   -8.115217e+001 5.593142e+001 4.500001e+000
    endloop
  endfacet
  facet normal -0.000000e+000 1.000000e+000 0.000000e+000
    outer loop
      vertex   -9.067553e+001 6.974135e+001 3.000001e+000
      vertex   -9.067553e+001 6.974135e+001 5.100001e+000
      vertex   -8.582366e+001 6.974135e+001 3.000001e+000
    endloop
  endfacet
  facet normal 0.000000e+000 1.000000e+000 -0.000000e+000
    outer loop
      vertex   -8.582366e+001 6.974135e+001 3.000001e+000
      vertex   -9.067553e+001 6.974135e+001 5.100001e+000
      vertex   -8.582366e+001 6.974135e+001 5.100001e+000
    endloop
  endfacet
  facet normal -5.633186e-001 8.262398e-001 0.000000e+000
    outer loop
      vertex   -9.166600e+001 6.906606e+001 3.000001e+000
      vertex   -9.166600e+001 6.906606e+001 5.100001e+000
      vertex   -9.067553e+001 6.974135e+001 3.000001e+000
    endloop
  endfacet
  facet normal -5.633186e-001 8.262398e-001 0.000000e+000
    outer loop
      vertex   -9.067553e+001 6.974135e+001 3.000001e+000
      vertex   -9.166600e+001 6.906606e+001 5.100001e+000
      vertex   -9.067553e+001 6.974135e+001 5.100001e+000
    endloop
  endfacet
  facet normal 0.000000e+000 -0.000000e+000 1.000000e+000
    outer loop
      vertex   -9.460096e+001 6.729313e+001 5.100001e+000
      vertex   -9.334031e+001 6.981293e+001 5.100001e+000
      vertex   -9.620062e+001 6.729313e+001 5.100001e+000
    endloop
  endfacet
  facet normal 0.000000e+000 -0.000000e+000 1.000000e+000
    outer loop
      vertex   -9.460096e+001 6.729313e+001 5.100001e+000
      vertex   -9.220083e+001 6.902886e+001 5.100001e+000
      vertex   -9.334031e+001 6.981293e+001 5.100001e+000
    endloop
  endfacet
  facet normal -0.000000e+000 0.000000e+000 1.000000e+000
    outer loop
      vertex   -9.460096e+001 6.729313e+001 5.100001e+000
      vertex   -9.220083e+001 6.490714e+001 5.100001e+000
      vertex   -9.220083e+001 6.902886e+001 5.100001e+000
    endloop
  endfacet
  facet normal -0.000000e+000 0.000000e+000 1.000000e+000
    outer loop
      vertex   -9.460096e+001 6.729313e+001 5.100001e+000
      vertex   -9.460096e+001 6.314378e+001 5.100001e+000
      vertex   -9.220083e+001 6.490714e+001 5.100001e+000
    endloop
  endfacet
  facet normal -0.000000e+000 0.000000e+000 1.000000e+000
    outer loop
      vertex   -9.903035e+001 6.981293e+001 5.100001e+000
      vertex   -9.863058e+001 6.939817e+001 5.100001e+000
      vertex   -9.334031e+001 6.981293e+001 5.100001e+000
    endloop
  endfacet
  facet normal 0.000000e+000 0.000000e+000 1.000000e+000
    outer loop
      vertex   -9.334031e+001 6.981293e+001 5.100001e+000
      vertex   -9.863058e+001 6.939817e+001 5.100001e+000
      vertex   -9.620062e+001 6.729313e+001 5.100001e+000
    endloop
  endfacet
  facet normal 0.000000e+000 0.000000e+000 1.000000e+000
    outer loop
      vertex   -9.620062e+001 6.729313e+001 5.100001e+000
      vertex   -9.863058e+001 6.939817e+001 5.100001e+000
      vertex   -9.863058e+001 6.018324e+001 5.100001e+000
    endloop
  endfacet
  facet normal 0.000000e+000 -0.000000e+000 1.000000e+000
    outer loop
      vertex   -9.620062e+001 6.196851e+001 5.100001e+000
      vertex   -9.620062e+001 6.729313e+001 5.100001e+000
      vertex   -9.863058e+001 6.018324e+001 5.100001e+000
    endloop
  endfacet
  facet normal 5.920764e-001 -8.058818e-001 0.000000e+000
    outer loop
      vertex   -9.220083e+001 6.490714e+001 4.500001e+000
      vertex   -9.220083e+001 6.490714e+001 5.100001e+000
      vertex   -9.460096e+001 6.314378e+001 4.500001e+000
    endloop
  endfacet
  facet normal 5.920764e-001 -8.058818e-001 0.000000e+000
    outer loop
      vertex   -9.460096e+001 6.314378e+001 4.500001e+000
      vertex   -9.220083e+001 6.490714e+001 5.100001e+000
      vertex   -9.460096e+001 6.314378e+001 5.100001e+000
    endloop
  endfacet
  facet normal 5.920764e-001 -8.058818e-001 0.000000e+000
    outer loop
      vertex   -9.620062e+001 6.196851e+001 4.500001e+000
      vertex   -9.620062e+001 6.196851e+001 5.100001e+000
      vertex   -9.863058e+001 6.018324e+001 4.500001e+000
    endloop
  endfacet
  facet normal 5.920764e-001 -8.058818e-001 0.000000e+000
    outer loop
      vertex   -9.863058e+001 6.018324e+001 4.500001e+000
      vertex   -9.620062e+001 6.196851e+001 5.100001e+000
      vertex   -9.863058e+001 6.018324e+001 5.100001e+000
    endloop
  endfacet
  facet normal 5.668644e-001 8.238111e-001 -0.000000e+000
    outer loop
      vertex   -9.334031e+001 6.981293e+001 3.000001e+000
      vertex   -9.334031e+001 6.981293e+001 5.100001e+000
      vertex   -9.220083e+001 6.902886e+001 3.000001e+000
    endloop
  endfacet
  facet normal 5.668644e-001 8.238111e-001 0.000000e+000
    outer loop
      vertex   -9.220083e+001 6.902886e+001 3.000001e+000
      vertex   -9.334031e+001 6.981293e+001 5.100001e+000
      vertex   -9.220083e+001 6.902886e+001 5.100001e+000
    endloop
  endfacet
  facet normal -0.000000e+000 1.000000e+000 0.000000e+000
    outer loop
      vertex   -9.903035e+001 6.981293e+001 3.000001e+000
      vertex   -9.903035e+001 6.981293e+001 5.100001e+000
      vertex   -9.334031e+001 6.981293e+001 3.000001e+000
    endloop
  endfacet
  facet normal 0.000000e+000 1.000000e+000 -0.000000e+000
    outer loop
      vertex   -9.334031e+001 6.981293e+001 3.000001e+000
      vertex   -9.903035e+001 6.981293e+001 5.100001e+000
      vertex   -9.334031e+001 6.981293e+001 5.100001e+000
    endloop
  endfacet
  facet normal -1.000000e+000 0.000000e+000 -0.000000e+000
    outer loop
      vertex   -9.863058e+001 5.291237e+001 4.500001e+000
      vertex   -9.863058e+001 6.018324e+001 4.500001e+000
      vertex   -9.863058e+001 5.291237e+001 3.000001e+000
    endloop
  endfacet
  facet normal -1.000000e+000 0.000000e+000 0.000000e+000
    outer loop
      vertex   -9.863058e+001 5.291237e+001 3.000001e+000
      vertex   -9.863058e+001 6.018324e+001 4.500001e+000
      vertex   -9.863058e+001 6.939817e+001 3.000001e+000
    endloop
  endfacet
  facet normal -1.000000e+000 0.000000e+000 0.000000e+000
    outer loop
      vertex   -9.863058e+001 6.939817e+001 3.000001e+000
      vertex   -9.863058e+001 6.018324e+001 4.500001e+000
      vertex   -9.863058e+001 6.939817e+001 5.100001e+000
    endloop
  endfacet
  facet normal -1.000000e+000 -0.000000e+000 0.000000e+000
    outer loop
      vertex   -9.863058e+001 6.939817e+001 5.100001e+000
      vertex   -9.863058e+001 6.018324e+001 4.500001e+000
      vertex   -9.863058e+001 6.018324e+001 5.100001e+000
    endloop
  endfacet
  facet normal -9.036547e-001 4.282619e-001 0.000000e+000
    outer loop
      vertex   -9.891538e+001 5.231143e+001 3.000001e+000
      vertex   -9.891538e+001 5.231143e+001 4.500001e+000
      vertex   -9.863058e+001 5.291237e+001 3.000001e+000
    endloop
  endfacet
  facet normal -9.036547e-001 4.282619e-001 0.000000e+000
    outer loop
      vertex   -9.863058e+001 5.291237e+001 3.000001e+000
      vertex   -9.891538e+001 5.231143e+001 4.500001e+000
      vertex   -9.863058e+001 5.291237e+001 4.500001e+000
    endloop
  endfacet
  facet normal -2.874521e-001 -9.577950e-001 -3.117710e-006
    outer loop
      vertex   -1.010492e+002 5.343823e+001 1.000000e-006
      vertex   -1.010495e+002 5.343831e+001 1.500001e+000
      vertex   -1.012475e+002 5.349774e+001 1.000000e-006
    endloop
  endfacet
  facet normal -2.595892e-001 -9.657191e-001 2.841002e-006
    outer loop
      vertex   -1.010492e+002 5.343823e+001 1.000000e-006
      vertex   -1.008493e+002 5.338451e+001 1.000000e-006
      vertex   -1.010495e+002 5.343831e+001 1.500001e+000
    endloop
  endfacet
  facet normal -2.505267e-001 -9.681088e-001 1.297827e-003
    outer loop
      vertex   -1.010495e+002 5.343831e+001 1.500001e+000
      vertex   -1.008493e+002 5.338451e+001 1.000000e-006
      vertex   -1.006992e+002 5.334766e+001 1.500001e+000
    endloop
  endfacet
  facet normal -2.255429e-001 -9.742323e-001 1.353523e-003
    outer loop
      vertex   -1.008493e+002 5.338451e+001 3.000001e+000
      vertex   -1.006992e+002 5.334766e+001 1.500001e+000
      vertex   -1.004460e+002 5.329113e+001 3.000001e+000
    endloop
  endfacet
  facet normal -2.505267e-001 -9.681088e-001 -1.297831e-003
    outer loop
      vertex   -1.008493e+002 5.338451e+001 3.000001e+000
      vertex   -1.010495e+002 5.343831e+001 1.500001e+000
      vertex   -1.006992e+002 5.334766e+001 1.500001e+000
    endloop
  endfacet
  facet normal -2.595894e-001 -9.657191e-001 -2.832972e-006
    outer loop
      vertex   -1.008493e+002 5.338451e+001 3.000001e+000
      vertex   -1.010492e+002 5.343823e+001 3.000001e+000
      vertex   -1.010495e+002 5.343831e+001 1.500001e+000
    endloop
  endfacet
  facet normal -2.874521e-001 -9.577950e-001 3.108919e-006
    outer loop
      vertex   -1.010495e+002 5.343831e+001 1.500001e+000
      vertex   -1.010492e+002 5.343823e+001 3.000001e+000
      vertex   -1.012475e+002 5.349774e+001 3.000001e+000
    endloop
  endfacet
  facet normal -3.181677e-001 -9.480344e-001 4.227752e-004
    outer loop
      vertex   -1.013948e+002 5.354650e+001 1.500001e+000
      vertex   -1.012475e+002 5.349774e+001 3.000001e+000
      vertex   -1.014441e+002 5.356374e+001 3.000001e+000
    endloop
  endfacet
  facet normal -3.482413e-001 -9.374047e-001 -6.897367e-004
    outer loop
      vertex   -1.016386e+002 5.363599e+001 3.000001e+000
      vertex   -1.013948e+002 5.354650e+001 1.500001e+000
      vertex   -1.014441e+002 5.356374e+001 3.000001e+000
    endloop
  endfacet
  facet normal -3.516902e-001 -9.361155e-001 -1.327389e-003
    outer loop
      vertex   -1.016386e+002 5.363599e+001 3.000001e+000
      vertex   -1.017340e+002 5.367396e+001 1.500001e+000
      vertex   -1.013948e+002 5.354650e+001 1.500001e+000
    endloop
  endfacet
  facet normal -3.768216e-001 -9.262857e-001 5.198065e-004
    outer loop
      vertex   -1.016386e+002 5.363599e+001 3.000001e+000
      vertex   -1.018308e+002 5.371417e+001 3.000001e+000
      vertex   -1.017340e+002 5.367396e+001 1.500001e+000
    endloop
  endfacet
  facet normal -4.004166e-001 -9.163323e-001 -1.269491e-003
    outer loop
      vertex   -1.017340e+002 5.367396e+001 1.500001e+000
      vertex   -1.018308e+002 5.371417e+001 3.000001e+000
      vertex   -1.020668e+002 5.381935e+001 1.500001e+000
    endloop
  endfacet
  facet normal -4.039560e-001 -9.147782e-001 6.038180e-004
    outer loop
      vertex   -1.018308e+002 5.371418e+001 1.000000e-006
      vertex   -1.020668e+002 5.381935e+001 1.500001e+000
      vertex   -1.020206e+002 5.379798e+001 1.000000e-006
    endloop
  endfacet
  facet normal -4.004166e-001 -9.163323e-001 1.269502e-003
    outer loop
      vertex   -1.018308e+002 5.371418e+001 1.000000e-006
      vertex   -1.017340e+002 5.367396e+001 1.500001e+000
      vertex   -1.020668e+002 5.381935e+001 1.500001e+000
    endloop
  endfacet
  facet normal -3.768218e-001 -9.262856e-001 -5.198072e-004
    outer loop
      vertex   -1.018308e+002 5.371418e+001 1.000000e-006
      vertex   -1.016386e+002 5.363599e+001 1.000000e-006
      vertex   -1.017340e+002 5.367396e+001 1.500001e+000
    endloop
  endfacet
  facet normal -3.516902e-001 -9.361155e-001 1.327379e-003
    outer loop
      vertex   -1.017340e+002 5.367396e+001 1.500001e+000
      vertex   -1.016386e+002 5.363599e+001 1.000000e-006
      vertex   -1.013948e+002 5.354650e+001 1.500001e+000
    endloop
  endfacet
  facet normal -3.482414e-001 -9.374046e-001 6.897504e-004
    outer loop
      vertex   -1.013948e+002 5.354650e+001 1.500001e+000
      vertex   -1.016386e+002 5.363599e+001 1.000000e-006
      vertex   -1.014441e+002 5.356374e+001 1.000000e-006
    endloop
  endfacet
  facet normal -3.181677e-001 -9.480343e-001 -4.227816e-004
    outer loop
      vertex   -1.012475e+002 5.349774e+001 1.000000e-006
      vertex   -1.013948e+002 5.354650e+001 1.500001e+000
      vertex   -1.014441e+002 5.356374e+001 1.000000e-006
    endloop
  endfacet
  facet normal -2.989991e-001 -9.542519e-001 1.661355e-003
    outer loop
      vertex   -1.012475e+002 5.349774e+001 1.000000e-006
      vertex   -1.010495e+002 5.343831e+001 1.500001e+000
      vertex   -1.013948e+002 5.354650e+001 1.500001e+000
    endloop
  endfacet
  facet normal -2.989991e-001 -9.542519e-001 -1.661355e-003
    outer loop
      vertex   -1.013948e+002 5.354650e+001 1.500001e+000
      vertex   -1.010495e+002 5.343831e+001 1.500001e+000
      vertex   -1.012475e+002 5.349774e+001 3.000001e+000
    endloop
  endfacet
  facet normal -2.255427e-001 -9.742323e-001 -1.353517e-003
    outer loop
      vertex   -1.008493e+002 5.338451e+001 1.000000e-006
      vertex   -1.004460e+002 5.329113e+001 1.000000e-006
      vertex   -1.006992e+002 5.334766e+001 1.500001e+000
    endloop
  endfacet
  facet normal -2.136638e-001 -9.769070e-001 7.523225e-004
    outer loop
      vertex   -1.006992e+002 5.334766e+001 1.500001e+000
      vertex   -1.004460e+002 5.329113e+001 1.000000e-006
      vertex   -1.003451e+002 5.327022e+001 1.500001e+000
    endloop
  endfacet
  facet normal -1.933867e-001 -9.811224e-001 6.706037e-004
    outer loop
      vertex   -1.004460e+002 5.329113e+001 3.000001e+000
      vertex   -1.003451e+002 5.327022e+001 1.500001e+000
      vertex   -1.000392e+002 5.321096e+001 3.000001e+000
    endloop
  endfacet
  facet normal -2.136638e-001 -9.769070e-001 -7.523302e-004
    outer loop
      vertex   -1.004460e+002 5.329113e+001 3.000001e+000
      vertex   -1.006992e+002 5.334766e+001 1.500001e+000
      vertex   -1.003451e+002 5.327022e+001 1.500001e+000
    endloop
  endfacet
  facet normal -1.933866e-001 -9.811224e-001 -6.705939e-004
    outer loop
      vertex   -1.004460e+002 5.329113e+001 1.000000e-006
      vertex   -1.000392e+002 5.321095e+001 1.000000e-006
      vertex   -1.003451e+002 5.327022e+001 1.500001e+000
    endloop
  endfacet
  facet normal -1.902179e-001 -9.817419e-001 -2.111362e-009
    outer loop
      vertex   -1.003451e+002 5.327022e+001 1.500001e+000
      vertex   -1.000392e+002 5.321095e+001 1.000000e-006
      vertex   -1.000392e+002 5.321096e+001 3.000001e+000
    endloop
  endfacet
  facet normal -1.773000e-001 -9.841568e-001 1.496586e-009
    outer loop
      vertex   -1.000392e+002 5.321096e+001 3.000001e+000
      vertex   -1.000392e+002 5.321095e+001 1.000000e-006
      vertex   -9.963058e+001 5.313733e+001 3.000001e+000
    endloop
  endfacet
  facet normal -1.773000e-001 -9.841568e-001 0.000000e+000
    outer loop
      vertex   -9.963058e+001 5.313733e+001 3.000001e+000
      vertex   -1.000392e+002 5.321095e+001 1.000000e-006
      vertex   -9.963058e+001 5.313733e+001 1.000000e-006
    endloop
  endfacet
  facet normal -4.039558e-001 -9.147783e-001 -6.038377e-004
    outer loop
      vertex   -1.018308e+002 5.371417e+001 3.000001e+000
      vertex   -1.020206e+002 5.379798e+001 3.000001e+000
      vertex   -1.020668e+002 5.381935e+001 1.500001e+000
    endloop
  endfacet
  facet normal -4.297052e-001 -9.029692e-001 3.566421e-004
    outer loop
      vertex   -1.020668e+002 5.381935e+001 1.500001e+000
      vertex   -1.020206e+002 5.379798e+001 3.000001e+000
      vertex   -1.022080e+002 5.388715e+001 3.000001e+000
    endloop
  endfacet
  facet normal -4.541417e-001 -8.909295e-001 5.415182e-006
    outer loop
      vertex   -1.023924e+002 5.398114e+001 1.500001e+000
      vertex   -1.022080e+002 5.388715e+001 3.000001e+000
      vertex   -1.023929e+002 5.398143e+001 3.000001e+000
    endloop
  endfacet
  facet normal -4.883767e-001 -8.726326e-001 7.572508e-004
    outer loop
      vertex   -1.027104e+002 5.415779e+001 1.500001e+000
      vertex   -1.023929e+002 5.398143e+001 3.000001e+000
      vertex   -1.027552e+002 5.418415e+001 3.000001e+000
    endloop
  endfacet
  facet normal -5.308487e-001 -8.474656e-001 1.271828e-003
    outer loop
      vertex   -1.030202e+002 5.434791e+001 1.500001e+000
      vertex   -1.027552e+002 5.418415e+001 3.000001e+000
      vertex   -1.031067e+002 5.440437e+001 3.000001e+000
    endloop
  endfacet
  facet normal -5.722334e-001 -8.200892e-001 1.625305e-003
    outer loop
      vertex   -1.033212e+002 5.455104e+001 1.500001e+000
      vertex   -1.031067e+002 5.440437e+001 3.000001e+000
      vertex   -1.034469e+002 5.464175e+001 3.000001e+000
    endloop
  endfacet
  facet normal -6.130847e-001 -7.900152e-001 1.773376e-003
    outer loop
      vertex   -1.036127e+002 5.476705e+001 1.500001e+000
      vertex   -1.034469e+002 5.464175e+001 3.000001e+000
      vertex   -1.037746e+002 5.489605e+001 3.000001e+000
    endloop
  endfacet
  facet normal -6.532296e-001 -7.571580e-001 1.699377e-003
    outer loop
      vertex   -1.038942e+002 5.499583e+001 1.500001e+000
      vertex   -1.037746e+002 5.489605e+001 3.000001e+000
      vertex   -1.040887e+002 5.516700e+001 3.000001e+000
    endloop
  endfacet
  facet normal -6.922501e-001 -7.216564e-001 1.368792e-003
    outer loop
      vertex   -1.041649e+002 5.523726e+001 1.500001e+000
      vertex   -1.040887e+002 5.516700e+001 3.000001e+000
      vertex   -1.043880e+002 5.545417e+001 3.000001e+000
    endloop
  endfacet
  facet normal -7.291849e-001 -6.843162e-001 7.894412e-004
    outer loop
      vertex   -1.044243e+002 5.549103e+001 1.500001e+000
      vertex   -1.043880e+002 5.545417e+001 3.000001e+000
      vertex   -1.046719e+002 5.575667e+001 3.000001e+000
    endloop
  endfacet
  facet normal -7.617577e-001 -6.478620e-001 -2.853224e-006
    outer loop
      vertex   -1.046718e+002 5.575653e+001 1.500001e+000
      vertex   -1.046719e+002 5.575667e+001 3.000001e+000
      vertex   -1.049070e+002 5.603311e+001 1.500001e+000
    endloop
  endfacet
  facet normal -7.638718e-001 -6.453675e-001 -7.882345e-004
    outer loop
      vertex   -1.046719e+002 5.575667e+001 1.000000e-006
      vertex   -1.049070e+002 5.603311e+001 1.500001e+000
      vertex   -1.049397e+002 5.607357e+001 1.000000e-006
    endloop
  endfacet
  facet normal -7.617577e-001 -6.478620e-001 2.855035e-006
    outer loop
      vertex   -1.046719e+002 5.575667e+001 1.000000e-006
      vertex   -1.046718e+002 5.575653e+001 1.500001e+000
      vertex   -1.049070e+002 5.603311e+001 1.500001e+000
    endloop
  endfacet
  facet normal -7.314044e-001 -6.819440e-001 -2.866211e-006
    outer loop
      vertex   -1.046719e+002 5.575667e+001 1.000000e-006
      vertex   -1.044243e+002 5.549103e+001 1.500001e+000
      vertex   -1.046718e+002 5.575653e+001 1.500001e+000
    endloop
  endfacet
  facet normal -7.291850e-001 -6.843162e-001 -7.894396e-004
    outer loop
      vertex   -1.046719e+002 5.575667e+001 1.000000e-006
      vertex   -1.043880e+002 5.545417e+001 1.000000e-006
      vertex   -1.044243e+002 5.549103e+001 1.500001e+000
    endloop
  endfacet
  facet normal -6.993423e-001 -7.147866e-001 6.797764e-004
    outer loop
      vertex   -1.044243e+002 5.549103e+001 1.500001e+000
      vertex   -1.043880e+002 5.545417e+001 1.000000e-006
      vertex   -1.041649e+002 5.523726e+001 1.500001e+000
    endloop
  endfacet
  facet normal -6.993423e-001 -7.147866e-001 -6.797778e-004
    outer loop
      vertex   -1.043880e+002 5.545417e+001 3.000001e+000
      vertex   -1.044243e+002 5.549103e+001 1.500001e+000
      vertex   -1.041649e+002 5.523726e+001 1.500001e+000
    endloop
  endfacet
  facet normal -4.449522e-001 -8.955532e-001 -1.414050e-003
    outer loop
      vertex   -1.020668e+002 5.381935e+001 1.500001e+000
      vertex   -1.022080e+002 5.388715e+001 3.000001e+000
      vertex   -1.023924e+002 5.398114e+001 1.500001e+000
    endloop
  endfacet
  facet normal -4.541418e-001 -8.909294e-001 -5.422557e-006
    outer loop
      vertex   -1.022080e+002 5.388715e+001 1.000000e-006
      vertex   -1.023924e+002 5.398114e+001 1.500001e+000
      vertex   -1.023929e+002 5.398143e+001 1.000000e-006
    endloop
  endfacet
  facet normal -4.449522e-001 -8.955532e-001 1.414052e-003
    outer loop
      vertex   -1.022080e+002 5.388715e+001 1.000000e-006
      vertex   -1.020668e+002 5.381935e+001 1.500001e+000
      vertex   -1.023924e+002 5.398114e+001 1.500001e+000
    endloop
  endfacet
  facet normal -4.297053e-001 -9.029691e-001 -3.566350e-004
    outer loop
      vertex   -1.022080e+002 5.388715e+001 1.000000e-006
      vertex   -1.020206e+002 5.379798e+001 1.000000e-006
      vertex   -1.020668e+002 5.381935e+001 1.500001e+000
    endloop
  endfacet
  facet normal -4.856119e-001 -8.741745e-001 -9.173613e-006
    outer loop
      vertex   -1.023924e+002 5.398114e+001 1.500001e+000
      vertex   -1.023929e+002 5.398143e+001 3.000001e+000
      vertex   -1.027104e+002 5.415779e+001 1.500001e+000
    endloop
  endfacet
  facet normal -4.883768e-001 -8.726325e-001 -7.572491e-004
    outer loop
      vertex   -1.023929e+002 5.398143e+001 1.000000e-006
      vertex   -1.027104e+002 5.415779e+001 1.500001e+000
      vertex   -1.027552e+002 5.418415e+001 1.000000e-006
    endloop
  endfacet
  facet normal -4.856119e-001 -8.741745e-001 9.186136e-006
    outer loop
      vertex   -1.023929e+002 5.398143e+001 1.000000e-006
      vertex   -1.023924e+002 5.398114e+001 1.500001e+000
      vertex   -1.027104e+002 5.415779e+001 1.500001e+000
    endloop
  endfacet
  facet normal -5.230469e-001 -8.523036e-001 -6.348480e-004
    outer loop
      vertex   -1.027104e+002 5.415779e+001 1.500001e+000
      vertex   -1.027552e+002 5.418415e+001 3.000001e+000
      vertex   -1.030202e+002 5.434791e+001 1.500001e+000
    endloop
  endfacet
  facet normal -5.308487e-001 -8.474656e-001 -1.271825e-003
    outer loop
      vertex   -1.027552e+002 5.418415e+001 1.000000e-006
      vertex   -1.030202e+002 5.434791e+001 1.500001e+000
      vertex   -1.031067e+002 5.440437e+001 1.000000e-006
    endloop
  endfacet
  facet normal -5.230469e-001 -8.523036e-001 6.348480e-004
    outer loop
      vertex   -1.027552e+002 5.418415e+001 1.000000e-006
      vertex   -1.027104e+002 5.415779e+001 1.500001e+000
      vertex   -1.030202e+002 5.434791e+001 1.500001e+000
    endloop
  endfacet
  facet normal -5.593885e-001 -8.289049e-001 -1.073185e-003
    outer loop
      vertex   -1.030202e+002 5.434791e+001 1.500001e+000
      vertex   -1.031067e+002 5.440437e+001 3.000001e+000
      vertex   -1.033212e+002 5.455104e+001 1.500001e+000
    endloop
  endfacet
  facet normal -5.722334e-001 -8.200892e-001 -1.625304e-003
    outer loop
      vertex   -1.031067e+002 5.440437e+001 1.000000e-006
      vertex   -1.033212e+002 5.455104e+001 1.500001e+000
      vertex   -1.034469e+002 5.464175e+001 1.000000e-006
    endloop
  endfacet
  facet normal -5.593885e-001 -8.289049e-001 1.073184e-003
    outer loop
      vertex   -1.031067e+002 5.440437e+001 1.000000e-006
      vertex   -1.030202e+002 5.434791e+001 1.500001e+000
      vertex   -1.033212e+002 5.455104e+001 1.500001e+000
    endloop
  endfacet
  facet normal -5.953257e-001 -8.034834e-001 -1.314666e-003
    outer loop
      vertex   -1.033212e+002 5.455104e+001 1.500001e+000
      vertex   -1.034469e+002 5.464175e+001 3.000001e+000
      vertex   -1.036127e+002 5.476705e+001 1.500001e+000
    endloop
  endfacet
  facet normal -6.130846e-001 -7.900152e-001 -1.773377e-003
    outer loop
      vertex   -1.034469e+002 5.464175e+001 1.000000e-006
      vertex   -1.036127e+002 5.476705e+001 1.500001e+000
      vertex   -1.037746e+002 5.489605e+001 1.000000e-006
    endloop
  endfacet
  facet normal -5.953257e-001 -8.034834e-001 1.314666e-003
    outer loop
      vertex   -1.034469e+002 5.464175e+001 1.000000e-006
      vertex   -1.033212e+002 5.455104e+001 1.500001e+000
      vertex   -1.036127e+002 5.476705e+001 1.500001e+000
    endloop
  endfacet
  facet normal -6.307661e-001 -7.759718e-001 -1.342612e-003
    outer loop
      vertex   -1.036127e+002 5.476705e+001 1.500001e+000
      vertex   -1.037746e+002 5.489605e+001 3.000001e+000
      vertex   -1.038942e+002 5.499583e+001 1.500001e+000
    endloop
  endfacet
  facet normal -6.532296e-001 -7.571580e-001 -1.699379e-003
    outer loop
      vertex   -1.037746e+002 5.489605e+001 1.000000e-006
      vertex   -1.038942e+002 5.499583e+001 1.500001e+000
      vertex   -1.040887e+002 5.516700e+001 1.000000e-006
    endloop
  endfacet
  facet normal -6.307661e-001 -7.759718e-001 1.342612e-003
    outer loop
      vertex   -1.037746e+002 5.489605e+001 1.000000e-006
      vertex   -1.036127e+002 5.476705e+001 1.500001e+000
      vertex   -1.038942e+002 5.499583e+001 1.500001e+000
    endloop
  endfacet
  facet normal -6.655913e-001 -7.463155e-001 -1.140734e-003
    outer loop
      vertex   -1.038942e+002 5.499583e+001 1.500001e+000
      vertex   -1.040887e+002 5.516700e+001 3.000001e+000
      vertex   -1.041649e+002 5.523726e+001 1.500001e+000
    endloop
  endfacet
  facet normal -6.922501e-001 -7.216564e-001 -1.368792e-003
    outer loop
      vertex   -1.040887e+002 5.516700e+001 1.000000e-006
      vertex   -1.041649e+002 5.523726e+001 1.500001e+000
      vertex   -1.043880e+002 5.545417e+001 1.000000e-006
    endloop
  endfacet
  facet normal -6.655913e-001 -7.463155e-001 1.140734e-003
    outer loop
      vertex   -1.040887e+002 5.516700e+001 1.000000e-006
      vertex   -1.038942e+002 5.499583e+001 1.500001e+000
      vertex   -1.041649e+002 5.523726e+001 1.500001e+000
    endloop
  endfacet
  facet normal -7.638718e-001 -6.453675e-001 7.882341e-004
    outer loop
      vertex   -1.046719e+002 5.575667e+001 3.000001e+000
      vertex   -1.049397e+002 5.607357e+001 3.000001e+000
      vertex   -1.049070e+002 5.603311e+001 1.500001e+000
    endloop
  endfacet
  facet normal -7.904363e-001 -6.125439e-001 -6.749909e-004
    outer loop
      vertex   -1.049070e+002 5.603311e+001 1.500001e+000
      vertex   -1.049397e+002 5.607357e+001 3.000001e+000
      vertex   -1.051294e+002 5.632012e+001 1.500001e+000
    endloop
  endfacet
  facet normal -7.963697e-001 -6.048087e-001 -1.347123e-003
    outer loop
      vertex   -1.049397e+002 5.607357e+001 1.000000e-006
      vertex   -1.051294e+002 5.632012e+001 1.500001e+000
      vertex   -1.051906e+002 5.640395e+001 1.000000e-006
    endloop
  endfacet
  facet normal -7.904363e-001 -6.125439e-001 6.749914e-004
    outer loop
      vertex   -1.049397e+002 5.607357e+001 1.000000e-006
      vertex   -1.049070e+002 5.603311e+001 1.500001e+000
      vertex   -1.051294e+002 5.632012e+001 1.500001e+000
    endloop
  endfacet
  facet normal -7.963697e-001 -6.048087e-001 1.347123e-003
    outer loop
      vertex   -1.049397e+002 5.607357e+001 3.000001e+000
      vertex   -1.051906e+002 5.640395e+001 3.000001e+000
      vertex   -1.051294e+002 5.632012e+001 1.500001e+000
    endloop
  endfacet
  facet normal -8.174558e-001 -5.759902e-001 -1.122676e-003
    outer loop
      vertex   -1.051294e+002 5.632012e+001 1.500001e+000
      vertex   -1.051906e+002 5.640395e+001 3.000001e+000
      vertex   -1.053386e+002 5.661691e+001 1.500001e+000
    endloop
  endfacet
  facet normal -8.266888e-001 -5.626568e-001 -1.681306e-003
    outer loop
      vertex   -1.051906e+002 5.640395e+001 1.000000e-006
      vertex   -1.053386e+002 5.661691e+001 1.500001e+000
      vertex   -1.054240e+002 5.674690e+001 1.000000e-006
    endloop
  endfacet
  facet normal -8.174558e-001 -5.759902e-001 1.122676e-003
    outer loop
      vertex   -1.051906e+002 5.640395e+001 1.000000e-006
      vertex   -1.051294e+002 5.632012e+001 1.500001e+000
      vertex   -1.053386e+002 5.661691e+001 1.500001e+000
    endloop
  endfacet
  facet normal -8.266888e-001 -5.626568e-001 1.681306e-003
    outer loop
      vertex   -1.051906e+002 5.640395e+001 3.000001e+000
      vertex   -1.054240e+002 5.674690e+001 3.000001e+000
      vertex   -1.053386e+002 5.661691e+001 1.500001e+000
    endloop
  endfacet
  facet normal -8.427520e-001 -5.383004e-001 -1.344040e-003
    outer loop
      vertex   -1.053386e+002 5.661691e+001 1.500001e+000
      vertex   -1.054240e+002 5.674690e+001 3.000001e+000
      vertex   -1.055340e+002 5.692285e+001 1.500001e+000
    endloop
  endfacet
  facet normal -8.547353e-001 -5.190611e-001 -1.791492e-003
    outer loop
      vertex   -1.054240e+002 5.674690e+001 1.000000e-006
      vertex   -1.055340e+002 5.692285e+001 1.500001e+000
      vertex   -1.056393e+002 5.710148e+001 1.000000e-006
    endloop
  endfacet
  facet normal -8.427520e-001 -5.383004e-001 1.344040e-003
    outer loop
      vertex   -1.054240e+002 5.674690e+001 1.000000e-006
      vertex   -1.053386e+002 5.661691e+001 1.500001e+000
      vertex   -1.055340e+002 5.692285e+001 1.500001e+000
    endloop
  endfacet
  facet normal -8.547353e-001 -5.190611e-001 1.791493e-003
    outer loop
      vertex   -1.054240e+002 5.674690e+001 3.000001e+000
      vertex   -1.056393e+002 5.710148e+001 3.000001e+000
      vertex   -1.055340e+002 5.692285e+001 1.500001e+000
    endloop
  endfacet
  facet normal -8.662876e-001 -4.995437e-001 -1.343995e-003
    outer loop
      vertex   -1.055340e+002 5.692285e+001 1.500001e+000
      vertex   -1.056393e+002 5.710148e+001 3.000001e+000
      vertex   -1.057153e+002 5.723730e+001 1.500001e+000
    endloop
  endfacet
  facet normal -8.804843e-001 -4.740723e-001 -1.681610e-003
    outer loop
      vertex   -1.056393e+002 5.710148e+001 1.000000e-006
      vertex   -1.057153e+002 5.723730e+001 1.500001e+000
      vertex   -1.058360e+002 5.746674e+001 1.000000e-006
    endloop
  endfacet
  facet normal -8.662876e-001 -4.995437e-001 1.343995e-003
    outer loop
      vertex   -1.056393e+002 5.710148e+001 1.000000e-006
      vertex   -1.055340e+002 5.692285e+001 1.500001e+000
      vertex   -1.057153e+002 5.723730e+001 1.500001e+000
    endloop
  endfacet
  facet normal -8.804843e-001 -4.740723e-001 1.681610e-003
    outer loop
      vertex   -1.056393e+002 5.710148e+001 3.000001e+000
      vertex   -1.058360e+002 5.746674e+001 3.000001e+000
      vertex   -1.057153e+002 5.723730e+001 1.500001e+000
    endloop
  endfacet
  facet normal -8.880602e-001 -4.597258e-001 -1.122294e-003
    outer loop
      vertex   -1.057153e+002 5.723730e+001 1.500001e+000
      vertex   -1.058360e+002 5.746674e+001 3.000001e+000
      vertex   -1.058822e+002 5.755964e+001 1.500001e+000
    endloop
  endfacet
  facet normal -9.039221e-001 -4.276951e-001 -1.349854e-003
    outer loop
      vertex   -1.058360e+002 5.746674e+001 1.000000e-006
      vertex   -1.058822e+002 5.755964e+001 1.500001e+000
      vertex   -1.060134e+002 5.784172e+001 1.000000e-006
    endloop
  endfacet
  facet normal -8.880602e-001 -4.597258e-001 1.122294e-003
    outer loop
      vertex   -1.058360e+002 5.746674e+001 1.000000e-006
      vertex   -1.057153e+002 5.723730e+001 1.500001e+000
      vertex   -1.058822e+002 5.755964e+001 1.500001e+000
    endloop
  endfacet
  facet normal -9.039221e-001 -4.276951e-001 1.349853e-003
    outer loop
      vertex   -1.058360e+002 5.746674e+001 3.000001e+000
      vertex   -1.060134e+002 5.784172e+001 3.000001e+000
      vertex   -1.058822e+002 5.755964e+001 1.500001e+000
    endloop
  endfacet
  facet normal -9.080568e-001 -4.188464e-001 -6.759509e-004
    outer loop
      vertex   -1.058822e+002 5.755964e+001 1.500001e+000
      vertex   -1.060134e+002 5.784172e+001 3.000001e+000
      vertex   -1.060342e+002 5.788923e+001 1.500001e+000
    endloop
  endfacet
  facet normal -9.249767e-001 -3.800231e-001 -7.881357e-004
    outer loop
      vertex   -1.060134e+002 5.784172e+001 1.000000e-006
      vertex   -1.060342e+002 5.788923e+001 1.500001e+000
      vertex   -1.061711e+002 5.822544e+001 1.000000e-006
    endloop
  endfacet
  facet normal -9.080568e-001 -4.188464e-001 6.759509e-004
    outer loop
      vertex   -1.060134e+002 5.784172e+001 1.000000e-006
      vertex   -1.058822e+002 5.755964e+001 1.500001e+000
      vertex   -1.060342e+002 5.788923e+001 1.500001e+000
    endloop
  endfacet
  facet normal -9.249767e-001 -3.800231e-001 7.881356e-004
    outer loop
      vertex   -1.060134e+002 5.784172e+001 3.000001e+000
      vertex   -1.061711e+002 5.822544e+001 3.000001e+000
      vertex   -1.060342e+002 5.788923e+001 1.500001e+000
    endloop
  endfacet
  facet normal -9.262092e-001 -3.770100e-001 3.117995e-007
    outer loop
      vertex   -1.060342e+002 5.788923e+001 1.500001e+000
      vertex   -1.061711e+002 5.822544e+001 3.000001e+000
      vertex   -1.061710e+002 5.822542e+001 1.500001e+000
    endloop
  endfacet
  facet normal -9.423956e-001 -3.345005e-001 3.115917e-007
    outer loop
      vertex   -1.061711e+002 5.822544e+001 1.000000e-006
      vertex   -1.061710e+002 5.822542e+001 1.500001e+000
      vertex   -1.062925e+002 5.856751e+001 1.500001e+000
    endloop
  endfacet
  facet normal -9.566111e-001 -2.913672e-001 6.730776e-004
    outer loop
      vertex   -1.063085e+002 5.861684e+001 1.000000e-006
      vertex   -1.062925e+002 5.856751e+001 1.500001e+000
      vertex   -1.063982e+002 5.891477e+001 1.500001e+000
    endloop
  endfacet
  facet normal -9.688596e-001 -2.476081e-001 1.123193e-003
    outer loop
      vertex   -1.064255e+002 5.901484e+001 1.000000e-006
      vertex   -1.063982e+002 5.891477e+001 1.500001e+000
      vertex   -1.064881e+002 5.926647e+001 1.500001e+000
    endloop
  endfacet
  facet normal -9.791299e-001 -2.032309e-001 1.351523e-003
    outer loop
      vertex   -1.065217e+002 5.941838e+001 1.000000e-006
      vertex   -1.064881e+002 5.926647e+001 1.500001e+000
      vertex   -1.065619e+002 5.962190e+001 1.500001e+000
    endloop
  endfacet
  facet normal -9.873662e-001 -1.584491e-001 1.347340e-003
    outer loop
      vertex   -1.065968e+002 5.982638e+001 1.000000e-006
      vertex   -1.065619e+002 5.962190e+001 1.500001e+000
      vertex   -1.066194e+002 5.998031e+001 1.500001e+000
    endloop
  endfacet
  facet normal -9.935436e-001 -1.134454e-001 1.121225e-003
    outer loop
      vertex   -1.066505e+002 6.023773e+001 1.000000e-006
      vertex   -1.066194e+002 5.998031e+001 1.500001e+000
      vertex   -1.066606e+002 6.034097e+001 1.500001e+000
    endloop
  endfacet
  facet normal -9.976697e-001 -6.822612e-002 6.733443e-004
    outer loop
      vertex   -1.066828e+002 6.065131e+001 1.000000e-006
      vertex   -1.066606e+002 6.034097e+001 1.500001e+000
      vertex   -1.066854e+002 6.070312e+001 1.500001e+000
    endloop
  endfacet
  facet normal -9.997403e-001 -2.279024e-002 5.218450e-010
    outer loop
      vertex   -1.066936e+002 6.106601e+001 1.000000e-006
      vertex   -1.066854e+002 6.070312e+001 1.500001e+000
      vertex   -1.066936e+002 6.106601e+001 1.500001e+000
    endloop
  endfacet
  facet normal -9.997403e-001 2.279031e-002 5.218655e-010
    outer loop
      vertex   -1.066854e+002 6.142891e+001 1.500001e+000
      vertex   -1.066936e+002 6.106601e+001 1.500001e+000
      vertex   -1.066936e+002 6.106601e+001 3.000001e+000
    endloop
  endfacet
  facet normal -9.996606e-001 2.604123e-002 7.869382e-004
    outer loop
      vertex   -1.066828e+002 6.148072e+001 3.000001e+000
      vertex   -1.066854e+002 6.142891e+001 1.500001e+000
      vertex   -1.066936e+002 6.106601e+001 3.000001e+000
    endloop
  endfacet
  facet normal -9.976697e-001 6.822617e-002 -6.733430e-004
    outer loop
      vertex   -1.066828e+002 6.148072e+001 3.000001e+000
      vertex   -1.066606e+002 6.179106e+001 1.500001e+000
      vertex   -1.066854e+002 6.142891e+001 1.500001e+000
    endloop
  endfacet
  facet normal -9.969576e-001 7.793429e-002 1.345789e-003
    outer loop
      vertex   -1.066828e+002 6.148072e+001 3.000001e+000
      vertex   -1.066505e+002 6.189430e+001 3.000001e+000
      vertex   -1.066606e+002 6.179106e+001 1.500001e+000
    endloop
  endfacet
  facet normal -9.935436e-001 1.134454e-001 -1.121224e-003
    outer loop
      vertex   -1.066606e+002 6.179106e+001 1.500001e+000
      vertex   -1.066505e+002 6.189430e+001 3.000001e+000
      vertex   -1.066194e+002 6.215172e+001 1.500001e+000
    endloop
  endfacet
  facet normal -9.915722e-001 1.295442e-001 -1.682385e-003
    outer loop
      vertex   -1.066505e+002 6.189430e+001 1.000000e-006
      vertex   -1.066194e+002 6.215172e+001 1.500001e+000
      vertex   -1.065968e+002 6.230565e+001 1.000000e-006
    endloop
  endfacet
  facet normal -9.935436e-001 1.134454e-001 1.121224e-003
    outer loop
      vertex   -1.066505e+002 6.189430e+001 1.000000e-006
      vertex   -1.066606e+002 6.179106e+001 1.500001e+000
      vertex   -1.066194e+002 6.215172e+001 1.500001e+000
    endloop
  endfacet
  facet normal -9.969576e-001 7.793428e-002 -1.345789e-003
    outer loop
      vertex   -1.066505e+002 6.189430e+001 1.000000e-006
      vertex   -1.066828e+002 6.148072e+001 1.000000e-006
      vertex   -1.066606e+002 6.179106e+001 1.500001e+000
    endloop
  endfacet
  facet normal -9.976697e-001 6.822617e-002 6.733427e-004
    outer loop
      vertex   -1.066606e+002 6.179106e+001 1.500001e+000
      vertex   -1.066828e+002 6.148072e+001 1.000000e-006
      vertex   -1.066854e+002 6.142891e+001 1.500001e+000
    endloop
  endfacet
  facet normal -9.996606e-001 2.604122e-002 -7.869379e-004
    outer loop
      vertex   -1.066854e+002 6.142891e+001 1.500001e+000
      vertex   -1.066828e+002 6.148072e+001 1.000000e-006
      vertex   -1.066936e+002 6.106601e+001 1.000000e-006
    endloop
  endfacet
  facet normal -9.997403e-001 2.279031e-002 -5.218655e-010
    outer loop
      vertex   -1.066936e+002 6.106601e+001 1.500001e+000
      vertex   -1.066854e+002 6.142891e+001 1.500001e+000
      vertex   -1.066936e+002 6.106601e+001 1.000000e-006
    endloop
  endfacet
  facet normal -9.423956e-001 -3.345005e-001 -3.112224e-007
    outer loop
      vertex   -1.061710e+002 5.822542e+001 1.500001e+000
      vertex   -1.061711e+002 5.822544e+001 3.000001e+000
      vertex   -1.062925e+002 5.856751e+001 1.500001e+000
    endloop
  endfacet
  facet normal -9.434765e-001 -3.314385e-001 7.854615e-004
    outer loop
      vertex   -1.062925e+002 5.856751e+001 1.500001e+000
      vertex   -1.061711e+002 5.822544e+001 3.000001e+000
      vertex   -1.063085e+002 5.861684e+001 3.000001e+000
    endloop
  endfacet
  facet normal -9.594015e-001 -2.820406e-001 1.346219e-003
    outer loop
      vertex   -1.063982e+002 5.891477e+001 1.500001e+000
      vertex   -1.063085e+002 5.861684e+001 3.000001e+000
      vertex   -1.064255e+002 5.901484e+001 3.000001e+000
    endloop
  endfacet
  facet normal -9.727561e-001 -2.318246e-001 1.687071e-003
    outer loop
      vertex   -1.064881e+002 5.926647e+001 1.500001e+000
      vertex   -1.064255e+002 5.901484e+001 3.000001e+000
      vertex   -1.065217e+002 5.941838e+001 3.000001e+000
    endloop
  endfacet
  facet normal -9.835050e-001 -1.808722e-001 1.799200e-003
    outer loop
      vertex   -1.065619e+002 5.962190e+001 1.500001e+000
      vertex   -1.065217e+002 5.941838e+001 3.000001e+000
      vertex   -1.065968e+002 5.982638e+001 3.000001e+000
    endloop
  endfacet
  facet normal -9.915722e-001 -1.295442e-001 1.682388e-003
    outer loop
      vertex   -1.066194e+002 5.998031e+001 1.500001e+000
      vertex   -1.065968e+002 5.982638e+001 3.000001e+000
      vertex   -1.066505e+002 6.023773e+001 3.000001e+000
    endloop
  endfacet
  facet normal -9.969576e-001 -7.793425e-002 1.345791e-003
    outer loop
      vertex   -1.066606e+002 6.034097e+001 1.500001e+000
      vertex   -1.066505e+002 6.023773e+001 3.000001e+000
      vertex   -1.066828e+002 6.065131e+001 3.000001e+000
    endloop
  endfacet
  facet normal -9.996606e-001 -2.604117e-002 7.869393e-004
    outer loop
      vertex   -1.066854e+002 6.070312e+001 1.500001e+000
      vertex   -1.066828e+002 6.065131e+001 3.000001e+000
      vertex   -1.066936e+002 6.106601e+001 3.000001e+000
    endloop
  endfacet
  facet normal -9.997403e-001 -2.279024e-002 -5.218450e-010
    outer loop
      vertex   -1.066936e+002 6.106601e+001 1.500001e+000
      vertex   -1.066854e+002 6.070312e+001 1.500001e+000
      vertex   -1.066936e+002 6.106601e+001 3.000001e+000
    endloop
  endfacet
  facet normal -9.566111e-001 -2.913672e-001 -6.730775e-004
    outer loop
      vertex   -1.062925e+002 5.856751e+001 1.500001e+000
      vertex   -1.063085e+002 5.861684e+001 3.000001e+000
      vertex   -1.063982e+002 5.891477e+001 1.500001e+000
    endloop
  endfacet
  facet normal -9.688596e-001 -2.476081e-001 -1.123193e-003
    outer loop
      vertex   -1.063982e+002 5.891477e+001 1.500001e+000
      vertex   -1.064255e+002 5.901484e+001 3.000001e+000
      vertex   -1.064881e+002 5.926647e+001 1.500001e+000
    endloop
  endfacet
  facet normal -9.791299e-001 -2.032309e-001 -1.351523e-003
    outer loop
      vertex   -1.064881e+002 5.926647e+001 1.500001e+000
      vertex   -1.065217e+002 5.941838e+001 3.000001e+000
      vertex   -1.065619e+002 5.962190e+001 1.500001e+000
    endloop
  endfacet
  facet normal -9.873662e-001 -1.584491e-001 -1.347340e-003
    outer loop
      vertex   -1.065619e+002 5.962190e+001 1.500001e+000
      vertex   -1.065968e+002 5.982638e+001 3.000001e+000
      vertex   -1.066194e+002 5.998031e+001 1.500001e+000
    endloop
  endfacet
  facet normal -9.935436e-001 -1.134454e-001 -1.121225e-003
    outer loop
      vertex   -1.066194e+002 5.998031e+001 1.500001e+000
      vertex   -1.066505e+002 6.023773e+001 3.000001e+000
      vertex   -1.066606e+002 6.034097e+001 1.500001e+000
    endloop
  endfacet
  facet normal -9.976697e-001 -6.822612e-002 -6.733441e-004
    outer loop
      vertex   -1.066606e+002 6.034097e+001 1.500001e+000
      vertex   -1.066828e+002 6.065131e+001 3.000001e+000
      vertex   -1.066854e+002 6.070312e+001 1.500001e+000
    endloop
  endfacet
  facet normal -9.915722e-001 1.295442e-001 1.682385e-003
    outer loop
      vertex   -1.066505e+002 6.189430e+001 3.000001e+000
      vertex   -1.065968e+002 6.230565e+001 3.000001e+000
      vertex   -1.066194e+002 6.215172e+001 1.500001e+000
    endloop
  endfacet
  facet normal -9.873662e-001 1.584491e-001 -1.347338e-003
    outer loop
      vertex   -1.066194e+002 6.215172e+001 1.500001e+000
      vertex   -1.065968e+002 6.230565e+001 3.000001e+000
      vertex   -1.065619e+002 6.251013e+001 1.500001e+000
    endloop
  endfacet
  facet normal -9.835050e-001 1.808721e-001 -1.799197e-003
    outer loop
      vertex   -1.065968e+002 6.230565e+001 1.000000e-006
      vertex   -1.065619e+002 6.251013e+001 1.500001e+000
      vertex   -1.065217e+002 6.271365e+001 1.000000e-006
    endloop
  endfacet
  facet normal -9.873662e-001 1.584491e-001 1.347338e-003
    outer loop
      vertex   -1.065968e+002 6.230565e+001 1.000000e-006
      vertex   -1.066194e+002 6.215172e+001 1.500001e+000
      vertex   -1.065619e+002 6.251013e+001 1.500001e+000
    endloop
  endfacet
  facet normal -9.835050e-001 1.808721e-001 1.799197e-003
    outer loop
      vertex   -1.065968e+002 6.230565e+001 3.000001e+000
      vertex   -1.065217e+002 6.271365e+001 3.000001e+000
      vertex   -1.065619e+002 6.251013e+001 1.500001e+000
    endloop
  endfacet
  facet normal -9.791299e-001 2.032308e-001 -1.351521e-003
    outer loop
      vertex   -1.065619e+002 6.251013e+001 1.500001e+000
      vertex   -1.065217e+002 6.271365e+001 3.000001e+000
      vertex   -1.064881e+002 6.286556e+001 1.500001e+000
    endloop
  endfacet
  facet normal -9.727562e-001 2.318244e-001 -1.687070e-003
    outer loop
      vertex   -1.065217e+002 6.271365e+001 1.000000e-006
      vertex   -1.064881e+002 6.286556e+001 1.500001e+000
      vertex   -1.064255e+002 6.311719e+001 1.000000e-006
    endloop
  endfacet
  facet normal -9.791299e-001 2.032308e-001 1.351521e-003
    outer loop
      vertex   -1.065217e+002 6.271365e+001 1.000000e-006
      vertex   -1.065619e+002 6.251013e+001 1.500001e+000
      vertex   -1.064881e+002 6.286556e+001 1.500001e+000
    endloop
  endfacet
  facet normal -9.727562e-001 2.318244e-001 1.687070e-003
    outer loop
      vertex   -1.065217e+002 6.271365e+001 3.000001e+000
      vertex   -1.064255e+002 6.311719e+001 3.000001e+000
      vertex   -1.064881e+002 6.286556e+001 1.500001e+000
    endloop
  endfacet
  facet normal -9.688597e-001 2.476079e-001 -1.123192e-003
    outer loop
      vertex   -1.064881e+002 6.286556e+001 1.500001e+000
      vertex   -1.064255e+002 6.311719e+001 3.000001e+000
      vertex   -1.063982e+002 6.321726e+001 1.500001e+000
    endloop
  endfacet
  facet normal -9.594016e-001 2.820404e-001 -1.346219e-003
    outer loop
      vertex   -1.064255e+002 6.311719e+001 1.000000e-006
      vertex   -1.063982e+002 6.321726e+001 1.500001e+000
      vertex   -1.063085e+002 6.351519e+001 1.000000e-006
    endloop
  endfacet
  facet normal -9.688597e-001 2.476079e-001 1.123192e-003
    outer loop
      vertex   -1.064255e+002 6.311719e+001 1.000000e-006
      vertex   -1.064881e+002 6.286556e+001 1.500001e+000
      vertex   -1.063982e+002 6.321726e+001 1.500001e+000
    endloop
  endfacet
  facet normal -9.594016e-001 2.820404e-001 1.346219e-003
    outer loop
      vertex   -1.064255e+002 6.311719e+001 3.000001e+000
      vertex   -1.063085e+002 6.351519e+001 3.000001e+000
      vertex   -1.063982e+002 6.321726e+001 1.500001e+000
    endloop
  endfacet
  facet normal -9.566111e-001 2.913670e-001 -6.730754e-004
    outer loop
      vertex   -1.063982e+002 6.321726e+001 1.500001e+000
      vertex   -1.063085e+002 6.351519e+001 3.000001e+000
      vertex   -1.062925e+002 6.356452e+001 1.500001e+000
    endloop
  endfacet
  facet normal -9.434765e-001 3.314384e-001 -7.854598e-004
    outer loop
      vertex   -1.063085e+002 6.351519e+001 1.000000e-006
      vertex   -1.062925e+002 6.356452e+001 1.500001e+000
      vertex   -1.061711e+002 6.390659e+001 1.000000e-006
    endloop
  endfacet
  facet normal -9.566111e-001 2.913670e-001 6.730755e-004
    outer loop
      vertex   -1.063085e+002 6.351519e+001 1.000000e-006
      vertex   -1.063982e+002 6.321726e+001 1.500001e+000
      vertex   -1.062925e+002 6.356452e+001 1.500001e+000
    endloop
  endfacet
  facet normal -9.434765e-001 3.314384e-001 7.854598e-004
    outer loop
      vertex   -1.063085e+002 6.351519e+001 3.000001e+000
      vertex   -1.061711e+002 6.390659e+001 3.000001e+000
      vertex   -1.062925e+002 6.356452e+001 1.500001e+000
    endloop
  endfacet
  facet normal -9.423956e-001 3.345004e-001 -3.057088e-007
    outer loop
      vertex   -1.062925e+002 6.356452e+001 1.500001e+000
      vertex   -1.061711e+002 6.390659e+001 3.000001e+000
      vertex   -1.061710e+002 6.390661e+001 1.500001e+000
    endloop
  endfacet
  facet normal -9.262092e-001 3.770099e-001 -3.066453e-007
    outer loop
      vertex   -1.061711e+002 6.390659e+001 1.000000e-006
      vertex   -1.061710e+002 6.390661e+001 1.500001e+000
      vertex   -1.060342e+002 6.424280e+001 1.500001e+000
    endloop
  endfacet
  facet normal -9.080568e-001 4.188465e-001 6.759585e-004
    outer loop
      vertex   -1.060134e+002 6.429031e+001 1.000000e-006
      vertex   -1.060342e+002 6.424280e+001 1.500001e+000
      vertex   -1.058822e+002 6.457239e+001 1.500001e+000
    endloop
  endfacet
  facet normal -8.880601e-001 4.597260e-001 1.122299e-003
    outer loop
      vertex   -1.058360e+002 6.466529e+001 1.000000e-006
      vertex   -1.058822e+002 6.457239e+001 1.500001e+000
      vertex   -1.057153e+002 6.489473e+001 1.500001e+000
    endloop
  endfacet
  facet normal -8.662874e-001 4.995441e-001 1.343999e-003
    outer loop
      vertex   -1.056393e+002 6.503055e+001 1.000000e-006
      vertex   -1.057153e+002 6.489473e+001 1.500001e+000
      vertex   -1.055340e+002 6.520918e+001 1.500001e+000
    endloop
  endfacet
  facet normal -8.427517e-001 5.383008e-001 1.344046e-003
    outer loop
      vertex   -1.054240e+002 6.538513e+001 1.000000e-006
      vertex   -1.055340e+002 6.520918e+001 1.500001e+000
      vertex   -1.053386e+002 6.551512e+001 1.500001e+000
    endloop
  endfacet
  facet normal -8.174554e-001 5.759908e-001 1.122684e-003
    outer loop
      vertex   -1.051906e+002 6.572808e+001 1.000000e-006
      vertex   -1.053386e+002 6.551512e+001 1.500001e+000
      vertex   -1.051294e+002 6.581191e+001 1.500001e+000
    endloop
  endfacet
  facet normal -7.904358e-001 6.125445e-001 6.749977e-004
    outer loop
      vertex   -1.049397e+002 6.605846e+001 1.000000e-006
      vertex   -1.051294e+002 6.581191e+001 1.500001e+000
      vertex   -1.049070e+002 6.609891e+001 1.500001e+000
    endloop
  endfacet
  facet normal -7.617572e-001 6.478626e-001 2.865627e-006
    outer loop
      vertex   -1.046719e+002 6.637535e+001 1.000000e-006
      vertex   -1.049070e+002 6.609891e+001 1.500001e+000
      vertex   -1.046718e+002 6.637549e+001 1.500001e+000
    endloop
  endfacet
  facet normal -7.314042e-001 6.819442e-001 2.875026e-006
    outer loop
      vertex   -1.044243e+002 6.664100e+001 1.500001e+000
      vertex   -1.046718e+002 6.637549e+001 1.500001e+000
      vertex   -1.046719e+002 6.637535e+001 3.000001e+000
    endloop
  endfacet
  facet normal -7.291848e-001 6.843164e-001 7.894205e-004
    outer loop
      vertex   -1.043880e+002 6.667785e+001 3.000001e+000
      vertex   -1.044243e+002 6.664100e+001 1.500001e+000
      vertex   -1.046719e+002 6.637535e+001 3.000001e+000
    endloop
  endfacet
  facet normal -6.993425e-001 7.147864e-001 -6.797578e-004
    outer loop
      vertex   -1.043880e+002 6.667785e+001 3.000001e+000
      vertex   -1.041649e+002 6.689477e+001 1.500001e+000
      vertex   -1.044243e+002 6.664100e+001 1.500001e+000
    endloop
  endfacet
  facet normal -6.922506e-001 7.216559e-001 1.368757e-003
    outer loop
      vertex   -1.043880e+002 6.667785e+001 3.000001e+000
      vertex   -1.040887e+002 6.696503e+001 3.000001e+000
      vertex   -1.041649e+002 6.689477e+001 1.500001e+000
    endloop
  endfacet
  facet normal -6.655922e-001 7.463147e-001 -1.140706e-003
    outer loop
      vertex   -1.041649e+002 6.689477e+001 1.500001e+000
      vertex   -1.040887e+002 6.696503e+001 3.000001e+000
      vertex   -1.038942e+002 6.713620e+001 1.500001e+000
    endloop
  endfacet
  facet normal -6.532307e-001 7.571570e-001 -1.699353e-003
    outer loop
      vertex   -1.040887e+002 6.696503e+001 1.000000e-006
      vertex   -1.038942e+002 6.713620e+001 1.500001e+000
      vertex   -1.037746e+002 6.723598e+001 1.000000e-006
    endloop
  endfacet
  facet normal -6.655922e-001 7.463147e-001 1.140706e-003
    outer loop
      vertex   -1.040887e+002 6.696503e+001 1.000000e-006
      vertex   -1.041649e+002 6.689477e+001 1.500001e+000
      vertex   -1.038942e+002 6.713620e+001 1.500001e+000
    endloop
  endfacet
  facet normal -6.922506e-001 7.216559e-001 -1.368757e-003
    outer loop
      vertex   -1.040887e+002 6.696503e+001 1.000000e-006
      vertex   -1.043880e+002 6.667785e+001 1.000000e-006
      vertex   -1.041649e+002 6.689477e+001 1.500001e+000
    endloop
  endfacet
  facet normal -6.993425e-001 7.147864e-001 6.797565e-004
    outer loop
      vertex   -1.041649e+002 6.689477e+001 1.500001e+000
      vertex   -1.043880e+002 6.667785e+001 1.000000e-006
      vertex   -1.044243e+002 6.664100e+001 1.500001e+000
    endloop
  endfacet
  facet normal -7.291848e-001 6.843164e-001 -7.894189e-004
    outer loop
      vertex   -1.044243e+002 6.664100e+001 1.500001e+000
      vertex   -1.043880e+002 6.667785e+001 1.000000e-006
      vertex   -1.046719e+002 6.637535e+001 1.000000e-006
    endloop
  endfacet
  facet normal -7.314042e-001 6.819442e-001 -2.876845e-006
    outer loop
      vertex   -1.046718e+002 6.637549e+001 1.500001e+000
      vertex   -1.044243e+002 6.664100e+001 1.500001e+000
      vertex   -1.046719e+002 6.637535e+001 1.000000e-006
    endloop
  endfacet
  facet normal -9.262092e-001 3.770099e-001 3.062752e-007
    outer loop
      vertex   -1.061710e+002 6.390661e+001 1.500001e+000
      vertex   -1.061711e+002 6.390659e+001 3.000001e+000
      vertex   -1.060342e+002 6.424280e+001 1.500001e+000
    endloop
  endfacet
  facet normal -9.249767e-001 3.800231e-001 7.881445e-004
    outer loop
      vertex   -1.060342e+002 6.424280e+001 1.500001e+000
      vertex   -1.061711e+002 6.390659e+001 3.000001e+000
      vertex   -1.060134e+002 6.429031e+001 3.000001e+000
    endloop
  endfacet
  facet normal -9.039220e-001 4.276952e-001 1.349859e-003
    outer loop
      vertex   -1.058822e+002 6.457239e+001 1.500001e+000
      vertex   -1.060134e+002 6.429031e+001 3.000001e+000
      vertex   -1.058360e+002 6.466529e+001 3.000001e+000
    endloop
  endfacet
  facet normal -8.804842e-001 4.740725e-001 1.681614e-003
    outer loop
      vertex   -1.057153e+002 6.489473e+001 1.500001e+000
      vertex   -1.058360e+002 6.466529e+001 3.000001e+000
      vertex   -1.056393e+002 6.503055e+001 3.000001e+000
    endloop
  endfacet
  facet normal -8.547351e-001 5.190614e-001 1.791497e-003
    outer loop
      vertex   -1.055340e+002 6.520918e+001 1.500001e+000
      vertex   -1.056393e+002 6.503055e+001 3.000001e+000
      vertex   -1.054240e+002 6.538513e+001 3.000001e+000
    endloop
  endfacet
  facet normal -8.266885e-001 5.626573e-001 1.681312e-003
    outer loop
      vertex   -1.053386e+002 6.551512e+001 1.500001e+000
      vertex   -1.054240e+002 6.538513e+001 3.000001e+000
      vertex   -1.051906e+002 6.572808e+001 3.000001e+000
    endloop
  endfacet
  facet normal -7.963692e-001 6.048093e-001 1.347130e-003
    outer loop
      vertex   -1.051294e+002 6.581191e+001 1.500001e+000
      vertex   -1.051906e+002 6.572808e+001 3.000001e+000
      vertex   -1.049397e+002 6.605846e+001 3.000001e+000
    endloop
  endfacet
  facet normal -7.638714e-001 6.453680e-001 7.882384e-004
    outer loop
      vertex   -1.049070e+002 6.609891e+001 1.500001e+000
      vertex   -1.049397e+002 6.605846e+001 3.000001e+000
      vertex   -1.046719e+002 6.637535e+001 3.000001e+000
    endloop
  endfacet
  facet normal -7.617572e-001 6.478626e-001 -2.863817e-006
    outer loop
      vertex   -1.046718e+002 6.637549e+001 1.500001e+000
      vertex   -1.049070e+002 6.609891e+001 1.500001e+000
      vertex   -1.046719e+002 6.637535e+001 3.000001e+000
    endloop
  endfacet
  facet normal -9.080568e-001 4.188465e-001 -6.759585e-004
    outer loop
      vertex   -1.060342e+002 6.424280e+001 1.500001e+000
      vertex   -1.060134e+002 6.429031e+001 3.000001e+000
      vertex   -1.058822e+002 6.457239e+001 1.500001e+000
    endloop
  endfacet
  facet normal -8.880601e-001 4.597260e-001 -1.122299e-003
    outer loop
      vertex   -1.058822e+002 6.457239e+001 1.500001e+000
      vertex   -1.058360e+002 6.466529e+001 3.000001e+000
      vertex   -1.057153e+002 6.489473e+001 1.500001e+000
    endloop
  endfacet
  facet normal -8.662874e-001 4.995441e-001 -1.343999e-003
    outer loop
      vertex   -1.057153e+002 6.489473e+001 1.500001e+000
      vertex   -1.056393e+002 6.503055e+001 3.000001e+000
      vertex   -1.055340e+002 6.520918e+001 1.500001e+000
    endloop
  endfacet
  facet normal -8.427517e-001 5.383008e-001 -1.344046e-003
    outer loop
      vertex   -1.055340e+002 6.520918e+001 1.500001e+000
      vertex   -1.054240e+002 6.538513e+001 3.000001e+000
      vertex   -1.053386e+002 6.551512e+001 1.500001e+000
    endloop
  endfacet
  facet normal -8.174554e-001 5.759908e-001 -1.122684e-003
    outer loop
      vertex   -1.053386e+002 6.551512e+001 1.500001e+000
      vertex   -1.051906e+002 6.572808e+001 3.000001e+000
      vertex   -1.051294e+002 6.581191e+001 1.500001e+000
    endloop
  endfacet
  facet normal -7.904358e-001 6.125445e-001 -6.749971e-004
    outer loop
      vertex   -1.051294e+002 6.581191e+001 1.500001e+000
      vertex   -1.049397e+002 6.605846e+001 3.000001e+000
      vertex   -1.049070e+002 6.609891e+001 1.500001e+000
    endloop
  endfacet
  facet normal -6.532307e-001 7.571570e-001 1.699352e-003
    outer loop
      vertex   -1.040887e+002 6.696503e+001 3.000001e+000
      vertex   -1.037746e+002 6.723598e+001 3.000001e+000
      vertex   -1.038942e+002 6.713620e+001 1.500001e+000
    endloop
  endfacet
  facet normal -6.307675e-001 7.759707e-001 -1.342600e-003
    outer loop
      vertex   -1.038942e+002 6.713620e+001 1.500001e+000
      vertex   -1.037746e+002 6.723598e+001 3.000001e+000
      vertex   -1.036127e+002 6.736498e+001 1.500001e+000
    endloop
  endfacet
  facet normal -6.130862e-001 7.900140e-001 -1.773377e-003
    outer loop
      vertex   -1.037746e+002 6.723598e+001 1.000000e-006
      vertex   -1.036127e+002 6.736498e+001 1.500001e+000
      vertex   -1.034469e+002 6.749028e+001 1.000000e-006
    endloop
  endfacet
  facet normal -6.307675e-001 7.759707e-001 1.342600e-003
    outer loop
      vertex   -1.037746e+002 6.723598e+001 1.000000e-006
      vertex   -1.038942e+002 6.713620e+001 1.500001e+000
      vertex   -1.036127e+002 6.736498e+001 1.500001e+000
    endloop
  endfacet
  facet normal -6.130862e-001 7.900140e-001 1.773377e-003
    outer loop
      vertex   -1.037746e+002 6.723598e+001 3.000001e+000
      vertex   -1.034469e+002 6.749028e+001 3.000001e+000
      vertex   -1.036127e+002 6.736498e+001 1.500001e+000
    endloop
  endfacet
  facet normal -5.953273e-001 8.034822e-001 -1.314673e-003
    outer loop
      vertex   -1.036127e+002 6.736498e+001 1.500001e+000
      vertex   -1.034469e+002 6.749028e+001 3.000001e+000
      vertex   -1.033212e+002 6.758099e+001 1.500001e+000
    endloop
  endfacet
  facet normal -5.722347e-001 8.200883e-001 -1.625327e-003
    outer loop
      vertex   -1.034469e+002 6.749028e+001 1.000000e-006
      vertex   -1.033212e+002 6.758099e+001 1.500001e+000
      vertex   -1.031067e+002 6.772766e+001 1.000000e-006
    endloop
  endfacet
  facet normal -5.953273e-001 8.034822e-001 1.314672e-003
    outer loop
      vertex   -1.034469e+002 6.749028e+001 1.000000e-006
      vertex   -1.036127e+002 6.736498e+001 1.500001e+000
      vertex   -1.033212e+002 6.758099e+001 1.500001e+000
    endloop
  endfacet
  facet normal -5.722347e-001 8.200883e-001 1.625328e-003
    outer loop
      vertex   -1.034469e+002 6.749028e+001 3.000001e+000
      vertex   -1.031067e+002 6.772766e+001 3.000001e+000
      vertex   -1.033212e+002 6.758099e+001 1.500001e+000
    endloop
  endfacet
  facet normal -5.593897e-001 8.289041e-001 -1.073203e-003
    outer loop
      vertex   -1.033212e+002 6.758099e+001 1.500001e+000
      vertex   -1.031067e+002 6.772766e+001 3.000001e+000
      vertex   -1.030202e+002 6.778412e+001 1.500001e+000
    endloop
  endfacet
  facet normal -5.308493e-001 8.474653e-001 -1.271860e-003
    outer loop
      vertex   -1.031067e+002 6.772766e+001 1.000000e-006
      vertex   -1.030202e+002 6.778412e+001 1.500001e+000
      vertex   -1.027552e+002 6.794788e+001 1.000000e-006
    endloop
  endfacet
  facet normal -5.593897e-001 8.289041e-001 1.073202e-003
    outer loop
      vertex   -1.031067e+002 6.772766e+001 1.000000e-006
      vertex   -1.033212e+002 6.758099e+001 1.500001e+000
      vertex   -1.030202e+002 6.778412e+001 1.500001e+000
    endloop
  endfacet
  facet normal -5.308493e-001 8.474653e-001 1.271861e-003
    outer loop
      vertex   -1.031067e+002 6.772766e+001 3.000001e+000
      vertex   -1.027552e+002 6.794788e+001 3.000001e+000
      vertex   -1.030202e+002 6.778412e+001 1.500001e+000
    endloop
  endfacet
  facet normal -5.230473e-001 8.523034e-001 -6.348596e-004
    outer loop
      vertex   -1.030202e+002 6.778412e+001 1.500001e+000
      vertex   -1.027552e+002 6.794788e+001 3.000001e+000
      vertex   -1.027104e+002 6.797424e+001 1.500001e+000
    endloop
  endfacet
  facet normal -4.883760e-001 8.726330e-001 -7.572599e-004
    outer loop
      vertex   -1.027552e+002 6.794788e+001 1.000000e-006
      vertex   -1.027104e+002 6.797424e+001 1.500001e+000
      vertex   -1.023929e+002 6.815060e+001 1.000000e-006
    endloop
  endfacet
  facet normal -5.230473e-001 8.523034e-001 6.348596e-004
    outer loop
      vertex   -1.027552e+002 6.794788e+001 1.000000e-006
      vertex   -1.030202e+002 6.778412e+001 1.500001e+000
      vertex   -1.027104e+002 6.797424e+001 1.500001e+000
    endloop
  endfacet
  facet normal -4.883760e-001 8.726330e-001 7.572616e-004
    outer loop
      vertex   -1.027552e+002 6.794788e+001 3.000001e+000
      vertex   -1.023929e+002 6.815060e+001 3.000001e+000
      vertex   -1.027104e+002 6.797424e+001 1.500001e+000
    endloop
  endfacet
  facet normal -4.856112e-001 8.741749e-001 -9.165052e-006
    outer loop
      vertex   -1.027104e+002 6.797424e+001 1.500001e+000
      vertex   -1.023929e+002 6.815060e+001 3.000001e+000
      vertex   -1.023924e+002 6.815089e+001 1.500001e+000
    endloop
  endfacet
  facet normal -4.541404e-001 8.909301e-001 -5.417468e-006
    outer loop
      vertex   -1.023929e+002 6.815060e+001 1.000000e-006
      vertex   -1.023924e+002 6.815089e+001 1.500001e+000
      vertex   -1.022080e+002 6.824488e+001 1.000000e-006
    endloop
  endfacet
  facet normal -4.856112e-001 8.741749e-001 9.177574e-006
    outer loop
      vertex   -1.023929e+002 6.815060e+001 1.000000e-006
      vertex   -1.027104e+002 6.797424e+001 1.500001e+000
      vertex   -1.023924e+002 6.815089e+001 1.500001e+000
    endloop
  endfacet
  facet normal -4.541403e-001 8.909302e-001 5.410093e-006
    outer loop
      vertex   -1.023929e+002 6.815060e+001 3.000001e+000
      vertex   -1.022080e+002 6.824488e+001 3.000001e+000
      vertex   -1.023924e+002 6.815089e+001 1.500001e+000
    endloop
  endfacet
  facet normal -4.449507e-001 8.955539e-001 -1.414064e-003
    outer loop
      vertex   -1.023924e+002 6.815089e+001 1.500001e+000
      vertex   -1.022080e+002 6.824488e+001 3.000001e+000
      vertex   -1.020668e+002 6.831268e+001 1.500001e+000
    endloop
  endfacet
  facet normal -4.297036e-001 9.029699e-001 -3.566386e-004
    outer loop
      vertex   -1.022080e+002 6.824488e+001 1.000000e-006
      vertex   -1.020668e+002 6.831268e+001 1.500001e+000
      vertex   -1.020206e+002 6.833405e+001 1.000000e-006
    endloop
  endfacet
  facet normal -4.449507e-001 8.955539e-001 1.414067e-003
    outer loop
      vertex   -1.022080e+002 6.824488e+001 1.000000e-006
      vertex   -1.023924e+002 6.815089e+001 1.500001e+000
      vertex   -1.020668e+002 6.831268e+001 1.500001e+000
    endloop
  endfacet
  facet normal -4.297034e-001 9.029700e-001 3.566457e-004
    outer loop
      vertex   -1.022080e+002 6.824488e+001 3.000001e+000
      vertex   -1.020206e+002 6.833405e+001 3.000001e+000
      vertex   -1.020668e+002 6.831268e+001 1.500001e+000
    endloop
  endfacet
  facet normal -4.039540e-001 9.147791e-001 -6.038433e-004
    outer loop
      vertex   -1.020668e+002 6.831268e+001 1.500001e+000
      vertex   -1.020206e+002 6.833405e+001 3.000001e+000
      vertex   -1.018308e+002 6.841785e+001 3.000001e+000
    endloop
  endfacet
  facet normal -3.768199e-001 9.262864e-001 5.198027e-004
    outer loop
      vertex   -1.017340e+002 6.845807e+001 1.500001e+000
      vertex   -1.018308e+002 6.841785e+001 3.000001e+000
      vertex   -1.016386e+002 6.849604e+001 3.000001e+000
    endloop
  endfacet
  facet normal -3.482398e-001 9.374052e-001 -6.897297e-004
    outer loop
      vertex   -1.013948e+002 6.858553e+001 1.500001e+000
      vertex   -1.016386e+002 6.849604e+001 3.000001e+000
      vertex   -1.014441e+002 6.856829e+001 3.000001e+000
    endloop
  endfacet
  facet normal -3.181666e-001 9.480347e-001 4.227686e-004
    outer loop
      vertex   -1.012475e+002 6.863429e+001 3.000001e+000
      vertex   -1.013948e+002 6.858553e+001 1.500001e+000
      vertex   -1.014441e+002 6.856829e+001 3.000001e+000
    endloop
  endfacet
  facet normal -2.989984e-001 9.542522e-001 -1.661323e-003
    outer loop
      vertex   -1.012475e+002 6.863429e+001 3.000001e+000
      vertex   -1.010495e+002 6.869371e+001 1.500001e+000
      vertex   -1.013948e+002 6.858553e+001 1.500001e+000
    endloop
  endfacet
  facet normal -2.874517e-001 9.577951e-001 3.105583e-006
    outer loop
      vertex   -1.012475e+002 6.863429e+001 3.000001e+000
      vertex   -1.010492e+002 6.869380e+001 3.000001e+000
      vertex   -1.010495e+002 6.869371e+001 1.500001e+000
    endloop
  endfacet
  facet normal -2.595894e-001 9.657191e-001 -2.829923e-006
    outer loop
      vertex   -1.010495e+002 6.869371e+001 1.500001e+000
      vertex   -1.010492e+002 6.869380e+001 3.000001e+000
      vertex   -1.008493e+002 6.874752e+001 3.000001e+000
    endloop
  endfacet
  facet normal -2.255436e-001 9.742321e-001 1.353499e-003
    outer loop
      vertex   -1.006992e+002 6.878437e+001 1.500001e+000
      vertex   -1.008493e+002 6.874752e+001 3.000001e+000
      vertex   -1.004460e+002 6.884090e+001 3.000001e+000
    endloop
  endfacet
  facet normal -1.933880e-001 9.811221e-001 6.705924e-004
    outer loop
      vertex   -1.003451e+002 6.886181e+001 1.500001e+000
      vertex   -1.004460e+002 6.884090e+001 3.000001e+000
      vertex   -1.000392e+002 6.892107e+001 3.000001e+000
    endloop
  endfacet
  facet normal -1.773016e-001 9.841566e-001 1.496512e-009
    outer loop
      vertex   -1.000392e+002 6.892107e+001 1.000000e-006
      vertex   -1.000392e+002 6.892107e+001 3.000001e+000
      vertex   -9.963058e+001 6.899469e+001 3.000001e+000
    endloop
  endfacet
  facet normal -1.773016e-001 9.841566e-001 0.000000e+000
    outer loop
      vertex   -9.963058e+001 6.899469e+001 1.000000e-006
      vertex   -1.000392e+002 6.892107e+001 1.000000e-006
      vertex   -9.963058e+001 6.899469e+001 3.000001e+000
    endloop
  endfacet
  facet normal -4.004148e-001 9.163331e-001 -1.269488e-003
    outer loop
      vertex   -1.020668e+002 6.831268e+001 1.500001e+000
      vertex   -1.018308e+002 6.841785e+001 3.000001e+000
      vertex   -1.017340e+002 6.845807e+001 1.500001e+000
    endloop
  endfacet
  facet normal -3.768201e-001 9.262863e-001 -5.198034e-004
    outer loop
      vertex   -1.018308e+002 6.841785e+001 1.000000e-006
      vertex   -1.017340e+002 6.845807e+001 1.500001e+000
      vertex   -1.016386e+002 6.849604e+001 1.000000e-006
    endloop
  endfacet
  facet normal -4.004148e-001 9.163331e-001 1.269499e-003
    outer loop
      vertex   -1.018308e+002 6.841785e+001 1.000000e-006
      vertex   -1.020668e+002 6.831268e+001 1.500001e+000
      vertex   -1.017340e+002 6.845807e+001 1.500001e+000
    endloop
  endfacet
  facet normal -4.039541e-001 9.147790e-001 6.038236e-004
    outer loop
      vertex   -1.018308e+002 6.841785e+001 1.000000e-006
      vertex   -1.020206e+002 6.833405e+001 1.000000e-006
      vertex   -1.020668e+002 6.831268e+001 1.500001e+000
    endloop
  endfacet
  facet normal -3.516887e-001 9.361161e-001 -1.327376e-003
    outer loop
      vertex   -1.017340e+002 6.845807e+001 1.500001e+000
      vertex   -1.016386e+002 6.849604e+001 3.000001e+000
      vertex   -1.013948e+002 6.858553e+001 1.500001e+000
    endloop
  endfacet
  facet normal -3.482399e-001 9.374052e-001 6.897434e-004
    outer loop
      vertex   -1.016386e+002 6.849604e+001 1.000000e-006
      vertex   -1.013948e+002 6.858553e+001 1.500001e+000
      vertex   -1.014441e+002 6.856829e+001 1.000000e-006
    endloop
  endfacet
  facet normal -3.516887e-001 9.361161e-001 1.327366e-003
    outer loop
      vertex   -1.016386e+002 6.849604e+001 1.000000e-006
      vertex   -1.017340e+002 6.845807e+001 1.500001e+000
      vertex   -1.013948e+002 6.858553e+001 1.500001e+000
    endloop
  endfacet
  facet normal -2.505269e-001 9.681088e-001 -1.297806e-003
    outer loop
      vertex   -1.010495e+002 6.869371e+001 1.500001e+000
      vertex   -1.008493e+002 6.874752e+001 3.000001e+000
      vertex   -1.006992e+002 6.878437e+001 1.500001e+000
    endloop
  endfacet
  facet normal -2.255434e-001 9.742322e-001 -1.353493e-003
    outer loop
      vertex   -1.008493e+002 6.874752e+001 1.000000e-006
      vertex   -1.006992e+002 6.878437e+001 1.500001e+000
      vertex   -1.004460e+002 6.884090e+001 1.000000e-006
    endloop
  endfacet
  facet normal -2.505269e-001 9.681088e-001 1.297803e-003
    outer loop
      vertex   -1.008493e+002 6.874752e+001 1.000000e-006
      vertex   -1.010495e+002 6.869371e+001 1.500001e+000
      vertex   -1.006992e+002 6.878437e+001 1.500001e+000
    endloop
  endfacet
  facet normal -2.595893e-001 9.657191e-001 2.837952e-006
    outer loop
      vertex   -1.008493e+002 6.874752e+001 1.000000e-006
      vertex   -1.010492e+002 6.869380e+001 1.000000e-006
      vertex   -1.010495e+002 6.869371e+001 1.500001e+000
    endloop
  endfacet
  facet normal -2.874516e-001 9.577952e-001 -3.114373e-006
    outer loop
      vertex   -1.010495e+002 6.869371e+001 1.500001e+000
      vertex   -1.010492e+002 6.869380e+001 1.000000e-006
      vertex   -1.012475e+002 6.863429e+001 1.000000e-006
    endloop
  endfacet
  facet normal -3.181667e-001 9.480347e-001 -4.227750e-004
    outer loop
      vertex   -1.013948e+002 6.858553e+001 1.500001e+000
      vertex   -1.012475e+002 6.863429e+001 1.000000e-006
      vertex   -1.014441e+002 6.856829e+001 1.000000e-006
    endloop
  endfacet
  facet normal -2.989984e-001 9.542522e-001 1.661323e-003
    outer loop
      vertex   -1.013948e+002 6.858553e+001 1.500001e+000
      vertex   -1.010495e+002 6.869371e+001 1.500001e+000
      vertex   -1.012475e+002 6.863429e+001 1.000000e-006
    endloop
  endfacet
  facet normal -2.136647e-001 9.769068e-001 -7.523170e-004
    outer loop
      vertex   -1.006992e+002 6.878437e+001 1.500001e+000
      vertex   -1.004460e+002 6.884090e+001 3.000001e+000
      vertex   -1.003451e+002 6.886181e+001 1.500001e+000
    endloop
  endfacet
  facet normal -1.933879e-001 9.811221e-001 -6.705826e-004
    outer loop
      vertex   -1.004460e+002 6.884090e+001 1.000000e-006
      vertex   -1.003451e+002 6.886181e+001 1.500001e+000
      vertex   -1.000392e+002 6.892107e+001 1.000000e-006
    endloop
  endfacet
  facet normal -2.136647e-001 9.769068e-001 7.523093e-004
    outer loop
      vertex   -1.004460e+002 6.884090e+001 1.000000e-006
      vertex   -1.006992e+002 6.878437e+001 1.500001e+000
      vertex   -1.003451e+002 6.886181e+001 1.500001e+000
    endloop
  endfacet
  facet normal -1.902192e-001 9.817416e-001 -2.111246e-009
    outer loop
      vertex   -1.003451e+002 6.886181e+001 1.500001e+000
      vertex   -1.000392e+002 6.892107e+001 3.000001e+000
      vertex   -1.000392e+002 6.892107e+001 1.000000e-006
    endloop
  endfacet
  facet normal -7.638714e-001 6.453680e-001 -7.882389e-004
    outer loop
      vertex   -1.046719e+002 6.637535e+001 1.000000e-006
      vertex   -1.049397e+002 6.605846e+001 1.000000e-006
      vertex   -1.049070e+002 6.609891e+001 1.500001e+000
    endloop
  endfacet
  facet normal -7.963692e-001 6.048093e-001 -1.347130e-003
    outer loop
      vertex   -1.049397e+002 6.605846e+001 1.000000e-006
      vertex   -1.051906e+002 6.572808e+001 1.000000e-006
      vertex   -1.051294e+002 6.581191e+001 1.500001e+000
    endloop
  endfacet
  facet normal -8.266885e-001 5.626573e-001 -1.681312e-003
    outer loop
      vertex   -1.051906e+002 6.572808e+001 1.000000e-006
      vertex   -1.054240e+002 6.538513e+001 1.000000e-006
      vertex   -1.053386e+002 6.551512e+001 1.500001e+000
    endloop
  endfacet
  facet normal -8.547351e-001 5.190614e-001 -1.791497e-003
    outer loop
      vertex   -1.054240e+002 6.538513e+001 1.000000e-006
      vertex   -1.056393e+002 6.503055e+001 1.000000e-006
      vertex   -1.055340e+002 6.520918e+001 1.500001e+000
    endloop
  endfacet
  facet normal -8.804842e-001 4.740725e-001 -1.681614e-003
    outer loop
      vertex   -1.056393e+002 6.503055e+001 1.000000e-006
      vertex   -1.058360e+002 6.466529e+001 1.000000e-006
      vertex   -1.057153e+002 6.489473e+001 1.500001e+000
    endloop
  endfacet
  facet normal -9.039220e-001 4.276952e-001 -1.349858e-003
    outer loop
      vertex   -1.058360e+002 6.466529e+001 1.000000e-006
      vertex   -1.060134e+002 6.429031e+001 1.000000e-006
      vertex   -1.058822e+002 6.457239e+001 1.500001e+000
    endloop
  endfacet
  facet normal -9.249767e-001 3.800231e-001 -7.881446e-004
    outer loop
      vertex   -1.060134e+002 6.429031e+001 1.000000e-006
      vertex   -1.061711e+002 6.390659e+001 1.000000e-006
      vertex   -1.060342e+002 6.424280e+001 1.500001e+000
    endloop
  endfacet
  facet normal -9.423956e-001 3.345004e-001 3.060782e-007
    outer loop
      vertex   -1.061710e+002 6.390661e+001 1.500001e+000
      vertex   -1.061711e+002 6.390659e+001 1.000000e-006
      vertex   -1.062925e+002 6.356452e+001 1.500001e+000
    endloop
  endfacet
  facet normal -9.996606e-001 -2.604117e-002 -7.869396e-004
    outer loop
      vertex   -1.066936e+002 6.106601e+001 1.000000e-006
      vertex   -1.066828e+002 6.065131e+001 1.000000e-006
      vertex   -1.066854e+002 6.070312e+001 1.500001e+000
    endloop
  endfacet
  facet normal -9.969576e-001 -7.793425e-002 -1.345791e-003
    outer loop
      vertex   -1.066828e+002 6.065131e+001 1.000000e-006
      vertex   -1.066505e+002 6.023773e+001 1.000000e-006
      vertex   -1.066606e+002 6.034097e+001 1.500001e+000
    endloop
  endfacet
  facet normal -9.915722e-001 -1.295442e-001 -1.682387e-003
    outer loop
      vertex   -1.066505e+002 6.023773e+001 1.000000e-006
      vertex   -1.065968e+002 5.982638e+001 1.000000e-006
      vertex   -1.066194e+002 5.998031e+001 1.500001e+000
    endloop
  endfacet
  facet normal -9.835050e-001 -1.808722e-001 -1.799200e-003
    outer loop
      vertex   -1.065968e+002 5.982638e+001 1.000000e-006
      vertex   -1.065217e+002 5.941838e+001 1.000000e-006
      vertex   -1.065619e+002 5.962190e+001 1.500001e+000
    endloop
  endfacet
  facet normal -9.727561e-001 -2.318246e-001 -1.687071e-003
    outer loop
      vertex   -1.065217e+002 5.941838e+001 1.000000e-006
      vertex   -1.064255e+002 5.901484e+001 1.000000e-006
      vertex   -1.064881e+002 5.926647e+001 1.500001e+000
    endloop
  endfacet
  facet normal -9.594015e-001 -2.820406e-001 -1.346219e-003
    outer loop
      vertex   -1.064255e+002 5.901484e+001 1.000000e-006
      vertex   -1.063085e+002 5.861684e+001 1.000000e-006
      vertex   -1.063982e+002 5.891477e+001 1.500001e+000
    endloop
  endfacet
  facet normal -9.434765e-001 -3.314385e-001 -7.854615e-004
    outer loop
      vertex   -1.063085e+002 5.861684e+001 1.000000e-006
      vertex   -1.061711e+002 5.822544e+001 1.000000e-006
      vertex   -1.062925e+002 5.856751e+001 1.500001e+000
    endloop
  endfacet
  facet normal -9.262092e-001 -3.770100e-001 -3.121694e-007
    outer loop
      vertex   -1.061710e+002 5.822542e+001 1.500001e+000
      vertex   -1.061711e+002 5.822544e+001 1.000000e-006
      vertex   -1.060342e+002 5.788923e+001 1.500001e+000
    endloop
  endfacet
  facet normal -7.314044e-001 -6.819440e-001 2.864391e-006
    outer loop
      vertex   -1.046719e+002 5.575667e+001 3.000001e+000
      vertex   -1.046718e+002 5.575653e+001 1.500001e+000
      vertex   -1.044243e+002 5.549103e+001 1.500001e+000
    endloop
  endfacet
  facet normal 5.668635e-001 8.238117e-001 -0.000000e+000
    outer loop
      vertex   -9.302950e+001 7.081293e+001 1.000000e-006
      vertex   -9.302950e+001 7.081293e+001 3.000001e+000
      vertex   -9.195920e+001 7.007646e+001 1.000000e-006
    endloop
  endfacet
  facet normal 5.668635e-001 8.238117e-001 0.000000e+000
    outer loop
      vertex   -9.195920e+001 7.007646e+001 1.000000e-006
      vertex   -9.302950e+001 7.081293e+001 3.000001e+000
      vertex   -9.195920e+001 7.007646e+001 3.000001e+000
    endloop
  endfacet
  facet normal -0.000000e+000 1.000000e+000 0.000000e+000
    outer loop
      vertex   -1.013831e+002 7.081293e+001 1.000000e-006
      vertex   -1.013831e+002 7.081293e+001 3.000001e+000
      vertex   -9.302950e+001 7.081293e+001 1.000000e-006
    endloop
  endfacet
  facet normal 0.000000e+000 1.000000e+000 -0.000000e+000
    outer loop
      vertex   -9.302950e+001 7.081293e+001 1.000000e-006
      vertex   -1.013831e+002 7.081293e+001 3.000001e+000
      vertex   -9.302950e+001 7.081293e+001 3.000001e+000
    endloop
  endfacet
  facet normal 0.000000e+000 0.000000e+000 1.000000e+000
    outer loop
      vertex   -8.746798e+001 6.724119e+001 5.100001e+000
      vertex   -9.067553e+001 6.974135e+001 5.100001e+000
      vertex   -8.915467e+001 6.724119e+001 5.100001e+000
    endloop
  endfacet
  facet normal 0.000000e+000 -0.000000e+000 1.000000e+000
    outer loop
      vertex   -8.746798e+001 6.724119e+001 5.100001e+000
      vertex   -8.582366e+001 6.974135e+001 5.100001e+000
      vertex   -9.067553e+001 6.974135e+001 5.100001e+000
    endloop
  endfacet
  facet normal 0.000000e+000 -0.000000e+000 1.000000e+000
    outer loop
      vertex   -8.746798e+001 6.724119e+001 5.100001e+000
      vertex   -8.500332e+001 6.903419e+001 5.100001e+000
      vertex   -8.582366e+001 6.974135e+001 5.100001e+000
    endloop
  endfacet
  facet normal -0.000000e+000 0.000000e+000 1.000000e+000
    outer loop
      vertex   -8.746798e+001 6.724119e+001 5.100001e+000
      vertex   -8.746798e+001 6.178459e+001 5.100001e+000
      vertex   -8.500332e+001 6.903419e+001 5.100001e+000
    endloop
  endfacet
  facet normal 0.000000e+000 0.000000e+000 1.000000e+000
    outer loop
      vertex   -8.500332e+001 6.903419e+001 5.100001e+000
      vertex   -8.746798e+001 6.178459e+001 5.100001e+000
      vertex   -8.500332e+001 5.997381e+001 5.100001e+000
    endloop
  endfacet
  facet normal 0.000000e+000 0.000000e+000 1.000000e+000
    outer loop
      vertex   -9.067553e+001 6.974135e+001 5.100001e+000
      vertex   -9.166600e+001 6.906606e+001 5.100001e+000
      vertex   -8.915467e+001 6.724119e+001 5.100001e+000
    endloop
  endfacet
  facet normal 0.000000e+000 0.000000e+000 1.000000e+000
    outer loop
      vertex   -8.915467e+001 6.724119e+001 5.100001e+000
      vertex   -9.166600e+001 6.906606e+001 5.100001e+000
      vertex   -9.166600e+001 6.486885e+001 5.100001e+000
    endloop
  endfacet
  facet normal 0.000000e+000 -0.000000e+000 1.000000e+000
    outer loop
      vertex   -8.915467e+001 6.302378e+001 5.100001e+000
      vertex   -8.915467e+001 6.724119e+001 5.100001e+000
      vertex   -9.166600e+001 6.486885e+001 5.100001e+000
    endloop
  endfacet
  facet normal -5.920764e-001 -8.058818e-001 0.000000e+000
    outer loop
      vertex   -8.500332e+001 5.997381e+001 4.500001e+000
      vertex   -8.500332e+001 5.997381e+001 5.100001e+000
      vertex   -8.746798e+001 6.178459e+001 4.500001e+000
    endloop
  endfacet
  facet normal -5.920764e-001 -8.058818e-001 9.680375e-015
    outer loop
      vertex   -8.746798e+001 6.178459e+001 4.500001e+000
      vertex   -8.500332e+001 5.997381e+001 5.100001e+000
      vertex   -8.746798e+001 6.178459e+001 5.100001e+000
    endloop
  endfacet
  facet normal -5.920764e-001 -8.058818e-001 0.000000e+000
    outer loop
      vertex   -8.915467e+001 6.302378e+001 4.500001e+000
      vertex   -8.915467e+001 6.302378e+001 5.100001e+000
      vertex   -9.166600e+001 6.486885e+001 4.500001e+000
    endloop
  endfacet
  facet normal -5.920764e-001 -8.058818e-001 0.000000e+000
    outer loop
      vertex   -9.166600e+001 6.486885e+001 4.500001e+000
      vertex   -8.915467e+001 6.302378e+001 5.100001e+000
      vertex   -9.166600e+001 6.486885e+001 5.100001e+000
    endloop
  endfacet
  facet normal -0.000000e+000 1.000000e+000 0.000000e+000
    outer loop
      vertex   -7.321443e+001 7.079715e+001 1.000000e-006
      vertex   -7.321443e+001 7.079715e+001 3.000001e+000
      vertex   -6.602022e+001 7.079715e+001 1.000000e-006
    endloop
  endfacet
  facet normal 0.000000e+000 1.000000e+000 -0.000000e+000
    outer loop
      vertex   -6.602022e+001 7.079715e+001 1.000000e-006
      vertex   -7.321443e+001 7.079715e+001 3.000001e+000
      vertex   -6.602022e+001 7.079715e+001 3.000001e+000
    endloop
  endfacet
  facet normal -6.196416e-001 -7.848849e-001 0.000000e+000
    outer loop
      vertex   -8.826944e+001 5.459112e+001 1.000000e-006
      vertex   -8.826944e+001 5.459112e+001 3.000001e+000
      vertex   -9.132574e+001 5.700397e+001 1.000000e-006
    endloop
  endfacet
  facet normal -6.196416e-001 -7.848849e-001 0.000000e+000
    outer loop
      vertex   -9.132574e+001 5.700397e+001 1.000000e-006
      vertex   -8.826944e+001 5.459112e+001 3.000001e+000
      vertex   -9.132574e+001 5.700397e+001 3.000001e+000
    endloop
  endfacet
  facet normal 1.000000e+000 0.000000e+000 -0.000000e+000
    outer loop
      vertex   -9.220083e+001 5.828064e+001 3.000001e+000
      vertex   -9.220083e+001 6.902886e+001 3.000001e+000
      vertex   -9.220083e+001 6.490714e+001 4.500001e+000
    endloop
  endfacet
  facet normal 1.000000e+000 -0.000000e+000 0.000000e+000
    outer loop
      vertex   -9.220083e+001 5.828064e+001 4.500001e+000
      vertex   -9.220083e+001 5.828064e+001 3.000001e+000
      vertex   -9.220083e+001 6.490714e+001 4.500001e+000
    endloop
  endfacet
  facet normal 1.000000e+000 -0.000000e+000 0.000000e+000
    outer loop
      vertex   -9.220083e+001 6.490714e+001 5.100001e+000
      vertex   -9.220083e+001 6.490714e+001 4.500001e+000
      vertex   -9.220083e+001 6.902886e+001 5.100001e+000
    endloop
  endfacet
  facet normal 1.000000e+000 0.000000e+000 0.000000e+000
    outer loop
      vertex   -9.220083e+001 6.902886e+001 5.100001e+000
      vertex   -9.220083e+001 6.490714e+001 4.500001e+000
      vertex   -9.220083e+001 6.902886e+001 3.000001e+000
    endloop
  endfacet
  facet normal 6.343098e-001 7.730789e-001 -0.000000e+000
    outer loop
      vertex   -9.220083e+001 5.828064e+001 3.000001e+000
      vertex   -9.220083e+001 5.828064e+001 4.500001e+000
      vertex   -9.176971e+001 5.792691e+001 3.000001e+000
    endloop
  endfacet
  facet normal 6.343098e-001 7.730789e-001 0.000000e+000
    outer loop
      vertex   -9.176971e+001 5.792691e+001 3.000001e+000
      vertex   -9.220083e+001 5.828064e+001 4.500001e+000
      vertex   -9.176971e+001 5.792691e+001 4.500001e+000
    endloop
  endfacet
  facet normal -9.036548e-001 4.282616e-001 0.000000e+000
    outer loop
      vertex   -1.016392e+002 4.889906e+001 1.000000e-006
      vertex   -1.016392e+002 4.889906e+001 3.000001e+000
      vertex   -9.963058e+001 5.313733e+001 1.000000e-006
    endloop
  endfacet
  facet normal -9.036548e-001 4.282616e-001 0.000000e+000
    outer loop
      vertex   -9.963058e+001 5.313733e+001 1.000000e-006
      vertex   -1.016392e+002 4.889906e+001 3.000001e+000
      vertex   -9.963058e+001 5.313733e+001 3.000001e+000
    endloop
  endfacet
  facet normal -1.000000e+000 0.000000e+000 -0.000000e+000
    outer loop
      vertex   -9.166600e+001 5.854667e+001 4.500001e+000
      vertex   -9.166600e+001 6.486885e+001 4.500001e+000
      vertex   -9.166600e+001 5.854667e+001 3.000001e+000
    endloop
  endfacet
  facet normal -1.000000e+000 0.000000e+000 0.000000e+000
    outer loop
      vertex   -9.166600e+001 5.854667e+001 3.000001e+000
      vertex   -9.166600e+001 6.486885e+001 4.500001e+000
      vertex   -9.166600e+001 6.906606e+001 3.000001e+000
    endloop
  endfacet
  facet normal -1.000000e+000 0.000000e+000 0.000000e+000
    outer loop
      vertex   -9.166600e+001 6.906606e+001 3.000001e+000
      vertex   -9.166600e+001 6.486885e+001 4.500001e+000
      vertex   -9.166600e+001 6.906606e+001 5.100001e+000
    endloop
  endfacet
  facet normal -1.000000e+000 -0.000000e+000 0.000000e+000
    outer loop
      vertex   -9.166600e+001 6.906606e+001 5.100001e+000
      vertex   -9.166600e+001 6.486885e+001 4.500001e+000
      vertex   -9.166600e+001 6.486885e+001 5.100001e+000
    endloop
  endfacet
  facet normal 0.000000e+000 -0.000000e+000 1.000000e+000
    outer loop
      vertex   -8.027613e+001 6.728848e+001 5.100001e+000
      vertex   -7.876421e+001 6.977585e+001 5.100001e+000
      vertex   -8.196329e+001 6.728848e+001 5.100001e+000
    endloop
  endfacet
  facet normal 0.000000e+000 -0.000000e+000 1.000000e+000
    outer loop
      vertex   -8.027613e+001 6.728848e+001 5.100001e+000
      vertex   -7.776166e+001 6.908534e+001 5.100001e+000
      vertex   -7.876421e+001 6.977585e+001 5.100001e+000
    endloop
  endfacet
  facet normal -0.000000e+000 -0.000000e+000 1.000000e+000
    outer loop
      vertex   -8.027613e+001 6.728848e+001 5.100001e+000
      vertex   -7.776166e+001 6.471550e+001 5.100001e+000
      vertex   -7.776166e+001 6.908534e+001 5.100001e+000
    endloop
  endfacet
  facet normal -0.000000e+000 0.000000e+000 1.000000e+000
    outer loop
      vertex   -8.027613e+001 6.728848e+001 5.100001e+000
      vertex   -8.027613e+001 6.286814e+001 5.100001e+000
      vertex   -7.776166e+001 6.471550e+001 5.100001e+000
    endloop
  endfacet
  facet normal 0.000000e+000 0.000000e+000 1.000000e+000
    outer loop
      vertex   -7.876421e+001 6.977585e+001 5.100001e+000
      vertex   -8.362560e+001 6.977585e+001 5.100001e+000
      vertex   -8.196329e+001 6.728848e+001 5.100001e+000
    endloop
  endfacet
  facet normal 0.000000e+000 0.000000e+000 1.000000e+000
    outer loop
      vertex   -8.196329e+001 6.728848e+001 5.100001e+000
      vertex   -8.362560e+001 6.977585e+001 5.100001e+000
      vertex   -8.442357e+001 6.906689e+001 5.100001e+000
    endloop
  endfacet
  facet normal 0.000000e+000 0.000000e+000 1.000000e+000
    outer loop
      vertex   -8.196329e+001 6.162859e+001 5.100001e+000
      vertex   -8.442357e+001 6.906689e+001 5.100001e+000
      vertex   -8.444489e+001 5.980537e+001 5.100001e+000
    endloop
  endfacet
  facet normal 0.000000e+000 -0.000000e+000 1.000000e+000
    outer loop
      vertex   -8.196329e+001 6.162859e+001 5.100001e+000
      vertex   -8.196329e+001 6.728848e+001 5.100001e+000
      vertex   -8.442357e+001 6.906689e+001 5.100001e+000
    endloop
  endfacet
  facet normal 5.920764e-001 -8.058818e-001 0.000000e+000
    outer loop
      vertex   -7.776166e+001 6.471550e+001 4.500001e+000
      vertex   -7.776166e+001 6.471550e+001 5.100001e+000
      vertex   -8.027613e+001 6.286814e+001 4.500001e+000
    endloop
  endfacet
  facet normal 5.920764e-001 -8.058818e-001 1.897731e-014
    outer loop
      vertex   -8.027613e+001 6.286814e+001 4.500001e+000
      vertex   -7.776166e+001 6.471550e+001 5.100001e+000
      vertex   -8.027613e+001 6.286814e+001 5.100001e+000
    endloop
  endfacet
  facet normal 5.920764e-001 -8.058818e-001 0.000000e+000
    outer loop
      vertex   -8.196329e+001 6.162859e+001 4.500001e+000
      vertex   -8.196329e+001 6.162859e+001 5.100001e+000
      vertex   -8.444489e+001 5.980537e+001 4.500001e+000
    endloop
  endfacet
  facet normal 5.920764e-001 -8.058818e-001 0.000000e+000
    outer loop
      vertex   -8.444489e+001 5.980537e+001 4.500001e+000
      vertex   -8.196329e+001 6.162859e+001 5.100001e+000
      vertex   -8.444489e+001 5.980537e+001 5.100001e+000
    endloop
  endfacet
  facet normal 6.236304e-001 -7.817193e-001 0.000000e+000
    outer loop
      vertex   -7.792444e+001 5.722717e+001 1.000000e-006
      vertex   -7.792444e+001 5.722717e+001 3.000001e+000
      vertex   -8.116062e+001 5.464545e+001 1.000000e-006
    endloop
  endfacet
  facet normal 6.236304e-001 -7.817193e-001 0.000000e+000
    outer loop
      vertex   -8.116062e+001 5.464545e+001 1.000000e-006
      vertex   -7.792444e+001 5.722717e+001 3.000001e+000
      vertex   -8.116062e+001 5.464545e+001 3.000001e+000
    endloop
  endfacet
  facet normal -9.595141e-001 2.816607e-001 0.000000e+000
    outer loop
      vertex   -7.335760e+001 7.030944e+001 1.000000e-006
      vertex   -7.335760e+001 7.030944e+001 3.000001e+000
      vertex   -7.321443e+001 7.079715e+001 1.000000e-006
    endloop
  endfacet
  facet normal -9.595141e-001 2.816607e-001 0.000000e+000
    outer loop
      vertex   -7.321443e+001 7.079715e+001 1.000000e-006
      vertex   -7.335760e+001 7.030944e+001 3.000001e+000
      vertex   -7.321443e+001 7.079715e+001 3.000001e+000
    endloop
  endfacet
  facet normal 6.178917e-001 -7.862632e-001 0.000000e+000
    outer loop
      vertex   -9.132574e+001 5.700397e+001 1.000000e-006
      vertex   -9.132574e+001 5.700397e+001 3.000001e+000
      vertex   -1.016392e+002 4.889906e+001 1.000000e-006
    endloop
  endfacet
  facet normal 6.178917e-001 -7.862632e-001 0.000000e+000
    outer loop
      vertex   -1.016392e+002 4.889906e+001 1.000000e-006
      vertex   -9.132574e+001 5.700397e+001 3.000001e+000
      vertex   -1.016392e+002 4.889906e+001 3.000001e+000
    endloop
  endfacet
  facet normal 6.529187e-001 7.574280e-001 -0.000000e+000
    outer loop
      vertex   -8.545214e+001 7.074134e+001 1.000000e-006
      vertex   -8.545214e+001 7.074134e+001 3.000001e+000
      vertex   -8.473770e+001 7.012548e+001 1.000000e-006
    endloop
  endfacet
  facet normal 6.529187e-001 7.574280e-001 0.000000e+000
    outer loop
      vertex   -8.473770e+001 7.012548e+001 1.000000e-006
      vertex   -8.545214e+001 7.074134e+001 3.000001e+000
      vertex   -8.473770e+001 7.012548e+001 3.000001e+000
    endloop
  endfacet
  facet normal -0.000000e+000 1.000000e+000 0.000000e+000
    outer loop
      vertex   -9.098399e+001 7.074134e+001 1.000000e-006
      vertex   -9.098399e+001 7.074134e+001 3.000001e+000
      vertex   -8.545214e+001 7.074134e+001 1.000000e-006
    endloop
  endfacet
  facet normal -0.000000e+000 1.000000e+000 -0.000000e+000
    outer loop
      vertex   -8.545214e+001 7.074134e+001 1.000000e-006
      vertex   -9.098399e+001 7.074134e+001 3.000001e+000
      vertex   -8.545214e+001 7.074134e+001 3.000001e+000
    endloop
  endfacet
  facet normal -5.633197e-001 8.262390e-001 0.000000e+000
    outer loop
      vertex   -9.195920e+001 7.007646e+001 1.000000e-006
      vertex   -9.195920e+001 7.007646e+001 3.000001e+000
      vertex   -9.098399e+001 7.074134e+001 1.000000e-006
    endloop
  endfacet
  facet normal -5.633197e-001 8.262390e-001 0.000000e+000
    outer loop
      vertex   -9.098399e+001 7.074134e+001 1.000000e-006
      vertex   -9.195920e+001 7.007646e+001 3.000001e+000
      vertex   -9.098399e+001 7.074134e+001 3.000001e+000
    endloop
  endfacet
  facet normal 1.000000e+000 0.000000e+000 -4.736952e-015
    outer loop
      vertex   -6.863378e+001 6.873886e+001 1.000000e-006
      vertex   -6.863378e+001 6.873886e+001 3.000001e+000
      vertex   -6.863378e+001 5.304433e+001 1.000000e-006
    endloop
  endfacet
  facet normal 1.000000e+000 0.000000e+000 -4.736952e-015
    outer loop
      vertex   -6.863378e+001 5.304433e+001 1.000000e-006
      vertex   -6.863378e+001 6.873886e+001 3.000001e+000
      vertex   -6.863378e+001 5.304433e+001 3.000001e+000
    endloop
  endfacet
  facet normal 9.461096e-001 3.238466e-001 -4.481675e-015
    outer loop
      vertex   -6.863378e+001 5.304433e+001 1.000000e-006
      vertex   -6.863378e+001 5.304433e+001 3.000001e+000
      vertex   -6.714494e+001 4.869471e+001 1.000000e-006
    endloop
  endfacet
  facet normal 9.461096e-001 3.238466e-001 0.000000e+000
    outer loop
      vertex   -6.714494e+001 4.869471e+001 1.000000e-006
      vertex   -6.863378e+001 5.304433e+001 3.000001e+000
      vertex   -6.714494e+001 4.869471e+001 3.000001e+000
    endloop
  endfacet
  facet normal 1.000000e+000 0.000000e+000 -0.000000e+000
    outer loop
      vertex   -8.500332e+001 5.854355e+001 3.000001e+000
      vertex   -8.500332e+001 6.903419e+001 3.000001e+000
      vertex   -8.500332e+001 5.997381e+001 4.500001e+000
    endloop
  endfacet
  facet normal 1.000000e+000 -0.000000e+000 0.000000e+000
    outer loop
      vertex   -8.500332e+001 5.854355e+001 4.500001e+000
      vertex   -8.500332e+001 5.854355e+001 3.000001e+000
      vertex   -8.500332e+001 5.997381e+001 4.500001e+000
    endloop
  endfacet
  facet normal 1.000000e+000 -0.000000e+000 0.000000e+000
    outer loop
      vertex   -8.500332e+001 5.997381e+001 5.100001e+000
      vertex   -8.500332e+001 5.997381e+001 4.500001e+000
      vertex   -8.500332e+001 6.903419e+001 5.100001e+000
    endloop
  endfacet
  facet normal 1.000000e+000 0.000000e+000 0.000000e+000
    outer loop
      vertex   -8.500332e+001 6.903419e+001 5.100001e+000
      vertex   -8.500332e+001 5.997381e+001 4.500001e+000
      vertex   -8.500332e+001 6.903419e+001 3.000001e+000
    endloop
  endfacet
  facet normal -6.641830e-001 7.475700e-001 0.000000e+000
    outer loop
      vertex   -8.442357e+001 6.906689e+001 3.000001e+000
      vertex   -8.442357e+001 6.906689e+001 5.100001e+000
      vertex   -8.362560e+001 6.977585e+001 3.000001e+000
    endloop
  endfacet
  facet normal -6.641830e-001 7.475700e-001 0.000000e+000
    outer loop
      vertex   -8.362560e+001 6.977585e+001 3.000001e+000
      vertex   -8.442357e+001 6.906689e+001 5.100001e+000
      vertex   -8.362560e+001 6.977585e+001 5.100001e+000
    endloop
  endfacet
  facet normal 9.650824e-001 2.619464e-001 -0.000000e+000
    outer loop
      vertex   -7.349029e+001 7.079832e+001 1.000000e-006
      vertex   -7.349029e+001 7.079832e+001 3.000001e+000
      vertex   -7.335760e+001 7.030944e+001 1.000000e-006
    endloop
  endfacet
  facet normal 9.650824e-001 2.619464e-001 0.000000e+000
    outer loop
      vertex   -7.335760e+001 7.030944e+001 1.000000e-006
      vertex   -7.349029e+001 7.079832e+001 3.000001e+000
      vertex   -7.335760e+001 7.030944e+001 3.000001e+000
    endloop
  endfacet
  facet normal -7.200028e-001 -6.939711e-001 0.000000e+000
    outer loop
      vertex   -9.863058e+001 6.939817e+001 3.000001e+000
      vertex   -9.863058e+001 6.939817e+001 5.100001e+000
      vertex   -9.903035e+001 6.981293e+001 3.000001e+000
    endloop
  endfacet
  facet normal -7.200028e-001 -6.939711e-001 0.000000e+000
    outer loop
      vertex   -9.903035e+001 6.981293e+001 3.000001e+000
      vertex   -9.863058e+001 6.939817e+001 5.100001e+000
      vertex   -9.903035e+001 6.981293e+001 5.100001e+000
    endloop
  endfacet
  facet normal -7.200016e-001 -6.939724e-001 0.000000e+000
    outer loop
      vertex   -9.963058e+001 6.899469e+001 1.000000e-006
      vertex   -9.963058e+001 6.899469e+001 3.000001e+000
      vertex   -1.013831e+002 7.081293e+001 1.000000e-006
    endloop
  endfacet
  facet normal -7.200016e-001 -6.939724e-001 0.000000e+000
    outer loop
      vertex   -1.013831e+002 7.081293e+001 1.000000e-006
      vertex   -9.963058e+001 6.899469e+001 3.000001e+000
      vertex   -1.013831e+002 7.081293e+001 3.000001e+000
    endloop
  endfacet
  facet normal -5.894566e-013 1.000000e+000 -1.184238e-012
    outer loop
      vertex   -7.951739e+001 7.079832e+001 1.000000e-006
      vertex   -7.951739e+001 7.079832e+001 3.000001e+000
      vertex   -7.349029e+001 7.079832e+001 1.000000e-006
    endloop
  endfacet
  facet normal 0.000000e+000 1.000000e+000 -0.000000e+000
    outer loop
      vertex   -7.349029e+001 7.079832e+001 1.000000e-006
      vertex   -7.951739e+001 7.079832e+001 3.000001e+000
      vertex   -7.349029e+001 7.079832e+001 3.000001e+000
    endloop
  endfacet
  facet normal -5.006001e-003 9.999875e-001 1.182400e-012
    outer loop
      vertex   -7.951739e+001 7.079832e+001 3.000001e+000
      vertex   -7.951739e+001 7.079832e+001 1.000000e-006
      vertex   -8.400566e+001 7.077586e+001 3.000001e+000
    endloop
  endfacet
  facet normal -5.006001e-003 9.999875e-001 0.000000e+000
    outer loop
      vertex   -8.400566e+001 7.077586e+001 3.000001e+000
      vertex   -7.951739e+001 7.079832e+001 1.000000e-006
      vertex   -8.400566e+001 7.077586e+001 1.000000e-006
    endloop
  endfacet
  facet normal 6.178916e-001 -7.862633e-001 0.000000e+000
    outer loop
      vertex   -9.176971e+001 5.792691e+001 3.000001e+000
      vertex   -9.176971e+001 5.792691e+001 4.500001e+000
      vertex   -9.891538e+001 5.231143e+001 3.000001e+000
    endloop
  endfacet
  facet normal 6.178916e-001 -7.862633e-001 0.000000e+000
    outer loop
      vertex   -9.891538e+001 5.231143e+001 3.000001e+000
      vertex   -9.176971e+001 5.792691e+001 4.500001e+000
      vertex   -9.891538e+001 5.231143e+001 4.500001e+000
    endloop
  endfacet
  facet normal 6.318182e-001 -7.751166e-001 0.000000e+000
    outer loop
      vertex   -8.500332e+001 5.854355e+001 3.000001e+000
      vertex   -8.500332e+001 5.854355e+001 4.500001e+000
      vertex   -8.827944e+001 5.587309e+001 3.000001e+000
    endloop
  endfacet
  facet normal 6.318182e-001 -7.751166e-001 0.000000e+000
    outer loop
      vertex   -8.827944e+001 5.587309e+001 3.000001e+000
      vertex   -8.500332e+001 5.854355e+001 4.500001e+000
      vertex   -8.827944e+001 5.587309e+001 4.500001e+000
    endloop
  endfacet
  facet normal 6.529182e-001 7.574284e-001 -0.000000e+000
    outer loop
      vertex   -8.582366e+001 6.974135e+001 3.000001e+000
      vertex   -8.582366e+001 6.974135e+001 5.100001e+000
      vertex   -8.500332e+001 6.903419e+001 3.000001e+000
    endloop
  endfacet
  facet normal 6.529182e-001 7.574284e-001 0.000000e+000
    outer loop
      vertex   -8.500332e+001 6.903419e+001 3.000001e+000
      vertex   -8.582366e+001 6.974135e+001 5.100001e+000
      vertex   -8.500332e+001 6.903419e+001 5.100001e+000
    endloop
  endfacet
  facet normal 1.000000e+000 -4.026441e-031 -9.473903e-015
    outer loop
      vertex   -7.776166e+001 5.863626e+001 3.000001e+000
      vertex   -7.776166e+001 6.908534e+001 3.000001e+000
      vertex   -7.776166e+001 6.471550e+001 4.500001e+000
    endloop
  endfacet
  facet normal 1.000000e+000 -2.337604e-015 0.000000e+000
    outer loop
      vertex   -7.776166e+001 5.863626e+001 4.500001e+000
      vertex   -7.776166e+001 5.863626e+001 3.000001e+000
      vertex   -7.776166e+001 6.471550e+001 4.500001e+000
    endloop
  endfacet
  facet normal 1.000000e+000 3.252035e-015 0.000000e+000
    outer loop
      vertex   -7.776166e+001 6.471550e+001 5.100001e+000
      vertex   -7.776166e+001 6.471550e+001 4.500001e+000
      vertex   -7.776166e+001 6.908534e+001 5.100001e+000
    endloop
  endfacet
  facet normal 1.000000e+000 3.252035e-015 0.000000e+000
    outer loop
      vertex   -7.776166e+001 6.908534e+001 5.100001e+000
      vertex   -7.776166e+001 6.471550e+001 4.500001e+000
      vertex   -7.776166e+001 6.908534e+001 3.000001e+000
    endloop
  endfacet
  facet normal -6.338464e-001 -7.734589e-001 0.000000e+000
    outer loop
      vertex   -8.115217e+001 5.593142e+001 3.000001e+000
      vertex   -8.115217e+001 5.593142e+001 4.500001e+000
      vertex   -8.444759e+001 5.863201e+001 3.000001e+000
    endloop
  endfacet
  facet normal -6.338464e-001 -7.734589e-001 0.000000e+000
    outer loop
      vertex   -8.444759e+001 5.863201e+001 3.000001e+000
      vertex   -8.115217e+001 5.593142e+001 4.500001e+000
      vertex   -8.444759e+001 5.863201e+001 4.500001e+000
    endloop
  endfacet
  facet normal 6.318180e-001 -7.751167e-001 0.000000e+000
    outer loop
      vertex   -8.467229e+001 5.752325e+001 1.000000e-006
      vertex   -8.467229e+001 5.752325e+001 3.000001e+000
      vertex   -8.826944e+001 5.459112e+001 1.000000e-006
    endloop
  endfacet
  facet normal 6.318180e-001 -7.751167e-001 0.000000e+000
    outer loop
      vertex   -8.826944e+001 5.459112e+001 1.000000e-006
      vertex   -8.467229e+001 5.752325e+001 3.000001e+000
      vertex   -8.826944e+001 5.459112e+001 3.000001e+000
    endloop
  endfacet
  facet normal -9.999973e-001 2.302181e-003 0.000000e+000
    outer loop
      vertex   -8.444759e+001 5.863201e+001 4.500001e+000
      vertex   -8.444489e+001 5.980537e+001 4.500001e+000
      vertex   -8.444759e+001 5.863201e+001 3.000001e+000
    endloop
  endfacet
  facet normal -9.999973e-001 2.302181e-003 3.842191e-015
    outer loop
      vertex   -8.444759e+001 5.863201e+001 3.000001e+000
      vertex   -8.444489e+001 5.980537e+001 4.500001e+000
      vertex   -8.442357e+001 6.906689e+001 3.000001e+000
    endloop
  endfacet
  facet normal -9.999973e-001 2.302181e-003 0.000000e+000
    outer loop
      vertex   -8.442357e+001 6.906689e+001 3.000001e+000
      vertex   -8.444489e+001 5.980537e+001 4.500001e+000
      vertex   -8.442357e+001 6.906689e+001 5.100001e+000
    endloop
  endfacet
  facet normal -9.999973e-001 2.302181e-003 0.000000e+000
    outer loop
      vertex   -8.442357e+001 6.906689e+001 5.100001e+000
      vertex   -8.444489e+001 5.980537e+001 4.500001e+000
      vertex   -8.444489e+001 5.980537e+001 5.100001e+000
    endloop
  endfacet
  facet normal -6.641832e-001 7.475698e-001 0.000000e+000
    outer loop
      vertex   -8.473770e+001 7.012548e+001 1.000000e-006
      vertex   -8.473770e+001 7.012548e+001 3.000001e+000
      vertex   -8.400566e+001 7.077586e+001 1.000000e-006
    endloop
  endfacet
  facet normal -6.641832e-001 7.475698e-001 0.000000e+000
    outer loop
      vertex   -8.400566e+001 7.077586e+001 1.000000e-006
      vertex   -8.473770e+001 7.012548e+001 3.000001e+000
      vertex   -8.400566e+001 7.077586e+001 3.000001e+000
    endloop
  endfacet
  facet normal -0.000000e+000 1.000000e+000 0.000000e+000
    outer loop
      vertex   -8.362560e+001 6.977585e+001 3.000001e+000
      vertex   -8.362560e+001 6.977585e+001 5.100001e+000
      vertex   -7.876421e+001 6.977585e+001 3.000001e+000
    endloop
  endfacet
  facet normal 0.000000e+000 1.000000e+000 -0.000000e+000
    outer loop
      vertex   -7.876421e+001 6.977585e+001 3.000001e+000
      vertex   -8.362560e+001 6.977585e+001 5.100001e+000
      vertex   -7.876421e+001 6.977585e+001 5.100001e+000
    endloop
  endfacet
  facet normal 5.672356e-001 8.235555e-001 -0.000000e+000
    outer loop
      vertex   -7.876421e+001 6.977585e+001 3.000001e+000
      vertex   -7.876421e+001 6.977585e+001 5.100001e+000
      vertex   -7.776166e+001 6.908534e+001 3.000001e+000
    endloop
  endfacet
  facet normal 5.672356e-001 8.235555e-001 0.000000e+000
    outer loop
      vertex   -7.776166e+001 6.908534e+001 3.000001e+000
      vertex   -7.876421e+001 6.977585e+001 5.100001e+000
      vertex   -7.776166e+001 6.908534e+001 5.100001e+000
    endloop
  endfacet
  facet normal 6.187093e-001 -7.856200e-001 0.000000e+000
    outer loop
      vertex   -6.602022e+001 7.079715e+001 1.000000e-006
      vertex   -6.602022e+001 7.079715e+001 3.000001e+000
      vertex   -6.863378e+001 6.873886e+001 1.000000e-006
    endloop
  endfacet
  facet normal 6.187093e-001 -7.856200e-001 -2.936792e-015
    outer loop
      vertex   -6.863378e+001 6.873886e+001 1.000000e-006
      vertex   -6.602022e+001 7.079715e+001 3.000001e+000
      vertex   -6.863378e+001 6.873886e+001 3.000001e+000
    endloop
  endfacet
  facet normal -6.196414e-001 -7.848851e-001 0.000000e+000
    outer loop
      vertex   -8.827944e+001 5.587309e+001 3.000001e+000
      vertex   -8.827944e+001 5.587309e+001 4.500001e+000
      vertex   -9.166600e+001 5.854667e+001 3.000001e+000
    endloop
  endfacet
  facet normal -6.196414e-001 -7.848851e-001 0.000000e+000
    outer loop
      vertex   -9.166600e+001 5.854667e+001 3.000001e+000
      vertex   -8.827944e+001 5.587309e+001 4.500001e+000
      vertex   -9.166600e+001 5.854667e+001 4.500001e+000
    endloop
  endfacet
  facet normal 2.501639e-016 -3.669244e-016 1.000000e+000
    outer loop
      vertex   -9.067553e+001 6.974135e+001 3.000001e+000
      vertex   -9.195920e+001 7.007646e+001 3.000001e+000
      vertex   -9.166600e+001 6.906606e+001 3.000001e+000
    endloop
  endfacet
  facet normal 1.240755e-016 -8.499067e-016 1.000000e+000
    outer loop
      vertex   -9.067553e+001 6.974135e+001 3.000001e+000
      vertex   -9.098399e+001 7.074134e+001 3.000001e+000
      vertex   -9.195920e+001 7.007646e+001 3.000001e+000
    endloop
  endfacet
  facet normal 0.000000e+000 -8.881793e-016 1.000000e+000
    outer loop
      vertex   -9.067553e+001 6.974135e+001 3.000001e+000
      vertex   -8.582366e+001 6.974135e+001 3.000001e+000
      vertex   -9.098399e+001 7.074134e+001 3.000001e+000
    endloop
  endfacet
  facet normal 8.027859e-017 -4.739148e-016 1.000000e+000
    outer loop
      vertex   -9.098399e+001 7.074134e+001 3.000001e+000
      vertex   -8.582366e+001 6.974135e+001 3.000001e+000
      vertex   -8.545214e+001 7.074134e+001 3.000001e+000
    endloop
  endfacet
  facet normal -2.899541e-016 -3.363656e-016 1.000000e+000
    outer loop
      vertex   -8.545214e+001 7.074134e+001 3.000001e+000
      vertex   -8.582366e+001 6.974135e+001 3.000001e+000
      vertex   -8.473770e+001 7.012548e+001 3.000001e+000
    endloop
  endfacet
  facet normal -2.899540e-016 -3.363659e-016 1.000000e+000
    outer loop
      vertex   -8.473770e+001 7.012548e+001 3.000001e+000
      vertex   -8.582366e+001 6.974135e+001 3.000001e+000
      vertex   -8.500332e+001 6.903419e+001 3.000001e+000
    endloop
  endfacet
  facet normal 0.000000e+000 0.000000e+000 1.000000e+000
    outer loop
      vertex   -8.442357e+001 6.906689e+001 3.000001e+000
      vertex   -8.500332e+001 6.903419e+001 3.000001e+000
      vertex   -8.444759e+001 5.863201e+001 3.000001e+000
    endloop
  endfacet
  facet normal 2.327374e-017 -4.126065e-016 1.000000e+000
    outer loop
      vertex   -8.442357e+001 6.906689e+001 3.000001e+000
      vertex   -8.473770e+001 7.012548e+001 3.000001e+000
      vertex   -8.500332e+001 6.903419e+001 3.000001e+000
    endloop
  endfacet
  facet normal 2.949563e-016 -3.319875e-016 1.000000e+000
    outer loop
      vertex   -8.442357e+001 6.906689e+001 3.000001e+000
      vertex   -8.362560e+001 6.977585e+001 3.000001e+000
      vertex   -8.473770e+001 7.012548e+001 3.000001e+000
    endloop
  endfacet
  facet normal 4.535148e-016 1.723629e-016 1.000000e+000
    outer loop
      vertex   -8.473770e+001 7.012548e+001 3.000001e+000
      vertex   -8.362560e+001 6.977585e+001 3.000001e+000
      vertex   -8.400566e+001 7.077586e+001 3.000001e+000
    endloop
  endfacet
  facet normal -0.000000e+000 0.000000e+000 1.000000e+000
    outer loop
      vertex   -8.400566e+001 7.077586e+001 3.000001e+000
      vertex   -8.362560e+001 6.977585e+001 3.000001e+000
      vertex   -7.951739e+001 7.079832e+001 3.000001e+000
    endloop
  endfacet
  facet normal -0.000000e+000 0.000000e+000 1.000000e+000
    outer loop
      vertex   -7.951739e+001 7.079832e+001 3.000001e+000
      vertex   -8.362560e+001 6.977585e+001 3.000001e+000
      vertex   -7.876421e+001 6.977585e+001 3.000001e+000
    endloop
  endfacet
  facet normal 0.000000e+000 0.000000e+000 1.000000e+000
    outer loop
      vertex   -7.759816e+001 6.979832e+001 3.000001e+000
      vertex   -7.876421e+001 6.977585e+001 3.000001e+000
      vertex   -7.776166e+001 6.908534e+001 3.000001e+000
    endloop
  endfacet
  facet normal 0.000000e+000 0.000000e+000 1.000000e+000
    outer loop
      vertex   -7.719569e+001 6.922262e+001 3.000001e+000
      vertex   -7.776166e+001 6.908534e+001 3.000001e+000
      vertex   -7.719569e+001 5.862762e+001 3.000001e+000
    endloop
  endfacet
  facet normal 0.000000e+000 0.000000e+000 1.000000e+000
    outer loop
      vertex   -7.719569e+001 6.922262e+001 3.000001e+000
      vertex   -7.759816e+001 6.979832e+001 3.000001e+000
      vertex   -7.776166e+001 6.908534e+001 3.000001e+000
    endloop
  endfacet
  facet normal -0.000000e+000 0.000000e+000 1.000000e+000
    outer loop
      vertex   -8.500332e+001 6.903419e+001 3.000001e+000
      vertex   -8.500332e+001 5.854355e+001 3.000001e+000
      vertex   -8.444759e+001 5.863201e+001 3.000001e+000
    endloop
  endfacet
  facet normal 0.000000e+000 0.000000e+000 1.000000e+000
    outer loop
      vertex   -8.444759e+001 5.863201e+001 3.000001e+000
      vertex   -8.500332e+001 5.854355e+001 3.000001e+000
      vertex   -8.467229e+001 5.752325e+001 3.000001e+000
    endloop
  endfacet
  facet normal 0.000000e+000 0.000000e+000 1.000000e+000
    outer loop
      vertex   -8.115217e+001 5.593142e+001 3.000001e+000
      vertex   -8.467229e+001 5.752325e+001 3.000001e+000
      vertex   -8.116062e+001 5.464545e+001 3.000001e+000
    endloop
  endfacet
  facet normal 0.000000e+000 0.000000e+000 1.000000e+000
    outer loop
      vertex   -7.792444e+001 5.722717e+001 3.000001e+000
      vertex   -8.115217e+001 5.593142e+001 3.000001e+000
      vertex   -8.116062e+001 5.464545e+001 3.000001e+000
    endloop
  endfacet
  facet normal 1.326709e-016 -3.304856e-016 1.000000e+000
    outer loop
      vertex   -7.792444e+001 5.722717e+001 3.000001e+000
      vertex   -7.776166e+001 5.863626e+001 3.000001e+000
      vertex   -8.115217e+001 5.593142e+001 3.000001e+000
    endloop
  endfacet
  facet normal 1.572171e-015 -4.967784e-016 1.000000e+000
    outer loop
      vertex   -7.792444e+001 5.722717e+001 3.000001e+000
      vertex   -7.759823e+001 5.825956e+001 3.000001e+000
      vertex   -7.776166e+001 5.863626e+001 3.000001e+000
    endloop
  endfacet
  facet normal -0.000000e+000 -0.000000e+000 1.000000e+000
    outer loop
      vertex   -7.792444e+001 5.722717e+001 3.000001e+000
      vertex   -7.510905e+001 5.616534e+001 3.000001e+000
      vertex   -7.759823e+001 5.825956e+001 3.000001e+000
    endloop
  endfacet
  facet normal -0.000000e+000 -0.000000e+000 1.000000e+000
    outer loop
      vertex   -7.792444e+001 5.722717e+001 3.000001e+000
      vertex   -7.415962e+001 5.405972e+001 3.000001e+000
      vertex   -7.510905e+001 5.616534e+001 3.000001e+000
    endloop
  endfacet
  facet normal -0.000000e+000 0.000000e+000 1.000000e+000
    outer loop
      vertex   -7.510905e+001 5.616534e+001 3.000001e+000
      vertex   -7.415962e+001 5.405972e+001 3.000001e+000
      vertex   -7.352376e+001 5.579744e+001 3.000001e+000
    endloop
  endfacet
  facet normal 0.000000e+000 0.000000e+000 1.000000e+000
    outer loop
      vertex   -7.510905e+001 6.288160e+001 3.000001e+000
      vertex   -7.510905e+001 5.616534e+001 3.000001e+000
      vertex   -7.352376e+001 5.579744e+001 3.000001e+000
    endloop
  endfacet
  facet normal -0.000000e+000 0.000000e+000 1.000000e+000
    outer loop
      vertex   -8.500332e+001 5.854355e+001 3.000001e+000
      vertex   -8.827944e+001 5.587309e+001 3.000001e+000
      vertex   -8.467229e+001 5.752325e+001 3.000001e+000
    endloop
  endfacet
  facet normal 0.000000e+000 0.000000e+000 1.000000e+000
    outer loop
      vertex   -8.467229e+001 5.752325e+001 3.000001e+000
      vertex   -8.827944e+001 5.587309e+001 3.000001e+000
      vertex   -8.826944e+001 5.459112e+001 3.000001e+000
    endloop
  endfacet
  facet normal -1.462038e-016 -1.141193e-018 1.000000e+000
    outer loop
      vertex   -8.826944e+001 5.459112e+001 3.000001e+000
      vertex   -8.827944e+001 5.587309e+001 3.000001e+000
      vertex   -9.132574e+001 5.700397e+001 3.000001e+000
    endloop
  endfacet
  facet normal -3.949317e-016 -6.711489e-016 1.000000e+000
    outer loop
      vertex   -9.132574e+001 5.700397e+001 3.000001e+000
      vertex   -8.827944e+001 5.587309e+001 3.000001e+000
      vertex   -9.176971e+001 5.792691e+001 3.000001e+000
    endloop
  endfacet
  facet normal 2.743992e-016 -3.491713e-016 1.000000e+000
    outer loop
      vertex   -9.891538e+001 5.231143e+001 3.000001e+000
      vertex   -9.132574e+001 5.700397e+001 3.000001e+000
      vertex   -9.176971e+001 5.792691e+001 3.000001e+000
    endloop
  endfacet
  facet normal 1.155288e-016 -9.221704e-017 1.000000e+000
    outer loop
      vertex   -9.891538e+001 5.231143e+001 3.000001e+000
      vertex   -1.016392e+002 4.889906e+001 3.000001e+000
      vertex   -9.132574e+001 5.700397e+001 3.000001e+000
    endloop
  endfacet
  facet normal 0.000000e+000 0.000000e+000 1.000000e+000
    outer loop
      vertex   -9.891538e+001 5.231143e+001 3.000001e+000
      vertex   -9.963058e+001 5.313733e+001 3.000001e+000
      vertex   -1.016392e+002 4.889906e+001 3.000001e+000
    endloop
  endfacet
  facet normal 0.000000e+000 -0.000000e+000 1.000000e+000
    outer loop
      vertex   -9.891538e+001 5.231143e+001 3.000001e+000
      vertex   -9.863058e+001 5.291237e+001 3.000001e+000
      vertex   -9.963058e+001 5.313733e+001 3.000001e+000
    endloop
  endfacet
  facet normal -0.000000e+000 -0.000000e+000 1.000000e+000
    outer loop
      vertex   -9.963058e+001 5.313733e+001 3.000001e+000
      vertex   -9.863058e+001 5.291237e+001 3.000001e+000
      vertex   -1.023161e+002 5.942149e+001 3.000001e+000
    endloop
  endfacet
  facet normal -2.662996e-015 -1.138032e-015 1.000000e+000
    outer loop
      vertex   -1.024472e+002 5.933807e+001 3.000001e+000
      vertex   -9.963058e+001 5.313733e+001 3.000001e+000
      vertex   -1.023161e+002 5.942149e+001 3.000001e+000
    endloop
  endfacet
  facet normal 1.197627e-015 6.156342e-016 1.000000e+000
    outer loop
      vertex   -1.024472e+002 5.933807e+001 3.000001e+000
      vertex   -1.000392e+002 5.321096e+001 3.000001e+000
      vertex   -9.963058e+001 5.313733e+001 3.000001e+000
    endloop
  endfacet
  facet normal -1.298577e-016 9.392375e-017 1.000000e+000
    outer loop
      vertex   -1.024472e+002 5.933807e+001 3.000001e+000
      vertex   -1.027552e+002 5.418415e+001 3.000001e+000
      vertex   -1.000392e+002 5.321096e+001 3.000001e+000
    endloop
  endfacet
  facet normal 3.295461e-015 -1.107236e-016 1.000000e+000
    outer loop
      vertex   -1.024472e+002 5.933807e+001 3.000001e+000
      vertex   -1.025844e+002 5.926511e+001 3.000001e+000
      vertex   -1.027552e+002 5.418415e+001 3.000001e+000
    endloop
  endfacet
  facet normal 2.474281e-015 -8.313288e-017 1.000000e+000
    outer loop
      vertex   -1.027552e+002 5.418415e+001 3.000001e+000
      vertex   -1.025844e+002 5.926511e+001 3.000001e+000
      vertex   -1.031067e+002 5.440437e+001 3.000001e+000
    endloop
  endfacet
  facet normal 1.186074e-016 1.699808e-016 1.000000e+000
    outer loop
      vertex   -1.031067e+002 5.440437e+001 3.000001e+000
      vertex   -1.025844e+002 5.926511e+001 3.000001e+000
      vertex   -1.034469e+002 5.464175e+001 3.000001e+000
    endloop
  endfacet
  facet normal 1.302296e-016 1.678127e-016 1.000000e+000
    outer loop
      vertex   -1.034469e+002 5.464175e+001 3.000001e+000
      vertex   -1.025844e+002 5.926511e+001 3.000001e+000
      vertex   -1.037746e+002 5.489605e+001 3.000001e+000
    endloop
  endfacet
  facet normal -2.147919e-015 7.884009e-016 1.000000e+000
    outer loop
      vertex   -1.037746e+002 5.489605e+001 3.000001e+000
      vertex   -1.025844e+002 5.926511e+001 3.000001e+000
      vertex   -1.040887e+002 5.516700e+001 3.000001e+000
    endloop
  endfacet
  facet normal 0.000000e+000 -0.000000e+000 1.000000e+000
    outer loop
      vertex   -1.040887e+002 5.516700e+001 3.000001e+000
      vertex   -1.025844e+002 5.926511e+001 3.000001e+000
      vertex   -1.027269e+002 5.920301e+001 3.000001e+000
    endloop
  endfacet
  facet normal 1.714862e-016 1.609342e-016 1.000000e+000
    outer loop
      vertex   -1.043880e+002 5.545417e+001 3.000001e+000
      vertex   -1.027269e+002 5.920301e+001 3.000001e+000
      vertex   -1.046719e+002 5.575667e+001 3.000001e+000
    endloop
  endfacet
  facet normal 2.241358e-015 -7.562424e-016 1.000000e+000
    outer loop
      vertex   -1.043880e+002 5.545417e+001 3.000001e+000
      vertex   -1.040887e+002 5.516700e+001 3.000001e+000
      vertex   -1.027269e+002 5.920301e+001 3.000001e+000
    endloop
  endfacet
  facet normal 0.000000e+000 0.000000e+000 1.000000e+000
    outer loop
      vertex   -8.827944e+001 5.587309e+001 3.000001e+000
      vertex   -9.166600e+001 5.854667e+001 3.000001e+000
      vertex   -9.176971e+001 5.792691e+001 3.000001e+000
    endloop
  endfacet
  facet normal 0.000000e+000 -0.000000e+000 1.000000e+000
    outer loop
      vertex   -9.176971e+001 5.792691e+001 3.000001e+000
      vertex   -9.166600e+001 5.854667e+001 3.000001e+000
      vertex   -9.220083e+001 5.828064e+001 3.000001e+000
    endloop
  endfacet
  facet normal 0.000000e+000 -0.000000e+000 1.000000e+000
    outer loop
      vertex   -9.220083e+001 5.828064e+001 3.000001e+000
      vertex   -9.166600e+001 5.854667e+001 3.000001e+000
      vertex   -9.220083e+001 6.902886e+001 3.000001e+000
    endloop
  endfacet
  facet normal -0.000000e+000 0.000000e+000 1.000000e+000
    outer loop
      vertex   -9.220083e+001 6.902886e+001 3.000001e+000
      vertex   -9.166600e+001 5.854667e+001 3.000001e+000
      vertex   -9.166600e+001 6.906606e+001 3.000001e+000
    endloop
  endfacet
  facet normal 2.996436e-017 -4.308207e-016 1.000000e+000
    outer loop
      vertex   -9.195920e+001 7.007646e+001 3.000001e+000
      vertex   -9.220083e+001 6.902886e+001 3.000001e+000
      vertex   -9.166600e+001 6.906606e+001 3.000001e+000
    endloop
  endfacet
  facet normal -2.517384e-016 -3.658456e-016 1.000000e+000
    outer loop
      vertex   -9.195920e+001 7.007646e+001 3.000001e+000
      vertex   -9.334031e+001 6.981293e+001 3.000001e+000
      vertex   -9.220083e+001 6.902886e+001 3.000001e+000
    endloop
  endfacet
  facet normal -2.517382e-016 -3.658463e-016 1.000000e+000
    outer loop
      vertex   -9.195920e+001 7.007646e+001 3.000001e+000
      vertex   -9.302950e+001 7.081293e+001 3.000001e+000
      vertex   -9.334031e+001 6.981293e+001 3.000001e+000
    endloop
  endfacet
  facet normal 0.000000e+000 -4.440896e-016 1.000000e+000
    outer loop
      vertex   -9.334031e+001 6.981293e+001 3.000001e+000
      vertex   -9.302950e+001 7.081293e+001 3.000001e+000
      vertex   -9.903035e+001 6.981293e+001 3.000001e+000
    endloop
  endfacet
  facet normal -5.316148e-017 -1.250749e-016 1.000000e+000
    outer loop
      vertex   -9.903035e+001 6.981293e+001 3.000001e+000
      vertex   -9.302950e+001 7.081293e+001 3.000001e+000
      vertex   -1.013831e+002 7.081293e+001 3.000001e+000
    endloop
  endfacet
  facet normal 0.000000e+000 -0.000000e+000 1.000000e+000
    outer loop
      vertex   -9.963058e+001 6.899469e+001 3.000001e+000
      vertex   -9.903035e+001 6.981293e+001 3.000001e+000
      vertex   -1.013831e+002 7.081293e+001 3.000001e+000
    endloop
  endfacet
  facet normal 0.000000e+000 -0.000000e+000 1.000000e+000
    outer loop
      vertex   -9.963058e+001 6.899469e+001 3.000001e+000
      vertex   -9.863058e+001 6.939817e+001 3.000001e+000
      vertex   -9.903035e+001 6.981293e+001 3.000001e+000
    endloop
  endfacet
  facet normal -6.371681e-017 1.579216e-016 1.000000e+000
    outer loop
      vertex   -9.963058e+001 6.899469e+001 3.000001e+000
      vertex   -1.019834e+002 6.242121e+001 3.000001e+000
      vertex   -9.863058e+001 6.939817e+001 3.000001e+000
    endloop
  endfacet
  facet normal -5.858296e-015 2.231991e-015 1.000000e+000
    outer loop
      vertex   -9.963058e+001 6.899469e+001 3.000001e+000
      vertex   -1.020931e+002 6.253132e+001 3.000001e+000
      vertex   -1.019834e+002 6.242121e+001 3.000001e+000
    endloop
  endfacet
  facet normal 0.000000e+000 0.000000e+000 1.000000e+000
    outer loop
      vertex   -9.963058e+001 6.899469e+001 3.000001e+000
      vertex   -1.022110e+002 6.263257e+001 3.000001e+000
      vertex   -1.020931e+002 6.253132e+001 3.000001e+000
    endloop
  endfacet
  facet normal 2.730802e-015 -1.107587e-015 1.000000e+000
    outer loop
      vertex   -9.963058e+001 6.899469e+001 3.000001e+000
      vertex   -1.023364e+002 6.272438e+001 3.000001e+000
      vertex   -1.022110e+002 6.263257e+001 3.000001e+000
    endloop
  endfacet
  facet normal -2.617815e-015 1.200479e-015 1.000000e+000
    outer loop
      vertex   -9.963058e+001 6.899469e+001 3.000001e+000
      vertex   -1.024685e+002 6.280619e+001 3.000001e+000
      vertex   -1.023364e+002 6.272438e+001 3.000001e+000
    endloop
  endfacet
  facet normal 2.369168e-015 -1.086454e-015 1.000000e+000
    outer loop
      vertex   -9.963058e+001 6.899469e+001 3.000001e+000
      vertex   -1.000392e+002 6.892107e+001 3.000001e+000
      vertex   -1.024685e+002 6.280619e+001 3.000001e+000
    endloop
  endfacet
  facet normal -3.206219e-016 -1.787431e-017 1.000000e+000
    outer loop
      vertex   -1.024685e+002 6.280619e+001 3.000001e+000
      vertex   -1.000392e+002 6.892107e+001 3.000001e+000
      vertex   -1.027552e+002 6.794788e+001 3.000001e+000
    endloop
  endfacet
  facet normal 2.441107e-015 1.360890e-016 1.000000e+000
    outer loop
      vertex   -1.031067e+002 6.772766e+001 3.000001e+000
      vertex   -1.024685e+002 6.280619e+001 3.000001e+000
      vertex   -1.027552e+002 6.794788e+001 3.000001e+000
    endloop
  endfacet
  facet normal -6.992718e-015 -1.087275e-015 1.000000e+000
    outer loop
      vertex   -1.031067e+002 6.772766e+001 3.000001e+000
      vertex   -1.026066e+002 6.287746e+001 3.000001e+000
      vertex   -1.024685e+002 6.280619e+001 3.000001e+000
    endloop
  endfacet
  facet normal 2.384020e-016 -3.416617e-016 1.000000e+000
    outer loop
      vertex   -1.031067e+002 6.772766e+001 3.000001e+000
      vertex   -1.034469e+002 6.749028e+001 3.000001e+000
      vertex   -1.026066e+002 6.287746e+001 3.000001e+000
    endloop
  endfacet
  facet normal 2.618324e-016 -3.373934e-016 1.000000e+000
    outer loop
      vertex   -1.026066e+002 6.287746e+001 3.000001e+000
      vertex   -1.034469e+002 6.749028e+001 3.000001e+000
      vertex   -1.037746e+002 6.723598e+001 3.000001e+000
    endloop
  endfacet
  facet normal -2.011441e-015 -9.465895e-016 1.000000e+000
    outer loop
      vertex   -1.040887e+002 6.696503e+001 3.000001e+000
      vertex   -1.026066e+002 6.287746e+001 3.000001e+000
      vertex   -1.037746e+002 6.723598e+001 3.000001e+000
    endloop
  endfacet
  facet normal 7.212350e-015 2.397743e-015 1.000000e+000
    outer loop
      vertex   -1.040887e+002 6.696503e+001 3.000001e+000
      vertex   -1.027498e+002 6.293781e+001 3.000001e+000
      vertex   -1.026066e+002 6.287746e+001 3.000001e+000
    endloop
  endfacet
  facet normal 2.249436e-015 7.478239e-016 1.000000e+000
    outer loop
      vertex   -1.040887e+002 6.696503e+001 3.000001e+000
      vertex   -1.043880e+002 6.667785e+001 3.000001e+000
      vertex   -1.027498e+002 6.293781e+001 3.000001e+000
    endloop
  endfacet
  facet normal 1.725243e-016 -1.619085e-016 1.000000e+000
    outer loop
      vertex   -1.027498e+002 6.293781e+001 3.000001e+000
      vertex   -1.043880e+002 6.667785e+001 3.000001e+000
      vertex   -1.046719e+002 6.637535e+001 3.000001e+000
    endloop
  endfacet
  facet normal -8.324229e-016 -6.980836e-016 1.000000e+000
    outer loop
      vertex   -1.028973e+002 6.298687e+001 3.000001e+000
      vertex   -1.046719e+002 6.637535e+001 3.000001e+000
      vertex   -1.049397e+002 6.605846e+001 3.000001e+000
    endloop
  endfacet
  facet normal -8.661700e-016 -6.863588e-016 1.000000e+000
    outer loop
      vertex   -1.030481e+002 6.302432e+001 3.000001e+000
      vertex   -1.049397e+002 6.605846e+001 3.000001e+000
      vertex   -1.051906e+002 6.572808e+001 3.000001e+000
    endloop
  endfacet
  facet normal 1.758186e-015 1.393198e-015 1.000000e+000
    outer loop
      vertex   -1.054240e+002 6.538513e+001 3.000001e+000
      vertex   -1.030481e+002 6.302432e+001 3.000001e+000
      vertex   -1.051906e+002 6.572808e+001 3.000001e+000
    endloop
  endfacet
  facet normal -7.558432e-017 -4.522838e-016 1.000000e+000
    outer loop
      vertex   -1.054240e+002 6.538513e+001 3.000001e+000
      vertex   -1.032014e+002 6.304993e+001 3.000001e+000
      vertex   -1.030481e+002 6.302432e+001 3.000001e+000
    endloop
  endfacet
  facet normal 2.439562e-016 -1.481491e-016 1.000000e+000
    outer loop
      vertex   -1.054240e+002 6.538513e+001 3.000001e+000
      vertex   -1.056393e+002 6.503055e+001 3.000001e+000
      vertex   -1.032014e+002 6.304993e+001 3.000001e+000
    endloop
  endfacet
  facet normal -4.441189e-017 -5.031014e-016 1.000000e+000
    outer loop
      vertex   -1.032014e+002 6.304993e+001 3.000001e+000
      vertex   -1.056393e+002 6.503055e+001 3.000001e+000
      vertex   -1.033562e+002 6.306360e+001 3.000001e+000
    endloop
  endfacet
  facet normal 2.657472e-016 -1.430843e-016 1.000000e+000
    outer loop
      vertex   -1.033562e+002 6.306360e+001 3.000001e+000
      vertex   -1.056393e+002 6.503055e+001 3.000001e+000
      vertex   -1.058360e+002 6.466529e+001 3.000001e+000
    endloop
  endfacet
  facet normal 3.422327e-017 -5.053626e-016 1.000000e+000
    outer loop
      vertex   -1.035116e+002 6.306519e+001 3.000001e+000
      vertex   -1.058360e+002 6.466529e+001 3.000001e+000
      vertex   -1.036666e+002 6.305469e+001 3.000001e+000
    endloop
  endfacet
  facet normal -5.782154e-018 -5.634772e-016 1.000000e+000
    outer loop
      vertex   -1.035116e+002 6.306519e+001 3.000001e+000
      vertex   -1.033562e+002 6.306360e+001 3.000001e+000
      vertex   -1.058360e+002 6.466529e+001 3.000001e+000
    endloop
  endfacet
  facet normal 0.000000e+000 0.000000e+000 1.000000e+000
    outer loop
      vertex   -8.115217e+001 5.593142e+001 3.000001e+000
      vertex   -8.444759e+001 5.863201e+001 3.000001e+000
      vertex   -8.467229e+001 5.752325e+001 3.000001e+000
    endloop
  endfacet
  facet normal -0.000000e+000 0.000000e+000 1.000000e+000
    outer loop
      vertex   -7.951739e+001 7.079832e+001 3.000001e+000
      vertex   -7.876421e+001 6.977585e+001 3.000001e+000
      vertex   -7.759816e+001 6.979832e+001 3.000001e+000
    endloop
  endfacet
  facet normal -0.000000e+000 0.000000e+000 1.000000e+000
    outer loop
      vertex   -7.349029e+001 7.079832e+001 3.000001e+000
      vertex   -7.759816e+001 6.979832e+001 3.000001e+000
      vertex   -7.425505e+001 6.979832e+001 3.000001e+000
    endloop
  endfacet
  facet normal 0.000000e+000 0.000000e+000 1.000000e+000
    outer loop
      vertex   -7.335760e+001 7.030944e+001 3.000001e+000
      vertex   -7.425505e+001 6.979832e+001 3.000001e+000
      vertex   -7.246579e+001 6.979715e+001 3.000001e+000
    endloop
  endfacet
  facet normal -0.000000e+000 0.000000e+000 1.000000e+000
    outer loop
      vertex   -7.321443e+001 7.079715e+001 3.000001e+000
      vertex   -7.246579e+001 6.979715e+001 3.000001e+000
      vertex   -6.890626e+001 6.979715e+001 3.000001e+000
    endloop
  endfacet
  facet normal 0.000000e+000 0.000000e+000 1.000000e+000
    outer loop
      vertex   -6.602022e+001 7.079715e+001 3.000001e+000
      vertex   -6.890626e+001 6.979715e+001 3.000001e+000
      vertex   -6.863378e+001 6.873886e+001 3.000001e+000
    endloop
  endfacet
  facet normal 0.000000e+000 0.000000e+000 1.000000e+000
    outer loop
      vertex   -6.602022e+001 7.079715e+001 3.000001e+000
      vertex   -7.321443e+001 7.079715e+001 3.000001e+000
      vertex   -6.890626e+001 6.979715e+001 3.000001e+000
    endloop
  endfacet
  facet normal 7.852973e-016 4.250034e-017 1.000000e+000
    outer loop
      vertex   -7.776166e+001 6.908534e+001 3.000001e+000
      vertex   -7.776166e+001 5.863626e+001 3.000001e+000
      vertex   -7.719569e+001 5.862762e+001 3.000001e+000
    endloop
  endfacet
  facet normal 7.717585e-016 -8.440403e-016 1.000000e+000
    outer loop
      vertex   -7.719569e+001 5.862762e+001 3.000001e+000
      vertex   -7.776166e+001 5.863626e+001 3.000001e+000
      vertex   -7.759823e+001 5.825956e+001 3.000001e+000
    endloop
  endfacet
  facet normal 0.000000e+000 -0.000000e+000 1.000000e+000
    outer loop
      vertex   -7.339529e+001 6.663066e+001 3.000001e+000
      vertex   -7.246579e+001 6.979715e+001 3.000001e+000
      vertex   -7.425505e+001 6.979832e+001 3.000001e+000
    endloop
  endfacet
  facet normal -0.000000e+000 -0.000000e+000 1.000000e+000
    outer loop
      vertex   -7.335760e+001 7.030944e+001 3.000001e+000
      vertex   -7.246579e+001 6.979715e+001 3.000001e+000
      vertex   -7.321443e+001 7.079715e+001 3.000001e+000
    endloop
  endfacet
  facet normal 0.000000e+000 0.000000e+000 1.000000e+000
    outer loop
      vertex   -6.890626e+001 6.979715e+001 3.000001e+000
      vertex   -6.963378e+001 6.922419e+001 3.000001e+000
      vertex   -6.863378e+001 6.873886e+001 3.000001e+000
    endloop
  endfacet
  facet normal 0.000000e+000 0.000000e+000 1.000000e+000
    outer loop
      vertex   -6.863378e+001 6.873886e+001 3.000001e+000
      vertex   -6.963378e+001 6.922419e+001 3.000001e+000
      vertex   -6.963378e+001 5.287792e+001 3.000001e+000
    endloop
  endfacet
  facet normal 0.000000e+000 0.000000e+000 1.000000e+000
    outer loop
      vertex   -6.863378e+001 5.304433e+001 3.000001e+000
      vertex   -6.963378e+001 5.287792e+001 3.000001e+000
      vertex   -6.918874e+001 5.157773e+001 3.000001e+000
    endloop
  endfacet
  facet normal 0.000000e+000 0.000000e+000 1.000000e+000
    outer loop
      vertex   -6.714494e+001 4.869471e+001 3.000001e+000
      vertex   -6.918874e+001 5.157773e+001 3.000001e+000
      vertex   -7.415962e+001 5.405972e+001 3.000001e+000
    endloop
  endfacet
  facet normal 0.000000e+000 0.000000e+000 1.000000e+000
    outer loop
      vertex   -6.714494e+001 4.869471e+001 3.000001e+000
      vertex   -6.863378e+001 5.304433e+001 3.000001e+000
      vertex   -6.918874e+001 5.157773e+001 3.000001e+000
    endloop
  endfacet
  facet normal -0.000000e+000 0.000000e+000 1.000000e+000
    outer loop
      vertex   -6.863378e+001 6.873886e+001 3.000001e+000
      vertex   -6.963378e+001 5.287792e+001 3.000001e+000
      vertex   -6.863378e+001 5.304433e+001 3.000001e+000
    endloop
  endfacet
  facet normal 0.000000e+000 0.000000e+000 1.000000e+000
    outer loop
      vertex   -6.918874e+001 5.157773e+001 3.000001e+000
      vertex   -7.237720e+001 5.408946e+001 3.000001e+000
      vertex   -7.415962e+001 5.405972e+001 3.000001e+000
    endloop
  endfacet
  facet normal 0.000000e+000 0.000000e+000 1.000000e+000
    outer loop
      vertex   -7.415962e+001 5.405972e+001 3.000001e+000
      vertex   -7.237720e+001 5.408946e+001 3.000001e+000
      vertex   -7.203515e+001 5.440234e+001 3.000001e+000
    endloop
  endfacet
  facet normal -0.000000e+000 0.000000e+000 1.000000e+000
    outer loop
      vertex   -7.352376e+001 5.579744e+001 3.000001e+000
      vertex   -7.203515e+001 5.440234e+001 3.000001e+000
      vertex   -7.203515e+001 6.196788e+001 3.000001e+000
    endloop
  endfacet
  facet normal -0.000000e+000 0.000000e+000 1.000000e+000
    outer loop
      vertex   -7.352376e+001 5.579744e+001 3.000001e+000
      vertex   -7.415962e+001 5.405972e+001 3.000001e+000
      vertex   -7.203515e+001 5.440234e+001 3.000001e+000
    endloop
  endfacet
  facet normal -0.000000e+000 0.000000e+000 1.000000e+000
    outer loop
      vertex   -7.951739e+001 7.079832e+001 3.000001e+000
      vertex   -7.759816e+001 6.979832e+001 3.000001e+000
      vertex   -7.349029e+001 7.079832e+001 3.000001e+000
    endloop
  endfacet
  facet normal 0.000000e+000 0.000000e+000 1.000000e+000
    outer loop
      vertex   -1.054247e+002 6.075638e+001 3.000001e+000
      vertex   -1.054543e+002 6.106601e+001 3.000001e+000
      vertex   -1.066936e+002 6.106601e+001 3.000001e+000
    endloop
  endfacet
  facet normal 5.259679e-016 2.155429e-015 1.000000e+000
    outer loop
      vertex   -1.066828e+002 6.065131e+001 3.000001e+000
      vertex   -1.054247e+002 6.075638e+001 3.000001e+000
      vertex   -1.066936e+002 6.106601e+001 3.000001e+000
    endloop
  endfacet
  facet normal 6.960992e-016 1.182778e-016 1.000000e+000
    outer loop
      vertex   -1.066828e+002 6.065131e+001 3.000001e+000
      vertex   -1.053988e+002 6.060390e+001 3.000001e+000
      vertex   -1.054247e+002 6.075638e+001 3.000001e+000
    endloop
  endfacet
  facet normal 6.984530e-016 1.820183e-016 1.000000e+000
    outer loop
      vertex   -1.066828e+002 6.065131e+001 3.000001e+000
      vertex   -1.053598e+002 6.045421e+001 3.000001e+000
      vertex   -1.053988e+002 6.060390e+001 3.000001e+000
    endloop
  endfacet
  facet normal 6.792466e-016 5.309812e-017 1.000000e+000
    outer loop
      vertex   -1.066828e+002 6.065131e+001 3.000001e+000
      vertex   -1.066505e+002 6.023773e+001 3.000001e+000
      vertex   -1.053598e+002 6.045421e+001 3.000001e+000
    endloop
  endfacet
  facet normal 6.486913e-016 2.352692e-016 1.000000e+000
    outer loop
      vertex   -1.053598e+002 6.045421e+001 3.000001e+000
      vertex   -1.066505e+002 6.023773e+001 3.000001e+000
      vertex   -1.053069e+002 6.030822e+001 3.000001e+000
    endloop
  endfacet
  facet normal 6.453880e-016 2.982328e-016 1.000000e+000
    outer loop
      vertex   -1.053069e+002 6.030822e+001 3.000001e+000
      vertex   -1.066505e+002 6.023773e+001 3.000001e+000
      vertex   -1.052415e+002 6.016680e+001 3.000001e+000
    endloop
  endfacet
  facet normal 6.345470e-016 8.290056e-017 1.000000e+000
    outer loop
      vertex   -1.052415e+002 6.016680e+001 3.000001e+000
      vertex   -1.066505e+002 6.023773e+001 3.000001e+000
      vertex   -1.065968e+002 5.982638e+001 3.000001e+000
    endloop
  endfacet
  facet normal -1.631977e-016 3.315197e-015 1.000000e+000
    outer loop
      vertex   -1.051653e+002 6.003080e+001 3.000001e+000
      vertex   -1.065968e+002 5.982638e+001 3.000001e+000
      vertex   -1.050795e+002 5.990107e+001 3.000001e+000
    endloop
  endfacet
  facet normal -1.445422e-016 3.184566e-015 1.000000e+000
    outer loop
      vertex   -1.051653e+002 6.003080e+001 3.000001e+000
      vertex   -1.052415e+002 6.016680e+001 3.000001e+000
      vertex   -1.065968e+002 5.982638e+001 3.000001e+000
    endloop
  endfacet
  facet normal 6.958772e-016 -1.254511e-016 1.000000e+000
    outer loop
      vertex   -1.053936e+002 6.155198e+001 3.000001e+000
      vertex   -1.066828e+002 6.148072e+001 3.000001e+000
      vertex   -1.054225e+002 6.139180e+001 3.000001e+000
    endloop
  endfacet
  facet normal 6.919327e-016 -5.408985e-017 1.000000e+000
    outer loop
      vertex   -1.053936e+002 6.155198e+001 3.000001e+000
      vertex   -1.066505e+002 6.189430e+001 3.000001e+000
      vertex   -1.066828e+002 6.148072e+001 3.000001e+000
    endloop
  endfacet
  facet normal 6.566841e-016 -1.835073e-016 1.000000e+000
    outer loop
      vertex   -1.053936e+002 6.155198e+001 3.000001e+000
      vertex   -1.053498e+002 6.170889e+001 3.000001e+000
      vertex   -1.066505e+002 6.189430e+001 3.000001e+000
    endloop
  endfacet
  facet normal 6.471948e-016 -2.500775e-016 1.000000e+000
    outer loop
      vertex   -1.066505e+002 6.189430e+001 3.000001e+000
      vertex   -1.053498e+002 6.170889e+001 3.000001e+000
      vertex   -1.052908e+002 6.186150e+001 3.000001e+000
    endloop
  endfacet
  facet normal 5.737227e-016 -3.296183e-015 1.000000e+000
    outer loop
      vertex   -1.052186e+002 6.200881e+001 3.000001e+000
      vertex   -1.066505e+002 6.189430e+001 3.000001e+000
      vertex   -1.052908e+002 6.186150e+001 3.000001e+000
    endloop
  endfacet
  facet normal 3.134072e-016 -4.094516e-017 1.000000e+000
    outer loop
      vertex   -1.052186e+002 6.200881e+001 3.000001e+000
      vertex   -1.065968e+002 6.230565e+001 3.000001e+000
      vertex   -1.066505e+002 6.189430e+001 3.000001e+000
    endloop
  endfacet
  facet normal 8.871676e-016 2.622963e-015 1.000000e+000
    outer loop
      vertex   -1.052186e+002 6.200881e+001 3.000001e+000
      vertex   -1.051348e+002 6.214979e+001 3.000001e+000
      vertex   -1.065968e+002 6.230565e+001 3.000001e+000
    endloop
  endfacet
  facet normal 8.943411e-016 2.690252e-015 1.000000e+000
    outer loop
      vertex   -1.065968e+002 6.230565e+001 3.000001e+000
      vertex   -1.051348e+002 6.214979e+001 3.000001e+000
      vertex   -1.050405e+002 6.228352e+001 3.000001e+000
    endloop
  endfacet
  facet normal 1.068374e-015 2.646596e-015 1.000000e+000
    outer loop
      vertex   -1.065217e+002 6.271365e+001 3.000001e+000
      vertex   -1.050405e+002 6.228352e+001 3.000001e+000
      vertex   -1.049360e+002 6.240913e+001 3.000001e+000
    endloop
  endfacet
  facet normal -1.440756e-016 -3.666892e-015 1.000000e+000
    outer loop
      vertex   -1.048216e+002 6.252574e+001 3.000001e+000
      vertex   -1.065217e+002 6.271365e+001 3.000001e+000
      vertex   -1.049360e+002 6.240913e+001 3.000001e+000
    endloop
  endfacet
  facet normal 1.748519e-017 -2.205124e-015 1.000000e+000
    outer loop
      vertex   -1.048216e+002 6.252574e+001 3.000001e+000
      vertex   -1.064255e+002 6.311719e+001 3.000001e+000
      vertex   -1.065217e+002 6.271365e+001 3.000001e+000
    endloop
  endfacet
  facet normal 5.818996e-016 -6.744588e-016 1.000000e+000
    outer loop
      vertex   -1.048216e+002 6.252574e+001 3.000001e+000
      vertex   -1.046977e+002 6.263257e+001 3.000001e+000
      vertex   -1.064255e+002 6.311719e+001 3.000001e+000
    endloop
  endfacet
  facet normal -3.764800e-016 -4.091359e-015 1.000000e+000
    outer loop
      vertex   -1.064255e+002 6.311719e+001 3.000001e+000
      vertex   -1.046977e+002 6.263257e+001 3.000001e+000
      vertex   -1.045655e+002 6.272894e+001 3.000001e+000
    endloop
  endfacet
  facet normal 3.558157e-016 -5.829927e-016 1.000000e+000
    outer loop
      vertex   -1.044258e+002 6.281419e+001 3.000001e+000
      vertex   -1.064255e+002 6.311719e+001 3.000001e+000
      vertex   -1.045655e+002 6.272894e+001 3.000001e+000
    endloop
  endfacet
  facet normal 4.252096e-016 -1.250011e-016 1.000000e+000
    outer loop
      vertex   -1.044258e+002 6.281419e+001 3.000001e+000
      vertex   -1.063085e+002 6.351519e+001 3.000001e+000
      vertex   -1.064255e+002 6.311719e+001 3.000001e+000
    endloop
  endfacet
  facet normal 2.711149e-016 -5.388661e-016 1.000000e+000
    outer loop
      vertex   -1.044258e+002 6.281419e+001 3.000001e+000
      vertex   -1.042797e+002 6.288772e+001 3.000001e+000
      vertex   -1.063085e+002 6.351519e+001 3.000001e+000
    endloop
  endfacet
  facet normal 2.481466e-016 -6.131320e-016 1.000000e+000
    outer loop
      vertex   -1.063085e+002 6.351519e+001 3.000001e+000
      vertex   -1.042797e+002 6.288772e+001 3.000001e+000
      vertex   -1.041281e+002 6.294909e+001 3.000001e+000
    endloop
  endfacet
  facet normal 1.739037e-016 -5.565470e-016 1.000000e+000
    outer loop
      vertex   -1.061711e+002 6.390659e+001 3.000001e+000
      vertex   -1.041281e+002 6.294909e+001 3.000001e+000
      vertex   -1.039719e+002 6.299787e+001 3.000001e+000
    endloop
  endfacet
  facet normal 1.430404e-016 -6.312364e-016 1.000000e+000
    outer loop
      vertex   -1.038204e+002 6.303221e+001 3.000001e+000
      vertex   -1.061711e+002 6.390659e+001 3.000001e+000
      vertex   -1.039719e+002 6.299787e+001 3.000001e+000
    endloop
  endfacet
  facet normal 1.074603e-015 1.873157e-015 1.000000e+000
    outer loop
      vertex   -1.038204e+002 6.303221e+001 3.000001e+000
      vertex   -1.060134e+002 6.429031e+001 3.000001e+000
      vertex   -1.061711e+002 6.390659e+001 3.000001e+000
    endloop
  endfacet
  facet normal 0.000000e+000 -0.000000e+000 1.000000e+000
    outer loop
      vertex   -1.038204e+002 6.303221e+001 3.000001e+000
      vertex   -1.036666e+002 6.305469e+001 3.000001e+000
      vertex   -1.060134e+002 6.429031e+001 3.000001e+000
    endloop
  endfacet
  facet normal -9.983768e-016 -1.896198e-015 1.000000e+000
    outer loop
      vertex   -1.060134e+002 6.429031e+001 3.000001e+000
      vertex   -1.036666e+002 6.305469e+001 3.000001e+000
      vertex   -1.058360e+002 6.466529e+001 3.000001e+000
    endloop
  endfacet
  facet normal 8.847300e-016 2.014198e-015 1.000000e+000
    outer loop
      vertex   -1.065968e+002 6.230565e+001 3.000001e+000
      vertex   -1.050405e+002 6.228352e+001 3.000001e+000
      vertex   -1.065217e+002 6.271365e+001 3.000001e+000
    endloop
  endfacet
  facet normal 3.732845e-016 -1.311329e-016 1.000000e+000
    outer loop
      vertex   -1.063085e+002 6.351519e+001 3.000001e+000
      vertex   -1.041281e+002 6.294909e+001 3.000001e+000
      vertex   -1.061711e+002 6.390659e+001 3.000001e+000
    endloop
  endfacet
  facet normal -4.298831e-017 -1.731642e-016 1.000000e+000
    outer loop
      vertex   -1.030481e+002 6.302432e+001 3.000001e+000
      vertex   -1.028973e+002 6.298687e+001 3.000001e+000
      vertex   -1.049397e+002 6.605846e+001 3.000001e+000
    endloop
  endfacet
  facet normal -1.056339e-016 -3.174409e-016 1.000000e+000
    outer loop
      vertex   -1.028973e+002 6.298687e+001 3.000001e+000
      vertex   -1.027498e+002 6.293781e+001 3.000001e+000
      vertex   -1.046719e+002 6.637535e+001 3.000001e+000
    endloop
  endfacet
  facet normal 9.554813e-017 8.138480e-017 1.000000e+000
    outer loop
      vertex   -1.019834e+002 6.242121e+001 3.000001e+000
      vertex   -1.018827e+002 6.230290e+001 3.000001e+000
      vertex   -9.863058e+001 6.939817e+001 3.000001e+000
    endloop
  endfacet
  facet normal 1.056926e-016 7.673510e-017 1.000000e+000
    outer loop
      vertex   -9.863058e+001 6.939817e+001 3.000001e+000
      vertex   -1.018827e+002 6.230290e+001 3.000001e+000
      vertex   -1.017914e+002 6.217715e+001 3.000001e+000
    endloop
  endfacet
  facet normal 6.495614e-015 -2.720271e-015 1.000000e+000
    outer loop
      vertex   -1.017101e+002 6.204468e+001 3.000001e+000
      vertex   -9.863058e+001 6.939817e+001 3.000001e+000
      vertex   -1.017914e+002 6.217715e+001 3.000001e+000
    endloop
  endfacet
  facet normal -0.000000e+000 0.000000e+000 1.000000e+000
    outer loop
      vertex   -1.017101e+002 6.204468e+001 3.000001e+000
      vertex   -1.016394e+002 6.190630e+001 3.000001e+000
      vertex   -9.863058e+001 6.939817e+001 3.000001e+000
    endloop
  endfacet
  facet normal 0.000000e+000 0.000000e+000 1.000000e+000
    outer loop
      vertex   -9.863058e+001 6.939817e+001 3.000001e+000
      vertex   -1.016394e+002 6.190630e+001 3.000001e+000
      vertex   -1.015796e+002 6.176284e+001 3.000001e+000
    endloop
  endfacet
  facet normal 0.000000e+000 -0.000000e+000 1.000000e+000
    outer loop
      vertex   -1.015312e+002 6.161519e+001 3.000001e+000
      vertex   -9.863058e+001 6.939817e+001 3.000001e+000
      vertex   -1.015796e+002 6.176284e+001 3.000001e+000
    endloop
  endfacet
  facet normal -0.000000e+000 0.000000e+000 1.000000e+000
    outer loop
      vertex   -1.015312e+002 6.161519e+001 3.000001e+000
      vertex   -1.014944e+002 6.146422e+001 3.000001e+000
      vertex   -9.863058e+001 6.939817e+001 3.000001e+000
    endloop
  endfacet
  facet normal 5.526703e-015 -1.994877e-015 1.000000e+000
    outer loop
      vertex   -9.863058e+001 6.939817e+001 3.000001e+000
      vertex   -1.014944e+002 6.146422e+001 3.000001e+000
      vertex   -1.014694e+002 6.131083e+001 3.000001e+000
    endloop
  endfacet
  facet normal -6.715977e-015 2.302509e-015 1.000000e+000
    outer loop
      vertex   -1.014563e+002 6.115598e+001 3.000001e+000
      vertex   -9.863058e+001 6.939817e+001 3.000001e+000
      vertex   -1.014694e+002 6.131083e+001 3.000001e+000
    endloop
  endfacet
  facet normal -0.000000e+000 0.000000e+000 1.000000e+000
    outer loop
      vertex   -1.014563e+002 6.115598e+001 3.000001e+000
      vertex   -9.863058e+001 5.291237e+001 3.000001e+000
      vertex   -9.863058e+001 6.939817e+001 3.000001e+000
    endloop
  endfacet
  facet normal 0.000000e+000 0.000000e+000 1.000000e+000
    outer loop
      vertex   -1.014563e+002 6.115598e+001 3.000001e+000
      vertex   -1.014554e+002 6.100058e+001 3.000001e+000
      vertex   -9.863058e+001 5.291237e+001 3.000001e+000
    endloop
  endfacet
  facet normal -6.803974e-015 -2.376281e-015 1.000000e+000
    outer loop
      vertex   -9.863058e+001 5.291237e+001 3.000001e+000
      vertex   -1.014554e+002 6.100058e+001 3.000001e+000
      vertex   -1.014665e+002 6.084557e+001 3.000001e+000
    endloop
  endfacet
  facet normal 5.579876e-015 2.050652e-015 1.000000e+000
    outer loop
      vertex   -1.014896e+002 6.069190e+001 3.000001e+000
      vertex   -9.863058e+001 5.291237e+001 3.000001e+000
      vertex   -1.014665e+002 6.084557e+001 3.000001e+000
    endloop
  endfacet
  facet normal 0.000000e+000 0.000000e+000 1.000000e+000
    outer loop
      vertex   -1.014896e+002 6.069190e+001 3.000001e+000
      vertex   -1.015246e+002 6.054048e+001 3.000001e+000
      vertex   -9.863058e+001 5.291237e+001 3.000001e+000
    endloop
  endfacet
  facet normal 0.000000e+000 0.000000e+000 1.000000e+000
    outer loop
      vertex   -9.863058e+001 5.291237e+001 3.000001e+000
      vertex   -1.015246e+002 6.054048e+001 3.000001e+000
      vertex   -1.015712e+002 6.039224e+001 3.000001e+000
    endloop
  endfacet
  facet normal -0.000000e+000 -0.000000e+000 1.000000e+000
    outer loop
      vertex   -1.016292e+002 6.024807e+001 3.000001e+000
      vertex   -9.863058e+001 5.291237e+001 3.000001e+000
      vertex   -1.015712e+002 6.039224e+001 3.000001e+000
    endloop
  endfacet
  facet normal 0.000000e+000 0.000000e+000 1.000000e+000
    outer loop
      vertex   -1.016292e+002 6.024807e+001 3.000001e+000
      vertex   -1.016982e+002 6.010882e+001 3.000001e+000
      vertex   -9.863058e+001 5.291237e+001 3.000001e+000
    endloop
  endfacet
  facet normal 0.000000e+000 0.000000e+000 1.000000e+000
    outer loop
      vertex   -9.863058e+001 5.291237e+001 3.000001e+000
      vertex   -1.016982e+002 6.010882e+001 3.000001e+000
      vertex   -1.017779e+002 5.997537e+001 3.000001e+000
    endloop
  endfacet
  facet normal -0.000000e+000 -0.000000e+000 1.000000e+000
    outer loop
      vertex   -1.018676e+002 5.984851e+001 3.000001e+000
      vertex   -9.863058e+001 5.291237e+001 3.000001e+000
      vertex   -1.017779e+002 5.997537e+001 3.000001e+000
    endloop
  endfacet
  facet normal 0.000000e+000 0.000000e+000 1.000000e+000
    outer loop
      vertex   -1.018676e+002 5.984851e+001 3.000001e+000
      vertex   -1.019669e+002 5.972898e+001 3.000001e+000
      vertex   -9.863058e+001 5.291237e+001 3.000001e+000
    endloop
  endfacet
  facet normal 0.000000e+000 0.000000e+000 1.000000e+000
    outer loop
      vertex   -9.863058e+001 5.291237e+001 3.000001e+000
      vertex   -1.019669e+002 5.972898e+001 3.000001e+000
      vertex   -1.020752e+002 5.961752e+001 3.000001e+000
    endloop
  endfacet
  facet normal -0.000000e+000 -0.000000e+000 1.000000e+000
    outer loop
      vertex   -1.021919e+002 5.951484e+001 3.000001e+000
      vertex   -9.863058e+001 5.291237e+001 3.000001e+000
      vertex   -1.020752e+002 5.961752e+001 3.000001e+000
    endloop
  endfacet
  facet normal 0.000000e+000 0.000000e+000 1.000000e+000
    outer loop
      vertex   -1.021919e+002 5.951484e+001 3.000001e+000
      vertex   -1.023161e+002 5.942149e+001 3.000001e+000
      vertex   -9.863058e+001 5.291237e+001 3.000001e+000
    endloop
  endfacet
  facet normal -1.109871e-016 3.203550e-016 1.000000e+000
    outer loop
      vertex   -1.027269e+002 5.920301e+001 3.000001e+000
      vertex   -1.028737e+002 5.915214e+001 3.000001e+000
      vertex   -1.046719e+002 5.575667e+001 3.000001e+000
    endloop
  endfacet
  facet normal 1.903149e-016 1.607901e-016 1.000000e+000
    outer loop
      vertex   -1.046719e+002 5.575667e+001 3.000001e+000
      vertex   -1.028737e+002 5.915214e+001 3.000001e+000
      vertex   -1.049397e+002 5.607357e+001 3.000001e+000
    endloop
  endfacet
  facet normal -9.144233e-017 3.498677e-016 1.000000e+000
    outer loop
      vertex   -1.049397e+002 5.607357e+001 3.000001e+000
      vertex   -1.028737e+002 5.915214e+001 3.000001e+000
      vertex   -1.030241e+002 5.911284e+001 3.000001e+000
    endloop
  endfacet
  facet normal 1.749445e-015 -1.399147e-015 1.000000e+000
    outer loop
      vertex   -1.051906e+002 5.640395e+001 3.000001e+000
      vertex   -1.030241e+002 5.911284e+001 3.000001e+000
      vertex   -1.054240e+002 5.674690e+001 3.000001e+000
    endloop
  endfacet
  facet normal -1.724163e-015 1.378927e-015 1.000000e+000
    outer loop
      vertex   -1.051906e+002 5.640395e+001 3.000001e+000
      vertex   -1.049397e+002 5.607357e+001 3.000001e+000
      vertex   -1.030241e+002 5.911284e+001 3.000001e+000
    endloop
  endfacet
  facet normal -8.251558e-017 4.591008e-016 1.000000e+000
    outer loop
      vertex   -1.030241e+002 5.911284e+001 3.000001e+000
      vertex   -1.031770e+002 5.908535e+001 3.000001e+000
      vertex   -1.054240e+002 5.674690e+001 3.000001e+000
    endloop
  endfacet
  facet normal 2.422064e-016 1.470863e-016 1.000000e+000
    outer loop
      vertex   -1.054240e+002 5.674690e+001 3.000001e+000
      vertex   -1.031770e+002 5.908535e+001 3.000001e+000
      vertex   -1.056393e+002 5.710148e+001 3.000001e+000
    endloop
  endfacet
  facet normal -5.148245e-017 5.115965e-016 1.000000e+000
    outer loop
      vertex   -1.056393e+002 5.710148e+001 3.000001e+000
      vertex   -1.031770e+002 5.908535e+001 3.000001e+000
      vertex   -1.033317e+002 5.906979e+001 3.000001e+000
    endloop
  endfacet
  facet normal -1.296454e-017 5.743084e-016 1.000000e+000
    outer loop
      vertex   -1.058360e+002 5.746674e+001 3.000001e+000
      vertex   -1.033317e+002 5.906979e+001 3.000001e+000
      vertex   -1.034870e+002 5.906628e+001 3.000001e+000
    endloop
  endfacet
  facet normal 2.844863e-017 5.134927e-016 1.000000e+000
    outer loop
      vertex   -1.036422e+002 5.907488e+001 3.000001e+000
      vertex   -1.058360e+002 5.746674e+001 3.000001e+000
      vertex   -1.034870e+002 5.906628e+001 3.000001e+000
    endloop
  endfacet
  facet normal -9.885472e-016 1.900848e-015 1.000000e+000
    outer loop
      vertex   -1.036422e+002 5.907488e+001 3.000001e+000
      vertex   -1.060134e+002 5.784172e+001 3.000001e+000
      vertex   -1.058360e+002 5.746674e+001 3.000001e+000
    endloop
  endfacet
  facet normal 2.293316e-015 -4.409748e-015 1.000000e+000
    outer loop
      vertex   -1.036422e+002 5.907488e+001 3.000001e+000
      vertex   -1.037962e+002 5.909548e+001 3.000001e+000
      vertex   -1.060134e+002 5.784172e+001 3.000001e+000
    endloop
  endfacet
  facet normal 8.995915e-016 -1.945061e-015 1.000000e+000
    outer loop
      vertex   -1.060134e+002 5.784172e+001 3.000001e+000
      vertex   -1.037962e+002 5.909548e+001 3.000001e+000
      vertex   -1.061711e+002 5.822544e+001 3.000001e+000
    endloop
  endfacet
  facet normal -1.776767e-015 5.360213e-015 1.000000e+000
    outer loop
      vertex   -1.061711e+002 5.822544e+001 3.000001e+000
      vertex   -1.037962e+002 5.909548e+001 3.000001e+000
      vertex   -1.039482e+002 5.912796e+001 3.000001e+000
    endloop
  endfacet
  facet normal -1.553564e-015 4.810475e-015 1.000000e+000
    outer loop
      vertex   -1.040972e+002 5.917217e+001 3.000001e+000
      vertex   -1.061711e+002 5.822544e+001 3.000001e+000
      vertex   -1.039482e+002 5.912796e+001 3.000001e+000
    endloop
  endfacet
  facet normal 5.536191e-016 1.944836e-016 1.000000e+000
    outer loop
      vertex   -1.040972e+002 5.917217e+001 3.000001e+000
      vertex   -1.063085e+002 5.861684e+001 3.000001e+000
      vertex   -1.061711e+002 5.822544e+001 3.000001e+000
    endloop
  endfacet
  facet normal 1.575235e-015 -3.873718e-015 1.000000e+000
    outer loop
      vertex   -1.040972e+002 5.917217e+001 3.000001e+000
      vertex   -1.042422e+002 5.922781e+001 3.000001e+000
      vertex   -1.063085e+002 5.861684e+001 3.000001e+000
    endloop
  endfacet
  facet normal -9.483785e-016 4.661125e-015 1.000000e+000
    outer loop
      vertex   -1.063085e+002 5.861684e+001 3.000001e+000
      vertex   -1.042422e+002 5.922781e+001 3.000001e+000
      vertex   -1.043826e+002 5.929452e+001 3.000001e+000
    endloop
  endfacet
  facet normal 1.680509e-015 -2.809977e-015 1.000000e+000
    outer loop
      vertex   -1.045174e+002 5.937195e+001 3.000001e+000
      vertex   -1.063085e+002 5.861684e+001 3.000001e+000
      vertex   -1.043826e+002 5.929452e+001 3.000001e+000
    endloop
  endfacet
  facet normal 4.411947e-016 1.297004e-016 1.000000e+000
    outer loop
      vertex   -1.045174e+002 5.937195e+001 3.000001e+000
      vertex   -1.064255e+002 5.901484e+001 3.000001e+000
      vertex   -1.063085e+002 5.861684e+001 3.000001e+000
    endloop
  endfacet
  facet normal 3.653375e-016 5.350286e-016 1.000000e+000
    outer loop
      vertex   -1.045174e+002 5.937195e+001 3.000001e+000
      vertex   -1.046458e+002 5.945962e+001 3.000001e+000
      vertex   -1.064255e+002 5.901484e+001 3.000001e+000
    endloop
  endfacet
  facet normal 3.806585e-016 4.737226e-016 1.000000e+000
    outer loop
      vertex   -1.064255e+002 5.901484e+001 3.000001e+000
      vertex   -1.046458e+002 5.945962e+001 3.000001e+000
      vertex   -1.047669e+002 5.955697e+001 3.000001e+000
    endloop
  endfacet
  facet normal 0.000000e+000 -0.000000e+000 1.000000e+000
    outer loop
      vertex   -1.065217e+002 5.941838e+001 3.000001e+000
      vertex   -1.047669e+002 5.955697e+001 3.000001e+000
      vertex   -1.048800e+002 5.966342e+001 3.000001e+000
    endloop
  endfacet
  facet normal -0.000000e+000 0.000000e+000 1.000000e+000
    outer loop
      vertex   -1.049843e+002 5.977836e+001 3.000001e+000
      vertex   -1.065217e+002 5.941838e+001 3.000001e+000
      vertex   -1.048800e+002 5.966342e+001 3.000001e+000
    endloop
  endfacet
  facet normal 1.434239e-015 -6.125398e-015 1.000000e+000
    outer loop
      vertex   -1.049843e+002 5.977836e+001 3.000001e+000
      vertex   -1.050795e+002 5.990107e+001 3.000001e+000
      vertex   -1.065217e+002 5.941838e+001 3.000001e+000
    endloop
  endfacet
  facet normal 1.062014e-016 -2.157374e-015 1.000000e+000
    outer loop
      vertex   -1.065217e+002 5.941838e+001 3.000001e+000
      vertex   -1.050795e+002 5.990107e+001 3.000001e+000
      vertex   -1.065968e+002 5.982638e+001 3.000001e+000
    endloop
  endfacet
  facet normal 2.637555e-016 1.420118e-016 1.000000e+000
    outer loop
      vertex   -1.056393e+002 5.710148e+001 3.000001e+000
      vertex   -1.033317e+002 5.906979e+001 3.000001e+000
      vertex   -1.058360e+002 5.746674e+001 3.000001e+000
    endloop
  endfacet
  facet normal -1.706103e-016 2.160299e-015 1.000000e+000
    outer loop
      vertex   -1.064255e+002 5.901484e+001 3.000001e+000
      vertex   -1.047669e+002 5.955697e+001 3.000001e+000
      vertex   -1.065217e+002 5.941838e+001 3.000001e+000
    endloop
  endfacet
  facet normal 3.909595e-015 1.136693e-014 1.000000e+000
    outer loop
      vertex   -1.027552e+002 5.418415e+001 3.000001e+000
      vertex   -1.023929e+002 5.398143e+001 3.000001e+000
      vertex   -1.000392e+002 5.321096e+001 3.000001e+000
    endloop
  endfacet
  facet normal 5.273014e-016 1.034453e-015 1.000000e+000
    outer loop
      vertex   -1.000392e+002 5.321096e+001 3.000001e+000
      vertex   -1.023929e+002 5.398143e+001 3.000001e+000
      vertex   -1.022080e+002 5.388715e+001 3.000001e+000
    endloop
  endfacet
  facet normal 0.000000e+000 0.000000e+000 1.000000e+000
    outer loop
      vertex   -1.004460e+002 5.329113e+001 3.000001e+000
      vertex   -1.022080e+002 5.388715e+001 3.000001e+000
      vertex   -1.020206e+002 5.379798e+001 3.000001e+000
    endloop
  endfacet
  facet normal -0.000000e+000 -0.000000e+000 1.000000e+000
    outer loop
      vertex   -1.018308e+002 5.371417e+001 3.000001e+000
      vertex   -1.004460e+002 5.329113e+001 3.000001e+000
      vertex   -1.020206e+002 5.379798e+001 3.000001e+000
    endloop
  endfacet
  facet normal 0.000000e+000 0.000000e+000 1.000000e+000
    outer loop
      vertex   -1.018308e+002 5.371417e+001 3.000001e+000
      vertex   -1.016386e+002 5.363599e+001 3.000001e+000
      vertex   -1.004460e+002 5.329113e+001 3.000001e+000
    endloop
  endfacet
  facet normal 0.000000e+000 0.000000e+000 1.000000e+000
    outer loop
      vertex   -1.004460e+002 5.329113e+001 3.000001e+000
      vertex   -1.016386e+002 5.363599e+001 3.000001e+000
      vertex   -1.008493e+002 5.338451e+001 3.000001e+000
    endloop
  endfacet
  facet normal 0.000000e+000 0.000000e+000 1.000000e+000
    outer loop
      vertex   -1.008493e+002 5.338451e+001 3.000001e+000
      vertex   -1.016386e+002 5.363599e+001 3.000001e+000
      vertex   -1.010492e+002 5.343823e+001 3.000001e+000
    endloop
  endfacet
  facet normal 0.000000e+000 0.000000e+000 1.000000e+000
    outer loop
      vertex   -1.010492e+002 5.343823e+001 3.000001e+000
      vertex   -1.016386e+002 5.363599e+001 3.000001e+000
      vertex   -1.014441e+002 5.356374e+001 3.000001e+000
    endloop
  endfacet
  facet normal -8.055083e-014 -2.534714e-013 1.000000e+000
    outer loop
      vertex   -1.012475e+002 5.349774e+001 3.000001e+000
      vertex   -1.010492e+002 5.343823e+001 3.000001e+000
      vertex   -1.014441e+002 5.356374e+001 3.000001e+000
    endloop
  endfacet
  facet normal 2.616200e-015 7.734124e-015 1.000000e+000
    outer loop
      vertex   -1.000392e+002 5.321096e+001 3.000001e+000
      vertex   -1.022080e+002 5.388715e+001 3.000001e+000
      vertex   -1.004460e+002 5.329113e+001 3.000001e+000
    endloop
  endfacet
  facet normal 0.000000e+000 0.000000e+000 1.000000e+000
    outer loop
      vertex   -7.335760e+001 7.030944e+001 3.000001e+000
      vertex   -7.349029e+001 7.079832e+001 3.000001e+000
      vertex   -7.425505e+001 6.979832e+001 3.000001e+000
    endloop
  endfacet
  facet normal -0.000000e+000 0.000000e+000 1.000000e+000
    outer loop
      vertex   -1.004460e+002 6.884090e+001 3.000001e+000
      vertex   -1.022080e+002 6.824488e+001 3.000001e+000
      vertex   -1.000392e+002 6.892107e+001 3.000001e+000
    endloop
  endfacet
  facet normal 0.000000e+000 0.000000e+000 1.000000e+000
    outer loop
      vertex   -1.004460e+002 6.884090e+001 3.000001e+000
      vertex   -1.020206e+002 6.833405e+001 3.000001e+000
      vertex   -1.022080e+002 6.824488e+001 3.000001e+000
    endloop
  endfacet
  facet normal 0.000000e+000 0.000000e+000 1.000000e+000
    outer loop
      vertex   -1.004460e+002 6.884090e+001 3.000001e+000
      vertex   -1.018308e+002 6.841785e+001 3.000001e+000
      vertex   -1.020206e+002 6.833405e+001 3.000001e+000
    endloop
  endfacet
  facet normal 0.000000e+000 0.000000e+000 1.000000e+000
    outer loop
      vertex   -1.004460e+002 6.884090e+001 3.000001e+000
      vertex   -1.016386e+002 6.849604e+001 3.000001e+000
      vertex   -1.018308e+002 6.841785e+001 3.000001e+000
    endloop
  endfacet
  facet normal 0.000000e+000 0.000000e+000 1.000000e+000
    outer loop
      vertex   -1.004460e+002 6.884090e+001 3.000001e+000
      vertex   -1.014441e+002 6.856829e+001 3.000001e+000
      vertex   -1.016386e+002 6.849604e+001 3.000001e+000
    endloop
  endfacet
  facet normal -1.973808e-014 7.226975e-014 1.000000e+000
    outer loop
      vertex   -1.004460e+002 6.884090e+001 3.000001e+000
      vertex   -1.012475e+002 6.863429e+001 3.000001e+000
      vertex   -1.014441e+002 6.856829e+001 3.000001e+000
    endloop
  endfacet
  facet normal 1.941905e-014 -7.962997e-014 1.000000e+000
    outer loop
      vertex   -1.004460e+002 6.884090e+001 3.000001e+000
      vertex   -1.010492e+002 6.869380e+001 3.000001e+000
      vertex   -1.012475e+002 6.863429e+001 3.000001e+000
    endloop
  endfacet
  facet normal 0.000000e+000 0.000000e+000 1.000000e+000
    outer loop
      vertex   -1.004460e+002 6.884090e+001 3.000001e+000
      vertex   -1.008493e+002 6.874752e+001 3.000001e+000
      vertex   -1.010492e+002 6.869380e+001 3.000001e+000
    endloop
  endfacet
  facet normal -0.000000e+000 0.000000e+000 1.000000e+000
    outer loop
      vertex   -1.022080e+002 6.824488e+001 3.000001e+000
      vertex   -1.023929e+002 6.815060e+001 3.000001e+000
      vertex   -1.000392e+002 6.892107e+001 3.000001e+000
    endloop
  endfacet
  facet normal 3.455059e-015 -1.055479e-014 1.000000e+000
    outer loop
      vertex   -1.000392e+002 6.892107e+001 3.000001e+000
      vertex   -1.023929e+002 6.815060e+001 3.000001e+000
      vertex   -1.027552e+002 6.794788e+001 3.000001e+000
    endloop
  endfacet
  facet normal 5.526167e-016 -2.156123e-015 1.000000e+000
    outer loop
      vertex   -1.066828e+002 6.148072e+001 3.000001e+000
      vertex   -1.066936e+002 6.106601e+001 3.000001e+000
      vertex   -1.054225e+002 6.139180e+001 3.000001e+000
    endloop
  endfacet
  facet normal -0.000000e+000 0.000000e+000 1.000000e+000
    outer loop
      vertex   -1.054225e+002 6.139180e+001 3.000001e+000
      vertex   -1.066936e+002 6.106601e+001 3.000001e+000
      vertex   -1.054543e+002 6.106601e+001 3.000001e+000
    endloop
  endfacet
  facet normal -1.000000e+000 0.000000e+000 -0.000000e+000
    outer loop
      vertex   -7.203515e+001 5.440234e+001 4.500001e+000
      vertex   -7.203515e+001 6.124618e+001 4.500001e+000
      vertex   -7.203515e+001 5.440234e+001 3.000001e+000
    endloop
  endfacet
  facet normal -1.000000e+000 0.000000e+000 0.000000e+000
    outer loop
      vertex   -7.203515e+001 5.440234e+001 3.000001e+000
      vertex   -7.203515e+001 6.124618e+001 4.500001e+000
      vertex   -7.203515e+001 6.196788e+001 3.000001e+000
    endloop
  endfacet
  facet normal -1.000000e+000 0.000000e+000 0.000000e+000
    outer loop
      vertex   -7.203515e+001 6.196788e+001 3.000001e+000
      vertex   -7.203515e+001 6.124618e+001 4.500001e+000
      vertex   -7.203515e+001 6.196788e+001 5.100001e+000
    endloop
  endfacet
  facet normal -1.000000e+000 -0.000000e+000 0.000000e+000
    outer loop
      vertex   -7.203515e+001 6.196788e+001 5.100001e+000
      vertex   -7.203515e+001 6.124618e+001 4.500001e+000
      vertex   -7.203515e+001 6.124618e+001 5.100001e+000
    endloop
  endfacet
  facet normal -0.000000e+000 1.000000e+000 0.000000e+000
    outer loop
      vertex   -7.246579e+001 6.979715e+001 3.000001e+000
      vertex   -7.246579e+001 6.979715e+001 5.100001e+000
      vertex   -6.890626e+001 6.979715e+001 3.000001e+000
    endloop
  endfacet
  facet normal 0.000000e+000 1.000000e+000 -0.000000e+000
    outer loop
      vertex   -6.890626e+001 6.979715e+001 3.000001e+000
      vertex   -7.246579e+001 6.979715e+001 5.100001e+000
      vertex   -6.890626e+001 6.979715e+001 5.100001e+000
    endloop
  endfacet
  facet normal -6.749466e-001 7.378666e-001 0.000000e+000
    outer loop
      vertex   -7.237720e+001 5.408946e+001 3.000001e+000
      vertex   -7.237720e+001 5.408946e+001 4.500001e+000
      vertex   -7.203515e+001 5.440234e+001 3.000001e+000
    endloop
  endfacet
  facet normal -6.749466e-001 7.378666e-001 0.000000e+000
    outer loop
      vertex   -7.203515e+001 5.440234e+001 3.000001e+000
      vertex   -7.237720e+001 5.408946e+001 4.500001e+000
      vertex   -7.203515e+001 5.440234e+001 4.500001e+000
    endloop
  endfacet
  facet normal 1.000000e+000 0.000000e+000 -0.000000e+000
    outer loop
      vertex   -6.963378e+001 5.287792e+001 3.000001e+000
      vertex   -6.963378e+001 6.922419e+001 3.000001e+000
      vertex   -6.963378e+001 5.948191e+001 4.500001e+000
    endloop
  endfacet
  facet normal 1.000000e+000 -0.000000e+000 0.000000e+000
    outer loop
      vertex   -6.963378e+001 5.287792e+001 4.500001e+000
      vertex   -6.963378e+001 5.287792e+001 3.000001e+000
      vertex   -6.963378e+001 5.948191e+001 4.500001e+000
    endloop
  endfacet
  facet normal 1.000000e+000 -0.000000e+000 0.000000e+000
    outer loop
      vertex   -6.963378e+001 5.948191e+001 5.100001e+000
      vertex   -6.963378e+001 5.948191e+001 4.500001e+000
      vertex   -6.963378e+001 6.922419e+001 5.100001e+000
    endloop
  endfacet
  facet normal 1.000000e+000 0.000000e+000 0.000000e+000
    outer loop
      vertex   -6.963378e+001 6.922419e+001 5.100001e+000
      vertex   -6.963378e+001 5.948191e+001 4.500001e+000
      vertex   -6.963378e+001 6.922419e+001 3.000001e+000
    endloop
  endfacet
  facet normal 9.461101e-001 3.238451e-001 -0.000000e+000
    outer loop
      vertex   -6.963378e+001 5.287792e+001 3.000001e+000
      vertex   -6.963378e+001 5.287792e+001 4.500001e+000
      vertex   -6.918874e+001 5.157773e+001 3.000001e+000
    endloop
  endfacet
  facet normal 9.461101e-001 3.238451e-001 0.000000e+000
    outer loop
      vertex   -6.918874e+001 5.157773e+001 3.000001e+000
      vertex   -6.963378e+001 5.287792e+001 4.500001e+000
      vertex   -6.918874e+001 5.157773e+001 4.500001e+000
    endloop
  endfacet
  facet normal 9.721114e-001 -2.345197e-001 -7.765912e-015
    outer loop
      vertex   -7.352376e+001 5.579744e+001 3.000001e+000
      vertex   -7.203515e+001 6.196788e+001 3.000001e+000
      vertex   -7.218305e+001 6.135484e+001 4.500001e+000
    endloop
  endfacet
  facet normal 9.721114e-001 -2.345197e-001 0.000000e+000
    outer loop
      vertex   -7.352376e+001 5.579744e+001 4.500001e+000
      vertex   -7.352376e+001 5.579744e+001 3.000001e+000
      vertex   -7.218305e+001 6.135484e+001 4.500001e+000
    endloop
  endfacet
  facet normal 9.721114e-001 -2.345197e-001 0.000000e+000
    outer loop
      vertex   -7.218305e+001 6.135484e+001 5.100001e+000
      vertex   -7.218305e+001 6.135484e+001 4.500001e+000
      vertex   -7.203515e+001 6.196788e+001 5.100001e+000
    endloop
  endfacet
  facet normal 9.721114e-001 -2.345197e-001 0.000000e+000
    outer loop
      vertex   -7.203515e+001 6.196788e+001 5.100001e+000
      vertex   -7.218305e+001 6.135484e+001 4.500001e+000
      vertex   -7.203515e+001 6.196788e+001 3.000001e+000
    endloop
  endfacet
  facet normal 6.187110e-001 -7.856187e-001 0.000000e+000
    outer loop
      vertex   -6.890626e+001 6.979715e+001 3.000001e+000
      vertex   -6.890626e+001 6.979715e+001 5.100001e+000
      vertex   -6.963378e+001 6.922419e+001 3.000001e+000
    endloop
  endfacet
  facet normal 6.187110e-001 -7.856187e-001 0.000000e+000
    outer loop
      vertex   -6.963378e+001 6.922419e+001 3.000001e+000
      vertex   -6.890626e+001 6.979715e+001 5.100001e+000
      vertex   -6.963378e+001 6.922419e+001 5.100001e+000
    endloop
  endfacet
  facet normal -6.747999e-001 7.380007e-001 0.000000e+000
    outer loop
      vertex   -7.759823e+001 5.825956e+001 3.000001e+000
      vertex   -7.759823e+001 5.825956e+001 4.500001e+000
      vertex   -7.719569e+001 5.862762e+001 3.000001e+000
    endloop
  endfacet
  facet normal -6.747999e-001 7.380007e-001 0.000000e+000
    outer loop
      vertex   -7.719569e+001 5.862762e+001 3.000001e+000
      vertex   -7.759823e+001 5.825956e+001 4.500001e+000
      vertex   -7.719569e+001 5.862762e+001 4.500001e+000
    endloop
  endfacet
  facet normal -8.195819e-001 -5.729620e-001 0.000000e+000
    outer loop
      vertex   -7.719569e+001 6.922262e+001 3.000001e+000
      vertex   -7.719569e+001 6.922262e+001 5.100001e+000
      vertex   -7.759816e+001 6.979832e+001 3.000001e+000
    endloop
  endfacet
  facet normal -8.195819e-001 -5.729620e-001 0.000000e+000
    outer loop
      vertex   -7.759816e+001 6.979832e+001 3.000001e+000
      vertex   -7.719569e+001 6.922262e+001 5.100001e+000
      vertex   -7.759816e+001 6.979832e+001 5.100001e+000
    endloop
  endfacet
  facet normal -1.000000e+000 0.000000e+000 -0.000000e+000
    outer loop
      vertex   -7.719569e+001 5.862762e+001 4.500001e+000
      vertex   -7.719569e+001 6.503760e+001 4.500001e+000
      vertex   -7.719569e+001 5.862762e+001 3.000001e+000
    endloop
  endfacet
  facet normal -1.000000e+000 0.000000e+000 0.000000e+000
    outer loop
      vertex   -7.719569e+001 5.862762e+001 3.000001e+000
      vertex   -7.719569e+001 6.503760e+001 4.500001e+000
      vertex   -7.719569e+001 6.922262e+001 3.000001e+000
    endloop
  endfacet
  facet normal -1.000000e+000 0.000000e+000 0.000000e+000
    outer loop
      vertex   -7.719569e+001 6.922262e+001 3.000001e+000
      vertex   -7.719569e+001 6.503760e+001 4.500001e+000
      vertex   -7.719569e+001 6.922262e+001 5.100001e+000
    endloop
  endfacet
  facet normal -1.000000e+000 -0.000000e+000 0.000000e+000
    outer loop
      vertex   -7.719569e+001 6.922262e+001 5.100001e+000
      vertex   -7.719569e+001 6.503760e+001 4.500001e+000
      vertex   -7.719569e+001 6.503760e+001 5.100001e+000
    endloop
  endfacet
  facet normal -0.000000e+000 1.000000e+000 0.000000e+000
    outer loop
      vertex   -7.759816e+001 6.979832e+001 3.000001e+000
      vertex   -7.759816e+001 6.979832e+001 5.100001e+000
      vertex   -7.425505e+001 6.979832e+001 3.000001e+000
    endloop
  endfacet
  facet normal 0.000000e+000 1.000000e+000 -0.000000e+000
    outer loop
      vertex   -7.425505e+001 6.979832e+001 3.000001e+000
      vertex   -7.759816e+001 6.979832e+001 5.100001e+000
      vertex   -7.425505e+001 6.979832e+001 5.100001e+000
    endloop
  endfacet
  facet normal -6.437881e-001 -7.652038e-001 0.000000e+000
    outer loop
      vertex   -7.510905e+001 5.616534e+001 3.000001e+000
      vertex   -7.510905e+001 5.616534e+001 4.500001e+000
      vertex   -7.759823e+001 5.825956e+001 3.000001e+000
    endloop
  endfacet
  facet normal -6.437881e-001 -7.652038e-001 0.000000e+000
    outer loop
      vertex   -7.759823e+001 5.825956e+001 3.000001e+000
      vertex   -7.510905e+001 5.616534e+001 4.500001e+000
      vertex   -7.759823e+001 5.825956e+001 4.500001e+000
    endloop
  endfacet
  facet normal -9.758641e-001 -2.183789e-001 0.000000e+000
    outer loop
      vertex   -7.352376e+001 5.579744e+001 3.000001e+000
      vertex   -7.352376e+001 5.579744e+001 4.500001e+000
      vertex   -7.510905e+001 6.288160e+001 3.000001e+000
    endloop
  endfacet
  facet normal -9.758641e-001 -2.183789e-001 0.000000e+000
    outer loop
      vertex   -7.510905e+001 6.288160e+001 3.000001e+000
      vertex   -7.352376e+001 5.579744e+001 4.500001e+000
      vertex   -7.510905e+001 6.288160e+001 4.500001e+000
    endloop
  endfacet
  facet normal 9.650839e-001 2.619410e-001 -0.000000e+000
    outer loop
      vertex   -7.425505e+001 6.979832e+001 3.000001e+000
      vertex   -7.425505e+001 6.979832e+001 5.100001e+000
      vertex   -7.339529e+001 6.663066e+001 3.000001e+000
    endloop
  endfacet
  facet normal 9.650839e-001 2.619410e-001 0.000000e+000
    outer loop
      vertex   -7.339529e+001 6.663066e+001 3.000001e+000
      vertex   -7.425505e+001 6.979832e+001 5.100001e+000
      vertex   -7.339529e+001 6.663066e+001 5.100001e+000
    endloop
  endfacet
  facet normal -9.595144e-001 2.816594e-001 0.000000e+000
    outer loop
      vertex   -7.339529e+001 6.663066e+001 3.000001e+000
      vertex   -7.339529e+001 6.663066e+001 5.100001e+000
      vertex   -7.246579e+001 6.979715e+001 3.000001e+000
    endloop
  endfacet
  facet normal -9.595144e-001 2.816594e-001 0.000000e+000
    outer loop
      vertex   -7.246579e+001 6.979715e+001 3.000001e+000
      vertex   -7.339529e+001 6.663066e+001 5.100001e+000
      vertex   -7.246579e+001 6.979715e+001 5.100001e+000
    endloop
  endfacet
  facet normal 1.000000e+000 0.000000e+000 -0.000000e+000
    outer loop
      vertex   -7.510905e+001 6.288160e+001 3.000001e+000
      vertex   -7.510905e+001 6.288160e+001 4.500001e+000
      vertex   -7.510905e+001 5.616534e+001 3.000001e+000
    endloop
  endfacet
  facet normal 1.000000e+000 0.000000e+000 -0.000000e+000
    outer loop
      vertex   -7.510905e+001 5.616534e+001 3.000001e+000
      vertex   -7.510905e+001 6.288160e+001 4.500001e+000
      vertex   -7.510905e+001 5.616534e+001 4.500001e+000
    endloop
  endfacet
  facet normal -6.188115e-001 -7.855395e-001 0.000000e+000
    outer loop
      vertex   -6.918874e+001 5.157773e+001 3.000001e+000
      vertex   -6.918874e+001 5.157773e+001 4.500001e+000
      vertex   -7.237720e+001 5.408946e+001 3.000001e+000
    endloop
  endfacet
  facet normal -6.188115e-001 -7.855395e-001 0.000000e+000
    outer loop
      vertex   -7.237720e+001 5.408946e+001 3.000001e+000
      vertex   -6.918874e+001 5.157773e+001 4.500001e+000
      vertex   -7.237720e+001 5.408946e+001 4.500001e+000
    endloop
  endfacet
  facet normal -0.000000e+000 -0.000000e+000 1.000000e+000
    outer loop
      vertex   -7.203515e+001 6.124618e+001 5.100001e+000
      vertex   -6.963378e+001 5.948191e+001 5.100001e+000
      vertex   -7.203515e+001 6.196788e+001 5.100001e+000
    endloop
  endfacet
  facet normal -0.000000e+000 0.000000e+000 1.000000e+000
    outer loop
      vertex   -7.203515e+001 6.196788e+001 5.100001e+000
      vertex   -6.963378e+001 5.948191e+001 5.100001e+000
      vertex   -6.963378e+001 6.922419e+001 5.100001e+000
    endloop
  endfacet
  facet normal 0.000000e+000 -0.000000e+000 1.000000e+000
    outer loop
      vertex   -7.339529e+001 6.663066e+001 5.100001e+000
      vertex   -6.963378e+001 6.922419e+001 5.100001e+000
      vertex   -7.246579e+001 6.979715e+001 5.100001e+000
    endloop
  endfacet
  facet normal -0.000000e+000 0.000000e+000 1.000000e+000
    outer loop
      vertex   -7.339529e+001 6.663066e+001 5.100001e+000
      vertex   -7.203515e+001 6.196788e+001 5.100001e+000
      vertex   -6.963378e+001 6.922419e+001 5.100001e+000
    endloop
  endfacet
  facet normal 0.000000e+000 0.000000e+000 1.000000e+000
    outer loop
      vertex   -7.339529e+001 6.663066e+001 5.100001e+000
      vertex   -7.719569e+001 6.503760e+001 5.100001e+000
      vertex   -7.203515e+001 6.196788e+001 5.100001e+000
    endloop
  endfacet
  facet normal 0.000000e+000 0.000000e+000 1.000000e+000
    outer loop
      vertex   -7.339529e+001 6.663066e+001 5.100001e+000
      vertex   -7.719569e+001 6.922262e+001 5.100001e+000
      vertex   -7.719569e+001 6.503760e+001 5.100001e+000
    endloop
  endfacet
  facet normal 0.000000e+000 0.000000e+000 1.000000e+000
    outer loop
      vertex   -7.339529e+001 6.663066e+001 5.100001e+000
      vertex   -7.425505e+001 6.979832e+001 5.100001e+000
      vertex   -7.719569e+001 6.922262e+001 5.100001e+000
    endloop
  endfacet
  facet normal 0.000000e+000 -0.000000e+000 1.000000e+000
    outer loop
      vertex   -7.719569e+001 6.922262e+001 5.100001e+000
      vertex   -7.425505e+001 6.979832e+001 5.100001e+000
      vertex   -7.759816e+001 6.979832e+001 5.100001e+000
    endloop
  endfacet
  facet normal 0.000000e+000 -0.000000e+000 1.000000e+000
    outer loop
      vertex   -6.963378e+001 6.922419e+001 5.100001e+000
      vertex   -6.890626e+001 6.979715e+001 5.100001e+000
      vertex   -7.246579e+001 6.979715e+001 5.100001e+000
    endloop
  endfacet
  facet normal -0.000000e+000 0.000000e+000 1.000000e+000
    outer loop
      vertex   -7.719569e+001 6.503760e+001 5.100001e+000
      vertex   -7.218305e+001 6.135484e+001 5.100001e+000
      vertex   -7.203515e+001 6.196788e+001 5.100001e+000
    endloop
  endfacet
  facet normal -5.920764e-001 -8.058818e-001 -9.543558e-015
    outer loop
      vertex   -6.963378e+001 5.948191e+001 4.500001e+000
      vertex   -6.963378e+001 5.948191e+001 5.100001e+000
      vertex   -7.203515e+001 6.124618e+001 4.500001e+000
    endloop
  endfacet
  facet normal -5.920764e-001 -8.058818e-001 0.000000e+000
    outer loop
      vertex   -7.203515e+001 6.124618e+001 4.500001e+000
      vertex   -6.963378e+001 5.948191e+001 5.100001e+000
      vertex   -7.203515e+001 6.124618e+001 5.100001e+000
    endloop
  endfacet
  facet normal -5.920764e-001 -8.058818e-001 0.000000e+000
    outer loop
      vertex   -7.218305e+001 6.135484e+001 4.500001e+000
      vertex   -7.218305e+001 6.135484e+001 5.100001e+000
      vertex   -7.719569e+001 6.503760e+001 4.500001e+000
    endloop
  endfacet
  facet normal -5.920764e-001 -8.058818e-001 0.000000e+000
    outer loop
      vertex   -7.719569e+001 6.503760e+001 4.500001e+000
      vertex   -7.218305e+001 6.135484e+001 5.100001e+000
      vertex   -7.719569e+001 6.503760e+001 5.100001e+000
    endloop
  endfacet
endsolid
