  0
SECTION
  2
HEADER
  9
$ACADVER
  1
AC1021
  9
$ACADMAINTVER
 70
    25
  9
$DWGCODEPAGE
  3
ANSI_1252
  9
$INSBASE
 10
0.0
 20
0.0
 30
0.0
  9
$EXTMIN
 10
-71.6839
 20
-70.6769
 30
0.0
  9
$EXTMAX
 10
71.6839
 20
70.7769
 30
0.0
  9
$LIMMIN
 10
0.0
 20
0.0
  9
$LIMMAX
 10
12.0
 20
9.0
  9
$ORTHOMODE
 70
     0
  9
$REGENMODE
 70
     1
  9
$FILLMODE
 70
     1
  9
$QTEXTMODE
 70
     0
  9
$MIRRTEXT
 70
     1
  9
$LTSCALE
 40
1.0
  9
$ATTMODE
 70
     1
  9
$TEXTSIZE
 40
0.2
  9
$TRACEWID
 40
0.05
  9
$TEXTSTYLE
  7
Standard
  9
$CLAYER
  8
0
  9
$CELTYPE
  6
ByLayer
  9
$CECOLOR
 62
   256
  9
$CELTSCALE
 40
1.0
  9
$DISPSILH
 70
     0
  9
$DIMSCALE
 40
1.0
  9
$DIMASZ
 40
0.18
  9
$DIMEXO
 40
0.0625
  9
$DIMDLI
 40
0.38
  9
$DIMRND
 40
0.0
  9
$DIMDLE
 40
0.0
  9
$DIMEXE
 40
0.18
  9
$DIMTP
 40
0.0
  9
$DIMTM
 40
0.0
  9
$DIMTXT
 40
0.18
  9
$DIMCEN
 40
0.09
  9
$DIMTSZ
 40
0.0
  9
$DIMTOL
 70
     0
  9
$DIMLIM
 70
     0
  9
$DIMTIH
 70
     1
  9
$DIMTOH
 70
     1
  9
$DIMSE1
 70
     0
  9
$DIMSE2
 70
     0
  9
$DIMTAD
 70
     0
  9
$DIMZIN
 70
     0
  9
$DIMBLK
  1

  9
$DIMASO
 70
     1
  9
$DIMSHO
 70
     1
  9
$DIMPOST
  1

  9
$DIMAPOST
  1

  9
$DIMALT
 70
     0
  9
$DIMALTD
 70
     2
  9
$DIMALTF
 40
25.4
  9
$DIMLFAC
 40
1.0
  9
$DIMTOFL
 70
     0
  9
$DIMTVP
 40
0.0
  9
$DIMTIX
 70
     0
  9
$DIMSOXD
 70
     0
  9
$DIMSAH
 70
     0
  9
$DIMBLK1
  1

  9
$DIMBLK2
  1

  9
$DIMSTYLE
  2
Standard
  9
$DIMCLRD
 70
     0
  9
$DIMCLRE
 70
     0
  9
$DIMCLRT
 70
     0
  9
$DIMTFAC
 40
1.0
  9
$DIMGAP
 40
0.09
  9
$DIMJUST
 70
     0
  9
$DIMSD1
 70
     0
  9
$DIMSD2
 70
     0
  9
$DIMTOLJ
 70
     1
  9
$DIMTZIN
 70
     0
  9
$DIMALTZ
 70
     0
  9
$DIMALTTZ
 70
     0
  9
$DIMUPT
 70
     0
  9
$DIMDEC
 70
     4
  9
$DIMTDEC
 70
     4
  9
$DIMALTU
 70
     2
  9
$DIMALTTD
 70
     2
  9
$DIMTXSTY
  7
Standard
  9
$DIMAUNIT
 70
     0
  9
$DIMADEC
 70
     0
  9
$DIMALTRND
 40
0.0
  9
$DIMAZIN
 70
     0
  9
$DIMDSEP
 70
    46
  9
$DIMATFIT
 70
     3
  9
$DIMFRAC
 70
     0
  9
$DIMLDRBLK
  1

  9
$DIMLUNIT
 70
     2
  9
$DIMLWD
 70
    -2
  9
$DIMLWE
 70
    -2
  9
$DIMTMOVE
 70
     0
  9
$DIMFXL
 40
1.0
  9
$DIMFXLON
 70
     0
  9
$DIMJOGANG
 40
0.7853981633974483
  9
$DIMTFILL
 70
     0
  9
$DIMTFILLCLR
 70
     0
  9
$DIMARCSYM
 70
     0
  9
$DIMLTYPE
  6

  9
$DIMLTEX1
  6

  9
$DIMLTEX2
  6

  9
$LUNITS
 70
     2
  9
$LUPREC
 70
     4
  9
$SKETCHINC
 40
0.1
  9
$FILLETRAD
 40
0.5
  9
$AUNITS
 70
     0
  9
$AUPREC
 70
     0
  9
$MENU
  1
.
  9
$ELEVATION
 40
0.0
  9
$PELEVATION
 40
0.0
  9
$THICKNESS
 40
0.0
  9
$LIMCHECK
 70
     0
  9
$CHAMFERA
 40
0.0
  9
$CHAMFERB
 40
0.0
  9
$CHAMFERC
 40
0.0
  9
$CHAMFERD
 40
0.0
  9
$SKPOLY
 70
     0
  9
$TDCREATE
 40
2460987.949249641
  9
$TDUCREATE
 40
2460988.074249641
  9
$TDUPDATE
 40
2460987.949249641
  9
$TDUUPDATE
 40
2460988.074249641
  9
$TDINDWG
 40
0.0000000116
  9
$TDUSRTIMER
 40
0.0000000116
  9
$USRTIMER
 70
     1
  9
$ANGBASE
 50
0.0
  9
$ANGDIR
 70
     0
  9
$PDMODE
 70
     0
  9
$PDSIZE
 40
0.0
  9
$PLINEWID
 40
0.0
  9
$SPLFRAME
 70
     0
  9
$SPLINETYPE
 70
     6
  9
$SPLINESEGS
 70
     8
  9
$HANDSEED
  5
D5
  9
$SURFTAB1
 70
     6
  9
$SURFTAB2
 70
     6
  9
$SURFTYPE
 70
     6
  9
$SURFU
 70
     6
  9
$SURFV
 70
     6
  9
$UCSBASE
  2

  9
$UCSNAME
  2

  9
$UCSORG
 10
0.0
 20
0.0
 30
0.0
  9
$UCSXDIR
 10
1.0
 20
0.0
 30
0.0
  9
$UCSYDIR
 10
0.0
 20
1.0
 30
0.0
  9
$UCSORTHOREF
  2

  9
$UCSORTHOVIEW
 70
     0
  9
$UCSORGTOP
 10
0.0
 20
0.0
 30
0.0
  9
$UCSORGBOTTOM
 10
0.0
 20
0.0
 30
0.0
  9
$UCSORGLEFT
 10
0.0
 20
0.0
 30
0.0
  9
$UCSORGRIGHT
 10
0.0
 20
0.0
 30
0.0
  9
$UCSORGFRONT
 10
0.0
 20
0.0
 30
0.0
  9
$UCSORGBACK
 10
0.0
 20
0.0
 30
0.0
  9
$PUCSBASE
  2

  9
$PUCSNAME
  2

  9
$PUCSORG
 10
0.0
 20
0.0
 30
0.0
  9
$PUCSXDIR
 10
1.0
 20
0.0
 30
0.0
  9
$PUCSYDIR
 10
0.0
 20
1.0
 30
0.0
  9
$PUCSORTHOREF
  2

  9
$PUCSORTHOVIEW
 70
     0
  9
$PUCSORGTOP
 10
0.0
 20
0.0
 30
0.0
  9
$PUCSORGBOTTOM
 10
0.0
 20
0.0
 30
0.0
  9
$PUCSORGLEFT
 10
0.0
 20
0.0
 30
0.0
  9
$PUCSORGRIGHT
 10
0.0
 20
0.0
 30
0.0
  9
$PUCSORGFRONT
 10
0.0
 20
0.0
 30
0.0
  9
$PUCSORGBACK
 10
0.0
 20
0.0
 30
0.0
  9
$USERI1
 70
     0
  9
$USERI2
 70
     0
  9
$USERI3
 70
     0
  9
$USERI4
 70
     0
  9
$USERI5
 70
     0
  9
$USERR1
 40
0.0
  9
$USERR2
 40
0.0
  9
$USERR3
 40
0.0
  9
$USERR4
 40
0.0
  9
$USERR5
 40
0.0
  9
$WORLDVIEW
 70
     1
  9
$SHADEDGE
 70
     3
  9
$SHADEDIF
 70
    70
  9
$TILEMODE
 70
     1
  9
$MAXACTVP
 70
    64
  9
$PINSBASE
 10
0.0
 20
0.0
 30
0.0
  9
$PLIMCHECK
 70
     0
  9
$PEXTMIN
 10
1.000000000000000E+20
 20
1.000000000000000E+20
 30
1.000000000000000E+20
  9
$PEXTMAX
 10
-1.000000000000000E+20
 20
-1.000000000000000E+20
 30
-1.000000000000000E+20
  9
$PLIMMIN
 10
0.0
 20
0.0
  9
$PLIMMAX
 10
12.0
 20
9.0
  9
$UNITMODE
 70
     0
  9
$VISRETAIN
 70
     1
  9
$PLINEGEN
 70
     0
  9
$PSLTSCALE
 70
     1
  9
$TREEDEPTH
 70
  3020
  9
$CMLSTYLE
  2
Standard
  9
$CMLJUST
 70
     0
  9
$CMLSCALE
 40
1.0
  9
$PROXYGRAPHICS
 70
     1
  9
$MEASUREMENT
 70
     0
  9
$CELWEIGHT
370
    -1
  9
$ENDCAPS
280
     0
  9
$JOINSTYLE
280
     0
  9
$LWDISPLAY
290
     0
  9
$INSUNITS
 70
     4
  9
$HYPERLINKBASE
  1

  9
$STYLESHEET
  1

  9
$XEDIT
290
     1
  9
$CEPSNTYPE
380
     0
  9
$PSTYLEMODE
290
     1
  9
$FINGERPRINTGUID
  2
{600E0C8D-FDCE-4326-83A9-50F21AA7F089}
  9
$VERSIONGUID
  2
{FAEB1C32-E019-11D5-929B-00C0DF256EC4}
  9
$EXTNAMES
290
     1
  9
$PSVPSCALE
 40
0.0
  9
$OLESTARTUP
290
     0
  9
$SORTENTS
280
   127
  9
$INDEXCTL
280
     0
  9
$HIDETEXT
280
     1
  9
$XCLIPFRAME
290
     0
  9
$HALOGAP
280
     0
  9
$OBSCOLOR
 70
   257
  9
$OBSLTYPE
280
     0
  9
$INTERSECTIONDISPLAY
280
     0
  9
$INTERSECTIONCOLOR
 70
   257
  9
$DIMASSOC
280
     2
  9
$PROJECTNAME
  1

  9
$CAMERADISPLAY
290
     0
  9
$LENSLENGTH
 40
50.0
  9
$CAMERAHEIGHT
 40
0.0
  9
$STEPSPERSEC
 40
2.0
  9
$STEPSIZE
 40
6.0
  9
$3DDWFPREC
 40
2.0
  9
$PSOLWIDTH
 40
0.25
  9
$PSOLHEIGHT
 40
4.0
  9
$LOFTANG1
 40
1.570796326794897
  9
$LOFTANG2
 40
1.570796326794897
  9
$LOFTMAG1
 40
0.0
  9
$LOFTMAG2
 40
0.0
  9
$LOFTPARAM
 70
     7
  9
$LOFTNORMALS
280
     1
  9
$LATITUDE
 40
37.795
  9
$LONGITUDE
 40
-122.394
  9
$NORTHDIRECTION
 40
0.0
  9
$TIMEZONE
 70
 -8000
  9
$LIGHTGLYPHDISPLAY
280
     1
  9
$TILEMODELIGHTSYNCH
280
     1
  9
$CMATERIAL
347
44
  9
$SOLIDHIST
280
     0
  9
$SHOWHIST
280
     1
  9
$DWFFRAME
280
     2
  9
$DGNFRAME
280
     2
  9
$REALWORLDSCALE
290
     1
  9
$INTERFERECOLOR
 62
   256
  9
$CSHADOW
280
     0
  9
$SHADOWPLANELOCATION
 40
0.0
  0
ENDSEC
  0
SECTION
  2
CLASSES
  0
CLASS
  1
ACDBDICTIONARYWDFLT
  2
AcDbDictionaryWithDefault
  3
ObjectDBX Classes
 90
        0
 91
        4
280
     0
281
     0
  0
CLASS
  1
VISUALSTYLE
  2
AcDbVisualStyle
  3
ObjectDBX Classes
 90
     4095
 91
        4
280
     0
281
     0
  0
CLASS
  1
MATERIAL
  2
AcDbMaterial
  3
ObjectDBX Classes
 90
     1153
 91
        4
280
     0
281
     0
  0
CLASS
  1
SCALE
  2
AcDbScale
  3
ObjectDBX Classes
 90
     1153
 91
        4
280
     0
281
     0
  0
CLASS
  1
TABLESTYLE
  2
AcDbTableStyle
  3
ObjectDBX Classes
 90
     4095
 91
        4
280
     0
281
     0
  0
CLASS
  1
MLEADERSTYLE
  2
AcDbMLeaderStyle
  3
ACDB_MLEADERSTYLE_CLASS
 90
     4095
 91
        4
280
     0
281
     0
  0
CLASS
  1
SUN
  2
AcDbSun
  3
SCENEOE
 90
     1153
 91
        4
280
     0
281
     0
  0
CLASS
  1
DICTIONARYVAR
  2
AcDbDictionaryVar
  3
ObjectDBX Classes
 90
        0
 91
        4
280
     0
281
     0
  0
CLASS
  1
CELLSTYLEMAP
  2
AcDbCellStyleMap
  3
ObjectDBX Classes
 90
     1152
 91
        4
280
     0
281
     0
  0
ENDSEC
  0
SECTION
  2
TABLES
  0
TABLE
  2
VPORT
  5
8
330
0
100
AcDbSymbolTable
 70
     1
  0
VPORT
  5
29
330
8
100
AcDbSymbolTableRecord
100
AcDbViewportTableRecord
  2
*Active
 70
     0
 10
0.0
 20
0.0
 11
1.0
 21
1.0
 12
10.42990654205607
 22
4.5
 13
0.0
 23
0.0
 14
0.5
 24
0.5
 15
0.5
 25
0.5
 16
0.0
 26
0.0
 36
1.0
 17
0.0
 27
0.0
 37
0.0
 40
9.0
 41
1.972972972850329
 42
50.0
 43
0.0
 44
0.0
 50
0.0
 51
0.0
 71
     0
 72
   100
 73
     1
 74
     3
 75
     0
 76
     0
 77
     0
 78
     0
281
     0
 65
     1
110
0.0
120
0.0
130
0.0
111
1.0
121
0.0
131
0.0
112
0.0
122
1.0
132
0.0
 79
     0
146
0.0
348
2F
 60
     3
 61
     5
292
     1
282
     1
141
0.0
142
0.0
 63
   250
361
6D
  0
ENDTAB
  0
TABLE
  2
LTYPE
  5
5
330
0
100
AcDbSymbolTable
 70
     1
  0
LTYPE
  5
14
330
5
100
AcDbSymbolTableRecord
100
AcDbLinetypeTableRecord
  2
ByBlock
 70
     0
  3

 72
    65
 73
     0
 40
0.0
  0
LTYPE
  5
15
330
5
100
AcDbSymbolTableRecord
100
AcDbLinetypeTableRecord
  2
ByLayer
 70
     0
  3

 72
    65
 73
     0
 40
0.0
  0
LTYPE
  5
16
330
5
100
AcDbSymbolTableRecord
100
AcDbLinetypeTableRecord
  2
Continuous
 70
     0
  3
Solid line
 72
    65
 73
     0
 40
0.0
  0
ENDTAB
  0
TABLE
  2
LAYER
  5
2
330
0
100
AcDbSymbolTable
 70
     2
  0
LAYER
  5
10
330
2
100
AcDbSymbolTableRecord
100
AcDbLayerTableRecord
  2
0
 70
     0
 62
     7
  6
Continuous
370
    -3
390
F
347
46
  0
LAYER
  5
6F
330
2
100
AcDbSymbolTableRecord
100
AcDbLayerTableRecord
  2
Layer 1
 70
     0
 62
     7
  6
Continuous
370
    -3
390
F
347
46
  0
ENDTAB
  0
TABLE
  2
STYLE
  5
3
330
0
100
AcDbSymbolTable
 70
     1
  0
STYLE
  5
11
330
3
100
AcDbSymbolTableRecord
100
AcDbTextStyleTableRecord
  2
Standard
 70
     0
 40
0.0
 41
1.0
 50
0.0
 71
     0
 42
0.2
  3
txt
  4

  0
ENDTAB
  0
TABLE
  2
VIEW
  5
6
330
0
100
AcDbSymbolTable
 70
     0
  0
ENDTAB
  0
TABLE
  2
UCS
  5
7
330
0
100
AcDbSymbolTable
 70
     0
  0
ENDTAB
  0
TABLE
  2
APPID
  5
9
330
0
100
AcDbSymbolTable
 70
     3
  0
APPID
  5
12
330
9
100
AcDbSymbolTableRecord
100
AcDbRegAppTableRecord
  2
ACAD
 70
     0
  0
APPID
  5
6E
330
9
100
AcDbSymbolTableRecord
100
AcDbRegAppTableRecord
  2
ODA
 70
     0
  0
APPID
  5
CD
330
9
100
AcDbSymbolTableRecord
100
AcDbRegAppTableRecord
  2
ACAD_MLEADERVER
 70
     0
  0
ENDTAB
  0
TABLE
  2
DIMSTYLE
  5
A
330
0
100
AcDbSymbolTable
 70
     1
100
AcDbDimStyleTable
  0
DIMSTYLE
105
27
330
A
100
AcDbSymbolTableRecord
100
AcDbDimStyleTableRecord
  2
Standard
 70
     0
178
     0
340
11
  0
ENDTAB
  0
TABLE
  2
BLOCK_RECORD
  5
1
330
0
100
AcDbSymbolTable
 70
     1
  0
BLOCK_RECORD
  5
1F
330
1
100
AcDbSymbolTableRecord
100
AcDbBlockTableRecord
  2
*Model_Space
340
22
 70
     0
280
     1
281
     0
  0
BLOCK_RECORD
  5
1B
330
1
100
AcDbSymbolTableRecord
100
AcDbBlockTableRecord
  2
*Paper_Space
340
1E
 70
     0
280
     1
281
     0
  0
BLOCK_RECORD
  5
23
330
1
100
AcDbSymbolTableRecord
100
AcDbBlockTableRecord
  2
*Paper_Space0
340
26
 70
     0
280
     1
281
     0
  0
ENDTAB
  0
ENDSEC
  0
SECTION
  2
BLOCKS
  0
BLOCK
  5
20
330
1F
100
AcDbEntity
  8
0
100
AcDbBlockBegin
  2
*Model_Space
 70
     0
 10
0.0
 20
0.0
 30
0.0
  3
*Model_Space
  1

  0
ENDBLK
  5
21
330
1F
100
AcDbEntity
  8
0
100
AcDbBlockEnd
  0
BLOCK
  5
1C
330
1B
100
AcDbEntity
 67
     1
  8
0
100
AcDbBlockBegin
  2
*Paper_Space
 70
     0
 10
0.0
 20
0.0
 30
0.0
  3
*Paper_Space
  1

  0
ENDBLK
  5
1D
330
1B
100
AcDbEntity
 67
     1
  8
0
100
AcDbBlockEnd
  0
BLOCK
  5
24
330
23
100
AcDbEntity
  8
0
100
AcDbBlockBegin
  2
*Paper_Space0
 70
     0
 10
0.0
 20
0.0
 30
0.0
  3
*Paper_Space0
  1

  0
ENDBLK
  5
25
330
23
100
AcDbEntity
  8
0
100
AcDbBlockEnd
  0
ENDSEC
  0
SECTION
  2
ENTITIES
  0
SPLINE
  5
70
330
1F
100
AcDbEntity
  8
Layer 1
 62
     7
370
    20
100
AcDbSpline
210
0.0
220
0.0
230
1.0
 70
    11
 71
     3
 72
    36
 73
    32
 74
     0
 42
0.000000001
 43
0.0000000001
 40
0.0
 40
0.0
 40
0.0
 40
0.0
 40
0.1111111111111111
 40
0.1111111111111111
 40
0.1111111111111111
 40
0.1111111111111111
 40
0.2222222222222222
 40
0.2222222222222222
 40
0.2222222222222222
 40
0.2222222222222222
 40
0.3333333333333333
 40
0.3333333333333333
 40
0.3333333333333333
 40
0.3333333333333333
 40
0.4444444444444444
 40
0.4444444444444444
 40
0.4444444444444444
 40
0.4444444444444444
 40
0.5555555555555556
 40
0.5555555555555556
 40
0.5555555555555556
 40
0.5555555555555556
 40
0.6666666666666666
 40
0.6666666666666666
 40
0.6666666666666666
 40
0.6666666666666666
 40
0.7777777777777778
 40
0.7777777777777778
 40
0.7777777777777778
 40
0.7777777777777778
 40
1.0
 40
1.0
 40
1.0
 40
1.0
 10
-21.8792
 20
58.0277
 30
0.0
 10
-21.8792
 20
58.0277
 30
0.0
 10
-23.2043
 20
58.0277
 30
0.0
 10
-23.2043
 20
58.0277
 30
0.0
 10
-23.2043
 20
58.0277
 30
0.0
 10
-23.2043
 20
58.0277
 30
0.0
 10
-23.2043
 20
59.1569
 30
0.0
 10
-23.2043
 20
59.1569
 30
0.0
 10
-23.2043
 20
59.1569
 30
0.0
 10
-23.2043
 20
59.1569
 30
0.0
 10
-18.852
 20
59.1569
 30
0.0
 10
-18.852
 20
59.1569
 30
0.0
 10
-18.852
 20
59.1569
 30
0.0
 10
-18.852
 20
59.1569
 30
0.0
 10
-18.852
 20
58.0277
 30
0.0
 10
-18.852
 20
58.0277
 30
0.0
 10
-18.852
 20
58.0277
 30
0.0
 10
-18.852
 20
58.0277
 30
0.0
 10
-20.17
 20
58.0277
 30
0.0
 10
-20.17
 20
58.0277
 30
0.0
 10
-20.17
 20
58.0277
 30
0.0
 10
-20.17
 20
58.0277
 30
0.0
 10
-20.17
 20
55.1831
 30
0.0
 10
-20.17
 20
55.1831
 30
0.0
 10
-20.17
 20
55.1831
 30
0.0
 10
-20.17
 20
55.1831
 30
0.0
 10
-21.8792
 20
55.1831
 30
0.0
 10
-21.8792
 20
55.1831
 30
0.0
 10
-21.8792
 20
55.1831
 30
0.0
 10
-21.8792
 20
55.1831
 30
0.0
 10
-21.8792
 20
58.0277
 30
0.0
 10
-21.8792
 20
58.0277
 30
0.0
  0
SPLINE
  5
71
330
1F
100
AcDbEntity
  8
Layer 1
 62
     7
370
    20
100
AcDbSpline
210
0.0
220
0.0
230
1.0
 70
    11
 71
     3
 72
    72
 73
    68
 74
     0
 42
0.000000001
 43
0.0000000001
 40
0.0
 40
0.0
 40
0.0
 40
0.0
 40
0.0555555555555556
 40
0.0555555555555556
 40
0.0555555555555556
 40
0.0555555555555556
 40
0.1111111111111111
 40
0.1111111111111111
 40
0.1111111111111111
 40
0.1111111111111111
 40
0.1666666666666667
 40
0.1666666666666667
 40
0.1666666666666667
 40
0.1666666666666667
 40
0.2222222222222222
 40
0.2222222222222222
 40
0.2222222222222222
 40
0.2222222222222222
 40
0.2777777777777778
 40
0.2777777777777778
 40
0.2777777777777778
 40
0.2777777777777778
 40
0.3333333333333333
 40
0.3333333333333333
 40
0.3333333333333333
 40
0.3333333333333333
 40
0.3888888888888889
 40
0.3888888888888889
 40
0.3888888888888889
 40
0.3888888888888889
 40
0.4444444444444444
 40
0.4444444444444444
 40
0.4444444444444444
 40
0.4444444444444444
 40
0.5
 40
0.5
 40
0.5
 40
0.5
 40
0.5555555555555556
 40
0.5555555555555556
 40
0.5555555555555556
 40
0.5555555555555556
 40
0.6111111111111112
 40
0.6111111111111112
 40
0.6111111111111112
 40
0.6111111111111112
 40
0.6666666666666666
 40
0.6666666666666666
 40
0.6666666666666666
 40
0.6666666666666666
 40
0.7222222222222222
 40
0.7222222222222222
 40
0.7222222222222222
 40
0.7222222222222222
 40
0.7777777777777778
 40
0.7777777777777778
 40
0.7777777777777778
 40
0.7777777777777778
 40
0.8333333333333334
 40
0.8333333333333334
 40
0.8333333333333334
 40
0.8333333333333334
 40
0.8888888888888888
 40
0.8888888888888888
 40
0.8888888888888888
 40
0.8888888888888888
 40
1.0
 40
1.0
 40
1.0
 40
1.0
 10
-14.4773
 20
56.8697
 30
0.0
 10
-14.3999
 20
56.8355
 30
0.0
 10
-14.3274
 20
56.7946
 30
0.0
 10
-14.2637
 20
56.7452
 30
0.0
 10
-14.2637
 20
56.7452
 30
0.0
 10
-14.0551
 20
56.5839
 30
0.0
 10
-13.9643
 20
56.3559
 30
0.0
 10
-13.9643
 20
56.0951
 30
0.0
 10
-13.9643
 20
56.0951
 30
0.0
 10
-13.9643
 20
56.0951
 30
0.0
 10
-13.9643
 20
55.1831
 30
0.0
 10
-13.9643
 20
55.1831
 30
0.0
 10
-13.9643
 20
55.1831
 30
0.0
 10
-13.9643
 20
55.1831
 30
0.0
 10
-15.6878
 20
55.1831
 30
0.0
 10
-15.6878
 20
55.1831
 30
0.0
 10
-15.6878
 20
55.1831
 30
0.0
 10
-15.6878
 20
55.1831
 30
0.0
 10
-15.6878
 20
55.9986
 30
0.0
 10
-15.6878
 20
55.9986
 30
0.0
 10
-15.6878
 20
55.9986
 30
0.0
 10
-15.6878
 20
56.0544
 30
0.0
 10
-15.6944
 20
56.155
 30
0.0
 10
-15.7465
 20
56.191
 30
0.0
 10
-15.7465
 20
56.191
 30
0.0
 10
-15.8235
 20
56.2441
 30
0.0
 10
-16.0365
 20
56.2505
 30
0.0
 10
-16.1262
 20
56.2505
 30
0.0
 10
-16.1262
 20
56.2505
 30
0.0
 10
-16.1262
 20
56.2505
 30
0.0
 10
-16.7347
 20
56.2505
 30
0.0
 10
-16.7347
 20
56.2505
 30
0.0
 10
-16.7347
 20
56.2505
 30
0.0
 10
-16.7347
 20
56.2505
 30
0.0
 10
-16.7347
 20
55.1831
 30
0.0
 10
-16.7347
 20
55.1831
 30
0.0
 10
-16.7347
 20
55.1831
 30
0.0
 10
-16.7347
 20
55.1831
 30
0.0
 10
-18.4299
 20
55.1831
 30
0.0
 10
-18.4299
 20
55.1831
 30
0.0
 10
-18.4299
 20
55.1831
 30
0.0
 10
-18.4299
 20
55.1831
 30
0.0
 10
-18.4299
 20
59.1569
 30
0.0
 10
-18.4299
 20
59.1569
 30
0.0
 10
-18.4299
 20
59.1569
 30
0.0
 10
-18.4299
 20
59.1569
 30
0.0
 10
-16.1959
 20
59.1569
 30
0.0
 10
-16.1959
 20
59.1569
 30
0.0
 10
-16.1959
 20
59.1569
 30
0.0
 10
-15.7143
 20
59.1569
 30
0.0
 10
-14.9309
 20
59.1378
 30
0.0
 10
-14.4934
 20
58.9178
 30
0.0
 10
-14.4934
 20
58.9178
 30
0.0
 10
-14.1247
 20
58.7323
 30
0.0
 10
-13.9643
 20
58.4027
 30
0.0
 10
-13.9643
 20
57.9974
 30
0.0
 10
-13.9643
 20
57.9974
 30
0.0
 10
-13.9643
 20
57.9974
 30
0.0
 10
-13.9643
 20
57.7029
 30
0.0
 10
-13.9643
 20
57.7029
 30
0.0
 10
-13.9643
 20
57.7029
 30
0.0
 10
-13.9643
 20
57.4251
 30
0.0
 10
-14.0579
 20
57.1803
 30
0.0
 10
-14.2734
 20
57.0009
 30
0.0
 10
-14.2734
 20
57.0009
 30
0.0
 10
-14.3358
 20
56.949
 30
0.0
 10
-14.4045
 20
56.9057
 30
0.0
 10
-14.4773
 20
56.8697
 30
0.0
  0
SPLINE
  5
72
330
1F
100
AcDbEntity
  8
Layer 1
 62
     7
370
    20
100
AcDbSpline
210
0.0
220
0.0
230
1.0
 70
    11
 71
     3
 72
    20
 73
    16
 74
     0
 42
0.000000001
 43
0.0000000001
 40
0.0
 40
0.0
 40
0.0
 40
0.0
 40
0.2
 40
0.2
 40
0.2
 40
0.2
 40
0.4
 40
0.4
 40
0.4
 40
0.4
 40
0.6
 40
0.6
 40
0.6
 40
0.6
 40
1.0
 40
1.0
 40
1.0
 40
1.0
 10
-13.3012
 20
55.1831
 30
0.0
 10
-13.3012
 20
55.1831
 30
0.0
 10
-13.3012
 20
59.1569
 30
0.0
 10
-13.3012
 20
59.1569
 30
0.0
 10
-13.3012
 20
59.1569
 30
0.0
 10
-13.3012
 20
59.1569
 30
0.0
 10
-11.5918
 20
59.1569
 30
0.0
 10
-11.5918
 20
59.1569
 30
0.0
 10
-11.5918
 20
59.1569
 30
0.0
 10
-11.5918
 20
59.1569
 30
0.0
 10
-11.5918
 20
55.1831
 30
0.0
 10
-11.5918
 20
55.1831
 30
0.0
 10
-11.5918
 20
55.1831
 30
0.0
 10
-11.5918
 20
55.1831
 30
0.0
 10
-13.3012
 20
55.1831
 30
0.0
 10
-13.3012
 20
55.1831
 30
0.0
  0
SPLINE
  5
73
330
1F
100
AcDbEntity
  8
Layer 1
 62
     7
370
    20
100
AcDbSpline
210
0.0
220
0.0
230
1.0
 70
    11
 71
     3
 72
    52
 73
    48
 74
     0
 42
0.000000001
 43
0.0000000001
 40
0.0
 40
0.0
 40
0.0
 40
0.0
 40
0.0769230769230769
 40
0.0769230769230769
 40
0.0769230769230769
 40
0.0769230769230769
 40
0.1538461538461539
 40
0.1538461538461539
 40
0.1538461538461539
 40
0.1538461538461539
 40
0.2307692307692308
 40
0.2307692307692308
 40
0.2307692307692308
 40
0.2307692307692308
 40
0.3076923076923077
 40
0.3076923076923077
 40
0.3076923076923077
 40
0.3076923076923077
 40
0.3846153846153846
 40
0.3846153846153846
 40
0.3846153846153846
 40
0.3846153846153846
 40
0.4615384615384616
 40
0.4615384615384616
 40
0.4615384615384616
 40
0.4615384615384616
 40
0.5384615384615384
 40
0.5384615384615384
 40
0.5384615384615384
 40
0.5384615384615384
 40
0.6153846153846154
 40
0.6153846153846154
 40
0.6153846153846154
 40
0.6153846153846154
 40
0.6923076923076923
 40
0.6923076923076923
 40
0.6923076923076923
 40
0.6923076923076923
 40
0.7692307692307693
 40
0.7692307692307693
 40
0.7692307692307693
 40
0.7692307692307693
 40
0.8461538461538461
 40
0.8461538461538461
 40
0.8461538461538461
 40
0.8461538461538461
 40
1.0
 40
1.0
 40
1.0
 40
1.0
 10
-10.9843
 20
57.5501
 30
0.0
 10
-10.9843
 20
58.0236
 30
0.0
 10
-10.8824
 20
58.5386
 30
0.0
 10
-10.4825
 20
58.84
 30
0.0
 10
-10.4825
 20
58.84
 30
0.0
 10
-10.0646
 20
59.1548
 30
0.0
 10
-9.3601
 20
59.2022
 30
0.0
 10
-8.8566
 20
59.2022
 30
0.0
 10
-8.8566
 20
59.2022
 30
0.0
 10
-8.8566
 20
59.2022
 30
0.0
 10
-8.1787
 20
59.2022
 30
0.0
 10
-8.1787
 20
59.2022
 30
0.0
 10
-8.1787
 20
59.2022
 30
0.0
 10
-7.6734
 20
59.2022
 30
0.0
 10
-6.9661
 20
59.1543
 30
0.0
 10
-6.5469
 20
58.8384
 30
0.0
 10
-6.5469
 20
58.8384
 30
0.0
 10
-6.1465
 20
58.5367
 30
0.0
 10
-6.0439
 20
58.0243
 30
0.0
 10
-6.0439
 20
57.5501
 30
0.0
 10
-6.0439
 20
57.5501
 30
0.0
 10
-6.0439
 20
57.5501
 30
0.0
 10
-6.0439
 20
56.7899
 30
0.0
 10
-6.0439
 20
56.7899
 30
0.0
 10
-6.0439
 20
56.7899
 30
0.0
 10
-6.0439
 20
56.3158
 30
0.0
 10
-6.1465
 20
55.8033
 30
0.0
 10
-6.5469
 20
55.5016
 30
0.0
 10
-6.5469
 20
55.5016
 30
0.0
 10
-6.9662
 20
55.1857
 30
0.0
 10
-7.6733
 20
55.1378
 30
0.0
 10
-8.1787
 20
55.1378
 30
0.0
 10
-8.1787
 20
55.1378
 30
0.0
 10
-8.1787
 20
55.1378
 30
0.0
 10
-8.8566
 20
55.1378
 30
0.0
 10
-8.8566
 20
55.1378
 30
0.0
 10
-8.8566
 20
55.1378
 30
0.0
 10
-9.3601
 20
55.1378
 30
0.0
 10
-10.0647
 20
55.1851
 30
0.0
 10
-10.4825
 20
55.5
 30
0.0
 10
-10.4825
 20
55.5
 30
0.0
 10
-10.8824
 20
55.8014
 30
0.0
 10
-10.9843
 20
56.3164
 30
0.0
 10
-10.9843
 20
56.7899
 30
0.0
 10
-10.9843
 20
56.7899
 30
0.0
 10
-10.9843
 20
56.7899
 30
0.0
 10
-10.9843
 20
57.5501
 30
0.0
 10
-10.9843
 20
57.5501
 30
0.0
  0
SPLINE
  5
74
330
1F
100
AcDbEntity
  8
Layer 1
 62
     7
370
    20
100
AcDbSpline
210
0.0
220
0.0
230
1.0
 70
    11
 71
     3
 72
    48
 73
    44
 74
     0
 42
0.000000001
 43
0.0000000001
 40
0.0
 40
0.0
 40
0.0
 40
0.0
 40
0.0833333333333333
 40
0.0833333333333333
 40
0.0833333333333333
 40
0.0833333333333333
 40
0.1666666666666667
 40
0.1666666666666667
 40
0.1666666666666667
 40
0.1666666666666667
 40
0.25
 40
0.25
 40
0.25
 40
0.25
 40
0.3333333333333333
 40
0.3333333333333333
 40
0.3333333333333333
 40
0.3333333333333333
 40
0.4166666666666667
 40
0.4166666666666667
 40
0.4166666666666667
 40
0.4166666666666667
 40
0.5
 40
0.5
 40
0.5
 40
0.5
 40
0.5833333333333334
 40
0.5833333333333334
 40
0.5833333333333334
 40
0.5833333333333334
 40
0.6666666666666666
 40
0.6666666666666666
 40
0.6666666666666666
 40
0.6666666666666666
 40
0.75
 40
0.75
 40
0.75
 40
0.75
 40
0.8333333333333334
 40
0.8333333333333334
 40
0.8333333333333334
 40
0.8333333333333334
 40
1.0
 40
1.0
 40
1.0
 40
1.0
 10
-1.8168
 20
56.8564
 30
0.0
 10
-1.8168
 20
56.8564
 30
0.0
 10
-1.8168
 20
59.1569
 30
0.0
 10
-1.8168
 20
59.1569
 30
0.0
 10
-1.8168
 20
59.1569
 30
0.0
 10
-1.8168
 20
59.1569
 30
0.0
 10
-0.1854
 20
59.1569
 30
0.0
 10
-0.1854
 20
59.1569
 30
0.0
 10
-0.1854
 20
59.1569
 30
0.0
 10
-0.1854
 20
59.1569
 30
0.0
 10
-0.1854
 20
55.1831
 30
0.0
 10
-0.1854
 20
55.1831
 30
0.0
 10
-0.1854
 20
55.1831
 30
0.0
 10
-0.1854
 20
55.1831
 30
0.0
 10
-2.4869
 20
55.1831
 30
0.0
 10
-2.4869
 20
55.1831
 30
0.0
 10
-2.4869
 20
55.1831
 30
0.0
 10
-2.4869
 20
55.1831
 30
0.0
 10
-3.8415
 20
57.5036
 30
0.0
 10
-3.8415
 20
57.5036
 30
0.0
 10
-3.8415
 20
57.5036
 30
0.0
 10
-3.8415
 20
57.5036
 30
0.0
 10
-3.8415
 20
55.1831
 30
0.0
 10
-3.8415
 20
55.1831
 30
0.0
 10
-3.8415
 20
55.1831
 30
0.0
 10
-3.8415
 20
55.1831
 30
0.0
 10
-5.4729
 20
55.1831
 30
0.0
 10
-5.4729
 20
55.1831
 30
0.0
 10
-5.4729
 20
55.1831
 30
0.0
 10
-5.4729
 20
55.1831
 30
0.0
 10
-5.4729
 20
58.5299
 30
0.0
 10
-5.4729
 20
58.5299
 30
0.0
 10
-5.4729
 20
58.5299
 30
0.0
 10
-5.4729
 20
58.8753
 30
0.0
 10
-5.1912
 20
59.1569
 30
0.0
 10
-4.8459
 20
59.1569
 30
0.0
 10
-4.8459
 20
59.1569
 30
0.0
 10
-4.8459
 20
59.1569
 30
0.0
 10
-3.1718
 20
59.1569
 30
0.0
 10
-3.1718
 20
59.1569
 30
0.0
 10
-3.1718
 20
59.1569
 30
0.0
 10
-3.1718
 20
59.1569
 30
0.0
 10
-1.8168
 20
56.8564
 30
0.0
 10
-1.8168
 20
56.8564
 30
0.0
  0
SPLINE
  5
75
330
1F
100
AcDbEntity
  8
Layer 1
 62
     7
370
    20
100
AcDbSpline
210
0.0
220
0.0
230
1.0
 70
    11
 71
     3
 72
    36
 73
    32
 74
     0
 42
0.000000001
 43
0.0000000001
 40
0.0
 40
0.0
 40
0.0
 40
0.0
 40
0.1111111111111111
 40
0.1111111111111111
 40
0.1111111111111111
 40
0.1111111111111111
 40
0.2222222222222222
 40
0.2222222222222222
 40
0.2222222222222222
 40
0.2222222222222222
 40
0.3333333333333333
 40
0.3333333333333333
 40
0.3333333333333333
 40
0.3333333333333333
 40
0.4444444444444444
 40
0.4444444444444444
 40
0.4444444444444444
 40
0.4444444444444444
 40
0.5555555555555556
 40
0.5555555555555556
 40
0.5555555555555556
 40
0.5555555555555556
 40
0.6666666666666666
 40
0.6666666666666666
 40
0.6666666666666666
 40
0.6666666666666666
 40
0.7777777777777778
 40
0.7777777777777778
 40
0.7777777777777778
 40
0.7777777777777778
 40
1.0
 40
1.0
 40
1.0
 40
1.0
 10
0.5509
 20
55.1831
 30
0.0
 10
0.5509
 20
55.1831
 30
0.0
 10
0.5509
 20
59.1569
 30
0.0
 10
0.5509
 20
59.1569
 30
0.0
 10
0.5509
 20
59.1569
 30
0.0
 10
0.5509
 20
59.1569
 30
0.0
 10
3.3282
 20
59.1569
 30
0.0
 10
3.3282
 20
59.1569
 30
0.0
 10
3.3282
 20
59.1569
 30
0.0
 10
3.8297
 20
59.1569
 30
0.0
 10
4.5341
 20
59.1105
 30
0.0
 10
4.9528
 20
58.8015
 30
0.0
 10
4.9528
 20
58.8015
 30
0.0
 10
5.3509
 20
58.5078
 30
0.0
 10
5.4558
 20
58.0084
 30
0.0
 10
5.4558
 20
57.54
 30
0.0
 10
5.4558
 20
57.54
 30
0.0
 10
5.4558
 20
57.54
 30
0.0
 10
5.4558
 20
56.7999
 30
0.0
 10
5.4558
 20
56.7999
 30
0.0
 10
5.4558
 20
56.7999
 30
0.0
 10
5.4558
 20
56.3316
 30
0.0
 10
5.3509
 20
55.8321
 30
0.0
 10
4.9528
 20
55.5385
 30
0.0
 10
4.9528
 20
55.5385
 30
0.0
 10
4.5341
 20
55.2295
 30
0.0
 10
3.8297
 20
55.1831
 30
0.0
 10
3.3282
 20
55.1831
 30
0.0
 10
3.3282
 20
55.1831
 30
0.0
 10
3.3282
 20
55.1831
 30
0.0
 10
0.5509
 20
55.1831
 30
0.0
 10
0.5509
 20
55.1831
 30
0.0
  0
SPLINE
  5
76
330
1F
100
AcDbEntity
  8
Layer 1
 62
     7
370
    20
100
AcDbSpline
210
0.0
220
0.0
230
1.0
 70
    11
 71
     3
 72
    40
 73
    36
 74
     0
 42
0.000000001
 43
0.0000000001
 40
0.0
 40
0.0
 40
0.0
 40
0.0
 40
0.1
 40
0.1
 40
0.1
 40
0.1
 40
0.2
 40
0.2
 40
0.2
 40
0.2
 40
0.3
 40
0.3
 40
0.3
 40
0.3
 40
0.4
 40
0.4
 40
0.4
 40
0.4
 40
0.5
 40
0.5
 40
0.5
 40
0.5
 40
0.6
 40
0.6
 40
0.6
 40
0.6
 40
0.7
 40
0.7
 40
0.7
 40
0.7
 40
0.8
 40
0.8
 40
0.8
 40
0.8
 40
1.0
 40
1.0
 40
1.0
 40
1.0
 10
8.9007
 20
55.8225
 30
0.0
 10
8.9007
 20
55.8225
 30
0.0
 10
7.4963
 20
55.8225
 30
0.0
 10
7.4963
 20
55.8225
 30
0.0
 10
7.4963
 20
55.8225
 30
0.0
 10
7.4963
 20
55.8225
 30
0.0
 10
7.2613
 20
55.1831
 30
0.0
 10
7.2613
 20
55.1831
 30
0.0
 10
7.2613
 20
55.1831
 30
0.0
 10
7.2613
 20
55.1831
 30
0.0
 10
5.4386
 20
55.1831
 30
0.0
 10
5.4386
 20
55.1831
 30
0.0
 10
5.4386
 20
55.1831
 30
0.0
 10
5.4386
 20
55.1831
 30
0.0
 10
6.8243
 20
58.6083
 30
0.0
 10
6.8243
 20
58.6083
 30
0.0
 10
6.8243
 20
58.6083
 30
0.0
 10
6.9612
 20
58.9469
 30
0.0
 10
7.2729
 20
59.1569
 30
0.0
 10
7.638
 20
59.1569
 30
0.0
 10
7.638
 20
59.1569
 30
0.0
 10
7.638
 20
59.1569
 30
0.0
 10
9.3829
 20
59.1569
 30
0.0
 10
9.3829
 20
59.1569
 30
0.0
 10
9.3829
 20
59.1569
 30
0.0
 10
9.3829
 20
59.1569
 30
0.0
 10
10.9534
 20
55.1831
 30
0.0
 10
10.9534
 20
55.1831
 30
0.0
 10
10.9534
 20
55.1831
 30
0.0
 10
10.9534
 20
55.1831
 30
0.0
 10
9.1321
 20
55.1831
 30
0.0
 10
9.1321
 20
55.1831
 30
0.0
 10
9.1321
 20
55.1831
 30
0.0
 10
9.1321
 20
55.1831
 30
0.0
 10
8.9007
 20
55.8225
 30
0.0
 10
8.9007
 20
55.8225
 30
0.0
  0
SPLINE
  5
77
330
1F
100
AcDbEntity
  8
Layer 1
 62
     7
370
    20
100
AcDbSpline
210
0.0
220
0.0
230
1.0
 70
    11
 71
     3
 72
    36
 73
    32
 74
     0
 42
0.000000001
 43
0.0000000001
 40
0.0
 40
0.0
 40
0.0
 40
0.0
 40
0.1111111111111111
 40
0.1111111111111111
 40
0.1111111111111111
 40
0.1111111111111111
 40
0.2222222222222222
 40
0.2222222222222222
 40
0.2222222222222222
 40
0.2222222222222222
 40
0.3333333333333333
 40
0.3333333333333333
 40
0.3333333333333333
 40
0.3333333333333333
 40
0.4444444444444444
 40
0.4444444444444444
 40
0.4444444444444444
 40
0.4444444444444444
 40
0.5555555555555556
 40
0.5555555555555556
 40
0.5555555555555556
 40
0.5555555555555556
 40
0.6666666666666666
 40
0.6666666666666666
 40
0.6666666666666666
 40
0.6666666666666666
 40
0.7777777777777778
 40
0.7777777777777778
 40
0.7777777777777778
 40
0.7777777777777778
 40
1.0
 40
1.0
 40
1.0
 40
1.0
 10
-16.7347
 20
57.3897
 30
0.0
 10
-16.7347
 20
57.3897
 30
0.0
 10
-16.1191
 20
57.3897
 30
0.0
 10
-16.1191
 20
57.3897
 30
0.0
 10
-16.1191
 20
57.3897
 30
0.0
 10
-16.0302
 20
57.3897
 30
0.0
 10
-15.8144
 20
57.3957
 30
0.0
 10
-15.7382
 20
57.4483
 30
0.0
 10
-15.7382
 20
57.4483
 30
0.0
 10
-15.6868
 20
57.4839
 30
0.0
 10
-15.6807
 20
57.5814
 30
0.0
 10
-15.6807
 20
57.6365
 30
0.0
 10
-15.6807
 20
57.6365
 30
0.0
 10
-15.6807
 20
57.6365
 30
0.0
 10
-15.6807
 20
57.7767
 30
0.0
 10
-15.6807
 20
57.7767
 30
0.0
 10
-15.6807
 20
57.7767
 30
0.0
 10
-15.6807
 20
57.8324
 30
0.0
 10
-15.6874
 20
57.9324
 30
0.0
 10
-15.7394
 20
57.9683
 30
0.0
 10
-15.7394
 20
57.9683
 30
0.0
 10
-15.8163
 20
58.0214
 30
0.0
 10
-16.0294
 20
58.0277
 30
0.0
 10
-16.1191
 20
58.0277
 30
0.0
 10
-16.1191
 20
58.0277
 30
0.0
 10
-16.1191
 20
58.0277
 30
0.0
 10
-16.7347
 20
58.0277
 30
0.0
 10
-16.7347
 20
58.0277
 30
0.0
 10
-16.7347
 20
58.0277
 30
0.0
 10
-16.7347
 20
58.0277
 30
0.0
 10
-16.7347
 20
57.3897
 30
0.0
 10
-16.7347
 20
57.3897
 30
0.0
  0
SPLINE
  5
78
330
1F
100
AcDbEntity
  8
Layer 1
 62
     7
370
    20
100
AcDbSpline
210
0.0
220
0.0
230
1.0
 70
    11
 71
     3
 72
    52
 73
    48
 74
     0
 42
0.000000001
 43
0.0000000001
 40
0.0
 40
0.0
 40
0.0
 40
0.0
 40
0.0769230769230769
 40
0.0769230769230769
 40
0.0769230769230769
 40
0.0769230769230769
 40
0.1538461538461539
 40
0.1538461538461539
 40
0.1538461538461539
 40
0.1538461538461539
 40
0.2307692307692308
 40
0.2307692307692308
 40
0.2307692307692308
 40
0.2307692307692308
 40
0.3076923076923077
 40
0.3076923076923077
 40
0.3076923076923077
 40
0.3076923076923077
 40
0.3846153846153846
 40
0.3846153846153846
 40
0.3846153846153846
 40
0.3846153846153846
 40
0.4615384615384616
 40
0.4615384615384616
 40
0.4615384615384616
 40
0.4615384615384616
 40
0.5384615384615384
 40
0.5384615384615384
 40
0.5384615384615384
 40
0.5384615384615384
 40
0.6153846153846154
 40
0.6153846153846154
 40
0.6153846153846154
 40
0.6153846153846154
 40
0.6923076923076923
 40
0.6923076923076923
 40
0.6923076923076923
 40
0.6923076923076923
 40
0.7692307692307693
 40
0.7692307692307693
 40
0.7692307692307693
 40
0.7692307692307693
 40
0.8461538461538461
 40
0.8461538461538461
 40
0.8461538461538461
 40
0.8461538461538461
 40
1.0
 40
1.0
 40
1.0
 40
1.0
 10
-9.2608
 20
57.4688
 30
0.0
 10
-9.2608
 20
57.4688
 30
0.0
 10
-9.2608
 20
56.8663
 30
0.0
 10
-9.2608
 20
56.8663
 30
0.0
 10
-9.2608
 20
56.8663
 30
0.0
 10
-9.2608
 20
56.7733
 30
0.0
 10
-9.2517
 20
56.4642
 30
0.0
 10
-9.1702
 20
56.3983
 30
0.0
 10
-9.1702
 20
56.3983
 30
0.0
 10
-9.0734
 20
56.3201
 30
0.0
 10
-8.7629
 20
56.3122
 30
0.0
 10
-8.6452
 20
56.3122
 30
0.0
 10
-8.6452
 20
56.3122
 30
0.0
 10
-8.6452
 20
56.3122
 30
0.0
 10
-8.3889
 20
56.3122
 30
0.0
 10
-8.3889
 20
56.3122
 30
0.0
 10
-8.3889
 20
56.3122
 30
0.0
 10
-8.2677
 20
56.3122
 30
0.0
 10
-7.9612
 20
56.3205
 30
0.0
 10
-7.8614
 20
56.401
 30
0.0
 10
-7.8614
 20
56.401
 30
0.0
 10
-7.7767
 20
56.4692
 30
0.0
 10
-7.7675
 20
56.77
 30
0.0
 10
-7.7675
 20
56.8663
 30
0.0
 10
-7.7675
 20
56.8663
 30
0.0
 10
-7.7675
 20
56.8663
 30
0.0
 10
-7.7675
 20
57.4688
 30
0.0
 10
-7.7675
 20
57.4688
 30
0.0
 10
-7.7675
 20
57.4688
 30
0.0
 10
-7.7675
 20
57.5671
 30
0.0
 10
-7.7765
 20
57.8688
 30
0.0
 10
-7.8623
 20
57.939
 30
0.0
 10
-7.8623
 20
57.939
 30
0.0
 10
-7.9609
 20
58.0197
 30
0.0
 10
-8.2686
 20
58.0277
 30
0.0
 10
-8.3889
 20
58.0277
 30
0.0
 10
-8.3889
 20
58.0277
 30
0.0
 10
-8.3889
 20
58.0277
 30
0.0
 10
-8.6452
 20
58.0277
 30
0.0
 10
-8.6452
 20
58.0277
 30
0.0
 10
-8.6452
 20
58.0277
 30
0.0
 10
-8.7647
 20
58.0277
 30
0.0
 10
-9.0691
 20
58.0197
 30
0.0
 10
-9.1672
 20
57.9396
 30
0.0
 10
-9.1672
 20
57.9396
 30
0.0
 10
-9.2514
 20
57.871
 30
0.0
 10
-9.2608
 20
57.5651
 30
0.0
 10
-9.2608
 20
57.4688
 30
0.0
  0
SPLINE
  5
79
330
1F
100
AcDbEntity
  8
Layer 1
 62
     7
370
    20
100
AcDbSpline
210
0.0
220
0.0
230
1.0
 70
    11
 71
     3
 72
    36
 73
    32
 74
     0
 42
0.000000001
 43
0.0000000001
 40
0.0
 40
0.0
 40
0.0
 40
0.0
 40
0.1111111111111111
 40
0.1111111111111111
 40
0.1111111111111111
 40
0.1111111111111111
 40
0.2222222222222222
 40
0.2222222222222222
 40
0.2222222222222222
 40
0.2222222222222222
 40
0.3333333333333333
 40
0.3333333333333333
 40
0.3333333333333333
 40
0.3333333333333333
 40
0.4444444444444444
 40
0.4444444444444444
 40
0.4444444444444444
 40
0.4444444444444444
 40
0.5555555555555556
 40
0.5555555555555556
 40
0.5555555555555556
 40
0.5555555555555556
 40
0.6666666666666666
 40
0.6666666666666666
 40
0.6666666666666666
 40
0.6666666666666666
 40
0.7777777777777778
 40
0.7777777777777778
 40
0.7777777777777778
 40
0.7777777777777778
 40
1.0
 40
1.0
 40
1.0
 40
1.0
 10
2.2461
 20
56.3122
 30
0.0
 10
2.2461
 20
56.3122
 30
0.0
 10
3.1167
 20
56.3122
 30
0.0
 10
3.1167
 20
56.3122
 30
0.0
 10
3.1167
 20
56.3122
 30
0.0
 10
3.2345
 20
56.3122
 30
0.0
 10
3.545
 20
56.3201
 30
0.0
 10
3.6418
 20
56.3983
 30
0.0
 10
3.6418
 20
56.3983
 30
0.0
 10
3.7233
 20
56.4641
 30
0.0
 10
3.7323
 20
56.7735
 30
0.0
 10
3.7323
 20
56.8663
 30
0.0
 10
3.7323
 20
56.8663
 30
0.0
 10
3.7323
 20
56.8663
 30
0.0
 10
3.7323
 20
57.4688
 30
0.0
 10
3.7323
 20
57.4688
 30
0.0
 10
3.7323
 20
57.4688
 30
0.0
 10
3.7323
 20
57.5642
 30
0.0
 10
3.7235
 20
57.8717
 30
0.0
 10
3.64
 20
57.9396
 30
0.0
 10
3.64
 20
57.9396
 30
0.0
 10
3.542
 20
58.0196
 30
0.0
 10
3.2362
 20
58.0277
 30
0.0
 10
3.1167
 20
58.0277
 30
0.0
 10
3.1167
 20
58.0277
 30
0.0
 10
3.1167
 20
58.0277
 30
0.0
 10
2.2461
 20
58.0277
 30
0.0
 10
2.2461
 20
58.0277
 30
0.0
 10
2.2461
 20
58.0277
 30
0.0
 10
2.2461
 20
58.0277
 30
0.0
 10
2.2461
 20
56.3122
 30
0.0
 10
2.2461
 20
56.3122
 30
0.0
  0
SPLINE
  5
7A
330
1F
100
AcDbEntity
  8
Layer 1
 62
     7
370
    20
100
AcDbSpline
210
0.0
220
0.0
230
1.0
 70
    11
 71
     3
 72
    16
 73
    12
 74
     0
 42
0.000000001
 43
0.0000000001
 40
0.0
 40
0.0
 40
0.0
 40
0.0
 40
0.25
 40
0.25
 40
0.25
 40
0.25
 40
0.5
 40
0.5
 40
0.5
 40
0.5
 40
1.0
 40
1.0
 40
1.0
 40
1.0
 10
7.86
 20
56.8812
 30
0.0
 10
7.86
 20
56.8812
 30
0.0
 10
8.5491
 20
56.8812
 30
0.0
 10
8.5491
 20
56.8812
 30
0.0
 10
8.5491
 20
56.8812
 30
0.0
 10
8.5491
 20
56.8812
 30
0.0
 10
8.2096
 20
57.8878
 30
0.0
 10
8.2096
 20
57.8878
 30
0.0
 10
8.2096
 20
57.8878
 30
0.0
 10
8.2096
 20
57.8878
 30
0.0
 10
7.86
 20
56.8812
 30
0.0
 10
7.86
 20
56.8812
 30
0.0
  0
SPLINE
  5
7B
330
1F
100
AcDbEntity
  8
Layer 1
 62
     7
370
    20
100
AcDbSpline
210
0.0
220
0.0
230
1.0
 70
    11
 71
     3
 72
    20
 73
    16
 74
     0
 42
0.000000001
 43
0.0000000001
 40
0.0
 40
0.0
 40
0.0
 40
0.0
 40
0.2
 40
0.2
 40
0.2
 40
0.2
 40
0.4
 40
0.4
 40
0.4
 40
0.4
 40
0.6
 40
0.6
 40
0.6
 40
0.6
 40
1.0
 40
1.0
 40
1.0
 40
1.0
 10
-60.3092
 20
51.6869
 30
0.0
 10
-61.941
 20
51.8629
 30
0.0
 10
-63.8142
 20
51.8326
 30
0.0
 10
-65.4674
 20
51.5874
 30
0.0
 10
-65.4674
 20
51.5874
 30
0.0
 10
-65.6071
 20
51.2807
 30
0.0
 10
-65.7365
 20
50.9665
 30
0.0
 10
-65.8652
 20
50.6533
 30
0.0
 10
-65.8652
 20
50.6533
 30
0.0
 10
-65.8652
 20
50.6533
 30
0.0
 10
-59.8521
 20
50.6532
 30
0.0
 10
-59.8521
 20
50.6532
 30
0.0
 10
-59.8521
 20
50.6532
 30
0.0
 10
-60.0033
 20
50.9984
 30
0.0
 10
-60.1557
 20
51.3428
 30
0.0
 10
-60.3092
 20
51.6869
 30
0.0
  0
SPLINE
  5
7C
330
1F
100
AcDbEntity
  8
Layer 1
 62
     7
370
    20
100
AcDbSpline
210
0.0
220
0.0
230
1.0
 70
    11
 71
     3
 72
   100
 73
    96
 74
     0
 42
0.000000001
 43
0.0000000001
 40
0.0
 40
0.0
 40
0.0
 40
0.0
 40
0.04
 40
0.04
 40
0.04
 40
0.04
 40
0.08
 40
0.08
 40
0.08
 40
0.08
 40
0.12
 40
0.12
 40
0.12
 40
0.12
 40
0.16
 40
0.16
 40
0.16
 40
0.16
 40
0.2
 40
0.2
 40
0.2
 40
0.2
 40
0.24
 40
0.24
 40
0.24
 40
0.24
 40
0.28
 40
0.28
 40
0.28
 40
0.28
 40
0.32
 40
0.32
 40
0.32
 40
0.32
 40
0.36
 40
0.36
 40
0.36
 40
0.36
 40
0.4
 40
0.4
 40
0.4
 40
0.4
 40
0.44
 40
0.44
 40
0.44
 40
0.44
 40
0.48
 40
0.48
 40
0.48
 40
0.48
 40
0.52
 40
0.52
 40
0.52
 40
0.52
 40
0.56
 40
0.56
 40
0.56
 40
0.56
 40
0.6
 40
0.6
 40
0.6
 40
0.6
 40
0.64
 40
0.64
 40
0.64
 40
0.64
 40
0.68
 40
0.68
 40
0.68
 40
0.68
 40
0.72
 40
0.72
 40
0.72
 40
0.72
 40
0.76
 40
0.76
 40
0.76
 40
0.76
 40
0.8
 40
0.8
 40
0.8
 40
0.8
 40
0.84
 40
0.84
 40
0.84
 40
0.84
 40
0.88
 40
0.88
 40
0.88
 40
0.88
 40
0.92
 40
0.92
 40
0.92
 40
0.92
 40
1.0
 40
1.0
 40
1.0
 40
1.0
 10
-58.2914
 20
70.6769
 30
0.0
 10
-55.96
 20
70.6769
 30
0.0
 10
-54.0701
 20
68.7177
 30
0.0
 10
-54.0701
 20
66.3009
 30
0.0
 10
-54.0701
 20
66.3009
 30
0.0
 10
-54.0701
 20
63.8875
 30
0.0
 10
-55.9547
 20
61.9304
 30
0.0
 10
-58.2816
 20
61.9249
 30
0.0
 10
-58.2816
 20
61.9249
 30
0.0
 10
-58.2816
 20
61.9249
 30
0.0
 10
-54.0701
 20
61.9249
 30
0.0
 10
-54.0701
 20
61.9249
 30
0.0
 10
-54.0701
 20
61.9249
 30
0.0
 10
-54.0701
 20
61.9249
 30
0.0
 10
-54.0701
 20
57.5489
 30
0.0
 10
-54.0701
 20
57.5489
 30
0.0
 10
-54.0701
 20
57.5489
 30
0.0
 10
-54.0701
 20
57.5489
 30
0.0
 10
-61.3093
 20
57.5489
 30
0.0
 10
-61.3093
 20
57.5489
 30
0.0
 10
-61.3093
 20
57.5489
 30
0.0
 10
-61.3093
 20
57.5489
 30
0.0
 10
-61.2886
 20
57.5857
 30
0.0
 10
-61.2886
 20
57.5857
 30
0.0
 10
-61.2886
 20
57.5857
 30
0.0
 10
-61.2886
 20
57.5857
 30
0.0
 10
-60.1624
 20
61.42
 30
0.0
 10
-60.1624
 20
61.42
 30
0.0
 10
-60.1624
 20
61.42
 30
0.0
 10
-60.1624
 20
61.42
 30
0.0
 10
-59.487
 20
63.9118
 30
0.0
 10
-59.487
 20
63.9118
 30
0.0
 10
-59.487
 20
63.9118
 30
0.0
 10
-60.323
 20
63.1363
 30
0.0
 10
-60.4124
 20
63.0434
 30
0.0
 10
-61.7473
 20
63.0035
 30
0.0
 10
-61.7473
 20
63.0035
 30
0.0
 10
-61.7789
 20
63.6094
 30
0.0
 10
-61.9293
 20
64.0166
 30
0.0
 10
-62.3008
 20
64.9181
 30
0.0
 10
-62.3008
 20
64.9181
 30
0.0
 10
-62.4604
 20
63.7423
 30
0.0
 10
-63.2226
 20
63.1268
 30
0.0
 10
-64.3222
 20
62.8842
 30
0.0
 10
-64.3222
 20
62.8842
 30
0.0
 10
-64.9102
 20
62.7544
 30
0.0
 10
-65.2438
 20
63.025
 30
0.0
 10
-65.6974
 20
63.3533
 30
0.0
 10
-65.6974
 20
63.3533
 30
0.0
 10
-65.6974
 20
63.3533
 30
0.0
 10
-65.6081
 20
62.9046
 30
0.0
 10
-65.6081
 20
62.9046
 30
0.0
 10
-65.6081
 20
62.9046
 30
0.0
 10
-65.5718
 20
62.5601
 30
0.0
 10
-65.3045
 20
62.2761
 30
0.0
 10
-65.215
 20
61.9432
 30
0.0
 10
-65.215
 20
61.9432
 30
0.0
 10
-65.215
 20
61.9432
 30
0.0
 10
-64.8822
 20
59.2189
 30
0.0
 10
-64.8822
 20
59.2189
 30
0.0
 10
-64.8822
 20
59.2189
 30
0.0
 10
-64.8822
 20
59.2189
 30
0.0
 10
-64.3636
 20
58.4628
 30
0.0
 10
-64.3636
 20
58.4628
 30
0.0
 10
-64.3636
 20
58.4628
 30
0.0
 10
-64.3147
 20
58.1947
 30
0.0
 10
-64.2683
 20
57.9141
 30
0.0
 10
-64.2307
 20
57.6361
 30
0.0
 10
-64.2307
 20
57.6361
 30
0.0
 10
-64.2307
 20
57.6361
 30
0.0
 10
-64.2196
 20
57.5489
 30
0.0
 10
-64.2196
 20
57.5489
 30
0.0
 10
-64.2196
 20
57.5489
 30
0.0
 10
-64.2196
 20
57.5489
 30
0.0
 10
-71.5839
 20
57.5489
 30
0.0
 10
-71.5839
 20
57.5489
 30
0.0
 10
-71.5839
 20
57.5489
 30
0.0
 10
-71.5839
 20
57.5489
 30
0.0
 10
-71.5838
 20
61.9249
 30
0.0
 10
-71.5838
 20
61.9249
 30
0.0
 10
-71.5838
 20
61.9249
 30
0.0
 10
-71.5838
 20
64.3383
 30
0.0
 10
-69.6992
 20
66.2954
 30
0.0
 10
-67.3723
 20
66.3009
 30
0.0
 10
-67.3723
 20
66.3009
 30
0.0
 10
-67.3723
 20
66.3009
 30
0.0
 10
-71.5839
 20
66.3009
 30
0.0
 10
-71.5839
 20
66.3009
 30
0.0
 10
-71.5839
 20
66.3009
 30
0.0
 10
-71.5839
 20
68.7177
 30
0.0
 10
-69.6939
 20
70.6769
 30
0.0
 10
-67.3625
 20
70.6769
 30
0.0
 10
-67.3625
 20
70.6769
 30
0.0
 10
-67.3625
 20
70.6769
 30
0.0
 10
-58.2914
 20
70.6769
 30
0.0
 10
-58.2914
 20
70.6769
 30
0.0
  0
SPLINE
  5
7D
330
1F
100
AcDbEntity
  8
Layer 1
 62
     7
370
    20
100
AcDbSpline
210
0.0
220
0.0
230
1.0
 70
    11
 71
     3
 72
    16
 73
    12
 74
     0
 42
0.000000001
 43
0.0000000001
 40
0.0
 40
0.0
 40
0.0
 40
0.0
 40
0.25
 40
0.25
 40
0.25
 40
0.25
 40
0.5
 40
0.5
 40
0.5
 40
0.5
 40
1.0
 40
1.0
 40
1.0
 40
1.0
 10
-61.8595
 20
57.5489
 30
0.0
 10
-61.8595
 20
57.5489
 30
0.0
 10
-63.2265
 20
57.5489
 30
0.0
 10
-63.2265
 20
57.5489
 30
0.0
 10
-63.2265
 20
57.5489
 30
0.0
 10
-62.3509
 20
58.7812
 30
0.0
 10
-61.6408
 20
60.8622
 30
0.0
 10
-61.6407
 20
62.3681
 30
0.0
 10
-61.6407
 20
62.3681
 30
0.0
 10
-60.6646
 20
60.9102
 30
0.0
 10
-61.2213
 20
59.0471
 30
0.0
 10
-61.8595
 20
57.5489
 30
0.0
  0
SPLINE
  5
7E
330
1F
100
AcDbEntity
  8
Layer 1
 62
     7
370
    20
100
AcDbSpline
210
0.0
220
0.0
230
1.0
 70
    11
 71
     3
 72
    20
 73
    16
 74
     0
 42
0.000000001
 43
0.0000000001
 40
0.0
 40
0.0
 40
0.0
 40
0.0
 40
0.2
 40
0.2
 40
0.2
 40
0.2
 40
0.4
 40
0.4
 40
0.4
 40
0.4
 40
0.6
 40
0.6
 40
0.6
 40
0.6
 40
1.0
 40
1.0
 40
1.0
 40
1.0
 10
-66.3503
 20
48.8068
 30
0.0
 10
-66.3503
 20
48.8068
 30
0.0
 10
-58.5824
 20
48.8067
 30
0.0
 10
-58.5824
 20
48.8067
 30
0.0
 10
-58.5824
 20
48.8067
 30
0.0
 10
-58.5824
 20
48.8067
 30
0.0
 10
-58.5824
 20
46.2656
 30
0.0
 10
-58.5824
 20
46.2656
 30
0.0
 10
-58.5824
 20
46.2656
 30
0.0
 10
-58.5824
 20
46.2656
 30
0.0
 10
-66.3503
 20
46.2657
 30
0.0
 10
-66.3503
 20
46.2657
 30
0.0
 10
-66.3503
 20
46.2657
 30
0.0
 10
-66.3503
 20
46.2657
 30
0.0
 10
-66.3503
 20
48.8068
 30
0.0
 10
-66.3503
 20
48.8068
 30
0.0
  0
SPLINE
  5
7F
330
1F
100
AcDbEntity
  8
Layer 1
 62
     7
370
    20
100
AcDbSpline
210
0.0
220
0.0
230
1.0
 70
    11
 71
     3
 72
    44
 73
    40
 74
     0
 42
0.000000001
 43
0.0000000001
 40
0.0
 40
0.0
 40
0.0
 40
0.0
 40
0.0909090909090909
 40
0.0909090909090909
 40
0.0909090909090909
 40
0.0909090909090909
 40
0.1818181818181818
 40
0.1818181818181818
 40
0.1818181818181818
 40
0.1818181818181818
 40
0.2727272727272727
 40
0.2727272727272727
 40
0.2727272727272727
 40
0.2727272727272727
 40
0.3636363636363636
 40
0.3636363636363636
 40
0.3636363636363636
 40
0.3636363636363636
 40
0.4545454545454545
 40
0.4545454545454545
 40
0.4545454545454545
 40
0.4545454545454545
 40
0.5454545454545454
 40
0.5454545454545454
 40
0.5454545454545454
 40
0.5454545454545454
 40
0.6363636363636364
 40
0.6363636363636364
 40
0.6363636363636364
 40
0.6363636363636364
 40
0.7272727272727273
 40
0.7272727272727273
 40
0.7272727272727273
 40
0.7272727272727273
 40
0.8181818181818182
 40
0.8181818181818182
 40
0.8181818181818182
 40
0.8181818181818182
 40
1.0
 40
1.0
 40
1.0
 40
1.0
 10
-59.3471
 20
65.3091
 30
0.0
 10
-59.6784
 20
66.849
 30
0.0
 10
-61.0456
 20
68.0032
 30
0.0
 10
-62.6822
 20
68.0032
 30
0.0
 10
-62.6822
 20
68.0032
 30
0.0
 10
-64.5667
 20
68.0032
 30
0.0
 10
-66.0943
 20
66.4733
 30
0.0
 10
-66.0944
 20
64.586
 30
0.0
 10
-66.0944
 20
64.586
 30
0.0
 10
-66.0944
 20
64.586
 30
0.0
 10
-65.9681
 20
64.1586
 30
0.0
 10
-65.9681
 20
64.1586
 30
0.0
 10
-65.9681
 20
64.1586
 30
0.0
 10
-65.574
 20
64.1112
 30
0.0
 10
-65.6386
 20
64.1566
 30
0.0
 10
-65.5207
 20
64.0105
 30
0.0
 10
-65.5207
 20
64.0105
 30
0.0
 10
-65.2717
 20
63.702
 30
0.0
 10
-64.8906
 20
63.3344
 30
0.0
 10
-64.4557
 20
63.4303
 30
0.0
 10
-64.4557
 20
63.4303
 30
0.0
 10
-62.7291
 20
63.8112
 30
0.0
 10
-62.8937
 20
64.896
 30
0.0
 10
-62.8241
 20
65.9971
 30
0.0
 10
-62.8241
 20
65.9971
 30
0.0
 10
-62.7398
 20
66.6605
 30
0.0
 10
-62.7435
 20
66.9007
 30
0.0
 10
-62.2475
 20
66.1391
 30
0.0
 10
-62.2475
 20
66.1391
 30
0.0
 10
-61.9902
 20
65.6487
 30
0.0
 10
-61.4285
 20
64.3237
 30
0.0
 10
-61.2587
 20
63.584
 30
0.0
 10
-61.2587
 20
63.584
 30
0.0
 10
-60.391
 20
63.6525
 30
0.0
 10
-60.0031
 20
63.9881
 30
0.0
 10
-59.9891
 20
64.8778
 30
0.0
 10
-59.9891
 20
64.8778
 30
0.0
 10
-59.5229
 20
64.9231
 30
0.0
 10
-59.48
 20
64.9663
 30
0.0
 10
-59.3471
 20
65.3091
 30
0.0
  0
SPLINE
  5
80
330
1F
100
AcDbEntity
  8
Layer 1
 62
     7
370
    20
100
AcDbSpline
210
0.0
220
0.0
230
1.0
 70
    11
 71
     3
 72
    84
 73
    80
 74
     0
 42
0.000000001
 43
0.0000000001
 40
0.0
 40
0.0
 40
0.0
 40
0.0
 40
0.0476190476190476
 40
0.0476190476190476
 40
0.0476190476190476
 40
0.0476190476190476
 40
0.0952380952380952
 40
0.0952380952380952
 40
0.0952380952380952
 40
0.0952380952380952
 40
0.1428571428571428
 40
0.1428571428571428
 40
0.1428571428571428
 40
0.1428571428571428
 40
0.1904761904761905
 40
0.1904761904761905
 40
0.1904761904761905
 40
0.1904761904761905
 40
0.2380952380952381
 40
0.2380952380952381
 40
0.2380952380952381
 40
0.2380952380952381
 40
0.2857142857142857
 40
0.2857142857142857
 40
0.2857142857142857
 40
0.2857142857142857
 40
0.3333333333333333
 40
0.3333333333333333
 40
0.3333333333333333
 40
0.3333333333333333
 40
0.3809523809523809
 40
0.3809523809523809
 40
0.3809523809523809
 40
0.3809523809523809
 40
0.4285714285714285
 40
0.4285714285714285
 40
0.4285714285714285
 40
0.4285714285714285
 40
0.4761904761904762
 40
0.4761904761904762
 40
0.4761904761904762
 40
0.4761904761904762
 40
0.5238095238095238
 40
0.5238095238095238
 40
0.5238095238095238
 40
0.5238095238095238
 40
0.5714285714285714
 40
0.5714285714285714
 40
0.5714285714285714
 40
0.5714285714285714
 40
0.6190476190476191
 40
0.6190476190476191
 40
0.6190476190476191
 40
0.6190476190476191
 40
0.6666666666666666
 40
0.6666666666666666
 40
0.6666666666666666
 40
0.6666666666666666
 40
0.7142857142857143
 40
0.7142857142857143
 40
0.7142857142857143
 40
0.7142857142857143
 40
0.7619047619047619
 40
0.7619047619047619
 40
0.7619047619047619
 40
0.7619047619047619
 40
0.8095238095238095
 40
0.8095238095238095
 40
0.8095238095238095
 40
0.8095238095238095
 40
0.8571428571428571
 40
0.8571428571428571
 40
0.8571428571428571
 40
0.8571428571428571
 40
0.9047619047619048
 40
0.9047619047619048
 40
0.9047619047619048
 40
0.9047619047619048
 40
1.0
 40
1.0
 40
1.0
 40
1.0
 10
-67.3625
 20
56.7911
 30
0.0
 10
-67.3625
 20
56.7911
 30
0.0
 10
-64.1668
 20
56.7911
 30
0.0
 10
-64.1668
 20
56.7911
 30
0.0
 10
-64.1668
 20
56.7911
 30
0.0
 10
-64.1432
 20
55.7486
 30
0.0
 10
-64.3001
 20
54.6188
 30
0.0
 10
-64.5322
 20
53.6364
 30
0.0
 10
-64.5322
 20
53.6364
 30
0.0
 10
-64.5322
 20
53.6364
 30
0.0
 10
-65.0889
 20
52.3597
 30
0.0
 10
-65.0889
 20
52.3597
 30
0.0
 10
-65.0889
 20
52.3597
 30
0.0
 10
-63.5874
 20
52.4922
 30
0.0
 10
-62.097
 20
52.4933
 30
0.0
 10
-60.6164
 20
52.3708
 30
0.0
 10
-60.6164
 20
52.3708
 30
0.0
 10
-61.1684
 20
53.5925
 30
0.0
 10
-61.6446
 20
54.1496
 30
0.0
 10
-61.6113
 20
55.6536
 30
0.0
 10
-61.6113
 20
55.6536
 30
0.0
 10
-61.6113
 20
55.6536
 30
0.0
 10
-61.6113
 20
55.6535
 30
0.0
 10
-61.6113
 20
55.6535
 30
0.0
 10
-61.6113
 20
55.6535
 30
0.0
 10
-61.8351
 20
55.5035
 30
0.0
 10
-62.6315
 20
54.9992
 30
0.0
 10
-63.3913
 20
54.4768
 30
0.0
 10
-63.3913
 20
54.4768
 30
0.0
 10
-63.3578
 20
55.2193
 30
0.0
 10
-63.4212
 20
56.2333
 30
0.0
 10
-63.4639
 20
56.7911
 30
0.0
 10
-63.4639
 20
56.7911
 30
0.0
 10
-63.4639
 20
56.7911
 30
0.0
 10
-62.1983
 20
56.7911
 30
0.0
 10
-62.1983
 20
56.7911
 30
0.0
 10
-62.1983
 20
56.7911
 30
0.0
 10
-62.4383
 20
56.2716
 30
0.0
 10
-62.6523
 20
55.8268
 30
0.0
 10
-62.7563
 20
55.5012
 30
0.0
 10
-62.7563
 20
55.5012
 30
0.0
 10
-62.5935
 20
55.5463
 30
0.0
 10
-62.1603
 20
56.1548
 30
0.0
 10
-61.7611
 20
56.7911
 30
0.0
 10
-61.7611
 20
56.7911
 30
0.0
 10
-61.7611
 20
56.7911
 30
0.0
 10
-58.2914
 20
56.7911
 30
0.0
 10
-58.2914
 20
56.7911
 30
0.0
 10
-58.2914
 20
56.7911
 30
0.0
 10
-55.96
 20
56.7911
 30
0.0
 10
-54.0701
 20
54.8319
 30
0.0
 10
-54.0701
 20
52.4151
 30
0.0
 10
-54.0701
 20
52.4151
 30
0.0
 10
-54.0701
 20
52.4151
 30
0.0
 10
-58.2816
 20
52.4151
 30
0.0
 10
-58.2816
 20
52.4151
 30
0.0
 10
-58.2816
 20
52.4151
 30
0.0
 10
-55.9548
 20
52.4096
 30
0.0
 10
-54.0701
 20
50.4525
 30
0.0
 10
-54.0701
 20
48.0391
 30
0.0
 10
-54.0701
 20
48.0391
 30
0.0
 10
-54.0701
 20
45.6223
 30
0.0
 10
-55.96
 20
43.6631
 30
0.0
 10
-58.2914
 20
43.6631
 30
0.0
 10
-58.2914
 20
43.6631
 30
0.0
 10
-58.2914
 20
43.6631
 30
0.0
 10
-67.3625
 20
43.6631
 30
0.0
 10
-67.3625
 20
43.6631
 30
0.0
 10
-67.3625
 20
43.6631
 30
0.0
 10
-69.6939
 20
43.6631
 30
0.0
 10
-71.5838
 20
45.6223
 30
0.0
 10
-71.5839
 20
48.0391
 30
0.0
 10
-71.5839
 20
48.0391
 30
0.0
 10
-71.5839
 20
48.0391
 30
0.0
 10
-71.5838
 20
52.4151
 30
0.0
 10
-71.5838
 20
52.4151
 30
0.0
 10
-71.5838
 20
52.4151
 30
0.0
 10
-71.5838
 20
54.8319
 30
0.0
 10
-69.6939
 20
56.7911
 30
0.0
 10
-67.3625
 20
56.7911
 30
0.0
  0
SPLINE
  5
81
330
1F
100
AcDbEntity
  8
Layer 1
 62
     7
370
    20
100
AcDbSpline
210
0.0
220
0.0
230
1.0
 70
    11
 71
     3
 72
    20
 73
    16
 74
     0
 42
0.000000001
 43
0.0000000001
 40
0.0
 40
0.0
 40
0.0
 40
0.0
 40
0.2
 40
0.2
 40
0.2
 40
0.2
 40
0.4
 40
0.4
 40
0.4
 40
0.4
 40
0.6
 40
0.6
 40
0.6
 40
0.6
 40
1.0
 40
1.0
 40
1.0
 40
1.0
 10
71.5839
 20
48.2499
 30
0.0
 10
71.5839
 20
48.2499
 30
0.0
 10
61.2515
 20
66.0901
 30
0.0
 10
61.2515
 20
66.0901
 30
0.0
 10
61.2515
 20
66.0901
 30
0.0
 10
61.2515
 20
66.0901
 30
0.0
 10
55.3232
 20
62.6566
 30
0.0
 10
55.3232
 20
62.6566
 30
0.0
 10
55.3232
 20
62.6566
 30
0.0
 10
55.3232
 20
62.6566
 30
0.0
 10
63.6669
 20
48.2499
 30
0.0
 10
63.6669
 20
48.2499
 30
0.0
 10
63.6669
 20
48.2499
 30
0.0
 10
63.6669
 20
48.2499
 30
0.0
 10
71.5839
 20
48.2499
 30
0.0
 10
71.5839
 20
48.2499
 30
0.0
  0
SPLINE
  5
82
330
1F
100
AcDbEntity
  8
Layer 1
 62
     7
370
    20
100
AcDbSpline
210
0.0
220
0.0
230
1.0
 70
    11
 71
     3
 72
    20
 73
    16
 74
     0
 42
0.000000001
 43
0.0000000001
 40
0.0
 40
0.0
 40
0.0
 40
0.0
 40
0.2
 40
0.2
 40
0.2
 40
0.2
 40
0.4
 40
0.4
 40
0.4
 40
0.4
 40
0.6
 40
0.6
 40
0.6
 40
0.6
 40
1.0
 40
1.0
 40
1.0
 40
1.0
 10
50.7965
 20
48.2499
 30
0.0
 10
50.7965
 20
48.2499
 30
0.0
 10
47.7475
 20
53.5143
 30
0.0
 10
47.7475
 20
53.5143
 30
0.0
 10
47.7475
 20
53.5143
 30
0.0
 10
47.7475
 20
53.5143
 30
0.0
 10
41.8192
 20
50.0808
 30
0.0
 10
41.8192
 20
50.0808
 30
0.0
 10
41.8192
 20
50.0808
 30
0.0
 10
41.8192
 20
50.0808
 30
0.0
 10
42.8796
 20
48.2499
 30
0.0
 10
42.8796
 20
48.2499
 30
0.0
 10
42.8796
 20
48.2499
 30
0.0
 10
42.8796
 20
48.2499
 30
0.0
 10
50.7965
 20
48.2499
 30
0.0
 10
50.7965
 20
48.2499
 30
0.0
  0
SPLINE
  5
83
330
1F
100
AcDbEntity
  8
Layer 1
 62
     7
370
    20
100
AcDbSpline
210
0.0
220
0.0
230
1.0
 70
    11
 71
     3
 72
    20
 73
    16
 74
     0
 42
0.000000001
 43
0.0000000001
 40
0.0
 40
0.0
 40
0.0
 40
0.0
 40
0.2
 40
0.2
 40
0.2
 40
0.2
 40
0.4
 40
0.4
 40
0.4
 40
0.4
 40
0.6
 40
0.6
 40
0.6
 40
0.6
 40
1.0
 40
1.0
 40
1.0
 40
1.0
 10
61.1902
 20
48.2499
 30
0.0
 10
61.1902
 20
48.2499
 30
0.0
 10
54.4995
 20
59.8022
 30
0.0
 10
54.4995
 20
59.8022
 30
0.0
 10
54.4995
 20
59.8022
 30
0.0
 10
54.4995
 20
59.8022
 30
0.0
 10
48.5711
 20
56.3687
 30
0.0
 10
48.5711
 20
56.3687
 30
0.0
 10
48.5711
 20
56.3687
 30
0.0
 10
48.5711
 20
56.3687
 30
0.0
 10
53.2732
 20
48.2499
 30
0.0
 10
53.2732
 20
48.2499
 30
0.0
 10
53.2732
 20
48.2499
 30
0.0
 10
53.2732
 20
48.2499
 30
0.0
 10
61.1902
 20
48.2499
 30
0.0
 10
61.1902
 20
48.2499
 30
0.0
  0
SPLINE
  5
84
330
1F
100
AcDbEntity
  8
Layer 1
100
AcDbSpline
210
0.0
220
0.0
230
1.0
 70
    11
 71
     3
 72
    36
 73
    32
 74
     0
 42
0.000000001
 43
0.0000000001
 40
0.0
 40
0.0
 40
0.0
 40
0.0
 40
0.1111111111111111
 40
0.1111111111111111
 40
0.1111111111111111
 40
0.1111111111111111
 40
0.2222222222222222
 40
0.2222222222222222
 40
0.2222222222222222
 40
0.2222222222222222
 40
0.3333333333333333
 40
0.3333333333333333
 40
0.3333333333333333
 40
0.3333333333333333
 40
0.4444444444444444
 40
0.4444444444444444
 40
0.4444444444444444
 40
0.4444444444444444
 40
0.5555555555555556
 40
0.5555555555555556
 40
0.5555555555555556
 40
0.5555555555555556
 40
0.6666666666666666
 40
0.6666666666666666
 40
0.6666666666666666
 40
0.6666666666666666
 40
0.7777777777777778
 40
0.7777777777777778
 40
0.7777777777777778
 40
0.7777777777777778
 40
1.0
 40
1.0
 40
1.0
 40
1.0
 10
-21.8792
 20
-56.3123
 30
0.0
 10
-21.8792
 20
-56.3123
 30
0.0
 10
-23.2043
 20
-56.3123
 30
0.0
 10
-23.2043
 20
-56.3123
 30
0.0
 10
-23.2043
 20
-56.3123
 30
0.0
 10
-23.2043
 20
-56.3123
 30
0.0
 10
-23.2043
 20
-55.1831
 30
0.0
 10
-23.2043
 20
-55.1831
 30
0.0
 10
-23.2043
 20
-55.1831
 30
0.0
 10
-23.2043
 20
-55.1831
 30
0.0
 10
-18.852
 20
-55.1831
 30
0.0
 10
-18.852
 20
-55.1831
 30
0.0
 10
-18.852
 20
-55.1831
 30
0.0
 10
-18.852
 20
-55.1831
 30
0.0
 10
-18.852
 20
-56.3123
 30
0.0
 10
-18.852
 20
-56.3123
 30
0.0
 10
-18.852
 20
-56.3123
 30
0.0
 10
-18.852
 20
-56.3123
 30
0.0
 10
-20.17
 20
-56.3123
 30
0.0
 10
-20.17
 20
-56.3123
 30
0.0
 10
-20.17
 20
-56.3123
 30
0.0
 10
-20.17
 20
-56.3123
 30
0.0
 10
-20.17
 20
-59.1569
 30
0.0
 10
-20.17
 20
-59.1569
 30
0.0
 10
-20.17
 20
-59.1569
 30
0.0
 10
-20.17
 20
-59.1569
 30
0.0
 10
-21.8792
 20
-59.1569
 30
0.0
 10
-21.8792
 20
-59.1569
 30
0.0
 10
-21.8792
 20
-59.1569
 30
0.0
 10
-21.8792
 20
-59.1569
 30
0.0
 10
-21.8792
 20
-56.3123
 30
0.0
 10
-21.8792
 20
-56.3123
 30
0.0
  0
SPLINE
  5
85
330
1F
100
AcDbEntity
  8
Layer 1
100
AcDbSpline
210
0.0
220
0.0
230
1.0
 70
    11
 71
     3
 72
    72
 73
    68
 74
     0
 42
0.000000001
 43
0.0000000001
 40
0.0
 40
0.0
 40
0.0
 40
0.0
 40
0.0555555555555556
 40
0.0555555555555556
 40
0.0555555555555556
 40
0.0555555555555556
 40
0.1111111111111111
 40
0.1111111111111111
 40
0.1111111111111111
 40
0.1111111111111111
 40
0.1666666666666667
 40
0.1666666666666667
 40
0.1666666666666667
 40
0.1666666666666667
 40
0.2222222222222222
 40
0.2222222222222222
 40
0.2222222222222222
 40
0.2222222222222222
 40
0.2777777777777778
 40
0.2777777777777778
 40
0.2777777777777778
 40
0.2777777777777778
 40
0.3333333333333333
 40
0.3333333333333333
 40
0.3333333333333333
 40
0.3333333333333333
 40
0.3888888888888889
 40
0.3888888888888889
 40
0.3888888888888889
 40
0.3888888888888889
 40
0.4444444444444444
 40
0.4444444444444444
 40
0.4444444444444444
 40
0.4444444444444444
 40
0.5
 40
0.5
 40
0.5
 40
0.5
 40
0.5555555555555556
 40
0.5555555555555556
 40
0.5555555555555556
 40
0.5555555555555556
 40
0.6111111111111112
 40
0.6111111111111112
 40
0.6111111111111112
 40
0.6111111111111112
 40
0.6666666666666666
 40
0.6666666666666666
 40
0.6666666666666666
 40
0.6666666666666666
 40
0.7222222222222222
 40
0.7222222222222222
 40
0.7222222222222222
 40
0.7222222222222222
 40
0.7777777777777778
 40
0.7777777777777778
 40
0.7777777777777778
 40
0.7777777777777778
 40
0.8333333333333334
 40
0.8333333333333334
 40
0.8333333333333334
 40
0.8333333333333334
 40
0.8888888888888888
 40
0.8888888888888888
 40
0.8888888888888888
 40
0.8888888888888888
 40
1.0
 40
1.0
 40
1.0
 40
1.0
 10
-14.4773
 20
-57.4703
 30
0.0
 10
-14.3999
 20
-57.5045
 30
0.0
 10
-14.3274
 20
-57.5454
 30
0.0
 10
-14.2637
 20
-57.5948
 30
0.0
 10
-14.2637
 20
-57.5948
 30
0.0
 10
-14.0551
 20
-57.7561
 30
0.0
 10
-13.9643
 20
-57.9841
 30
0.0
 10
-13.9643
 20
-58.2449
 30
0.0
 10
-13.9643
 20
-58.2449
 30
0.0
 10
-13.9643
 20
-58.2449
 30
0.0
 10
-13.9643
 20
-59.1569
 30
0.0
 10
-13.9643
 20
-59.1569
 30
0.0
 10
-13.9643
 20
-59.1569
 30
0.0
 10
-13.9643
 20
-59.1569
 30
0.0
 10
-15.6878
 20
-59.1569
 30
0.0
 10
-15.6878
 20
-59.1569
 30
0.0
 10
-15.6878
 20
-59.1569
 30
0.0
 10
-15.6878
 20
-59.1569
 30
0.0
 10
-15.6878
 20
-58.3414
 30
0.0
 10
-15.6878
 20
-58.3414
 30
0.0
 10
-15.6878
 20
-58.3414
 30
0.0
 10
-15.6878
 20
-58.2856
 30
0.0
 10
-15.6944
 20
-58.185
 30
0.0
 10
-15.7465
 20
-58.149
 30
0.0
 10
-15.7465
 20
-58.149
 30
0.0
 10
-15.8235
 20
-58.0959
 30
0.0
 10
-16.0365
 20
-58.0895
 30
0.0
 10
-16.1262
 20
-58.0895
 30
0.0
 10
-16.1262
 20
-58.0895
 30
0.0
 10
-16.1262
 20
-58.0895
 30
0.0
 10
-16.7347
 20
-58.0895
 30
0.0
 10
-16.7347
 20
-58.0895
 30
0.0
 10
-16.7347
 20
-58.0895
 30
0.0
 10
-16.7347
 20
-58.0895
 30
0.0
 10
-16.7347
 20
-59.1569
 30
0.0
 10
-16.7347
 20
-59.1569
 30
0.0
 10
-16.7347
 20
-59.1569
 30
0.0
 10
-16.7347
 20
-59.1569
 30
0.0
 10
-18.4299
 20
-59.1569
 30
0.0
 10
-18.4299
 20
-59.1569
 30
0.0
 10
-18.4299
 20
-59.1569
 30
0.0
 10
-18.4299
 20
-59.1569
 30
0.0
 10
-18.4299
 20
-55.1831
 30
0.0
 10
-18.4299
 20
-55.1831
 30
0.0
 10
-18.4299
 20
-55.1831
 30
0.0
 10
-18.4299
 20
-55.1831
 30
0.0
 10
-16.1959
 20
-55.1831
 30
0.0
 10
-16.1959
 20
-55.1831
 30
0.0
 10
-16.1959
 20
-55.1831
 30
0.0
 10
-15.7143
 20
-55.1831
 30
0.0
 10
-14.9309
 20
-55.2022
 30
0.0
 10
-14.4934
 20
-55.4222
 30
0.0
 10
-14.4934
 20
-55.4222
 30
0.0
 10
-14.1247
 20
-55.6077
 30
0.0
 10
-13.9643
 20
-55.9373
 30
0.0
 10
-13.9643
 20
-56.3426
 30
0.0
 10
-13.9643
 20
-56.3426
 30
0.0
 10
-13.9643
 20
-56.3426
 30
0.0
 10
-13.9643
 20
-56.6371
 30
0.0
 10
-13.9643
 20
-56.6371
 30
0.0
 10
-13.9643
 20
-56.6371
 30
0.0
 10
-13.9643
 20
-56.9149
 30
0.0
 10
-14.0579
 20
-57.1597
 30
0.0
 10
-14.2734
 20
-57.3391
 30
0.0
 10
-14.2734
 20
-57.3391
 30
0.0
 10
-14.3358
 20
-57.391
 30
0.0
 10
-14.4045
 20
-57.4343
 30
0.0
 10
-14.4773
 20
-57.4703
 30
0.0
  0
SPLINE
  5
86
330
1F
100
AcDbEntity
  8
Layer 1
100
AcDbSpline
210
0.0
220
0.0
230
1.0
 70
    11
 71
     3
 72
    20
 73
    16
 74
     0
 42
0.000000001
 43
0.0000000001
 40
0.0
 40
0.0
 40
0.0
 40
0.0
 40
0.2
 40
0.2
 40
0.2
 40
0.2
 40
0.4
 40
0.4
 40
0.4
 40
0.4
 40
0.6
 40
0.6
 40
0.6
 40
0.6
 40
1.0
 40
1.0
 40
1.0
 40
1.0
 10
-13.3012
 20
-59.1569
 30
0.0
 10
-13.3012
 20
-59.1569
 30
0.0
 10
-13.3012
 20
-55.1831
 30
0.0
 10
-13.3012
 20
-55.1831
 30
0.0
 10
-13.3012
 20
-55.1831
 30
0.0
 10
-13.3012
 20
-55.1831
 30
0.0
 10
-11.5918
 20
-55.1831
 30
0.0
 10
-11.5918
 20
-55.1831
 30
0.0
 10
-11.5918
 20
-55.1831
 30
0.0
 10
-11.5918
 20
-55.1831
 30
0.0
 10
-11.5918
 20
-59.1569
 30
0.0
 10
-11.5918
 20
-59.1569
 30
0.0
 10
-11.5918
 20
-59.1569
 30
0.0
 10
-11.5918
 20
-59.1569
 30
0.0
 10
-13.3012
 20
-59.1569
 30
0.0
 10
-13.3012
 20
-59.1569
 30
0.0
  0
SPLINE
  5
87
330
1F
100
AcDbEntity
  8
Layer 1
100
AcDbSpline
210
0.0
220
0.0
230
1.0
 70
    11
 71
     3
 72
    52
 73
    48
 74
     0
 42
0.000000001
 43
0.0000000001
 40
0.0
 40
0.0
 40
0.0
 40
0.0
 40
0.0769230769230769
 40
0.0769230769230769
 40
0.0769230769230769
 40
0.0769230769230769
 40
0.1538461538461539
 40
0.1538461538461539
 40
0.1538461538461539
 40
0.1538461538461539
 40
0.2307692307692308
 40
0.2307692307692308
 40
0.2307692307692308
 40
0.2307692307692308
 40
0.3076923076923077
 40
0.3076923076923077
 40
0.3076923076923077
 40
0.3076923076923077
 40
0.3846153846153846
 40
0.3846153846153846
 40
0.3846153846153846
 40
0.3846153846153846
 40
0.4615384615384616
 40
0.4615384615384616
 40
0.4615384615384616
 40
0.4615384615384616
 40
0.5384615384615384
 40
0.5384615384615384
 40
0.5384615384615384
 40
0.5384615384615384
 40
0.6153846153846154
 40
0.6153846153846154
 40
0.6153846153846154
 40
0.6153846153846154
 40
0.6923076923076923
 40
0.6923076923076923
 40
0.6923076923076923
 40
0.6923076923076923
 40
0.7692307692307693
 40
0.7692307692307693
 40
0.7692307692307693
 40
0.7692307692307693
 40
0.8461538461538461
 40
0.8461538461538461
 40
0.8461538461538461
 40
0.8461538461538461
 40
1.0
 40
1.0
 40
1.0
 40
1.0
 10
-10.9843
 20
-56.7899
 30
0.0
 10
-10.9843
 20
-56.3164
 30
0.0
 10
-10.8824
 20
-55.8014
 30
0.0
 10
-10.4825
 20
-55.5
 30
0.0
 10
-10.4825
 20
-55.5
 30
0.0
 10
-10.0646
 20
-55.1852
 30
0.0
 10
-9.3601
 20
-55.1378
 30
0.0
 10
-8.8566
 20
-55.1378
 30
0.0
 10
-8.8566
 20
-55.1378
 30
0.0
 10
-8.8566
 20
-55.1378
 30
0.0
 10
-8.1787
 20
-55.1378
 30
0.0
 10
-8.1787
 20
-55.1378
 30
0.0
 10
-8.1787
 20
-55.1378
 30
0.0
 10
-7.6734
 20
-55.1378
 30
0.0
 10
-6.9661
 20
-55.1857
 30
0.0
 10
-6.5469
 20
-55.5016
 30
0.0
 10
-6.5469
 20
-55.5016
 30
0.0
 10
-6.1465
 20
-55.8033
 30
0.0
 10
-6.0439
 20
-56.3157
 30
0.0
 10
-6.0439
 20
-56.7899
 30
0.0
 10
-6.0439
 20
-56.7899
 30
0.0
 10
-6.0439
 20
-56.7899
 30
0.0
 10
-6.0439
 20
-57.5501
 30
0.0
 10
-6.0439
 20
-57.5501
 30
0.0
 10
-6.0439
 20
-57.5501
 30
0.0
 10
-6.0439
 20
-58.0242
 30
0.0
 10
-6.1465
 20
-58.5367
 30
0.0
 10
-6.5469
 20
-58.8384
 30
0.0
 10
-6.5469
 20
-58.8384
 30
0.0
 10
-6.9662
 20
-59.1543
 30
0.0
 10
-7.6733
 20
-59.2022
 30
0.0
 10
-8.1787
 20
-59.2022
 30
0.0
 10
-8.1787
 20
-59.2022
 30
0.0
 10
-8.1787
 20
-59.2022
 30
0.0
 10
-8.8566
 20
-59.2022
 30
0.0
 10
-8.8566
 20
-59.2022
 30
0.0
 10
-8.8566
 20
-59.2022
 30
0.0
 10
-9.3601
 20
-59.2022
 30
0.0
 10
-10.0647
 20
-59.1549
 30
0.0
 10
-10.4825
 20
-58.84
 30
0.0
 10
-10.4825
 20
-58.84
 30
0.0
 10
-10.8824
 20
-58.5386
 30
0.0
 10
-10.9843
 20
-58.0236
 30
0.0
 10
-10.9843
 20
-57.5501
 30
0.0
 10
-10.9843
 20
-57.5501
 30
0.0
 10
-10.9843
 20
-57.5501
 30
0.0
 10
-10.9843
 20
-56.7899
 30
0.0
 10
-10.9843
 20
-56.7899
 30
0.0
  0
SPLINE
  5
88
330
1F
100
AcDbEntity
  8
Layer 1
100
AcDbSpline
210
0.0
220
0.0
230
1.0
 70
    11
 71
     3
 72
    48
 73
    44
 74
     0
 42
0.000000001
 43
0.0000000001
 40
0.0
 40
0.0
 40
0.0
 40
0.0
 40
0.0833333333333333
 40
0.0833333333333333
 40
0.0833333333333333
 40
0.0833333333333333
 40
0.1666666666666667
 40
0.1666666666666667
 40
0.1666666666666667
 40
0.1666666666666667
 40
0.25
 40
0.25
 40
0.25
 40
0.25
 40
0.3333333333333333
 40
0.3333333333333333
 40
0.3333333333333333
 40
0.3333333333333333
 40
0.4166666666666667
 40
0.4166666666666667
 40
0.4166666666666667
 40
0.4166666666666667
 40
0.5
 40
0.5
 40
0.5
 40
0.5
 40
0.5833333333333334
 40
0.5833333333333334
 40
0.5833333333333334
 40
0.5833333333333334
 40
0.6666666666666666
 40
0.6666666666666666
 40
0.6666666666666666
 40
0.6666666666666666
 40
0.75
 40
0.75
 40
0.75
 40
0.75
 40
0.8333333333333334
 40
0.8333333333333334
 40
0.8333333333333334
 40
0.8333333333333334
 40
1.0
 40
1.0
 40
1.0
 40
1.0
 10
-1.8168
 20
-57.4836
 30
0.0
 10
-1.8168
 20
-57.4836
 30
0.0
 10
-1.8168
 20
-55.1831
 30
0.0
 10
-1.8168
 20
-55.1831
 30
0.0
 10
-1.8168
 20
-55.1831
 30
0.0
 10
-1.8168
 20
-55.1831
 30
0.0
 10
-0.1854
 20
-55.1831
 30
0.0
 10
-0.1854
 20
-55.1831
 30
0.0
 10
-0.1854
 20
-55.1831
 30
0.0
 10
-0.1854
 20
-55.1831
 30
0.0
 10
-0.1854
 20
-59.1569
 30
0.0
 10
-0.1854
 20
-59.1569
 30
0.0
 10
-0.1854
 20
-59.1569
 30
0.0
 10
-0.1854
 20
-59.1569
 30
0.0
 10
-2.4869
 20
-59.1569
 30
0.0
 10
-2.4869
 20
-59.1569
 30
0.0
 10
-2.4869
 20
-59.1569
 30
0.0
 10
-2.4869
 20
-59.1569
 30
0.0
 10
-3.8415
 20
-56.8364
 30
0.0
 10
-3.8415
 20
-56.8364
 30
0.0
 10
-3.8415
 20
-56.8364
 30
0.0
 10
-3.8415
 20
-56.8364
 30
0.0
 10
-3.8415
 20
-59.1569
 30
0.0
 10
-3.8415
 20
-59.1569
 30
0.0
 10
-3.8415
 20
-59.1569
 30
0.0
 10
-3.8415
 20
-59.1569
 30
0.0
 10
-5.4729
 20
-59.1569
 30
0.0
 10
-5.4729
 20
-59.1569
 30
0.0
 10
-5.4729
 20
-59.1569
 30
0.0
 10
-5.4729
 20
-59.1569
 30
0.0
 10
-5.4729
 20
-55.8101
 30
0.0
 10
-5.4729
 20
-55.8101
 30
0.0
 10
-5.4729
 20
-55.8101
 30
0.0
 10
-5.4729
 20
-55.4647
 30
0.0
 10
-5.1912
 20
-55.1831
 30
0.0
 10
-4.8459
 20
-55.1831
 30
0.0
 10
-4.8459
 20
-55.1831
 30
0.0
 10
-4.8459
 20
-55.1831
 30
0.0
 10
-3.1718
 20
-55.1831
 30
0.0
 10
-3.1718
 20
-55.1831
 30
0.0
 10
-3.1718
 20
-55.1831
 30
0.0
 10
-3.1718
 20
-55.1831
 30
0.0
 10
-1.8168
 20
-57.4836
 30
0.0
 10
-1.8168
 20
-57.4836
 30
0.0
  0
SPLINE
  5
89
330
1F
100
AcDbEntity
  8
Layer 1
100
AcDbSpline
210
0.0
220
0.0
230
1.0
 70
    11
 71
     3
 72
    36
 73
    32
 74
     0
 42
0.000000001
 43
0.0000000001
 40
0.0
 40
0.0
 40
0.0
 40
0.0
 40
0.1111111111111111
 40
0.1111111111111111
 40
0.1111111111111111
 40
0.1111111111111111
 40
0.2222222222222222
 40
0.2222222222222222
 40
0.2222222222222222
 40
0.2222222222222222
 40
0.3333333333333333
 40
0.3333333333333333
 40
0.3333333333333333
 40
0.3333333333333333
 40
0.4444444444444444
 40
0.4444444444444444
 40
0.4444444444444444
 40
0.4444444444444444
 40
0.5555555555555556
 40
0.5555555555555556
 40
0.5555555555555556
 40
0.5555555555555556
 40
0.6666666666666666
 40
0.6666666666666666
 40
0.6666666666666666
 40
0.6666666666666666
 40
0.7777777777777778
 40
0.7777777777777778
 40
0.7777777777777778
 40
0.7777777777777778
 40
1.0
 40
1.0
 40
1.0
 40
1.0
 10
0.5509
 20
-59.1569
 30
0.0
 10
0.5509
 20
-59.1569
 30
0.0
 10
0.5509
 20
-55.1831
 30
0.0
 10
0.5509
 20
-55.1831
 30
0.0
 10
0.5509
 20
-55.1831
 30
0.0
 10
0.5509
 20
-55.1831
 30
0.0
 10
3.3282
 20
-55.1831
 30
0.0
 10
3.3282
 20
-55.1831
 30
0.0
 10
3.3282
 20
-55.1831
 30
0.0
 10
3.8297
 20
-55.1831
 30
0.0
 10
4.5341
 20
-55.2295
 30
0.0
 10
4.9528
 20
-55.5385
 30
0.0
 10
4.9528
 20
-55.5385
 30
0.0
 10
5.3509
 20
-55.8322
 30
0.0
 10
5.4558
 20
-56.3316
 30
0.0
 10
5.4558
 20
-56.8
 30
0.0
 10
5.4558
 20
-56.8
 30
0.0
 10
5.4558
 20
-56.8
 30
0.0
 10
5.4558
 20
-57.5401
 30
0.0
 10
5.4558
 20
-57.5401
 30
0.0
 10
5.4558
 20
-57.5401
 30
0.0
 10
5.4558
 20
-58.0084
 30
0.0
 10
5.3509
 20
-58.5079
 30
0.0
 10
4.9528
 20
-58.8015
 30
0.0
 10
4.9528
 20
-58.8015
 30
0.0
 10
4.5341
 20
-59.1105
 30
0.0
 10
3.8297
 20
-59.1569
 30
0.0
 10
3.3282
 20
-59.1569
 30
0.0
 10
3.3282
 20
-59.1569
 30
0.0
 10
3.3282
 20
-59.1569
 30
0.0
 10
0.5509
 20
-59.1569
 30
0.0
 10
0.5509
 20
-59.1569
 30
0.0
  0
SPLINE
  5
8A
330
1F
100
AcDbEntity
  8
Layer 1
100
AcDbSpline
210
0.0
220
0.0
230
1.0
 70
    11
 71
     3
 72
    40
 73
    36
 74
     0
 42
0.000000001
 43
0.0000000001
 40
0.0
 40
0.0
 40
0.0
 40
0.0
 40
0.1
 40
0.1
 40
0.1
 40
0.1
 40
0.2
 40
0.2
 40
0.2
 40
0.2
 40
0.3
 40
0.3
 40
0.3
 40
0.3
 40
0.4
 40
0.4
 40
0.4
 40
0.4
 40
0.5
 40
0.5
 40
0.5
 40
0.5
 40
0.6
 40
0.6
 40
0.6
 40
0.6
 40
0.7
 40
0.7
 40
0.7
 40
0.7
 40
0.8
 40
0.8
 40
0.8
 40
0.8
 40
1.0
 40
1.0
 40
1.0
 40
1.0
 10
8.9007
 20
-58.5175
 30
0.0
 10
8.9007
 20
-58.5175
 30
0.0
 10
7.4963
 20
-58.5175
 30
0.0
 10
7.4963
 20
-58.5175
 30
0.0
 10
7.4963
 20
-58.5175
 30
0.0
 10
7.4963
 20
-58.5175
 30
0.0
 10
7.2613
 20
-59.1569
 30
0.0
 10
7.2613
 20
-59.1569
 30
0.0
 10
7.2613
 20
-59.1569
 30
0.0
 10
7.2613
 20
-59.1569
 30
0.0
 10
5.4386
 20
-59.1569
 30
0.0
 10
5.4386
 20
-59.1569
 30
0.0
 10
5.4386
 20
-59.1569
 30
0.0
 10
5.4386
 20
-59.1569
 30
0.0
 10
6.8243
 20
-55.7317
 30
0.0
 10
6.8243
 20
-55.7317
 30
0.0
 10
6.8243
 20
-55.7317
 30
0.0
 10
6.9612
 20
-55.3931
 30
0.0
 10
7.2729
 20
-55.1831
 30
0.0
 10
7.638
 20
-55.1831
 30
0.0
 10
7.638
 20
-55.1831
 30
0.0
 10
7.638
 20
-55.1831
 30
0.0
 10
9.3829
 20
-55.1831
 30
0.0
 10
9.3829
 20
-55.1831
 30
0.0
 10
9.3829
 20
-55.1831
 30
0.0
 10
9.3829
 20
-55.1831
 30
0.0
 10
10.9534
 20
-59.1569
 30
0.0
 10
10.9534
 20
-59.1569
 30
0.0
 10
10.9534
 20
-59.1569
 30
0.0
 10
10.9534
 20
-59.1569
 30
0.0
 10
9.1321
 20
-59.1569
 30
0.0
 10
9.1321
 20
-59.1569
 30
0.0
 10
9.1321
 20
-59.1569
 30
0.0
 10
9.1321
 20
-59.1569
 30
0.0
 10
8.9007
 20
-58.5175
 30
0.0
 10
8.9007
 20
-58.5175
 30
0.0
  0
SPLINE
  5
8B
330
1F
100
AcDbEntity
  8
Layer 1
100
AcDbSpline
210
0.0
220
0.0
230
1.0
 70
    11
 71
     3
 72
    36
 73
    32
 74
     0
 42
0.000000001
 43
0.0000000001
 40
0.0
 40
0.0
 40
0.0
 40
0.0
 40
0.1111111111111111
 40
0.1111111111111111
 40
0.1111111111111111
 40
0.1111111111111111
 40
0.2222222222222222
 40
0.2222222222222222
 40
0.2222222222222222
 40
0.2222222222222222
 40
0.3333333333333333
 40
0.3333333333333333
 40
0.3333333333333333
 40
0.3333333333333333
 40
0.4444444444444444
 40
0.4444444444444444
 40
0.4444444444444444
 40
0.4444444444444444
 40
0.5555555555555556
 40
0.5555555555555556
 40
0.5555555555555556
 40
0.5555555555555556
 40
0.6666666666666666
 40
0.6666666666666666
 40
0.6666666666666666
 40
0.6666666666666666
 40
0.7777777777777778
 40
0.7777777777777778
 40
0.7777777777777778
 40
0.7777777777777778
 40
1.0
 40
1.0
 40
1.0
 40
1.0
 10
-16.7347
 20
-56.9503
 30
0.0
 10
-16.7347
 20
-56.9503
 30
0.0
 10
-16.1191
 20
-56.9503
 30
0.0
 10
-16.1191
 20
-56.9503
 30
0.0
 10
-16.1191
 20
-56.9503
 30
0.0
 10
-16.0302
 20
-56.9503
 30
0.0
 10
-15.8144
 20
-56.9443
 30
0.0
 10
-15.7382
 20
-56.8917
 30
0.0
 10
-15.7382
 20
-56.8917
 30
0.0
 10
-15.6868
 20
-56.8561
 30
0.0
 10
-15.6807
 20
-56.7586
 30
0.0
 10
-15.6807
 20
-56.7035
 30
0.0
 10
-15.6807
 20
-56.7035
 30
0.0
 10
-15.6807
 20
-56.7035
 30
0.0
 10
-15.6807
 20
-56.5633
 30
0.0
 10
-15.6807
 20
-56.5633
 30
0.0
 10
-15.6807
 20
-56.5633
 30
0.0
 10
-15.6807
 20
-56.5076
 30
0.0
 10
-15.6874
 20
-56.4076
 30
0.0
 10
-15.7394
 20
-56.3717
 30
0.0
 10
-15.7394
 20
-56.3717
 30
0.0
 10
-15.8163
 20
-56.3186
 30
0.0
 10
-16.0294
 20
-56.3123
 30
0.0
 10
-16.1191
 20
-56.3123
 30
0.0
 10
-16.1191
 20
-56.3123
 30
0.0
 10
-16.1191
 20
-56.3123
 30
0.0
 10
-16.7347
 20
-56.3123
 30
0.0
 10
-16.7347
 20
-56.3123
 30
0.0
 10
-16.7347
 20
-56.3123
 30
0.0
 10
-16.7347
 20
-56.3123
 30
0.0
 10
-16.7347
 20
-56.9503
 30
0.0
 10
-16.7347
 20
-56.9503
 30
0.0
  0
SPLINE
  5
8C
330
1F
100
AcDbEntity
  8
Layer 1
100
AcDbSpline
210
0.0
220
0.0
230
1.0
 70
    11
 71
     3
 72
    52
 73
    48
 74
     0
 42
0.000000001
 43
0.0000000001
 40
0.0
 40
0.0
 40
0.0
 40
0.0
 40
0.0769230769230769
 40
0.0769230769230769
 40
0.0769230769230769
 40
0.0769230769230769
 40
0.1538461538461539
 40
0.1538461538461539
 40
0.1538461538461539
 40
0.1538461538461539
 40
0.2307692307692308
 40
0.2307692307692308
 40
0.2307692307692308
 40
0.2307692307692308
 40
0.3076923076923077
 40
0.3076923076923077
 40
0.3076923076923077
 40
0.3076923076923077
 40
0.3846153846153846
 40
0.3846153846153846
 40
0.3846153846153846
 40
0.3846153846153846
 40
0.4615384615384616
 40
0.4615384615384616
 40
0.4615384615384616
 40
0.4615384615384616
 40
0.5384615384615384
 40
0.5384615384615384
 40
0.5384615384615384
 40
0.5384615384615384
 40
0.6153846153846154
 40
0.6153846153846154
 40
0.6153846153846154
 40
0.6153846153846154
 40
0.6923076923076923
 40
0.6923076923076923
 40
0.6923076923076923
 40
0.6923076923076923
 40
0.7692307692307693
 40
0.7692307692307693
 40
0.7692307692307693
 40
0.7692307692307693
 40
0.8461538461538461
 40
0.8461538461538461
 40
0.8461538461538461
 40
0.8461538461538461
 40
1.0
 40
1.0
 40
1.0
 40
1.0
 10
-9.2608
 20
-56.8712
 30
0.0
 10
-9.2608
 20
-56.8712
 30
0.0
 10
-9.2608
 20
-57.4737
 30
0.0
 10
-9.2608
 20
-57.4737
 30
0.0
 10
-9.2608
 20
-57.4737
 30
0.0
 10
-9.2608
 20
-57.5667
 30
0.0
 10
-9.2517
 20
-57.8758
 30
0.0
 10
-9.1702
 20
-57.9417
 30
0.0
 10
-9.1702
 20
-57.9417
 30
0.0
 10
-9.0734
 20
-58.0199
 30
0.0
 10
-8.7629
 20
-58.0278
 30
0.0
 10
-8.6452
 20
-58.0278
 30
0.0
 10
-8.6452
 20
-58.0278
 30
0.0
 10
-8.6452
 20
-58.0278
 30
0.0
 10
-8.3889
 20
-58.0278
 30
0.0
 10
-8.3889
 20
-58.0278
 30
0.0
 10
-8.3889
 20
-58.0278
 30
0.0
 10
-8.2677
 20
-58.0278
 30
0.0
 10
-7.9612
 20
-58.0195
 30
0.0
 10
-7.8614
 20
-57.939
 30
0.0
 10
-7.8614
 20
-57.939
 30
0.0
 10
-7.7767
 20
-57.8708
 30
0.0
 10
-7.7675
 20
-57.57
 30
0.0
 10
-7.7675
 20
-57.4737
 30
0.0
 10
-7.7675
 20
-57.4737
 30
0.0
 10
-7.7675
 20
-57.4737
 30
0.0
 10
-7.7675
 20
-56.8712
 30
0.0
 10
-7.7675
 20
-56.8712
 30
0.0
 10
-7.7675
 20
-56.8712
 30
0.0
 10
-7.7675
 20
-56.7729
 30
0.0
 10
-7.7765
 20
-56.4712
 30
0.0
 10
-7.8623
 20
-56.401
 30
0.0
 10
-7.8623
 20
-56.401
 30
0.0
 10
-7.9609
 20
-56.3203
 30
0.0
 10
-8.2686
 20
-56.3123
 30
0.0
 10
-8.3889
 20
-56.3123
 30
0.0
 10
-8.3889
 20
-56.3123
 30
0.0
 10
-8.3889
 20
-56.3123
 30
0.0
 10
-8.6452
 20
-56.3123
 30
0.0
 10
-8.6452
 20
-56.3123
 30
0.0
 10
-8.6452
 20
-56.3123
 30
0.0
 10
-8.7647
 20
-56.3123
 30
0.0
 10
-9.0691
 20
-56.3203
 30
0.0
 10
-9.1672
 20
-56.4004
 30
0.0
 10
-9.1672
 20
-56.4004
 30
0.0
 10
-9.2514
 20
-56.469
 30
0.0
 10
-9.2608
 20
-56.7749
 30
0.0
 10
-9.2608
 20
-56.8712
 30
0.0
  0
SPLINE
  5
8D
330
1F
100
AcDbEntity
  8
Layer 1
100
AcDbSpline
210
0.0
220
0.0
230
1.0
 70
    11
 71
     3
 72
    36
 73
    32
 74
     0
 42
0.000000001
 43
0.0000000001
 40
0.0
 40
0.0
 40
0.0
 40
0.0
 40
0.1111111111111111
 40
0.1111111111111111
 40
0.1111111111111111
 40
0.1111111111111111
 40
0.2222222222222222
 40
0.2222222222222222
 40
0.2222222222222222
 40
0.2222222222222222
 40
0.3333333333333333
 40
0.3333333333333333
 40
0.3333333333333333
 40
0.3333333333333333
 40
0.4444444444444444
 40
0.4444444444444444
 40
0.4444444444444444
 40
0.4444444444444444
 40
0.5555555555555556
 40
0.5555555555555556
 40
0.5555555555555556
 40
0.5555555555555556
 40
0.6666666666666666
 40
0.6666666666666666
 40
0.6666666666666666
 40
0.6666666666666666
 40
0.7777777777777778
 40
0.7777777777777778
 40
0.7777777777777778
 40
0.7777777777777778
 40
1.0
 40
1.0
 40
1.0
 40
1.0
 10
2.2461
 20
-58.0278
 30
0.0
 10
2.2461
 20
-58.0278
 30
0.0
 10
3.1167
 20
-58.0278
 30
0.0
 10
3.1167
 20
-58.0278
 30
0.0
 10
3.1167
 20
-58.0278
 30
0.0
 10
3.2345
 20
-58.0278
 30
0.0
 10
3.545
 20
-58.0199
 30
0.0
 10
3.6418
 20
-57.9417
 30
0.0
 10
3.6418
 20
-57.9417
 30
0.0
 10
3.7233
 20
-57.8759
 30
0.0
 10
3.7323
 20
-57.5665
 30
0.0
 10
3.7323
 20
-57.4737
 30
0.0
 10
3.7323
 20
-57.4737
 30
0.0
 10
3.7323
 20
-57.4737
 30
0.0
 10
3.7323
 20
-56.8712
 30
0.0
 10
3.7323
 20
-56.8712
 30
0.0
 10
3.7323
 20
-56.8712
 30
0.0
 10
3.7323
 20
-56.7758
 30
0.0
 10
3.7235
 20
-56.4683
 30
0.0
 10
3.64
 20
-56.4004
 30
0.0
 10
3.64
 20
-56.4004
 30
0.0
 10
3.542
 20
-56.3204
 30
0.0
 10
3.2362
 20
-56.3123
 30
0.0
 10
3.1167
 20
-56.3123
 30
0.0
 10
3.1167
 20
-56.3123
 30
0.0
 10
3.1167
 20
-56.3123
 30
0.0
 10
2.2461
 20
-56.3123
 30
0.0
 10
2.2461
 20
-56.3123
 30
0.0
 10
2.2461
 20
-56.3123
 30
0.0
 10
2.2461
 20
-56.3123
 30
0.0
 10
2.2461
 20
-58.0278
 30
0.0
 10
2.2461
 20
-58.0278
 30
0.0
  0
SPLINE
  5
8E
330
1F
100
AcDbEntity
  8
Layer 1
100
AcDbSpline
210
0.0
220
0.0
230
1.0
 70
    11
 71
     3
 72
    16
 73
    12
 74
     0
 42
0.000000001
 43
0.0000000001
 40
0.0
 40
0.0
 40
0.0
 40
0.0
 40
0.25
 40
0.25
 40
0.25
 40
0.25
 40
0.5
 40
0.5
 40
0.5
 40
0.5
 40
1.0
 40
1.0
 40
1.0
 40
1.0
 10
7.86
 20
-57.4588
 30
0.0
 10
7.86
 20
-57.4588
 30
0.0
 10
8.5491
 20
-57.4588
 30
0.0
 10
8.5491
 20
-57.4588
 30
0.0
 10
8.5491
 20
-57.4588
 30
0.0
 10
8.5491
 20
-57.4588
 30
0.0
 10
8.2096
 20
-56.4522
 30
0.0
 10
8.2096
 20
-56.4522
 30
0.0
 10
8.2096
 20
-56.4522
 30
0.0
 10
8.2096
 20
-56.4522
 30
0.0
 10
7.86
 20
-57.4588
 30
0.0
 10
7.86
 20
-57.4588
 30
0.0
  0
SPLINE
  5
8F
330
1F
100
AcDbEntity
  8
Layer 1
100
AcDbSpline
210
0.0
220
0.0
230
1.0
 70
    11
 71
     3
 72
    20
 73
    16
 74
     0
 42
0.000000001
 43
0.0000000001
 40
0.0
 40
0.0
 40
0.0
 40
0.0
 40
0.2
 40
0.2
 40
0.2
 40
0.2
 40
0.4
 40
0.4
 40
0.4
 40
0.4
 40
0.6
 40
0.6
 40
0.6
 40
0.6
 40
1.0
 40
1.0
 40
1.0
 40
1.0
 10
-60.3092
 20
-62.6531
 30
0.0
 10
-61.941
 20
-62.4771
 30
0.0
 10
-63.8142
 20
-62.5074
 30
0.0
 10
-65.4674
 20
-62.7526
 30
0.0
 10
-65.4674
 20
-62.7526
 30
0.0
 10
-65.6071
 20
-63.0593
 30
0.0
 10
-65.7365
 20
-63.3735
 30
0.0
 10
-65.8652
 20
-63.6867
 30
0.0
 10
-65.8652
 20
-63.6867
 30
0.0
 10
-65.8652
 20
-63.6867
 30
0.0
 10
-59.8521
 20
-63.6868
 30
0.0
 10
-59.8521
 20
-63.6868
 30
0.0
 10
-59.8521
 20
-63.6868
 30
0.0
 10
-60.0033
 20
-63.3416
 30
0.0
 10
-60.1557
 20
-62.9972
 30
0.0
 10
-60.3092
 20
-62.6531
 30
0.0
  0
SPLINE
  5
90
330
1F
100
AcDbEntity
  8
Layer 1
100
AcDbSpline
210
0.0
220
0.0
230
1.0
 70
    11
 71
     3
 72
   100
 73
    96
 74
     0
 42
0.000000001
 43
0.0000000001
 40
0.0
 40
0.0
 40
0.0
 40
0.0
 40
0.04
 40
0.04
 40
0.04
 40
0.04
 40
0.08
 40
0.08
 40
0.08
 40
0.08
 40
0.12
 40
0.12
 40
0.12
 40
0.12
 40
0.16
 40
0.16
 40
0.16
 40
0.16
 40
0.2
 40
0.2
 40
0.2
 40
0.2
 40
0.24
 40
0.24
 40
0.24
 40
0.24
 40
0.28
 40
0.28
 40
0.28
 40
0.28
 40
0.32
 40
0.32
 40
0.32
 40
0.32
 40
0.36
 40
0.36
 40
0.36
 40
0.36
 40
0.4
 40
0.4
 40
0.4
 40
0.4
 40
0.44
 40
0.44
 40
0.44
 40
0.44
 40
0.48
 40
0.48
 40
0.48
 40
0.48
 40
0.52
 40
0.52
 40
0.52
 40
0.52
 40
0.56
 40
0.56
 40
0.56
 40
0.56
 40
0.6
 40
0.6
 40
0.6
 40
0.6
 40
0.64
 40
0.64
 40
0.64
 40
0.64
 40
0.68
 40
0.68
 40
0.68
 40
0.68
 40
0.72
 40
0.72
 40
0.72
 40
0.72
 40
0.76
 40
0.76
 40
0.76
 40
0.76
 40
0.8
 40
0.8
 40
0.8
 40
0.8
 40
0.84
 40
0.84
 40
0.84
 40
0.84
 40
0.88
 40
0.88
 40
0.88
 40
0.88
 40
0.92
 40
0.92
 40
0.92
 40
0.92
 40
1.0
 40
1.0
 40
1.0
 40
1.0
 10
-58.2914
 20
-43.6631
 30
0.0
 10
-55.96
 20
-43.6631
 30
0.0
 10
-54.0701
 20
-45.6223
 30
0.0
 10
-54.0701
 20
-48.0391
 30
0.0
 10
-54.0701
 20
-48.0391
 30
0.0
 10
-54.0701
 20
-50.4525
 30
0.0
 10
-55.9547
 20
-52.4096
 30
0.0
 10
-58.2816
 20
-52.4151
 30
0.0
 10
-58.2816
 20
-52.4151
 30
0.0
 10
-58.2816
 20
-52.4151
 30
0.0
 10
-54.0701
 20
-52.4151
 30
0.0
 10
-54.0701
 20
-52.4151
 30
0.0
 10
-54.0701
 20
-52.4151
 30
0.0
 10
-54.0701
 20
-52.4151
 30
0.0
 10
-54.0701
 20
-56.7911
 30
0.0
 10
-54.0701
 20
-56.7911
 30
0.0
 10
-54.0701
 20
-56.7911
 30
0.0
 10
-54.0701
 20
-56.7911
 30
0.0
 10
-61.3093
 20
-56.7911
 30
0.0
 10
-61.3093
 20
-56.7911
 30
0.0
 10
-61.3093
 20
-56.7911
 30
0.0
 10
-61.3093
 20
-56.7911
 30
0.0
 10
-61.2886
 20
-56.7543
 30
0.0
 10
-61.2886
 20
-56.7543
 30
0.0
 10
-61.2886
 20
-56.7543
 30
0.0
 10
-61.2886
 20
-56.7543
 30
0.0
 10
-60.1624
 20
-52.92
 30
0.0
 10
-60.1624
 20
-52.92
 30
0.0
 10
-60.1624
 20
-52.92
 30
0.0
 10
-60.1624
 20
-52.92
 30
0.0
 10
-59.487
 20
-50.4282
 30
0.0
 10
-59.487
 20
-50.4282
 30
0.0
 10
-59.487
 20
-50.4282
 30
0.0
 10
-60.323
 20
-51.2037
 30
0.0
 10
-60.4124
 20
-51.2966
 30
0.0
 10
-61.7473
 20
-51.3365
 30
0.0
 10
-61.7473
 20
-51.3365
 30
0.0
 10
-61.7789
 20
-50.7306
 30
0.0
 10
-61.9293
 20
-50.3234
 30
0.0
 10
-62.3008
 20
-49.4219
 30
0.0
 10
-62.3008
 20
-49.4219
 30
0.0
 10
-62.4604
 20
-50.5977
 30
0.0
 10
-63.2226
 20
-51.2132
 30
0.0
 10
-64.3222
 20
-51.4558
 30
0.0
 10
-64.3222
 20
-51.4558
 30
0.0
 10
-64.9102
 20
-51.5856
 30
0.0
 10
-65.2438
 20
-51.315
 30
0.0
 10
-65.6974
 20
-50.9867
 30
0.0
 10
-65.6974
 20
-50.9867
 30
0.0
 10
-65.6974
 20
-50.9867
 30
0.0
 10
-65.6081
 20
-51.4354
 30
0.0
 10
-65.6081
 20
-51.4354
 30
0.0
 10
-65.6081
 20
-51.4354
 30
0.0
 10
-65.5718
 20
-51.7799
 30
0.0
 10
-65.3045
 20
-52.0639
 30
0.0
 10
-65.215
 20
-52.3968
 30
0.0
 10
-65.215
 20
-52.3968
 30
0.0
 10
-65.215
 20
-52.3968
 30
0.0
 10
-64.8822
 20
-55.1211
 30
0.0
 10
-64.8822
 20
-55.1211
 30
0.0
 10
-64.8822
 20
-55.1211
 30
0.0
 10
-64.8822
 20
-55.1211
 30
0.0
 10
-64.3636
 20
-55.8772
 30
0.0
 10
-64.3636
 20
-55.8772
 30
0.0
 10
-64.3636
 20
-55.8772
 30
0.0
 10
-64.3147
 20
-56.1453
 30
0.0
 10
-64.2683
 20
-56.4259
 30
0.0
 10
-64.2307
 20
-56.7039
 30
0.0
 10
-64.2307
 20
-56.7039
 30
0.0
 10
-64.2307
 20
-56.7039
 30
0.0
 10
-64.2196
 20
-56.7911
 30
0.0
 10
-64.2196
 20
-56.7911
 30
0.0
 10
-64.2196
 20
-56.7911
 30
0.0
 10
-64.2196
 20
-56.7911
 30
0.0
 10
-71.5839
 20
-56.7911
 30
0.0
 10
-71.5839
 20
-56.7911
 30
0.0
 10
-71.5839
 20
-56.7911
 30
0.0
 10
-71.5839
 20
-56.7911
 30
0.0
 10
-71.5838
 20
-52.4151
 30
0.0
 10
-71.5838
 20
-52.4151
 30
0.0
 10
-71.5838
 20
-52.4151
 30
0.0
 10
-71.5838
 20
-50.0017
 30
0.0
 10
-69.6992
 20
-48.0446
 30
0.0
 10
-67.3723
 20
-48.0391
 30
0.0
 10
-67.3723
 20
-48.0391
 30
0.0
 10
-67.3723
 20
-48.0391
 30
0.0
 10
-71.5839
 20
-48.0391
 30
0.0
 10
-71.5839
 20
-48.0391
 30
0.0
 10
-71.5839
 20
-48.0391
 30
0.0
 10
-71.5839
 20
-45.6223
 30
0.0
 10
-69.6939
 20
-43.6631
 30
0.0
 10
-67.3625
 20
-43.6631
 30
0.0
 10
-67.3625
 20
-43.6631
 30
0.0
 10
-67.3625
 20
-43.6631
 30
0.0
 10
-58.2914
 20
-43.6631
 30
0.0
 10
-58.2914
 20
-43.6631
 30
0.0
  0
SPLINE
  5
91
330
1F
100
AcDbEntity
  8
Layer 1
100
AcDbSpline
210
0.0
220
0.0
230
1.0
 70
    11
 71
     3
 72
    16
 73
    12
 74
     0
 42
0.000000001
 43
0.0000000001
 40
0.0
 40
0.0
 40
0.0
 40
0.0
 40
0.25
 40
0.25
 40
0.25
 40
0.25
 40
0.5
 40
0.5
 40
0.5
 40
0.5
 40
1.0
 40
1.0
 40
1.0
 40
1.0
 10
-61.8595
 20
-56.7911
 30
0.0
 10
-61.8595
 20
-56.7911
 30
0.0
 10
-63.2265
 20
-56.7911
 30
0.0
 10
-63.2265
 20
-56.7911
 30
0.0
 10
-63.2265
 20
-56.7911
 30
0.0
 10
-62.3509
 20
-55.5588
 30
0.0
 10
-61.6408
 20
-53.4778
 30
0.0
 10
-61.6407
 20
-51.9719
 30
0.0
 10
-61.6407
 20
-51.9719
 30
0.0
 10
-60.6646
 20
-53.4298
 30
0.0
 10
-61.2213
 20
-55.2929
 30
0.0
 10
-61.8595
 20
-56.7911
 30
0.0
  0
SPLINE
  5
92
330
1F
100
AcDbEntity
  8
Layer 1
100
AcDbSpline
210
0.0
220
0.0
230
1.0
 70
    11
 71
     3
 72
    20
 73
    16
 74
     0
 42
0.000000001
 43
0.0000000001
 40
0.0
 40
0.0
 40
0.0
 40
0.0
 40
0.2
 40
0.2
 40
0.2
 40
0.2
 40
0.4
 40
0.4
 40
0.4
 40
0.4
 40
0.6
 40
0.6
 40
0.6
 40
0.6
 40
1.0
 40
1.0
 40
1.0
 40
1.0
 10
-66.3503
 20
-65.5332
 30
0.0
 10
-66.3503
 20
-65.5332
 30
0.0
 10
-58.5824
 20
-65.5333
 30
0.0
 10
-58.5824
 20
-65.5333
 30
0.0
 10
-58.5824
 20
-65.5333
 30
0.0
 10
-58.5824
 20
-65.5333
 30
0.0
 10
-58.5824
 20
-68.0744
 30
0.0
 10
-58.5824
 20
-68.0744
 30
0.0
 10
-58.5824
 20
-68.0744
 30
0.0
 10
-58.5824
 20
-68.0744
 30
0.0
 10
-66.3503
 20
-68.0743
 30
0.0
 10
-66.3503
 20
-68.0743
 30
0.0
 10
-66.3503
 20
-68.0743
 30
0.0
 10
-66.3503
 20
-68.0743
 30
0.0
 10
-66.3503
 20
-65.5332
 30
0.0
 10
-66.3503
 20
-65.5332
 30
0.0
  0
SPLINE
  5
93
330
1F
100
AcDbEntity
  8
Layer 1
100
AcDbSpline
210
0.0
220
0.0
230
1.0
 70
    11
 71
     3
 72
    44
 73
    40
 74
     0
 42
0.000000001
 43
0.0000000001
 40
0.0
 40
0.0
 40
0.0
 40
0.0
 40
0.0909090909090909
 40
0.0909090909090909
 40
0.0909090909090909
 40
0.0909090909090909
 40
0.1818181818181818
 40
0.1818181818181818
 40
0.1818181818181818
 40
0.1818181818181818
 40
0.2727272727272727
 40
0.2727272727272727
 40
0.2727272727272727
 40
0.2727272727272727
 40
0.3636363636363636
 40
0.3636363636363636
 40
0.3636363636363636
 40
0.3636363636363636
 40
0.4545454545454545
 40
0.4545454545454545
 40
0.4545454545454545
 40
0.4545454545454545
 40
0.5454545454545454
 40
0.5454545454545454
 40
0.5454545454545454
 40
0.5454545454545454
 40
0.6363636363636364
 40
0.6363636363636364
 40
0.6363636363636364
 40
0.6363636363636364
 40
0.7272727272727273
 40
0.7272727272727273
 40
0.7272727272727273
 40
0.7272727272727273
 40
0.8181818181818182
 40
0.8181818181818182
 40
0.8181818181818182
 40
0.8181818181818182
 40
1.0
 40
1.0
 40
1.0
 40
1.0
 10
-59.3471
 20
-49.0309
 30
0.0
 10
-59.6784
 20
-47.491
 30
0.0
 10
-61.0456
 20
-46.3368
 30
0.0
 10
-62.6822
 20
-46.3368
 30
0.0
 10
-62.6822
 20
-46.3368
 30
0.0
 10
-64.5667
 20
-46.3368
 30
0.0
 10
-66.0943
 20
-47.8667
 30
0.0
 10
-66.0944
 20
-49.754
 30
0.0
 10
-66.0944
 20
-49.754
 30
0.0
 10
-66.0944
 20
-49.754
 30
0.0
 10
-65.9681
 20
-50.1814
 30
0.0
 10
-65.9681
 20
-50.1814
 30
0.0
 10
-65.9681
 20
-50.1814
 30
0.0
 10
-65.574
 20
-50.2288
 30
0.0
 10
-65.6386
 20
-50.1834
 30
0.0
 10
-65.5207
 20
-50.3295
 30
0.0
 10
-65.5207
 20
-50.3295
 30
0.0
 10
-65.2717
 20
-50.638
 30
0.0
 10
-64.8906
 20
-51.0056
 30
0.0
 10
-64.4557
 20
-50.9097
 30
0.0
 10
-64.4557
 20
-50.9097
 30
0.0
 10
-62.7291
 20
-50.5288
 30
0.0
 10
-62.8937
 20
-49.444
 30
0.0
 10
-62.8241
 20
-48.3429
 30
0.0
 10
-62.8241
 20
-48.3429
 30
0.0
 10
-62.7398
 20
-47.6795
 30
0.0
 10
-62.7435
 20
-47.4393
 30
0.0
 10
-62.2475
 20
-48.2009
 30
0.0
 10
-62.2475
 20
-48.2009
 30
0.0
 10
-61.9902
 20
-48.6913
 30
0.0
 10
-61.4285
 20
-50.0163
 30
0.0
 10
-61.2587
 20
-50.756
 30
0.0
 10
-61.2587
 20
-50.756
 30
0.0
 10
-60.391
 20
-50.6875
 30
0.0
 10
-60.0031
 20
-50.3519
 30
0.0
 10
-59.9891
 20
-49.4622
 30
0.0
 10
-59.9891
 20
-49.4622
 30
0.0
 10
-59.5229
 20
-49.4169
 30
0.0
 10
-59.48
 20
-49.3737
 30
0.0
 10
-59.3471
 20
-49.0309
 30
0.0
  0
SPLINE
  5
94
330
1F
100
AcDbEntity
  8
Layer 1
100
AcDbSpline
210
0.0
220
0.0
230
1.0
 70
    11
 71
     3
 72
    84
 73
    80
 74
     0
 42
0.000000001
 43
0.0000000001
 40
0.0
 40
0.0
 40
0.0
 40
0.0
 40
0.0476190476190476
 40
0.0476190476190476
 40
0.0476190476190476
 40
0.0476190476190476
 40
0.0952380952380952
 40
0.0952380952380952
 40
0.0952380952380952
 40
0.0952380952380952
 40
0.1428571428571428
 40
0.1428571428571428
 40
0.1428571428571428
 40
0.1428571428571428
 40
0.1904761904761905
 40
0.1904761904761905
 40
0.1904761904761905
 40
0.1904761904761905
 40
0.2380952380952381
 40
0.2380952380952381
 40
0.2380952380952381
 40
0.2380952380952381
 40
0.2857142857142857
 40
0.2857142857142857
 40
0.2857142857142857
 40
0.2857142857142857
 40
0.3333333333333333
 40
0.3333333333333333
 40
0.3333333333333333
 40
0.3333333333333333
 40
0.3809523809523809
 40
0.3809523809523809
 40
0.3809523809523809
 40
0.3809523809523809
 40
0.4285714285714285
 40
0.4285714285714285
 40
0.4285714285714285
 40
0.4285714285714285
 40
0.4761904761904762
 40
0.4761904761904762
 40
0.4761904761904762
 40
0.4761904761904762
 40
0.5238095238095238
 40
0.5238095238095238
 40
0.5238095238095238
 40
0.5238095238095238
 40
0.5714285714285714
 40
0.5714285714285714
 40
0.5714285714285714
 40
0.5714285714285714
 40
0.6190476190476191
 40
0.6190476190476191
 40
0.6190476190476191
 40
0.6190476190476191
 40
0.6666666666666666
 40
0.6666666666666666
 40
0.6666666666666666
 40
0.6666666666666666
 40
0.7142857142857143
 40
0.7142857142857143
 40
0.7142857142857143
 40
0.7142857142857143
 40
0.7619047619047619
 40
0.7619047619047619
 40
0.7619047619047619
 40
0.7619047619047619
 40
0.8095238095238095
 40
0.8095238095238095
 40
0.8095238095238095
 40
0.8095238095238095
 40
0.8571428571428571
 40
0.8571428571428571
 40
0.8571428571428571
 40
0.8571428571428571
 40
0.9047619047619048
 40
0.9047619047619048
 40
0.9047619047619048
 40
0.9047619047619048
 40
1.0
 40
1.0
 40
1.0
 40
1.0
 10
-67.3625
 20
-57.5489
 30
0.0
 10
-67.3625
 20
-57.5489
 30
0.0
 10
-64.1668
 20
-57.5489
 30
0.0
 10
-64.1668
 20
-57.5489
 30
0.0
 10
-64.1668
 20
-57.5489
 30
0.0
 10
-64.1432
 20
-58.5914
 30
0.0
 10
-64.3001
 20
-59.7212
 30
0.0
 10
-64.5322
 20
-60.7036
 30
0.0
 10
-64.5322
 20
-60.7036
 30
0.0
 10
-64.5322
 20
-60.7036
 30
0.0
 10
-65.0889
 20
-61.9803
 30
0.0
 10
-65.0889
 20
-61.9803
 30
0.0
 10
-65.0889
 20
-61.9803
 30
0.0
 10
-63.5874
 20
-61.8478
 30
0.0
 10
-62.097
 20
-61.8467
 30
0.0
 10
-60.6164
 20
-61.9692
 30
0.0
 10
-60.6164
 20
-61.9692
 30
0.0
 10
-61.1684
 20
-60.7475
 30
0.0
 10
-61.6446
 20
-60.1904
 30
0.0
 10
-61.6113
 20
-58.6864
 30
0.0
 10
-61.6113
 20
-58.6864
 30
0.0
 10
-61.6113
 20
-58.6864
 30
0.0
 10
-61.6113
 20
-58.6865
 30
0.0
 10
-61.6113
 20
-58.6865
 30
0.0
 10
-61.6113
 20
-58.6865
 30
0.0
 10
-61.8351
 20
-58.8365
 30
0.0
 10
-62.6315
 20
-59.3408
 30
0.0
 10
-63.3913
 20
-59.8632
 30
0.0
 10
-63.3913
 20
-59.8632
 30
0.0
 10
-63.3578
 20
-59.1207
 30
0.0
 10
-63.4212
 20
-58.1067
 30
0.0
 10
-63.4639
 20
-57.5489
 30
0.0
 10
-63.4639
 20
-57.5489
 30
0.0
 10
-63.4639
 20
-57.5489
 30
0.0
 10
-62.1983
 20
-57.5489
 30
0.0
 10
-62.1983
 20
-57.5489
 30
0.0
 10
-62.1983
 20
-57.5489
 30
0.0
 10
-62.4383
 20
-58.0684
 30
0.0
 10
-62.6523
 20
-58.5132
 30
0.0
 10
-62.7563
 20
-58.8388
 30
0.0
 10
-62.7563
 20
-58.8388
 30
0.0
 10
-62.5935
 20
-58.7937
 30
0.0
 10
-62.1603
 20
-58.1852
 30
0.0
 10
-61.7611
 20
-57.5489
 30
0.0
 10
-61.7611
 20
-57.5489
 30
0.0
 10
-61.7611
 20
-57.5489
 30
0.0
 10
-58.2914
 20
-57.5489
 30
0.0
 10
-58.2914
 20
-57.5489
 30
0.0
 10
-58.2914
 20
-57.5489
 30
0.0
 10
-55.96
 20
-57.5489
 30
0.0
 10
-54.0701
 20
-59.5081
 30
0.0
 10
-54.0701
 20
-61.9249
 30
0.0
 10
-54.0701
 20
-61.9249
 30
0.0
 10
-54.0701
 20
-61.9249
 30
0.0
 10
-58.2816
 20
-61.9249
 30
0.0
 10
-58.2816
 20
-61.9249
 30
0.0
 10
-58.2816
 20
-61.9249
 30
0.0
 10
-55.9548
 20
-61.9304
 30
0.0
 10
-54.0701
 20
-63.8875
 30
0.0
 10
-54.0701
 20
-66.3009
 30
0.0
 10
-54.0701
 20
-66.3009
 30
0.0
 10
-54.0701
 20
-68.7177
 30
0.0
 10
-55.96
 20
-70.6769
 30
0.0
 10
-58.2914
 20
-70.6769
 30
0.0
 10
-58.2914
 20
-70.6769
 30
0.0
 10
-58.2914
 20
-70.6769
 30
0.0
 10
-67.3625
 20
-70.6769
 30
0.0
 10
-67.3625
 20
-70.6769
 30
0.0
 10
-67.3625
 20
-70.6769
 30
0.0
 10
-69.6939
 20
-70.6769
 30
0.0
 10
-71.5838
 20
-68.7177
 30
0.0
 10
-71.5839
 20
-66.3009
 30
0.0
 10
-71.5839
 20
-66.3009
 30
0.0
 10
-71.5839
 20
-66.3009
 30
0.0
 10
-71.5838
 20
-61.9249
 30
0.0
 10
-71.5838
 20
-61.9249
 30
0.0
 10
-71.5838
 20
-61.9249
 30
0.0
 10
-71.5838
 20
-59.5081
 30
0.0
 10
-69.6939
 20
-57.5489
 30
0.0
 10
-67.3625
 20
-57.5489
 30
0.0
  0
SPLINE
  5
95
330
1F
100
AcDbEntity
  8
Layer 1
100
AcDbSpline
210
0.0
220
0.0
230
1.0
 70
    11
 71
     3
 72
    20
 73
    16
 74
     0
 42
0.000000001
 43
0.0000000001
 40
0.0
 40
0.0
 40
0.0
 40
0.0
 40
0.2
 40
0.2
 40
0.2
 40
0.2
 40
0.4
 40
0.4
 40
0.4
 40
0.4
 40
0.6
 40
0.6
 40
0.6
 40
0.6
 40
1.0
 40
1.0
 40
1.0
 40
1.0
 10
71.5839
 20
-66.0901
 30
0.0
 10
71.5839
 20
-66.0901
 30
0.0
 10
61.2515
 20
-48.2499
 30
0.0
 10
61.2515
 20
-48.2499
 30
0.0
 10
61.2515
 20
-48.2499
 30
0.0
 10
61.2515
 20
-48.2499
 30
0.0
 10
55.3232
 20
-51.6834
 30
0.0
 10
55.3232
 20
-51.6834
 30
0.0
 10
55.3232
 20
-51.6834
 30
0.0
 10
55.3232
 20
-51.6834
 30
0.0
 10
63.6669
 20
-66.0901
 30
0.0
 10
63.6669
 20
-66.0901
 30
0.0
 10
63.6669
 20
-66.0901
 30
0.0
 10
63.6669
 20
-66.0901
 30
0.0
 10
71.5839
 20
-66.0901
 30
0.0
 10
71.5839
 20
-66.0901
 30
0.0
  0
SPLINE
  5
96
330
1F
100
AcDbEntity
  8
Layer 1
100
AcDbSpline
210
0.0
220
0.0
230
1.0
 70
    11
 71
     3
 72
    20
 73
    16
 74
     0
 42
0.000000001
 43
0.0000000001
 40
0.0
 40
0.0
 40
0.0
 40
0.0
 40
0.2
 40
0.2
 40
0.2
 40
0.2
 40
0.4
 40
0.4
 40
0.4
 40
0.4
 40
0.6
 40
0.6
 40
0.6
 40
0.6
 40
1.0
 40
1.0
 40
1.0
 40
1.0
 10
50.7965
 20
-66.0901
 30
0.0
 10
50.7965
 20
-66.0901
 30
0.0
 10
47.7475
 20
-60.8257
 30
0.0
 10
47.7475
 20
-60.8257
 30
0.0
 10
47.7475
 20
-60.8257
 30
0.0
 10
47.7475
 20
-60.8257
 30
0.0
 10
41.8192
 20
-64.2592
 30
0.0
 10
41.8192
 20
-64.2592
 30
0.0
 10
41.8192
 20
-64.2592
 30
0.0
 10
41.8192
 20
-64.2592
 30
0.0
 10
42.8796
 20
-66.0901
 30
0.0
 10
42.8796
 20
-66.0901
 30
0.0
 10
42.8796
 20
-66.0901
 30
0.0
 10
42.8796
 20
-66.0901
 30
0.0
 10
50.7965
 20
-66.0901
 30
0.0
 10
50.7965
 20
-66.0901
 30
0.0
  0
SPLINE
  5
97
330
1F
100
AcDbEntity
  8
Layer 1
100
AcDbSpline
210
0.0
220
0.0
230
1.0
 70
    11
 71
     3
 72
    20
 73
    16
 74
     0
 42
0.000000001
 43
0.0000000001
 40
0.0
 40
0.0
 40
0.0
 40
0.0
 40
0.2
 40
0.2
 40
0.2
 40
0.2
 40
0.4
 40
0.4
 40
0.4
 40
0.4
 40
0.6
 40
0.6
 40
0.6
 40
0.6
 40
1.0
 40
1.0
 40
1.0
 40
1.0
 10
61.1902
 20
-66.0901
 30
0.0
 10
61.1902
 20
-66.0901
 30
0.0
 10
54.4995
 20
-54.5378
 30
0.0
 10
54.4995
 20
-54.5378
 30
0.0
 10
54.4995
 20
-54.5378
 30
0.0
 10
54.4995
 20
-54.5378
 30
0.0
 10
48.5711
 20
-57.9713
 30
0.0
 10
48.5711
 20
-57.9713
 30
0.0
 10
48.5711
 20
-57.9713
 30
0.0
 10
48.5711
 20
-57.9713
 30
0.0
 10
53.2732
 20
-66.0901
 30
0.0
 10
53.2732
 20
-66.0901
 30
0.0
 10
53.2732
 20
-66.0901
 30
0.0
 10
53.2732
 20
-66.0901
 30
0.0
 10
61.1902
 20
-66.0901
 30
0.0
 10
61.1902
 20
-66.0901
 30
0.0
  0
ENDSEC
  0
SECTION
  2
OBJECTS
  0
DICTIONARY
  5
C
330
0
100
AcDbDictionary
281
     1
  3
ACAD_DETAILVIEWSTYLE
350
D3
  3
ACAD_GROUP
350
D
  3
ACAD_LAYOUT
350
1A
  3
ACAD_MATERIAL
350
43
  3
ACAD_MLEADERSTYLE
350
6B
  3
ACAD_MLINESTYLE
350
17
  3
ACAD_PLOTSETTINGS
350
19
  3
ACAD_PLOTSTYLENAME
350
E
  3
ACAD_SCALELIST
350
47
  3
ACAD_SECTIONVIEWSTYLE
350
D4
  3
ACAD_TABLESTYLE
350
69
  3
ACAD_VISUALSTYLE
350
2A
  3
ACDB_RECOMPOSE_DATA
350
D0
  3
AcDbVariableDictionary
350
98
  0
SUN
  5
6D
330
29
100
AcDbSun
 90
        1
290
     0
 63
     7
421
 16777215
 40
1.0
291
     1
 91
  2455826
 92
 54000000
292
     0
 70
     2
 71
   256
280
     1
  0
DICTIONARY
  5
D3
102
{ACAD_REACTORS
330
C
102
}
330
C
100
AcDbDictionary
281
     1
  0
DICTIONARY
  5
D
102
{ACAD_REACTORS
330
C
102
}
330
C
100
AcDbDictionary
281
     1
  0
DICTIONARY
  5
1A
102
{ACAD_REACTORS
330
C
102
}
330
C
100
AcDbDictionary
281
     1
  3
Layout1
350
1E
  3
Layout2
350
26
  3
Model
350
22
  0
DICTIONARY
  5
43
102
{ACAD_REACTORS
330
C
102
}
330
C
100
AcDbDictionary
281
     1
  3
ByBlock
350
45
  3
ByLayer
350
44
  3
Global
350
46
  0
DICTIONARY
  5
6B
102
{ACAD_REACTORS
330
C
102
}
330
C
100
AcDbDictionary
281
     1
  3
Standard
350
6C
  0
DICTIONARY
  5
17
102
{ACAD_REACTORS
330
C
102
}
330
C
100
AcDbDictionary
281
     1
  3
Standard
350
18
  0
DICTIONARY
  5
19
102
{ACAD_REACTORS
330
C
102
}
330
C
100
AcDbDictionary
281
     1
  0
ACDBDICTIONARYWDFLT
  5
E
102
{ACAD_REACTORS
330
C
102
}
330
C
100
AcDbDictionary
281
     1
  3
Normal
350
F
100
AcDbDictionaryWithDefault
340
F
  0
DICTIONARY
  5
47
102
{ACAD_REACTORS
330
C
102
}
330
C
100
AcDbDictionary
281
     1
  3
A0
350
48
  3
A1
350
49
  3
A2
350
4A
  3
A3
350
4B
  3
A4
350
4C
  3
A5
350
4D
  3
A6
350
4E
  3
A7
350
4F
  3
A8
350
50
  3
A9
350
51
  3
B0
350
52
  3
B1
350
53
  3
B2
350
54
  3
B3
350
55
  3
B4
350
56
  3
B5
350
57
  3
B6
350
58
  3
B7
350
59
  3
B8
350
5A
  3
B9
350
5B
  3
C0
350
5C
  3
C1
350
5D
  3
C2
350
5E
  3
C3
350
5F
  3
C4
350
60
  3
C5
350
61
  3
C6
350
62
  3
C7
350
63
  3
C8
350
64
  3
C9
350
65
  3
D0
350
66
  3
D1
350
67
  3
D2
350
68
  0
DICTIONARY
  5
D4
102
{ACAD_REACTORS
330
C
102
}
330
C
100
AcDbDictionary
281
     1
  0
DICTIONARY
  5
69
102
{ACAD_REACTORS
330
C
102
}
330
C
100
AcDbDictionary
281
     1
  3
Standard
350
6A
  0
DICTIONARY
  5
2A
102
{ACAD_REACTORS
330
C
102
}
330
C
100
AcDbDictionary
281
     1
  3
2dWireframe
350
2F
  3
Basic
350
32
  3
Brighten
350
36
  3
ColorChange
350
3A
  3
Conceptual
350
34
  3
Dim
350
35
  3
EdgeColorOff
350
3D
  3
Facepattern
350
39
  3
Flat
350
2B
  3
FlatWithEdges
350
2C
  3
Gouraud
350
2D
  3
GouraudWithEdges
350
2E
  3
Hidden
350
31
  3
JitterOff
350
3B
  3
Linepattern
350
38
  3
OverhangOff
350
3C
  3
Realistic
350
33
  3
Shaded
350
42
  3
Shaded with edges
350
41
  3
Shades of Gray
350
3E
  3
Sketchy
350
3F
  3
Thicken
350
37
  3
Wireframe
350
30
  3
X-Ray
350
40
  0
XRECORD
  5
D0
102
{ACAD_REACTORS
330
C
102
}
330
C
100
AcDbXrecord
280
     1
 90
        1
330
6A
  0
DICTIONARY
  5
98
102
{ACAD_REACTORS
330
C
102
}
330
C
100
AcDbDictionary
281
     1
  3
CANNOSCALE
350
99
  3
CMLEADERSTYLE
350
D2
  3
CTABLESTYLE
350
D1
  3
XCLIPFRAME
350
9A
  0
LAYOUT
  5
1E
102
{ACAD_REACTORS
330
1A
102
}
330
1A
100
AcDbPlotSettings
  1

  2
none_device
  4

  6

 40
0.0
 41
0.0
 42
0.0
 43
0.0
 44
0.0
 45
0.0
 46
0.0
 47
0.0
 48
0.0
 49
0.0
140
0.0
141
0.0
142
1.0
143
1.0
 70
   688
 72
     0
 73
     0
 74
     5
  7

 75
    16
 76
     0
 77
     2
 78
   300
147
1.0
148
0.0
149
0.0
100
AcDbLayout
  1
Layout1
 70
     1
 71
     1
 10
0.0
 20
0.0
 11
12.0
 21
9.0
 12
0.0
 22
0.0
 32
0.0
 14
1.000000000000000E+20
 24
1.000000000000000E+20
 34
1.000000000000000E+20
 15
-1.000000000000000E+20
 25
-1.000000000000000E+20
 35
-1.000000000000000E+20
146
0.0
 13
0.0
 23
0.0
 33
0.0
 16
1.0
 26
0.0
 36
0.0
 17
0.0
 27
1.0
 37
0.0
 76
     0
330
1B
  0
LAYOUT
  5
26
102
{ACAD_REACTORS
330
1A
102
}
330
1A
100
AcDbPlotSettings
  1

  2
none_device
  4

  6

 40
0.0
 41
0.0
 42
0.0
 43
0.0
 44
0.0
 45
0.0
 46
0.0
 47
0.0
 48
0.0
 49
0.0
140
0.0
141
0.0
142
1.0
143
1.0
 70
   688
 72
     0
 73
     0
 74
     5
  7

 75
    16
 76
     0
 77
     2
 78
   300
147
1.0
148
0.0
149
0.0
100
AcDbLayout
  1
Layout2
 70
     1
 71
     2
 10
0.0
 20
0.0
 11
0.0
 21
0.0
 12
0.0
 22
0.0
 32
0.0
 14
0.0
 24
0.0
 34
0.0
 15
0.0
 25
0.0
 35
0.0
146
0.0
 13
0.0
 23
0.0
 33
0.0
 16
1.0
 26
0.0
 36
0.0
 17
0.0
 27
1.0
 37
0.0
 76
     0
330
23
  0
LAYOUT
  5
22
102
{ACAD_REACTORS
330
1A
102
}
330
1A
100
AcDbPlotSettings
  1

  2
none_device
  4
Letter_(8.50_x_11.00_Inches)
  6

 40
6.35
 41
6.35
 42
6.35000508
 43
6.35000508
 44
215.9
 45
279.4
 46
0.0
 47
0.0
 48
0.0
 49
0.0
140
0.0
141
0.0
142
1.0
143
1.0
 70
  1712
 72
     0
 73
     0
 74
     0
  7

 75
     0
 76
     0
 77
     2
 78
   300
147
1.0
148
0.0
149
0.0
100
AcDbLayout
  1
Model
 70
     1
 71
     0
 10
0.0
 20
0.0
 11
12.0
 21
9.0
 12
0.0
 22
0.0
 32
0.0
 14
-71.6839
 24
-70.6769
 34
0.0
 15
71.6839
 25
70.7769
 35
0.0
146
0.0
 13
0.0
 23
0.0
 33
0.0
 16
1.0
 26
0.0
 36
0.0
 17
0.0
 27
1.0
 37
0.0
 76
     0
330
1F
331
29
  0
MATERIAL
  5
45
102
{ACAD_REACTORS
330
43
102
}
330
43
100
AcDbMaterial
  1
ByBlock
 72
     1
 94
      127
  0
MATERIAL
  5
44
102
{ACAD_REACTORS
330
43
102
}
330
43
100
AcDbMaterial
  1
ByLayer
 72
     1
 94
      127
  0
MATERIAL
  5
46
102
{ACAD_REACTORS
330
43
102
}
330
43
100
AcDbMaterial
  1
Global
 72
     1
 94
      127
  0
MLEADERSTYLE
  5
6C
102
{ACAD_REACTORS
330
6B
102
}
102
{ACAD_XDICTIONARY
360
CE
102
}
330
6B
100
AcDbMLeaderStyle
170
     2
171
     1
172
     0
 90
        2
 40
0.0
 41
0.0
173
     1
 91
-1056964608
340
14
 92
       -2
290
     1
 42
0.09
291
     1
 43
0.36
  3
Standard
341
0
 44
0.18
300

342
11
174
     1
178
     6
175
     1
176
     0
 93
-1056964608
 45
0.18
292
     0
297
     0
 46
0.18
343
0
 94
-1056964608
 47
1.0
 49
1.0
140
1.0
293
     1
141
0.0
294
     1
177
     0
142
1.0
295
     0
296
     0
143
0.125
1001
ACAD_MLEADERVER
1070
     2
  0
MLINESTYLE
  5
18
102
{ACAD_REACTORS
330
17
102
}
330
17
100
AcDbMlineStyle
  2
Standard
 70
     0
  3

 62
   256
 51
90.0
 52
90.0
 71
     2
 49
0.5
 62
   256
  6
BYLAYER
 49
-0.5
 62
   256
  6
BYLAYER
  0
ACDBPLACEHOLDER
  5
F
102
{ACAD_REACTORS
330
E
102
}
330
E
  0
SCALE
  5
48
102
{ACAD_REACTORS
330
47
102
}
330
47
100
AcDbScale
 70
     0
300
1:1
140
1.0
141
1.0
290
     1
  0
SCALE
  5
49
102
{ACAD_REACTORS
330
47
102
}
330
47
100
AcDbScale
 70
     0
300
1:2
140
1.0
141
2.0
290
     0
  0
SCALE
  5
4A
102
{ACAD_REACTORS
330
47
102
}
330
47
100
AcDbScale
 70
     0
300
1:4
140
1.0
141
4.0
290
     0
  0
SCALE
  5
4B
102
{ACAD_REACTORS
330
47
102
}
330
47
100
AcDbScale
 70
     0
300
1:5
140
1.0
141
5.0
290
     0
  0
SCALE
  5
4C
102
{ACAD_REACTORS
330
47
102
}
330
47
100
AcDbScale
 70
     0
300
1:8
140
1.0
141
8.0
290
     0
  0
SCALE
  5
4D
102
{ACAD_REACTORS
330
47
102
}
330
47
100
AcDbScale
 70
     0
300
1:10
140
1.0
141
10.0
290
     0
  0
SCALE
  5
4E
102
{ACAD_REACTORS
330
47
102
}
330
47
100
AcDbScale
 70
     0
300
1:16
140
1.0
141
16.0
290
     0
  0
SCALE
  5
4F
102
{ACAD_REACTORS
330
47
102
}
330
47
100
AcDbScale
 70
     0
300
1:20
140
1.0
141
20.0
290
     0
  0
SCALE
  5
50
102
{ACAD_REACTORS
330
47
102
}
330
47
100
AcDbScale
 70
     0
300
1:30
140
1.0
141
30.0
290
     0
  0
SCALE
  5
51
102
{ACAD_REACTORS
330
47
102
}
330
47
100
AcDbScale
 70
     0
300
1:40
140
1.0
141
40.0
290
     0
  0
SCALE
  5
52
102
{ACAD_REACTORS
330
47
102
}
330
47
100
AcDbScale
 70
     0
300
1:50
140
1.0
141
50.0
290
     0
  0
SCALE
  5
53
102
{ACAD_REACTORS
330
47
102
}
330
47
100
AcDbScale
 70
     0
300
1:100
140
1.0
141
100.0
290
     0
  0
SCALE
  5
54
102
{ACAD_REACTORS
330
47
102
}
330
47
100
AcDbScale
 70
     0
300
2:1
140
2.0
141
1.0
290
     0
  0
SCALE
  5
55
102
{ACAD_REACTORS
330
47
102
}
330
47
100
AcDbScale
 70
     0
300
4:1
140
4.0
141
1.0
290
     0
  0
SCALE
  5
56
102
{ACAD_REACTORS
330
47
102
}
330
47
100
AcDbScale
 70
     0
300
8:1
140
8.0
141
1.0
290
     0
  0
SCALE
  5
57
102
{ACAD_REACTORS
330
47
102
}
330
47
100
AcDbScale
 70
     0
300
10:1
140
10.0
141
1.0
290
     0
  0
SCALE
  5
58
102
{ACAD_REACTORS
330
47
102
}
330
47
100
AcDbScale
 70
     0
300
100:1
140
100.0
141
1.0
290
     0
  0
SCALE
  5
59
102
{ACAD_REACTORS
330
47
102
}
330
47
100
AcDbScale
 70
     0
300
1/128" = 1'-0"
140
0.0078125
141
12.0
290
     0
  0
SCALE
  5
5A
102
{ACAD_REACTORS
330
47
102
}
330
47
100
AcDbScale
 70
     0
300
1/64" = 1'-0"
140
0.015625
141
12.0
290
     0
  0
SCALE
  5
5B
102
{ACAD_REACTORS
330
47
102
}
330
47
100
AcDbScale
 70
     0
300
1/32" = 1'-0"
140
0.03125
141
12.0
290
     0
  0
SCALE
  5
5C
102
{ACAD_REACTORS
330
47
102
}
330
47
100
AcDbScale
 70
     0
300
1/16" = 1'-0"
140
0.0625
141
12.0
290
     0
  0
SCALE
  5
5D
102
{ACAD_REACTORS
330
47
102
}
330
47
100
AcDbScale
 70
     0
300
3/32" = 1'-0"
140
0.09375
141
12.0
290
     0
  0
SCALE
  5
5E
102
{ACAD_REACTORS
330
47
102
}
330
47
100
AcDbScale
 70
     0
300
1/8" = 1'-0"
140
0.125
141
12.0
290
     0
  0
SCALE
  5
5F
102
{ACAD_REACTORS
330
47
102
}
330
47
100
AcDbScale
 70
     0
300
3/16" = 1'-0"
140
0.1875
141
12.0
290
     0
  0
SCALE
  5
60
102
{ACAD_REACTORS
330
47
102
}
330
47
100
AcDbScale
 70
     0
300
1/4" = 1'-0"
140
0.25
141
12.0
290
     0
  0
SCALE
  5
61
102
{ACAD_REACTORS
330
47
102
}
330
47
100
AcDbScale
 70
     0
300
3/8" = 1'-0"
140
0.375
141
12.0
290
     0
  0
SCALE
  5
62
102
{ACAD_REACTORS
330
47
102
}
330
47
100
AcDbScale
 70
     0
300
1/2" = 1'-0"
140
0.5
141
12.0
290
     0
  0
SCALE
  5
63
102
{ACAD_REACTORS
330
47
102
}
330
47
100
AcDbScale
 70
     0
300
3/4" = 1'-0"
140
0.75
141
12.0
290
     0
  0
SCALE
  5
64
102
{ACAD_REACTORS
330
47
102
}
330
47
100
AcDbScale
 70
     0
300
1" = 1'-0"
140
1.0
141
12.0
290
     0
  0
SCALE
  5
65
102
{ACAD_REACTORS
330
47
102
}
330
47
100
AcDbScale
 70
     0
300
1-1/2" = 1'-0"
140
1.5
141
12.0
290
     0
  0
SCALE
  5
66
102
{ACAD_REACTORS
330
47
102
}
330
47
100
AcDbScale
 70
     0
300
3" = 1'-0"
140
3.0
141
12.0
290
     0
  0
SCALE
  5
67
102
{ACAD_REACTORS
330
47
102
}
330
47
100
AcDbScale
 70
     0
300
6" = 1'-0"
140
6.0
141
12.0
290
     0
  0
SCALE
  5
68
102
{ACAD_REACTORS
330
47
102
}
330
47
100
AcDbScale
 70
     0
300
1'-0" = 1'-0"
140
12.0
141
12.0
290
     0
  0
TABLESTYLE
  5
6A
102
{ACAD_REACTORS
330
69
102
}
102
{ACAD_XDICTIONARY
360
CB
102
}
330
69
100
AcDbTableStyle
  3
Standard
 70
     0
 71
     0
 40
0.06
 41
0.06
280
     0
281
     0
  7
Standard
140
0.18
170
     2
 62
     0
 63
   257
283
     0
 90
        4
 91
        0
  1

274
    -2
284
     1
 64
     0
275
    -2
285
     1
 65
     0
276
    -2
286
     1
 66
     0
277
    -2
287
     1
 67
     0
278
    -2
288
     1
 68
     0
279
    -2
289
     1
 69
     0
  7
Standard
140
0.25
170
     5
 62
     0
 63
   257
283
     0
 90
        4
 91
        0
  1

274
    -2
284
     1
 64
     0
275
    -2
285
     1
 65
     0
276
    -2
286
     1
 66
     0
277
    -2
287
     1
 67
     0
278
    -2
288
     1
 68
     0
279
    -2
289
     1
 69
     0
  7
Standard
140
0.18
170
     5
 62
     0
 63
   257
283
     0
 90
        4
 91
        0
  1

274
    -2
284
     1
 64
     0
275
    -2
285
     1
 65
     0
276
    -2
286
     1
 66
     0
277
    -2
287
     1
 67
     0
278
    -2
288
     1
 68
     0
279
    -2
289
     1
 69
     0
  0
VISUALSTYLE
  5
2F
102
{ACAD_REACTORS
330
2A
102
}
102
{ACAD_XDICTIONARY
360
A3
102
}
330
2A
100
AcDbVisualStyle
  2
2dWireframe
 70
     4
 71
     0
 72
     2
 73
     0
 90
        0
 40
0.6
 41
30.0
 62
     5
 63
     7
421
 16777215
 74
     1
 91
        4
 64
     7
 65
   257
 75
     1
175
     1
 42
1.0
 92
        0
 66
   257
 43
1.0
 76
     1
 77
     6
 78
     2
 67
     7
 79
     5
170
     0
171
     0
290
     0
174
     0
 93
        1
 44
0.0
173
     0
291
     0
 45
0.0
  0
VISUALSTYLE
  5
32
102
{ACAD_REACTORS
330
2A
102
}
102
{ACAD_XDICTIONARY
360
A9
102
}
330
2A
100
AcDbVisualStyle
  2
Basic
 70
     7
 71
     1
 72
     0
 73
     1
 90
        0
 40
0.6
 41
30.0
 62
     5
 63
     7
421
 16777215
 74
     0
 91
        4
 64
     7
 65
   257
 75
     1
175
     1
 42
1.0
 92
        8
 66
     7
 43
1.0
 76
     1
 77
     6
 78
     2
 67
     7
 79
     5
170
     0
171
     0
290
     0
174
     0
 93
        1
 44
0.0
173
     0
291
     1
 45
0.0
  0
VISUALSTYLE
  5
36
102
{ACAD_REACTORS
330
2A
102
}
102
{ACAD_XDICTIONARY
360
B1
102
}
330
2A
100
AcDbVisualStyle
  2
Brighten
 70
    12
 71
     2
 72
     2
 73
     0
 90
        0
 40
0.6
 41
30.0
 62
     5
 63
     7
421
 16777215
 74
     1
 91
        4
 64
     7
 65
   257
 75
     1
175
     1
 42
1.0
 92
        8
 66
     7
 43
1.0
 76
     1
 77
     6
 78
     2
 67
     7
 79
     5
170
     0
171
     0
290
     0
174
     0
 93
        1
 44
50.0
173
     0
291
     1
 45
0.0
  0
VISUALSTYLE
  5
3A
102
{ACAD_REACTORS
330
2A
102
}
102
{ACAD_XDICTIONARY
360
B9
102
}
330
2A
100
AcDbVisualStyle
  2
ColorChange
 70
    16
 71
     2
 72
     2
 73
     3
 90
        0
 40
0.6
 41
30.0
 62
     5
 63
     8
421
  8421504
 74
     1
 91
        4
 64
     7
 65
   257
 75
     1
175
     1
 42
1.0
 92
        8
 66
     8
424
  8421504
 43
1.0
 76
     1
 77
     6
 78
     2
 67
     7
 79
     5
170
     0
171
     0
290
     0
174
     0
 93
        1
 44
0.0
173
     0
291
     1
 45
0.0
  0
VISUALSTYLE
  5
34
102
{ACAD_REACTORS
330
2A
102
}
102
{ACAD_XDICTIONARY
360
AD
102
}
330
2A
100
AcDbVisualStyle
  2
Conceptual
 70
     9
 71
     3
 72
     2
 73
     0
 90
        0
 40
0.6
 41
30.0
 62
     5
 63
     7
421
 16777215
 74
     2
 91
        2
 64
     7
 65
   257
 75
     1
175
     1
 42
179.0
 92
        8
 66
     7
 43
1.0
 76
     1
 77
     6
 78
     2
 67
     7
 79
     3
170
     0
171
     0
290
     0
174
     0
 93
        1
 44
0.0
173
     0
291
     0
 45
0.0
  0
VISUALSTYLE
  5
35
102
{ACAD_REACTORS
330
2A
102
}
102
{ACAD_XDICTIONARY
360
AF
102
}
330
2A
100
AcDbVisualStyle
  2
Dim
 70
    11
 71
     2
 72
     2
 73
     0
 90
        0
 40
0.6
 41
30.0
 62
     5
 63
     7
421
 16777215
 74
     1
 91
        4
 64
     7
 65
   257
 75
     1
175
     1
 42
1.0
 92
        8
 66
     7
 43
1.0
 76
     1
 77
     6
 78
     2
 67
     7
 79
     5
170
     0
171
     0
290
     0
174
     0
 93
        1
 44
-50.0
173
     0
291
     1
 45
0.0
  0
VISUALSTYLE
  5
3D
102
{ACAD_REACTORS
330
2A
102
}
102
{ACAD_XDICTIONARY
360
BF
102
}
330
2A
100
AcDbVisualStyle
  2
EdgeColorOff
 70
    22
 71
     2
 72
     2
 73
     0
 90
        0
 40
0.6
 41
30.0
 62
     5
 63
     7
421
 16777215
 74
     1
 91
        4
 64
     7
 65
   257
 75
     1
175
     1
 42
1.0
 92
        8
 66
     7
 43
1.0
 76
     1
 77
     6
 78
     2
 67
     7
 79
     5
170
     0
171
     0
290
     0
174
     0
 93
        1
 44
0.0
173
     0
291
     1
 45
0.0
  0
VISUALSTYLE
  5
39
102
{ACAD_REACTORS
330
2A
102
}
102
{ACAD_XDICTIONARY
360
B7
102
}
330
2A
100
AcDbVisualStyle
  2
Facepattern
 70
    15
 71
     2
 72
     2
 73
     0
 90
        0
 40
0.6
 41
30.0
 62
     5
 63
     7
421
 16777215
 74
     1
 91
        4
 64
     7
 65
   257
 75
     1
175
     1
 42
1.0
 92
        8
 66
     7
 43
1.0
 76
     1
 77
     6
 78
     2
 67
     7
 79
     5
170
     0
171
     0
290
     0
174
     0
 93
        1
 44
0.0
173
     0
291
     1
 45
0.0
  0
VISUALSTYLE
  5
2B
102
{ACAD_REACTORS
330
2A
102
}
102
{ACAD_XDICTIONARY
360
9B
102
}
330
2A
100
AcDbVisualStyle
  2
Flat
 70
     0
 71
     2
 72
     1
 73
     1
 90
        2
 40
0.6
 41
30.0
 62
     5
 63
     7
421
 16777215
 74
     0
 91
        0
 64
     7
 65
   257
 75
     1
175
     1
 42
1.0
 92
        8
 66
     7
 43
1.0
 76
     1
 77
     6
 78
     2
 67
     7
 79
     5
170
     0
171
     0
290
     0
174
     0
 93
       13
 44
0.0
173
     0
291
     1
 45
0.0
  0
VISUALSTYLE
  5
2C
102
{ACAD_REACTORS
330
2A
102
}
102
{ACAD_XDICTIONARY
360
9D
102
}
330
2A
100
AcDbVisualStyle
  2
FlatWithEdges
 70
     1
 71
     2
 72
     1
 73
     1
 90
        2
 40
0.6
 41
30.0
 62
     5
 63
     7
421
 16777215
 74
     1
 91
        0
 64
     7
 65
   257
 75
     1
175
     1
 42
1.0
 92
        0
 66
   257
 43
1.0
 76
     1
 77
     6
 78
     2
 67
     7
 79
     5
170
     0
171
     0
290
     0
174
     0
 93
       13
 44
0.0
173
     0
291
     1
 45
0.0
  0
VISUALSTYLE
  5
2D
102
{ACAD_REACTORS
330
2A
102
}
102
{ACAD_XDICTIONARY
360
9F
102
}
330
2A
100
AcDbVisualStyle
  2
Gouraud
 70
     2
 71
     2
 72
     2
 73
     1
 90
        2
 40
0.6
 41
30.0
 62
     5
 63
     7
421
 16777215
 74
     0
 91
        0
 64
     7
 65
   257
 75
     1
175
     1
 42
1.0
 92
        0
 66
     7
 43
1.0
 76
     1
 77
     6
 78
     2
 67
     7
 79
     5
170
     0
171
     0
290
     0
174
     0
 93
       13
 44
0.0
173
     0
291
     1
 45
0.0
  0
VISUALSTYLE
  5
2E
102
{ACAD_REACTORS
330
2A
102
}
102
{ACAD_XDICTIONARY
360
A1
102
}
330
2A
100
AcDbVisualStyle
  2
GouraudWithEdges
 70
     3
 71
     2
 72
     2
 73
     1
 90
        2
 40
0.6
 41
30.0
 62
     5
 63
     7
421
 16777215
 74
     1
 91
        0
 64
     7
 65
   257
 75
     1
175
     1
 42
1.0
 92
        0
 66
   257
 43
1.0
 76
     1
 77
     6
 78
     2
 67
     7
 79
     5
170
     0
171
     0
290
     0
174
     0
 93
       13
 44
0.0
173
     0
291
     1
 45
0.0
  0
VISUALSTYLE
  5
31
102
{ACAD_REACTORS
330
2A
102
}
102
{ACAD_XDICTIONARY
360
A7
102
}
330
2A
100
AcDbVisualStyle
  2
Hidden
 70
     6
 71
     1
 72
     2
 73
     2
 90
        0
 40
0.6
 41
30.0
 62
     5
 63
     7
421
 16777215
 74
     2
 91
        2
 64
     7
 65
   257
 75
     2
175
     1
 42
40.0
 92
        0
 66
   257
 43
1.0
 76
     1
 77
     6
 78
     2
 67
     7
 79
     3
170
     0
171
     0
290
     0
174
     0
 93
        1
 44
0.0
173
     0
291
     0
 45
0.0
  0
VISUALSTYLE
  5
3B
102
{ACAD_REACTORS
330
2A
102
}
102
{ACAD_XDICTIONARY
360
BB
102
}
330
2A
100
AcDbVisualStyle
  2
JitterOff
 70
    20
 71
     2
 72
     2
 73
     0
 90
        0
 40
0.6
 41
30.0
 62
     5
 63
     7
421
 16777215
 74
     1
 91
        4
 64
     7
 65
   257
 75
     1
175
     1
 42
1.0
 92
       10
 66
     7
 43
1.0
 76
     1
 77
     6
 78
     2
 67
     7
 79
     5
170
     0
171
     0
290
     0
174
     0
 93
        1
 44
0.0
173
     0
291
     1
 45
0.0
  0
VISUALSTYLE
  5
38
102
{ACAD_REACTORS
330
2A
102
}
102
{ACAD_XDICTIONARY
360
B5
102
}
330
2A
100
AcDbVisualStyle
  2
Linepattern
 70
    14
 71
     2
 72
     2
 73
     0
 90
        0
 40
0.6
 41
30.0
 62
     5
 63
     7
421
 16777215
 74
     1
 91
        4
 64
     7
 65
   257
 75
     7
175
     7
 42
1.0
 92
        8
 66
     7
 43
1.0
 76
     1
 77
     6
 78
     2
 67
     7
 79
     5
170
     0
171
     0
290
     0
174
     0
 93
        1
 44
0.0
173
     0
291
     1
 45
0.0
  0
VISUALSTYLE
  5
3C
102
{ACAD_REACTORS
330
2A
102
}
102
{ACAD_XDICTIONARY
360
BD
102
}
330
2A
100
AcDbVisualStyle
  2
OverhangOff
 70
    21
 71
     2
 72
     2
 73
     0
 90
        0
 40
0.6
 41
30.0
 62
     5
 63
     7
421
 16777215
 74
     1
 91
        4
 64
     7
 65
   257
 75
     1
175
     1
 42
1.0
 92
        9
 66
     7
 43
1.0
 76
     1
 77
     6
 78
     2
 67
     7
 79
     5
170
     0
171
     0
290
     0
174
     0
 93
        1
 44
0.0
173
     0
291
     1
 45
0.0
  0
VISUALSTYLE
  5
33
102
{ACAD_REACTORS
330
2A
102
}
102
{ACAD_XDICTIONARY
360
AB
102
}
330
2A
100
AcDbVisualStyle
  2
Realistic
 70
     8
 71
     2
 72
     3
 73
     0
 90
        2
 40
0.6
 41
30.0
 62
     5
 63
     7
421
 16777215
 74
     0
 91
        0
 64
     7
 65
   257
 75
     1
175
     1
 42
1.0
 92
        8
 66
   257
 43
1.0
 76
     1
 77
     6
 78
     2
 67
     7
 79
     3
170
     0
171
     0
290
     0
174
     0
 93
       13
 44
0.0
173
     0
291
     0
 45
0.0
  0
VISUALSTYLE
  5
42
102
{ACAD_REACTORS
330
2A
102
}
102
{ACAD_XDICTIONARY
360
C9
102
}
330
2A
100
AcDbVisualStyle
  2
Shaded
 70
    27
 71
     2
 72
     2
 73
     1
 90
        2
 40
0.6
 41
30.0
 62
     5
 63
     7
421
 16777215
 74
     0
 91
        4
 64
     7
 65
   257
 75
     1
175
     1
 42
1.0
 92
        8
 66
   257
 43
1.0
 76
     1
 77
     6
 78
     2
 67
     8
425
  7895160
 79
     3
170
     0
171
     0
290
     0
174
     0
 93
        5
 44
0.0
173
     0
291
     0
 45
0.0
  0
VISUALSTYLE
  5
41
102
{ACAD_REACTORS
330
2A
102
}
102
{ACAD_XDICTIONARY
360
C7
102
}
330
2A
100
AcDbVisualStyle
  2
Shaded with edges
 70
    26
 71
     2
 72
     2
 73
     1
 90
        2
 40
0.6
 41
30.0
 62
     5
 63
     7
421
 16777215
 74
     1
 91
       10
 64
     7
 65
   257
 75
     2
175
     1
 42
1.0
 92
        8
 66
   257
 43
1.0
 76
     1
 77
     6
 78
     2
 67
     7
 79
     3
170
     0
171
     0
290
     0
174
     0
 93
        5
 44
0.0
173
     0
291
     0
 45
0.0
  0
VISUALSTYLE
  5
3E
102
{ACAD_REACTORS
330
2A
102
}
102
{ACAD_XDICTIONARY
360
C1
102
}
330
2A
100
AcDbVisualStyle
  2
Shades of Gray
 70
    23
 71
     2
 72
     2
 73
     3
 90
        0
 40
0.6
 41
30.0
 62
     5
 63
     7
421
 16777215
 74
     2
 91
        2
 64
     7
 65
     7
 75
     1
175
     1
 42
40.0
 92
        8
 66
     7
 43
1.0
 76
     1
 77
     6
 78
     2
 67
     7
 79
     3
170
     0
171
     0
290
     0
174
     0
 93
        1
 44
0.0
173
     0
291
     0
 45
0.0
  0
VISUALSTYLE
  5
3F
102
{ACAD_REACTORS
330
2A
102
}
102
{ACAD_XDICTIONARY
360
C3
102
}
330
2A
100
AcDbVisualStyle
  2
Sketchy
 70
    24
 71
     1
 72
     2
 73
     2
 90
        0
 40
0.6
 41
30.0
 62
     5
 63
     7
421
 16777215
 74
     2
 91
        2
 64
     7
 65
     7
 75
     1
175
     1
 42
40.0
 92
       11
 66
     7
 43
1.0
 76
     1
 77
     6
 78
     2
 67
     7
 79
     6
170
     0
171
     0
290
     0
174
     0
 93
        1
 44
0.0
173
     0
291
     0
 45
0.0
  0
VISUALSTYLE
  5
37
102
{ACAD_REACTORS
330
2A
102
}
102
{ACAD_XDICTIONARY
360
B3
102
}
330
2A
100
AcDbVisualStyle
  2
Thicken
 70
    13
 71
     2
 72
     2
 73
     0
 90
        0
 40
0.6
 41
30.0
 62
     5
 63
     7
421
 16777215
 74
     1
 91
        4
 64
     7
 65
   257
 75
     1
175
     1
 42
1.0
 92
       12
 66
     7
 43
1.0
 76
     1
 77
     6
 78
     2
 67
     7
 79
     5
170
     0
171
     0
290
     0
174
     0
 93
        1
 44
0.0
173
     0
291
     1
 45
0.0
  0
VISUALSTYLE
  5
30
102
{ACAD_REACTORS
330
2A
102
}
102
{ACAD_XDICTIONARY
360
A5
102
}
330
2A
100
AcDbVisualStyle
  2
Wireframe
 70
     5
 71
     0
 72
     2
 73
     0
 90
        0
 40
0.6
 41
30.0
 62
     5
 63
     7
421
 16777215
 74
     1
 91
        4
 64
     7
 65
   257
 75
     1
175
     1
 42
1.0
 92
        0
 66
   257
 43
1.0
 76
     1
 77
     6
 78
     2
 67
     7
 79
     3
170
     0
171
     0
290
     0
174
     0
 93
        1
 44
0.0
173
     0
291
     0
 45
0.0
  0
VISUALSTYLE
  5
40
102
{ACAD_REACTORS
330
2A
102
}
102
{ACAD_XDICTIONARY
360
C5
102
}
330
2A
100
AcDbVisualStyle
  2
X-Ray
 70
    25
 71
     2
 72
     2
 73
     1
 90
        1
 40
0.5
 41
30.0
 62
     5
 63
     7
421
 16777215
 74
     1
 91
        0
 64
     7
 65
   257
 75
     1
175
     1
 42
1.0
 92
        8
 66
     7
 43
1.0
 76
     1
 77
     6
 78
     2
 67
     7
 79
     3
170
     0
171
     0
290
     0
174
     0
 93
       13
 44
0.0
173
     0
291
     0
 45
0.0
  0
DICTIONARYVAR
  5
99
102
{ACAD_REACTORS
330
98
102
}
330
98
100
DictionaryVariables
280
     0
  1
1:1
  0
DICTIONARYVAR
  5
D2
102
{ACAD_REACTORS
330
98
102
}
330
98
100
DictionaryVariables
280
     0
  1
Standard
  0
DICTIONARYVAR
  5
D1
102
{ACAD_REACTORS
330
98
102
}
330
98
100
DictionaryVariables
280
     0
  1
Standard
  0
DICTIONARYVAR
  5
9A
102
{ACAD_REACTORS
330
98
102
}
330
98
100
DictionaryVariables
280
     0
  1
2
  0
DICTIONARY
  5
CE
330
6C
100
AcDbDictionary
280
     1
281
     1
  3
ACAD_XREC_ROUNDTRIP
360
CF
  0
DICTIONARY
  5
CB
330
6A
100
AcDbDictionary
280
     1
281
     1
  3
ACAD_ROUNDTRIP_2008_TABLESTYLE_CELLSTYLEMAP
360
CC
  0
DICTIONARY
  5
A3
330
2F
100
AcDbDictionary
280
     1
281
     1
  3
ACAD_XREC_ROUNDTRIP
360
A4
  0
DICTIONARY
  5
A9
330
32
100
AcDbDictionary
280
     1
281
     1
  3
ACAD_XREC_ROUNDTRIP
360
AA
  0
DICTIONARY
  5
B1
330
36
100
AcDbDictionary
280
     1
281
     1
  3
ACAD_XREC_ROUNDTRIP
360
B2
  0
DICTIONARY
  5
B9
330
3A
100
AcDbDictionary
280
     1
281
     1
  3
ACAD_XREC_ROUNDTRIP
360
BA
  0
DICTIONARY
  5
AD
330
34
100
AcDbDictionary
280
     1
281
     1
  3
ACAD_XREC_ROUNDTRIP
360
AE
  0
DICTIONARY
  5
AF
330
35
100
AcDbDictionary
280
     1
281
     1
  3
ACAD_XREC_ROUNDTRIP
360
B0
  0
DICTIONARY
  5
BF
330
3D
100
AcDbDictionary
280
     1
281
     1
  3
ACAD_XREC_ROUNDTRIP
360
C0
  0
DICTIONARY
  5
B7
330
39
100
AcDbDictionary
280
     1
281
     1
  3
ACAD_XREC_ROUNDTRIP
360
B8
  0
DICTIONARY
  5
9B
330
2B
100
AcDbDictionary
280
     1
281
     1
  3
ACAD_XREC_ROUNDTRIP
360
9C
  0
DICTIONARY
  5
9D
330
2C
100
AcDbDictionary
280
     1
281
     1
  3
ACAD_XREC_ROUNDTRIP
360
9E
  0
DICTIONARY
  5
9F
330
2D
100
AcDbDictionary
280
     1
281
     1
  3
ACAD_XREC_ROUNDTRIP
360
A0
  0
DICTIONARY
  5
A1
330
2E
100
AcDbDictionary
280
     1
281
     1
  3
ACAD_XREC_ROUNDTRIP
360
A2
  0
DICTIONARY
  5
A7
330
31
100
AcDbDictionary
280
     1
281
     1
  3
ACAD_XREC_ROUNDTRIP
360
A8
  0
DICTIONARY
  5
BB
330
3B
100
AcDbDictionary
280
     1
281
     1
  3
ACAD_XREC_ROUNDTRIP
360
BC
  0
DICTIONARY
  5
B5
330
38
100
AcDbDictionary
280
     1
281
     1
  3
ACAD_XREC_ROUNDTRIP
360
B6
  0
DICTIONARY
  5
BD
330
3C
100
AcDbDictionary
280
     1
281
     1
  3
ACAD_XREC_ROUNDTRIP
360
BE
  0
DICTIONARY
  5
AB
330
33
100
AcDbDictionary
280
     1
281
     1
  3
ACAD_XREC_ROUNDTRIP
360
AC
  0
DICTIONARY
  5
C9
330
42
100
AcDbDictionary
280
     1
281
     1
  3
ACAD_XREC_ROUNDTRIP
360
CA
  0
DICTIONARY
  5
C7
330
41
100
AcDbDictionary
280
     1
281
     1
  3
ACAD_XREC_ROUNDTRIP
360
C8
  0
DICTIONARY
  5
C1
330
3E
100
AcDbDictionary
280
     1
281
     1
  3
ACAD_XREC_ROUNDTRIP
360
C2
  0
DICTIONARY
  5
C3
330
3F
100
AcDbDictionary
280
     1
281
     1
  3
ACAD_XREC_ROUNDTRIP
360
C4
  0
DICTIONARY
  5
B3
330
37
100
AcDbDictionary
280
     1
281
     1
  3
ACAD_XREC_ROUNDTRIP
360
B4
  0
DICTIONARY
  5
A5
330
30
100
AcDbDictionary
280
     1
281
     1
  3
ACAD_XREC_ROUNDTRIP
360
A6
  0
DICTIONARY
  5
C5
330
40
100
AcDbDictionary
280
     1
281
     1
  3
ACAD_XREC_ROUNDTRIP
360
C6
  0
XRECORD
  5
CF
102
{ACAD_REACTORS
330
CE
102
}
330
CE
100
AcDbXrecord
280
     1
102
ACAD_ROUNDTRIP_2010_MLEADER_STYLE
  0
CELLSTYLEMAP
  5
CC
102
{ACAD_REACTORS
330
CB
102
}
330
CB
100
AcDbCellStyleMap
 90
        3
300
CELLSTYLE
  1
TABLEFORMAT_BEGIN
 90
        5
170
     1
 91
        0
 92
    32768
 62
   257
 93
        1
300
CONTENTFORMAT
  1
CONTENTFORMAT_BEGIN
 90
        0
 91
        0
 92
        4
 93
        0
300

 40
0.0
140
1.0
 94
        5
 62
     0
340
11
144
0.25
309
CONTENTFORMAT_END
171
     1
301
MARGIN
  1
CELLMARGIN_BEGIN
 40
0.06
 40
0.06
 40
0.06
 40
0.06
 40
0.06
 40
0.06
309
CELLMARGIN_END
 94
        6
 95
        1
302
GRIDFORMAT
  1
GRIDFORMAT_BEGIN
 90
        0
 91
        1
 62
     0
 92
       -2
340
14
 93
        0
 40
0.045
309
GRIDFORMAT_END
 95
        2
302
GRIDFORMAT
  1
GRIDFORMAT_BEGIN
 90
        0
 91
        1
 62
     0
 92
       -2
340
14
 93
        0
 40
0.045
309
GRIDFORMAT_END
 95
        4
302
GRIDFORMAT
  1
GRIDFORMAT_BEGIN
 90
        0
 91
        1
 62
     0
 92
       -2
340
14
 93
        0
 40
0.045
309
GRIDFORMAT_END
 95
        8
302
GRIDFORMAT
  1
GRIDFORMAT_BEGIN
 90
        0
 91
        1
 62
     0
 92
       -2
340
14
 93
        0
 40
0.045
309
GRIDFORMAT_END
 95
       16
302
GRIDFORMAT
  1
GRIDFORMAT_BEGIN
 90
        0
 91
        1
 62
     0
 92
       -2
340
14
 93
        0
 40
0.045
309
GRIDFORMAT_END
 95
       32
302
GRIDFORMAT
  1
GRIDFORMAT_BEGIN
 90
        0
 91
        1
 62
     0
 92
       -2
340
14
 93
        0
 40
0.045
309
GRIDFORMAT_END
309
TABLEFORMAT_END
  1
CELLSTYLE_BEGIN
 90
        1
 91
        1
300
_TITLE
309
CELLSTYLE_END
300
CELLSTYLE
  1
TABLEFORMAT_BEGIN
 90
        5
170
     1
 91
        0
 92
        0
 62
   257
 93
        1
300
CONTENTFORMAT
  1
CONTENTFORMAT_BEGIN
 90
        0
 91
        0
 92
        4
 93
        0
300

 40
0.0
140
1.0
 94
        5
 62
     0
340
11
144
0.18
309
CONTENTFORMAT_END
171
     1
301
MARGIN
  1
CELLMARGIN_BEGIN
 40
0.06
 40
0.06
 40
0.06
 40
0.06
 40
0.06
 40
0.06
309
CELLMARGIN_END
 94
        6
 95
        1
302
GRIDFORMAT
  1
GRIDFORMAT_BEGIN
 90
        0
 91
        1
 62
     0
 92
       -2
340
14
 93
        0
 40
0.045
309
GRIDFORMAT_END
 95
        2
302
GRIDFORMAT
  1
GRIDFORMAT_BEGIN
 90
        0
 91
        1
 62
     0
 92
       -2
340
14
 93
        0
 40
0.045
309
GRIDFORMAT_END
 95
        4
302
GRIDFORMAT
  1
GRIDFORMAT_BEGIN
 90
        0
 91
        1
 62
     0
 92
       -2
340
14
 93
        0
 40
0.045
309
GRIDFORMAT_END
 95
        8
302
GRIDFORMAT
  1
GRIDFORMAT_BEGIN
 90
        0
 91
        1
 62
     0
 92
       -2
340
14
 93
        0
 40
0.045
309
GRIDFORMAT_END
 95
       16
302
GRIDFORMAT
  1
GRIDFORMAT_BEGIN
 90
        0
 91
        1
 62
     0
 92
       -2
340
14
 93
        0
 40
0.045
309
GRIDFORMAT_END
 95
       32
302
GRIDFORMAT
  1
GRIDFORMAT_BEGIN
 90
        0
 91
        1
 62
     0
 92
       -2
340
14
 93
        0
 40
0.045
309
GRIDFORMAT_END
309
TABLEFORMAT_END
  1
CELLSTYLE_BEGIN
 90
        2
 91
        1
300
_HEADER
309
CELLSTYLE_END
300
CELLSTYLE
  1
TABLEFORMAT_BEGIN
 90
        5
170
     1
 91
        0
 92
        0
 62
   257
 93
        1
300
CONTENTFORMAT
  1
CONTENTFORMAT_BEGIN
 90
        0
 91
        0
 92
        4
 93
        0
300

 40
0.0
140
1.0
 94
        2
 62
     0
340
11
144
0.18
309
CONTENTFORMAT_END
171
     1
301
MARGIN
  1
CELLMARGIN_BEGIN
 40
0.06
 40
0.06
 40
0.06
 40
0.06
 40
0.06
 40
0.06
309
CELLMARGIN_END
 94
        6
 95
        1
302
GRIDFORMAT
  1
GRIDFORMAT_BEGIN
 90
        0
 91
        1
 62
     0
 92
       -2
340
14
 93
        0
 40
0.045
309
GRIDFORMAT_END
 95
        2
302
GRIDFORMAT
  1
GRIDFORMAT_BEGIN
 90
        0
 91
        1
 62
     0
 92
       -2
340
14
 93
        0
 40
0.045
309
GRIDFORMAT_END
 95
        4
302
GRIDFORMAT
  1
GRIDFORMAT_BEGIN
 90
        0
 91
        1
 62
     0
 92
       -2
340
14
 93
        0
 40
0.045
309
GRIDFORMAT_END
 95
        8
302
GRIDFORMAT
  1
GRIDFORMAT_BEGIN
 90
        0
 91
        1
 62
     0
 92
       -2
340
14
 93
        0
 40
0.045
309
GRIDFORMAT_END
 95
       16
302
GRIDFORMAT
  1
GRIDFORMAT_BEGIN
 90
        0
 91
        1
 62
     0
 92
       -2
340
14
 93
        0
 40
0.045
309
GRIDFORMAT_END
 95
       32
302
GRIDFORMAT
  1
GRIDFORMAT_BEGIN
 90
        0
 91
        1
 62
     0
 92
       -2
340
14
 93
        0
 40
0.045
309
GRIDFORMAT_END
309
TABLEFORMAT_END
  1
CELLSTYLE_BEGIN
 90
        3
 91
        2
300
_DATA
309
CELLSTYLE_END
  0
XRECORD
  5
A4
102
{ACAD_REACTORS
330
A3
102
}
330
A3
100
AcDbXrecord
280
     1
102
RTVSPropertyOp0
 70
     1
102
RTVSPropertyOp1
 70
     1
102
RTVSPropertyOp2
 70
     1
102
RTVSPropertyOp3
 70
     1
102
RTVSPropertyOp4
 70
     1
102
RTVSPropertyOp5
 70
     1
102
RTVSPropertyOp6
 70
     1
102
RTVSPropertyOp7
 70
     1
102
RTVSPropertyOp8
 70
     1
102
RTVSPropertyOp9
 70
     1
102
RTVSPropertyOp10
 70
     1
102
RTVSPropertyOp11
 70
     1
102
RTVSPropertyOp12
 70
     1
102
RTVSPropertyOp13
 70
     1
102
RTVSPropertyOp14
 70
     1
102
RTVSPropertyOp15
 70
     1
102
RTVSPropertyOp16
 70
     1
102
RTVSPropertyOp17
 70
     1
102
RTVSPropertyOp18
 70
     1
102
RTVSPropertyOp19
 70
     1
102
RTVSPropertyOp20
 70
     1
102
RTVSPropertyOp21
 70
     1
102
RTVSPropertyOp22
 70
     1
102
RTVSPropertyOp23
 70
     1
102
RTVSPropertyOp24
 70
     1
102
RTVSPropertyOp25
 70
     1
102
RTVSPropertyOp26
 70
     1
102
RTVSPropertyOp27
 70
     1
102
RTVSPropertyOp28
 70
     1
102
RTVSPropertyOp29
 70
     1
102
RTVSPropertyOp30
 70
     1
102
RTVSPropertyOp31
 70
     1
102
RTVSPropertyOp32
 70
     1
102
RTVSPropertyOp33
 70
     1
102
RTVSPropertyOp34
 70
     1
102
RTVSPropertyOp35
 70
     1
102
RTVSPropertyOp36
 70
     1
102
RTVSPropertyOp37
 70
     1
102
RTVSPropertyOp38
 70
     1
102
RTVSPropertyOp39
 70
     1
102
RTVSPropertyOp40
 70
     1
102
RTVSPropertyOp41
 70
     1
102
RTVSPropertyOp42
 70
     1
102
RTVSPropertyOp43
 70
     1
102
RTVSPropertyOp44
 70
     1
102
RTVSPropertyOp45
 70
     1
102
RTVSPropertyOp46
 70
     1
102
RTVSPropertyOp47
 70
     1
102
RTVSPropertyOp48
 70
     1
102
RTVSPropertyOp49
 70
     1
102
RTVSPropertyOp50
 70
     1
102
RTVSPropertyOp51
 70
     0
102
RTVSPropertyOp52
 70
     0
102
RTVSPropertyOp53
 70
     1
102
RTVSPropertyOp54
 70
     1
102
RTVSPropertyOp55
 70
     1
102
RTVSPropertyOp56
 70
     1
102
RTVSPropertyOp57
 70
     1
102
RTVSPost2010Prop28
280
     1
102
RTVSPost2010PropOp28
 70
     1
102
RTVSPost2010Prop29
280
     1
102
RTVSPost2010PropOp29
 70
     1
102
RTVSPost2010Prop30
280
     0
102
RTVSPost2010PropOp30
 70
     1
102
RTVSPost2010Prop31
280
     0
102
RTVSPost2010PropOp31
 70
     1
102
RTVSPost2010Prop32
280
     0
102
RTVSPost2010PropOp32
 70
     1
102
RTVSPost2010Prop33
280
     0
102
RTVSPost2010PropOp33
 70
     1
102
RTVSPost2010Prop34
280
     0
102
RTVSPost2010PropOp34
 70
     1
102
RTVSPost2010Prop35
280
     0
102
RTVSPost2010PropOp35
 70
     1
102
RTVSPost2010Prop36
280
     0
102
RTVSPost2010PropOp36
 70
     1
102
RTVSPost2010Prop37
 90
       50
102
RTVSPost2010PropOp37
 70
     1
102
RTVSPost2010Prop38
140
0.0
102
RTVSPost2010PropOp38
 70
     1
102
RTVSPost2010Prop39
140
1.0
102
RTVSPost2010PropOp39
 70
     1
102
RTVSPost2010Prop40
 90
        0
102
RTVSPost2010PropOp40
 70
     1
102
RTVSPost2010Prop41ColorIndex
 90
       18
102
RTVSPost2010Prop41ColorRGB
 90
        0
102
RTVSPost2010PropOp41
 70
     1
102
RTVSPost2010Prop42
 90
       50
102
RTVSPost2010PropOp42
 70
     1
102
RTVSPost2010Prop43
 90
        3
102
RTVSPost2010PropOp43
 70
     1
102
RTVSPost2010Prop44ColorIndex
 90
        5
102
RTVSPost2010Prop44ColorRGB
 90
      255
102
RTVSPost2010PropOp44
 70
     1
102
RTVSPost2010Prop45
280
     0
102
RTVSPost2010PropOp45
 70
     1
102
RTVSPost2010Prop46
 90
       50
102
RTVSPost2010PropOp46
 70
     1
102
RTVSPost2010Prop47
 90
       50
102
RTVSPost2010PropOp47
 70
     1
102
RTVSPost2010Prop48
 90
       50
102
RTVSPost2010PropOp48
 70
     1
102
RTVSPost2010Prop49
280
     0
102
RTVSPost2010PropOp49
 70
     1
102
RTVSPost2010Prop50
 90
       50
102
RTVSPost2010PropOp50
 70
     1
102
RTVSPost2010Prop51ColorIndex
 90
      256
102
RTVSPost2010Prop51ColorRGB
 90
-16777216
102
RTVSPost2010PropOp51
 70
     0
102
RTVSPost2010Prop52
140
1.0
102
RTVSPost2010PropOp52
 70
     0
102
RTVSPost2010Prop53
 90
        2
102
RTVSPost2010PropOp53
 70
     1
102
RTVSPost2010Prop54
  1
strokes_ogs.tif
102
RTVSPost2010PropOp54
 70
     1
102
RTVSPost2010Prop55
280
     0
102
RTVSPost2010PropOp55
 70
     1
102
RTVSPost2010Prop56
140
1.0
102
RTVSPost2010PropOp56
 70
     1
102
RTVSPost2010Prop57
140
1.0
102
RTVSPost2010PropOp57
 70
     1
  0
XRECORD
  5
AA
102
{ACAD_REACTORS
330
A9
102
}
330
A9
100
AcDbXrecord
280
     1
102
RTVSPropertyOp0
 70
     1
102
RTVSPropertyOp1
 70
     1
102
RTVSPropertyOp2
 70
     1
102
RTVSPropertyOp3
 70
     1
102
RTVSPropertyOp4
 70
     1
102
RTVSPropertyOp5
 70
     1
102
RTVSPropertyOp6
 70
     1
102
RTVSPropertyOp7
 70
     1
102
RTVSPropertyOp8
 70
     1
102
RTVSPropertyOp9
 70
     1
102
RTVSPropertyOp10
 70
     1
102
RTVSPropertyOp11
 70
     1
102
RTVSPropertyOp12
 70
     1
102
RTVSPropertyOp13
 70
     1
102
RTVSPropertyOp14
 70
     1
102
RTVSPropertyOp15
 70
     1
102
RTVSPropertyOp16
 70
     1
102
RTVSPropertyOp17
 70
     1
102
RTVSPropertyOp18
 70
     1
102
RTVSPropertyOp19
 70
     1
102
RTVSPropertyOp20
 70
     1
102
RTVSPropertyOp21
 70
     1
102
RTVSPropertyOp22
 70
     1
102
RTVSPropertyOp23
 70
     1
102
RTVSPropertyOp24
 70
     1
102
RTVSPropertyOp25
 70
     1
102
RTVSPropertyOp26
 70
     1
102
RTVSPropertyOp27
 70
     1
102
RTVSPropertyOp28
 70
     1
102
RTVSPropertyOp29
 70
     1
102
RTVSPropertyOp30
 70
     1
102
RTVSPropertyOp31
 70
     1
102
RTVSPropertyOp32
 70
     1
102
RTVSPropertyOp33
 70
     1
102
RTVSPropertyOp34
 70
     1
102
RTVSPropertyOp35
 70
     1
102
RTVSPropertyOp36
 70
     1
102
RTVSPropertyOp37
 70
     1
102
RTVSPropertyOp38
 70
     1
102
RTVSPropertyOp39
 70
     1
102
RTVSPropertyOp40
 70
     1
102
RTVSPropertyOp41
 70
     1
102
RTVSPropertyOp42
 70
     1
102
RTVSPropertyOp43
 70
     1
102
RTVSPropertyOp44
 70
     1
102
RTVSPropertyOp45
 70
     1
102
RTVSPropertyOp46
 70
     1
102
RTVSPropertyOp47
 70
     1
102
RTVSPropertyOp48
 70
     1
102
RTVSPropertyOp49
 70
     1
102
RTVSPropertyOp50
 70
     1
102
RTVSPropertyOp51
 70
     0
102
RTVSPropertyOp52
 70
     0
102
RTVSPropertyOp53
 70
     1
102
RTVSPropertyOp54
 70
     1
102
RTVSPropertyOp55
 70
     1
102
RTVSPropertyOp56
 70
     1
102
RTVSPropertyOp57
 70
     1
102
RTVSPost2010Prop28
280
     0
102
RTVSPost2010PropOp28
 70
     1
102
RTVSPost2010Prop29
280
     1
102
RTVSPost2010PropOp29
 70
     1
102
RTVSPost2010Prop30
280
     1
102
RTVSPost2010PropOp30
 70
     1
102
RTVSPost2010Prop31
280
     0
102
RTVSPost2010PropOp31
 70
     1
102
RTVSPost2010Prop32
280
     0
102
RTVSPost2010PropOp32
 70
     1
102
RTVSPost2010Prop33
280
     0
102
RTVSPost2010PropOp33
 70
     1
102
RTVSPost2010Prop34
280
     0
102
RTVSPost2010PropOp34
 70
     1
102
RTVSPost2010Prop35
280
     0
102
RTVSPost2010PropOp35
 70
     1
102
RTVSPost2010Prop36
280
     0
102
RTVSPost2010PropOp36
 70
     1
102
RTVSPost2010Prop37
 90
       50
102
RTVSPost2010PropOp37
 70
     1
102
RTVSPost2010Prop38
140
0.0
102
RTVSPost2010PropOp38
 70
     1
102
RTVSPost2010Prop39
140
1.0
102
RTVSPost2010PropOp39
 70
     1
102
RTVSPost2010Prop40
 90
        0
102
RTVSPost2010PropOp40
 70
     1
102
RTVSPost2010Prop41ColorIndex
 90
       18
102
RTVSPost2010Prop41ColorRGB
 90
        0
102
RTVSPost2010PropOp41
 70
     1
102
RTVSPost2010Prop42
 90
       50
102
RTVSPost2010PropOp42
 70
     1
102
RTVSPost2010Prop43
 90
        3
102
RTVSPost2010PropOp43
 70
     1
102
RTVSPost2010Prop44ColorIndex
 90
        5
102
RTVSPost2010Prop44ColorRGB
 90
      255
102
RTVSPost2010PropOp44
 70
     1
102
RTVSPost2010Prop45
280
     0
102
RTVSPost2010PropOp45
 70
     1
102
RTVSPost2010Prop46
 90
       50
102
RTVSPost2010PropOp46
 70
     1
102
RTVSPost2010Prop47
 90
       50
102
RTVSPost2010PropOp47
 70
     1
102
RTVSPost2010Prop48
 90
       50
102
RTVSPost2010PropOp48
 70
     1
102
RTVSPost2010Prop49
280
     0
102
RTVSPost2010PropOp49
 70
     1
102
RTVSPost2010Prop50
 90
       50
102
RTVSPost2010PropOp50
 70
     1
102
RTVSPost2010Prop51ColorIndex
 90
      256
102
RTVSPost2010Prop51ColorRGB
 90
-16777216
102
RTVSPost2010PropOp51
 70
     0
102
RTVSPost2010Prop52
140
1.0
102
RTVSPost2010PropOp52
 70
     0
102
RTVSPost2010Prop53
 90
        2
102
RTVSPost2010PropOp53
 70
     1
102
RTVSPost2010Prop54
  1
strokes_ogs.tif
102
RTVSPost2010PropOp54
 70
     1
102
RTVSPost2010Prop55
280
     0
102
RTVSPost2010PropOp55
 70
     1
102
RTVSPost2010Prop56
140
1.0
102
RTVSPost2010PropOp56
 70
     1
102
RTVSPost2010Prop57
140
1.0
102
RTVSPost2010PropOp57
 70
     1
  0
XRECORD
  5
B2
102
{ACAD_REACTORS
330
B1
102
}
330
B1
100
AcDbXrecord
280
     1
102
RTVSPropertyOp0
 70
     1
102
RTVSPropertyOp1
 70
     1
102
RTVSPropertyOp2
 70
     1
102
RTVSPropertyOp3
 70
     1
102
RTVSPropertyOp4
 70
     1
102
RTVSPropertyOp5
 70
     1
102
RTVSPropertyOp6
 70
     1
102
RTVSPropertyOp7
 70
     1
102
RTVSPropertyOp8
 70
     1
102
RTVSPropertyOp9
 70
     1
102
RTVSPropertyOp10
 70
     1
102
RTVSPropertyOp11
 70
     1
102
RTVSPropertyOp12
 70
     1
102
RTVSPropertyOp13
 70
     1
102
RTVSPropertyOp14
 70
     1
102
RTVSPropertyOp15
 70
     1
102
RTVSPropertyOp16
 70
     1
102
RTVSPropertyOp17
 70
     1
102
RTVSPropertyOp18
 70
     1
102
RTVSPropertyOp19
 70
     1
102
RTVSPropertyOp20
 70
     1
102
RTVSPropertyOp21
 70
     1
102
RTVSPropertyOp22
 70
     1
102
RTVSPropertyOp23
 70
     1
102
RTVSPropertyOp24
 70
     1
102
RTVSPropertyOp25
 70
     1
102
RTVSPropertyOp26
 70
     1
102
RTVSPropertyOp27
 70
     1
102
RTVSPropertyOp28
 70
     1
102
RTVSPropertyOp29
 70
     1
102
RTVSPropertyOp30
 70
     1
102
RTVSPropertyOp31
 70
     1
102
RTVSPropertyOp32
 70
     1
102
RTVSPropertyOp33
 70
     1
102
RTVSPropertyOp34
 70
     1
102
RTVSPropertyOp35
 70
     1
102
RTVSPropertyOp36
 70
     1
102
RTVSPropertyOp37
 70
     1
102
RTVSPropertyOp38
 70
     1
102
RTVSPropertyOp39
 70
     1
102
RTVSPropertyOp40
 70
     1
102
RTVSPropertyOp41
 70
     1
102
RTVSPropertyOp42
 70
     1
102
RTVSPropertyOp43
 70
     1
102
RTVSPropertyOp44
 70
     1
102
RTVSPropertyOp45
 70
     1
102
RTVSPropertyOp46
 70
     1
102
RTVSPropertyOp47
 70
     1
102
RTVSPropertyOp48
 70
     1
102
RTVSPropertyOp49
 70
     1
102
RTVSPropertyOp50
 70
     1
102
RTVSPropertyOp51
 70
     0
102
RTVSPropertyOp52
 70
     0
102
RTVSPropertyOp53
 70
     1
102
RTVSPropertyOp54
 70
     1
102
RTVSPropertyOp55
 70
     1
102
RTVSPropertyOp56
 70
     1
102
RTVSPropertyOp57
 70
     1
102
RTVSPost2010Prop28
280
     0
102
RTVSPost2010PropOp28
 70
     1
102
RTVSPost2010Prop29
280
     1
102
RTVSPost2010PropOp29
 70
     1
102
RTVSPost2010Prop30
280
     1
102
RTVSPost2010PropOp30
 70
     1
102
RTVSPost2010Prop31
280
     0
102
RTVSPost2010PropOp31
 70
     1
102
RTVSPost2010Prop32
280
     0
102
RTVSPost2010PropOp32
 70
     1
102
RTVSPost2010Prop33
280
     0
102
RTVSPost2010PropOp33
 70
     1
102
RTVSPost2010Prop34
280
     0
102
RTVSPost2010PropOp34
 70
     1
102
RTVSPost2010Prop35
280
     0
102
RTVSPost2010PropOp35
 70
     1
102
RTVSPost2010Prop36
280
     0
102
RTVSPost2010PropOp36
 70
     1
102
RTVSPost2010Prop37
 90
       50
102
RTVSPost2010PropOp37
 70
     1
102
RTVSPost2010Prop38
140
0.0
102
RTVSPost2010PropOp38
 70
     1
102
RTVSPost2010Prop39
140
1.0
102
RTVSPost2010PropOp39
 70
     1
102
RTVSPost2010Prop40
 90
        0
102
RTVSPost2010PropOp40
 70
     1
102
RTVSPost2010Prop41ColorIndex
 90
       18
102
RTVSPost2010Prop41ColorRGB
 90
        0
102
RTVSPost2010PropOp41
 70
     1
102
RTVSPost2010Prop42
 90
       50
102
RTVSPost2010PropOp42
 70
     1
102
RTVSPost2010Prop43
 90
        3
102
RTVSPost2010PropOp43
 70
     1
102
RTVSPost2010Prop44ColorIndex
 90
        5
102
RTVSPost2010Prop44ColorRGB
 90
      255
102
RTVSPost2010PropOp44
 70
     1
102
RTVSPost2010Prop45
280
     0
102
RTVSPost2010PropOp45
 70
     1
102
RTVSPost2010Prop46
 90
       50
102
RTVSPost2010PropOp46
 70
     1
102
RTVSPost2010Prop47
 90
       50
102
RTVSPost2010PropOp47
 70
     1
102
RTVSPost2010Prop48
 90
       50
102
RTVSPost2010PropOp48
 70
     1
102
RTVSPost2010Prop49
280
     0
102
RTVSPost2010PropOp49
 70
     1
102
RTVSPost2010Prop50
 90
       50
102
RTVSPost2010PropOp50
 70
     1
102
RTVSPost2010Prop51ColorIndex
 90
      256
102
RTVSPost2010Prop51ColorRGB
 90
-16777216
102
RTVSPost2010PropOp51
 70
     0
102
RTVSPost2010Prop52
140
1.0
102
RTVSPost2010PropOp52
 70
     0
102
RTVSPost2010Prop53
 90
        2
102
RTVSPost2010PropOp53
 70
     1
102
RTVSPost2010Prop54
  1
strokes_ogs.tif
102
RTVSPost2010PropOp54
 70
     1
102
RTVSPost2010Prop55
280
     0
102
RTVSPost2010PropOp55
 70
     1
102
RTVSPost2010Prop56
140
1.0
102
RTVSPost2010PropOp56
 70
     1
102
RTVSPost2010Prop57
140
1.0
102
RTVSPost2010PropOp57
 70
     1
  0
XRECORD
  5
BA
102
{ACAD_REACTORS
330
B9
102
}
330
B9
100
AcDbXrecord
280
     1
102
RTVSPropertyOp0
 70
     1
102
RTVSPropertyOp1
 70
     1
102
RTVSPropertyOp2
 70
     1
102
RTVSPropertyOp3
 70
     1
102
RTVSPropertyOp4
 70
     1
102
RTVSPropertyOp5
 70
     1
102
RTVSPropertyOp6
 70
     1
102
RTVSPropertyOp7
 70
     1
102
RTVSPropertyOp8
 70
     1
102
RTVSPropertyOp9
 70
     1
102
RTVSPropertyOp10
 70
     1
102
RTVSPropertyOp11
 70
     1
102
RTVSPropertyOp12
 70
     1
102
RTVSPropertyOp13
 70
     1
102
RTVSPropertyOp14
 70
     1
102
RTVSPropertyOp15
 70
     1
102
RTVSPropertyOp16
 70
     1
102
RTVSPropertyOp17
 70
     1
102
RTVSPropertyOp18
 70
     1
102
RTVSPropertyOp19
 70
     1
102
RTVSPropertyOp20
 70
     1
102
RTVSPropertyOp21
 70
     1
102
RTVSPropertyOp22
 70
     1
102
RTVSPropertyOp23
 70
     1
102
RTVSPropertyOp24
 70
     1
102
RTVSPropertyOp25
 70
     1
102
RTVSPropertyOp26
 70
     1
102
RTVSPropertyOp27
 70
     1
102
RTVSPropertyOp28
 70
     1
102
RTVSPropertyOp29
 70
     1
102
RTVSPropertyOp30
 70
     1
102
RTVSPropertyOp31
 70
     1
102
RTVSPropertyOp32
 70
     1
102
RTVSPropertyOp33
 70
     1
102
RTVSPropertyOp34
 70
     1
102
RTVSPropertyOp35
 70
     1
102
RTVSPropertyOp36
 70
     1
102
RTVSPropertyOp37
 70
     1
102
RTVSPropertyOp38
 70
     1
102
RTVSPropertyOp39
 70
     1
102
RTVSPropertyOp40
 70
     1
102
RTVSPropertyOp41
 70
     1
102
RTVSPropertyOp42
 70
     1
102
RTVSPropertyOp43
 70
     1
102
RTVSPropertyOp44
 70
     1
102
RTVSPropertyOp45
 70
     1
102
RTVSPropertyOp46
 70
     1
102
RTVSPropertyOp47
 70
     1
102
RTVSPropertyOp48
 70
     1
102
RTVSPropertyOp49
 70
     1
102
RTVSPropertyOp50
 70
     1
102
RTVSPropertyOp51
 70
     0
102
RTVSPropertyOp52
 70
     0
102
RTVSPropertyOp53
 70
     1
102
RTVSPropertyOp54
 70
     1
102
RTVSPropertyOp55
 70
     1
102
RTVSPropertyOp56
 70
     1
102
RTVSPropertyOp57
 70
     1
102
RTVSPost2010Prop28
280
     0
102
RTVSPost2010PropOp28
 70
     1
102
RTVSPost2010Prop29
280
     1
102
RTVSPost2010PropOp29
 70
     1
102
RTVSPost2010Prop30
280
     1
102
RTVSPost2010PropOp30
 70
     1
102
RTVSPost2010Prop31
280
     0
102
RTVSPost2010PropOp31
 70
     1
102
RTVSPost2010Prop32
280
     0
102
RTVSPost2010PropOp32
 70
     1
102
RTVSPost2010Prop33
280
     0
102
RTVSPost2010PropOp33
 70
     1
102
RTVSPost2010Prop34
280
     0
102
RTVSPost2010PropOp34
 70
     1
102
RTVSPost2010Prop35
280
     0
102
RTVSPost2010PropOp35
 70
     1
102
RTVSPost2010Prop36
280
     0
102
RTVSPost2010PropOp36
 70
     1
102
RTVSPost2010Prop37
 90
       50
102
RTVSPost2010PropOp37
 70
     1
102
RTVSPost2010Prop38
140
0.0
102
RTVSPost2010PropOp38
 70
     1
102
RTVSPost2010Prop39
140
1.0
102
RTVSPost2010PropOp39
 70
     1
102
RTVSPost2010Prop40
 90
        0
102
RTVSPost2010PropOp40
 70
     1
102
RTVSPost2010Prop41ColorIndex
 90
       18
102
RTVSPost2010Prop41ColorRGB
 90
        0
102
RTVSPost2010PropOp41
 70
     1
102
RTVSPost2010Prop42
 90
       50
102
RTVSPost2010PropOp42
 70
     1
102
RTVSPost2010Prop43
 90
        3
102
RTVSPost2010PropOp43
 70
     1
102
RTVSPost2010Prop44ColorIndex
 90
        5
102
RTVSPost2010Prop44ColorRGB
 90
      255
102
RTVSPost2010PropOp44
 70
     1
102
RTVSPost2010Prop45
280
     0
102
RTVSPost2010PropOp45
 70
     1
102
RTVSPost2010Prop46
 90
       50
102
RTVSPost2010PropOp46
 70
     1
102
RTVSPost2010Prop47
 90
       50
102
RTVSPost2010PropOp47
 70
     1
102
RTVSPost2010Prop48
 90
       50
102
RTVSPost2010PropOp48
 70
     1
102
RTVSPost2010Prop49
280
     0
102
RTVSPost2010PropOp49
 70
     1
102
RTVSPost2010Prop50
 90
       50
102
RTVSPost2010PropOp50
 70
     1
102
RTVSPost2010Prop51ColorIndex
 90
      256
102
RTVSPost2010Prop51ColorRGB
 90
-16777216
102
RTVSPost2010PropOp51
 70
     0
102
RTVSPost2010Prop52
140
1.0
102
RTVSPost2010PropOp52
 70
     0
102
RTVSPost2010Prop53
 90
        2
102
RTVSPost2010PropOp53
 70
     1
102
RTVSPost2010Prop54
  1
strokes_ogs.tif
102
RTVSPost2010PropOp54
 70
     1
102
RTVSPost2010Prop55
280
     0
102
RTVSPost2010PropOp55
 70
     1
102
RTVSPost2010Prop56
140
1.0
102
RTVSPost2010PropOp56
 70
     1
102
RTVSPost2010Prop57
140
1.0
102
RTVSPost2010PropOp57
 70
     1
  0
XRECORD
  5
AE
102
{ACAD_REACTORS
330
AD
102
}
330
AD
100
AcDbXrecord
280
     1
102
RTVSPropertyOp0
 70
     1
102
RTVSPropertyOp1
 70
     1
102
RTVSPropertyOp2
 70
     1
102
RTVSPropertyOp3
 70
     1
102
RTVSPropertyOp4
 70
     1
102
RTVSPropertyOp5
 70
     1
102
RTVSPropertyOp6
 70
     1
102
RTVSPropertyOp7
 70
     1
102
RTVSPropertyOp8
 70
     1
102
RTVSPropertyOp9
 70
     1
102
RTVSPropertyOp10
 70
     1
102
RTVSPropertyOp11
 70
     1
102
RTVSPropertyOp12
 70
     1
102
RTVSPropertyOp13
 70
     1
102
RTVSPropertyOp14
 70
     1
102
RTVSPropertyOp15
 70
     1
102
RTVSPropertyOp16
 70
     1
102
RTVSPropertyOp17
 70
     1
102
RTVSPropertyOp18
 70
     1
102
RTVSPropertyOp19
 70
     1
102
RTVSPropertyOp20
 70
     1
102
RTVSPropertyOp21
 70
     1
102
RTVSPropertyOp22
 70
     1
102
RTVSPropertyOp23
 70
     1
102
RTVSPropertyOp24
 70
     1
102
RTVSPropertyOp25
 70
     1
102
RTVSPropertyOp26
 70
     1
102
RTVSPropertyOp27
 70
     1
102
RTVSPropertyOp28
 70
     1
102
RTVSPropertyOp29
 70
     1
102
RTVSPropertyOp30
 70
     1
102
RTVSPropertyOp31
 70
     1
102
RTVSPropertyOp32
 70
     1
102
RTVSPropertyOp33
 70
     1
102
RTVSPropertyOp34
 70
     1
102
RTVSPropertyOp35
 70
     1
102
RTVSPropertyOp36
 70
     1
102
RTVSPropertyOp37
 70
     1
102
RTVSPropertyOp38
 70
     1
102
RTVSPropertyOp39
 70
     1
102
RTVSPropertyOp40
 70
     1
102
RTVSPropertyOp41
 70
     1
102
RTVSPropertyOp42
 70
     1
102
RTVSPropertyOp43
 70
     1
102
RTVSPropertyOp44
 70
     1
102
RTVSPropertyOp45
 70
     1
102
RTVSPropertyOp46
 70
     1
102
RTVSPropertyOp47
 70
     1
102
RTVSPropertyOp48
 70
     1
102
RTVSPropertyOp49
 70
     1
102
RTVSPropertyOp50
 70
     1
102
RTVSPropertyOp51
 70
     0
102
RTVSPropertyOp52
 70
     0
102
RTVSPropertyOp53
 70
     1
102
RTVSPropertyOp54
 70
     1
102
RTVSPropertyOp55
 70
     1
102
RTVSPropertyOp56
 70
     1
102
RTVSPropertyOp57
 70
     1
102
RTVSPost2010Prop28
280
     0
102
RTVSPost2010PropOp28
 70
     1
102
RTVSPost2010Prop29
280
     1
102
RTVSPost2010PropOp29
 70
     1
102
RTVSPost2010Prop30
280
     1
102
RTVSPost2010PropOp30
 70
     1
102
RTVSPost2010Prop31
280
     0
102
RTVSPost2010PropOp31
 70
     1
102
RTVSPost2010Prop32
280
     0
102
RTVSPost2010PropOp32
 70
     1
102
RTVSPost2010Prop33
280
     0
102
RTVSPost2010PropOp33
 70
     1
102
RTVSPost2010Prop34
280
     0
102
RTVSPost2010PropOp34
 70
     1
102
RTVSPost2010Prop35
280
     0
102
RTVSPost2010PropOp35
 70
     1
102
RTVSPost2010Prop36
280
     0
102
RTVSPost2010PropOp36
 70
     1
102
RTVSPost2010Prop37
 90
       50
102
RTVSPost2010PropOp37
 70
     1
102
RTVSPost2010Prop38
140
0.0
102
RTVSPost2010PropOp38
 70
     1
102
RTVSPost2010Prop39
140
1.0
102
RTVSPost2010PropOp39
 70
     1
102
RTVSPost2010Prop40
 90
        0
102
RTVSPost2010PropOp40
 70
     1
102
RTVSPost2010Prop41ColorIndex
 90
       18
102
RTVSPost2010Prop41ColorRGB
 90
        0
102
RTVSPost2010PropOp41
 70
     1
102
RTVSPost2010Prop42
 90
       50
102
RTVSPost2010PropOp42
 70
     1
102
RTVSPost2010Prop43
 90
        3
102
RTVSPost2010PropOp43
 70
     1
102
RTVSPost2010Prop44ColorIndex
 90
        5
102
RTVSPost2010Prop44ColorRGB
 90
      255
102
RTVSPost2010PropOp44
 70
     1
102
RTVSPost2010Prop45
280
     0
102
RTVSPost2010PropOp45
 70
     1
102
RTVSPost2010Prop46
 90
       50
102
RTVSPost2010PropOp46
 70
     1
102
RTVSPost2010Prop47
 90
       50
102
RTVSPost2010PropOp47
 70
     1
102
RTVSPost2010Prop48
 90
       50
102
RTVSPost2010PropOp48
 70
     1
102
RTVSPost2010Prop49
280
     0
102
RTVSPost2010PropOp49
 70
     1
102
RTVSPost2010Prop50
 90
       50
102
RTVSPost2010PropOp50
 70
     1
102
RTVSPost2010Prop51ColorIndex
 90
      256
102
RTVSPost2010Prop51ColorRGB
 90
-16777216
102
RTVSPost2010PropOp51
 70
     0
102
RTVSPost2010Prop52
140
1.0
102
RTVSPost2010PropOp52
 70
     0
102
RTVSPost2010Prop53
 90
        2
102
RTVSPost2010PropOp53
 70
     1
102
RTVSPost2010Prop54
  1
strokes_ogs.tif
102
RTVSPost2010PropOp54
 70
     1
102
RTVSPost2010Prop55
280
     0
102
RTVSPost2010PropOp55
 70
     1
102
RTVSPost2010Prop56
140
1.0
102
RTVSPost2010PropOp56
 70
     1
102
RTVSPost2010Prop57
140
1.0
102
RTVSPost2010PropOp57
 70
     1
  0
XRECORD
  5
B0
102
{ACAD_REACTORS
330
AF
102
}
330
AF
100
AcDbXrecord
280
     1
102
RTVSPropertyOp0
 70
     1
102
RTVSPropertyOp1
 70
     1
102
RTVSPropertyOp2
 70
     1
102
RTVSPropertyOp3
 70
     1
102
RTVSPropertyOp4
 70
     1
102
RTVSPropertyOp5
 70
     1
102
RTVSPropertyOp6
 70
     1
102
RTVSPropertyOp7
 70
     1
102
RTVSPropertyOp8
 70
     1
102
RTVSPropertyOp9
 70
     1
102
RTVSPropertyOp10
 70
     1
102
RTVSPropertyOp11
 70
     1
102
RTVSPropertyOp12
 70
     1
102
RTVSPropertyOp13
 70
     1
102
RTVSPropertyOp14
 70
     1
102
RTVSPropertyOp15
 70
     1
102
RTVSPropertyOp16
 70
     1
102
RTVSPropertyOp17
 70
     1
102
RTVSPropertyOp18
 70
     1
102
RTVSPropertyOp19
 70
     1
102
RTVSPropertyOp20
 70
     1
102
RTVSPropertyOp21
 70
     1
102
RTVSPropertyOp22
 70
     1
102
RTVSPropertyOp23
 70
     1
102
RTVSPropertyOp24
 70
     1
102
RTVSPropertyOp25
 70
     1
102
RTVSPropertyOp26
 70
     1
102
RTVSPropertyOp27
 70
     1
102
RTVSPropertyOp28
 70
     1
102
RTVSPropertyOp29
 70
     1
102
RTVSPropertyOp30
 70
     1
102
RTVSPropertyOp31
 70
     1
102
RTVSPropertyOp32
 70
     1
102
RTVSPropertyOp33
 70
     1
102
RTVSPropertyOp34
 70
     1
102
RTVSPropertyOp35
 70
     1
102
RTVSPropertyOp36
 70
     1
102
RTVSPropertyOp37
 70
     1
102
RTVSPropertyOp38
 70
     1
102
RTVSPropertyOp39
 70
     1
102
RTVSPropertyOp40
 70
     1
102
RTVSPropertyOp41
 70
     1
102
RTVSPropertyOp42
 70
     1
102
RTVSPropertyOp43
 70
     1
102
RTVSPropertyOp44
 70
     1
102
RTVSPropertyOp45
 70
     1
102
RTVSPropertyOp46
 70
     1
102
RTVSPropertyOp47
 70
     1
102
RTVSPropertyOp48
 70
     1
102
RTVSPropertyOp49
 70
     1
102
RTVSPropertyOp50
 70
     1
102
RTVSPropertyOp51
 70
     0
102
RTVSPropertyOp52
 70
     0
102
RTVSPropertyOp53
 70
     1
102
RTVSPropertyOp54
 70
     1
102
RTVSPropertyOp55
 70
     1
102
RTVSPropertyOp56
 70
     1
102
RTVSPropertyOp57
 70
     1
102
RTVSPost2010Prop28
280
     0
102
RTVSPost2010PropOp28
 70
     1
102
RTVSPost2010Prop29
280
     1
102
RTVSPost2010PropOp29
 70
     1
102
RTVSPost2010Prop30
280
     1
102
RTVSPost2010PropOp30
 70
     1
102
RTVSPost2010Prop31
280
     0
102
RTVSPost2010PropOp31
 70
     1
102
RTVSPost2010Prop32
280
     0
102
RTVSPost2010PropOp32
 70
     1
102
RTVSPost2010Prop33
280
     0
102
RTVSPost2010PropOp33
 70
     1
102
RTVSPost2010Prop34
280
     0
102
RTVSPost2010PropOp34
 70
     1
102
RTVSPost2010Prop35
280
     0
102
RTVSPost2010PropOp35
 70
     1
102
RTVSPost2010Prop36
280
     0
102
RTVSPost2010PropOp36
 70
     1
102
RTVSPost2010Prop37
 90
       50
102
RTVSPost2010PropOp37
 70
     1
102
RTVSPost2010Prop38
140
0.0
102
RTVSPost2010PropOp38
 70
     1
102
RTVSPost2010Prop39
140
1.0
102
RTVSPost2010PropOp39
 70
     1
102
RTVSPost2010Prop40
 90
        0
102
RTVSPost2010PropOp40
 70
     1
102
RTVSPost2010Prop41ColorIndex
 90
       18
102
RTVSPost2010Prop41ColorRGB
 90
        0
102
RTVSPost2010PropOp41
 70
     1
102
RTVSPost2010Prop42
 90
       50
102
RTVSPost2010PropOp42
 70
     1
102
RTVSPost2010Prop43
 90
        3
102
RTVSPost2010PropOp43
 70
     1
102
RTVSPost2010Prop44ColorIndex
 90
        5
102
RTVSPost2010Prop44ColorRGB
 90
      255
102
RTVSPost2010PropOp44
 70
     1
102
RTVSPost2010Prop45
280
     0
102
RTVSPost2010PropOp45
 70
     1
102
RTVSPost2010Prop46
 90
       50
102
RTVSPost2010PropOp46
 70
     1
102
RTVSPost2010Prop47
 90
       50
102
RTVSPost2010PropOp47
 70
     1
102
RTVSPost2010Prop48
 90
       50
102
RTVSPost2010PropOp48
 70
     1
102
RTVSPost2010Prop49
280
     0
102
RTVSPost2010PropOp49
 70
     1
102
RTVSPost2010Prop50
 90
       50
102
RTVSPost2010PropOp50
 70
     1
102
RTVSPost2010Prop51ColorIndex
 90
      256
102
RTVSPost2010Prop51ColorRGB
 90
-16777216
102
RTVSPost2010PropOp51
 70
     0
102
RTVSPost2010Prop52
140
1.0
102
RTVSPost2010PropOp52
 70
     0
102
RTVSPost2010Prop53
 90
        2
102
RTVSPost2010PropOp53
 70
     1
102
RTVSPost2010Prop54
  1
strokes_ogs.tif
102
RTVSPost2010PropOp54
 70
     1
102
RTVSPost2010Prop55
280
     0
102
RTVSPost2010PropOp55
 70
     1
102
RTVSPost2010Prop56
140
1.0
102
RTVSPost2010PropOp56
 70
     1
102
RTVSPost2010Prop57
140
1.0
102
RTVSPost2010PropOp57
 70
     1
  0
XRECORD
  5
C0
102
{ACAD_REACTORS
330
BF
102
}
330
BF
100
AcDbXrecord
280
     1
102
RTVSPropertyOp0
 70
     0
102
RTVSPropertyOp1
 70
     0
102
RTVSPropertyOp2
 70
     0
102
RTVSPropertyOp3
 70
     0
102
RTVSPropertyOp4
 70
     0
102
RTVSPropertyOp5
 70
     0
102
RTVSPropertyOp6
 70
     0
102
RTVSPropertyOp7
 70
     0
102
RTVSPropertyOp8
 70
     0
102
RTVSPropertyOp9
 70
     0
102
RTVSPropertyOp10
 70
     0
102
RTVSPropertyOp11
 70
     0
102
RTVSPropertyOp12
 70
     0
102
RTVSPropertyOp13
 70
     0
102
RTVSPropertyOp14
 70
     2
102
RTVSPropertyOp15
 70
     0
102
RTVSPropertyOp16
 70
     0
102
RTVSPropertyOp17
 70
     0
102
RTVSPropertyOp18
 70
     0
102
RTVSPropertyOp19
 70
     0
102
RTVSPropertyOp20
 70
     0
102
RTVSPropertyOp21
 70
     0
102
RTVSPropertyOp22
 70
     0
102
RTVSPropertyOp23
 70
     0
102
RTVSPropertyOp24
 70
     0
102
RTVSPropertyOp25
 70
     0
102
RTVSPropertyOp26
 70
     0
102
RTVSPropertyOp27
 70
     0
102
RTVSPropertyOp28
 70
     0
102
RTVSPropertyOp29
 70
     0
102
RTVSPropertyOp30
 70
     0
102
RTVSPropertyOp31
 70
     0
102
RTVSPropertyOp32
 70
     0
102
RTVSPropertyOp33
 70
     0
102
RTVSPropertyOp34
 70
     0
102
RTVSPropertyOp35
 70
     0
102
RTVSPropertyOp36
 70
     0
102
RTVSPropertyOp37
 70
     0
102
RTVSPropertyOp38
 70
     0
102
RTVSPropertyOp39
 70
     0
102
RTVSPropertyOp40
 70
     0
102
RTVSPropertyOp41
 70
     0
102
RTVSPropertyOp42
 70
     0
102
RTVSPropertyOp43
 70
     0
102
RTVSPropertyOp44
 70
     0
102
RTVSPropertyOp45
 70
     0
102
RTVSPropertyOp46
 70
     0
102
RTVSPropertyOp47
 70
     0
102
RTVSPropertyOp48
 70
     0
102
RTVSPropertyOp49
 70
     0
102
RTVSPropertyOp50
 70
     0
102
RTVSPropertyOp51
 70
     0
102
RTVSPropertyOp52
 70
     0
102
RTVSPropertyOp53
 70
     0
102
RTVSPropertyOp54
 70
     0
102
RTVSPropertyOp55
 70
     0
102
RTVSPropertyOp56
 70
     0
102
RTVSPropertyOp57
 70
     0
102
RTVSPost2010Prop28
280
     0
102
RTVSPost2010PropOp28
 70
     0
102
RTVSPost2010Prop29
280
     1
102
RTVSPost2010PropOp29
 70
     0
102
RTVSPost2010Prop30
280
     1
102
RTVSPost2010PropOp30
 70
     0
102
RTVSPost2010Prop31
280
     0
102
RTVSPost2010PropOp31
 70
     0
102
RTVSPost2010Prop32
280
     0
102
RTVSPost2010PropOp32
 70
     0
102
RTVSPost2010Prop33
280
     0
102
RTVSPost2010PropOp33
 70
     0
102
RTVSPost2010Prop34
280
     0
102
RTVSPost2010PropOp34
 70
     0
102
RTVSPost2010Prop35
280
     0
102
RTVSPost2010PropOp35
 70
     0
102
RTVSPost2010Prop36
280
     0
102
RTVSPost2010PropOp36
 70
     0
102
RTVSPost2010Prop37
 90
       50
102
RTVSPost2010PropOp37
 70
     0
102
RTVSPost2010Prop38
140
0.0
102
RTVSPost2010PropOp38
 70
     0
102
RTVSPost2010Prop39
140
1.0
102
RTVSPost2010PropOp39
 70
     0
102
RTVSPost2010Prop40
 90
        0
102
RTVSPost2010PropOp40
 70
     0
102
RTVSPost2010Prop41ColorIndex
 90
       18
102
RTVSPost2010Prop41ColorRGB
 90
        0
102
RTVSPost2010PropOp41
 70
     0
102
RTVSPost2010Prop42
 90
       50
102
RTVSPost2010PropOp42
 70
     0
102
RTVSPost2010Prop43
 90
        3
102
RTVSPost2010PropOp43
 70
     0
102
RTVSPost2010Prop44ColorIndex
 90
        5
102
RTVSPost2010Prop44ColorRGB
 90
      255
102
RTVSPost2010PropOp44
 70
     0
102
RTVSPost2010Prop45
280
     0
102
RTVSPost2010PropOp45
 70
     0
102
RTVSPost2010Prop46
 90
       50
102
RTVSPost2010PropOp46
 70
     0
102
RTVSPost2010Prop47
 90
       50
102
RTVSPost2010PropOp47
 70
     0
102
RTVSPost2010Prop48
 90
       50
102
RTVSPost2010PropOp48
 70
     0
102
RTVSPost2010Prop49
280
     0
102
RTVSPost2010PropOp49
 70
     0
102
RTVSPost2010Prop50
 90
       50
102
RTVSPost2010PropOp50
 70
     0
102
RTVSPost2010Prop51ColorIndex
 90
      256
102
RTVSPost2010Prop51ColorRGB
 90
-16777216
102
RTVSPost2010PropOp51
 70
     0
102
RTVSPost2010Prop52
140
1.0
102
RTVSPost2010PropOp52
 70
     0
102
RTVSPost2010Prop53
 90
        2
102
RTVSPost2010PropOp53
 70
     0
102
RTVSPost2010Prop54
  1
strokes_ogs.tif
102
RTVSPost2010PropOp54
 70
     0
102
RTVSPost2010Prop55
280
     0
102
RTVSPost2010PropOp55
 70
     0
102
RTVSPost2010Prop56
140
1.0
102
RTVSPost2010PropOp56
 70
     0
102
RTVSPost2010Prop57
140
1.0
102
RTVSPost2010PropOp57
 70
     0
  0
XRECORD
  5
B8
102
{ACAD_REACTORS
330
B7
102
}
330
B7
100
AcDbXrecord
280
     1
102
RTVSPropertyOp0
 70
     1
102
RTVSPropertyOp1
 70
     1
102
RTVSPropertyOp2
 70
     1
102
RTVSPropertyOp3
 70
     1
102
RTVSPropertyOp4
 70
     1
102
RTVSPropertyOp5
 70
     1
102
RTVSPropertyOp6
 70
     1
102
RTVSPropertyOp7
 70
     1
102
RTVSPropertyOp8
 70
     1
102
RTVSPropertyOp9
 70
     1
102
RTVSPropertyOp10
 70
     1
102
RTVSPropertyOp11
 70
     1
102
RTVSPropertyOp12
 70
     1
102
RTVSPropertyOp13
 70
     1
102
RTVSPropertyOp14
 70
     1
102
RTVSPropertyOp15
 70
     1
102
RTVSPropertyOp16
 70
     1
102
RTVSPropertyOp17
 70
     1
102
RTVSPropertyOp18
 70
     1
102
RTVSPropertyOp19
 70
     1
102
RTVSPropertyOp20
 70
     1
102
RTVSPropertyOp21
 70
     1
102
RTVSPropertyOp22
 70
     1
102
RTVSPropertyOp23
 70
     1
102
RTVSPropertyOp24
 70
     1
102
RTVSPropertyOp25
 70
     1
102
RTVSPropertyOp26
 70
     1
102
RTVSPropertyOp27
 70
     1
102
RTVSPropertyOp28
 70
     1
102
RTVSPropertyOp29
 70
     1
102
RTVSPropertyOp30
 70
     1
102
RTVSPropertyOp31
 70
     1
102
RTVSPropertyOp32
 70
     1
102
RTVSPropertyOp33
 70
     1
102
RTVSPropertyOp34
 70
     1
102
RTVSPropertyOp35
 70
     1
102
RTVSPropertyOp36
 70
     1
102
RTVSPropertyOp37
 70
     1
102
RTVSPropertyOp38
 70
     1
102
RTVSPropertyOp39
 70
     1
102
RTVSPropertyOp40
 70
     1
102
RTVSPropertyOp41
 70
     1
102
RTVSPropertyOp42
 70
     1
102
RTVSPropertyOp43
 70
     1
102
RTVSPropertyOp44
 70
     1
102
RTVSPropertyOp45
 70
     1
102
RTVSPropertyOp46
 70
     1
102
RTVSPropertyOp47
 70
     1
102
RTVSPropertyOp48
 70
     1
102
RTVSPropertyOp49
 70
     1
102
RTVSPropertyOp50
 70
     1
102
RTVSPropertyOp51
 70
     0
102
RTVSPropertyOp52
 70
     0
102
RTVSPropertyOp53
 70
     1
102
RTVSPropertyOp54
 70
     1
102
RTVSPropertyOp55
 70
     1
102
RTVSPropertyOp56
 70
     1
102
RTVSPropertyOp57
 70
     1
102
RTVSPost2010Prop28
280
     0
102
RTVSPost2010PropOp28
 70
     1
102
RTVSPost2010Prop29
280
     1
102
RTVSPost2010PropOp29
 70
     1
102
RTVSPost2010Prop30
280
     1
102
RTVSPost2010PropOp30
 70
     1
102
RTVSPost2010Prop31
280
     0
102
RTVSPost2010PropOp31
 70
     1
102
RTVSPost2010Prop32
280
     0
102
RTVSPost2010PropOp32
 70
     1
102
RTVSPost2010Prop33
280
     0
102
RTVSPost2010PropOp33
 70
     1
102
RTVSPost2010Prop34
280
     0
102
RTVSPost2010PropOp34
 70
     1
102
RTVSPost2010Prop35
280
     0
102
RTVSPost2010PropOp35
 70
     1
102
RTVSPost2010Prop36
280
     0
102
RTVSPost2010PropOp36
 70
     1
102
RTVSPost2010Prop37
 90
       50
102
RTVSPost2010PropOp37
 70
     1
102
RTVSPost2010Prop38
140
0.0
102
RTVSPost2010PropOp38
 70
     1
102
RTVSPost2010Prop39
140
1.0
102
RTVSPost2010PropOp39
 70
     1
102
RTVSPost2010Prop40
 90
        0
102
RTVSPost2010PropOp40
 70
     1
102
RTVSPost2010Prop41ColorIndex
 90
       18
102
RTVSPost2010Prop41ColorRGB
 90
        0
102
RTVSPost2010PropOp41
 70
     1
102
RTVSPost2010Prop42
 90
       50
102
RTVSPost2010PropOp42
 70
     1
102
RTVSPost2010Prop43
 90
        3
102
RTVSPost2010PropOp43
 70
     1
102
RTVSPost2010Prop44ColorIndex
 90
        5
102
RTVSPost2010Prop44ColorRGB
 90
      255
102
RTVSPost2010PropOp44
 70
     1
102
RTVSPost2010Prop45
280
     0
102
RTVSPost2010PropOp45
 70
     1
102
RTVSPost2010Prop46
 90
       50
102
RTVSPost2010PropOp46
 70
     1
102
RTVSPost2010Prop47
 90
       50
102
RTVSPost2010PropOp47
 70
     1
102
RTVSPost2010Prop48
 90
       50
102
RTVSPost2010PropOp48
 70
     1
102
RTVSPost2010Prop49
280
     0
102
RTVSPost2010PropOp49
 70
     1
102
RTVSPost2010Prop50
 90
       50
102
RTVSPost2010PropOp50
 70
     1
102
RTVSPost2010Prop51ColorIndex
 90
      256
102
RTVSPost2010Prop51ColorRGB
 90
-16777216
102
RTVSPost2010PropOp51
 70
     0
102
RTVSPost2010Prop52
140
1.0
102
RTVSPost2010PropOp52
 70
     0
102
RTVSPost2010Prop53
 90
        2
102
RTVSPost2010PropOp53
 70
     1
102
RTVSPost2010Prop54
  1
strokes_ogs.tif
102
RTVSPost2010PropOp54
 70
     1
102
RTVSPost2010Prop55
280
     0
102
RTVSPost2010PropOp55
 70
     1
102
RTVSPost2010Prop56
140
1.0
102
RTVSPost2010PropOp56
 70
     1
102
RTVSPost2010Prop57
140
1.0
102
RTVSPost2010PropOp57
 70
     1
  0
XRECORD
  5
9C
102
{ACAD_REACTORS
330
9B
102
}
330
9B
100
AcDbXrecord
280
     1
102
RTVSPropertyOp0
 70
     1
102
RTVSPropertyOp1
 70
     1
102
RTVSPropertyOp2
 70
     1
102
RTVSPropertyOp3
 70
     1
102
RTVSPropertyOp4
 70
     1
102
RTVSPropertyOp5
 70
     1
102
RTVSPropertyOp6
 70
     1
102
RTVSPropertyOp7
 70
     1
102
RTVSPropertyOp8
 70
     1
102
RTVSPropertyOp9
 70
     1
102
RTVSPropertyOp10
 70
     1
102
RTVSPropertyOp11
 70
     1
102
RTVSPropertyOp12
 70
     1
102
RTVSPropertyOp13
 70
     1
102
RTVSPropertyOp14
 70
     1
102
RTVSPropertyOp15
 70
     1
102
RTVSPropertyOp16
 70
     1
102
RTVSPropertyOp17
 70
     1
102
RTVSPropertyOp18
 70
     1
102
RTVSPropertyOp19
 70
     1
102
RTVSPropertyOp20
 70
     1
102
RTVSPropertyOp21
 70
     1
102
RTVSPropertyOp22
 70
     1
102
RTVSPropertyOp23
 70
     1
102
RTVSPropertyOp24
 70
     1
102
RTVSPropertyOp25
 70
     1
102
RTVSPropertyOp26
 70
     1
102
RTVSPropertyOp27
 70
     1
102
RTVSPropertyOp28
 70
     1
102
RTVSPropertyOp29
 70
     1
102
RTVSPropertyOp30
 70
     1
102
RTVSPropertyOp31
 70
     1
102
RTVSPropertyOp32
 70
     1
102
RTVSPropertyOp33
 70
     1
102
RTVSPropertyOp34
 70
     1
102
RTVSPropertyOp35
 70
     1
102
RTVSPropertyOp36
 70
     1
102
RTVSPropertyOp37
 70
     1
102
RTVSPropertyOp38
 70
     1
102
RTVSPropertyOp39
 70
     1
102
RTVSPropertyOp40
 70
     1
102
RTVSPropertyOp41
 70
     1
102
RTVSPropertyOp42
 70
     1
102
RTVSPropertyOp43
 70
     1
102
RTVSPropertyOp44
 70
     1
102
RTVSPropertyOp45
 70
     1
102
RTVSPropertyOp46
 70
     1
102
RTVSPropertyOp47
 70
     1
102
RTVSPropertyOp48
 70
     1
102
RTVSPropertyOp49
 70
     1
102
RTVSPropertyOp50
 70
     1
102
RTVSPropertyOp51
 70
     0
102
RTVSPropertyOp52
 70
     0
102
RTVSPropertyOp53
 70
     1
102
RTVSPropertyOp54
 70
     1
102
RTVSPropertyOp55
 70
     1
102
RTVSPropertyOp56
 70
     1
102
RTVSPropertyOp57
 70
     1
102
RTVSPost2010Prop28
280
     0
102
RTVSPost2010PropOp28
 70
     1
102
RTVSPost2010Prop29
280
     1
102
RTVSPost2010PropOp29
 70
     1
102
RTVSPost2010Prop30
280
     1
102
RTVSPost2010PropOp30
 70
     1
102
RTVSPost2010Prop31
280
     0
102
RTVSPost2010PropOp31
 70
     1
102
RTVSPost2010Prop32
280
     0
102
RTVSPost2010PropOp32
 70
     1
102
RTVSPost2010Prop33
280
     0
102
RTVSPost2010PropOp33
 70
     1
102
RTVSPost2010Prop34
280
     0
102
RTVSPost2010PropOp34
 70
     1
102
RTVSPost2010Prop35
280
     0
102
RTVSPost2010PropOp35
 70
     1
102
RTVSPost2010Prop36
280
     0
102
RTVSPost2010PropOp36
 70
     1
102
RTVSPost2010Prop37
 90
       50
102
RTVSPost2010PropOp37
 70
     1
102
RTVSPost2010Prop38
140
0.0
102
RTVSPost2010PropOp38
 70
     1
102
RTVSPost2010Prop39
140
1.0
102
RTVSPost2010PropOp39
 70
     1
102
RTVSPost2010Prop40
 90
        0
102
RTVSPost2010PropOp40
 70
     1
102
RTVSPost2010Prop41ColorIndex
 90
       18
102
RTVSPost2010Prop41ColorRGB
 90
        0
102
RTVSPost2010PropOp41
 70
     1
102
RTVSPost2010Prop42
 90
       50
102
RTVSPost2010PropOp42
 70
     1
102
RTVSPost2010Prop43
 90
        3
102
RTVSPost2010PropOp43
 70
     1
102
RTVSPost2010Prop44ColorIndex
 90
        5
102
RTVSPost2010Prop44ColorRGB
 90
      255
102
RTVSPost2010PropOp44
 70
     1
102
RTVSPost2010Prop45
280
     0
102
RTVSPost2010PropOp45
 70
     1
102
RTVSPost2010Prop46
 90
       50
102
RTVSPost2010PropOp46
 70
     1
102
RTVSPost2010Prop47
 90
       50
102
RTVSPost2010PropOp47
 70
     1
102
RTVSPost2010Prop48
 90
       50
102
RTVSPost2010PropOp48
 70
     1
102
RTVSPost2010Prop49
280
     0
102
RTVSPost2010PropOp49
 70
     1
102
RTVSPost2010Prop50
 90
       50
102
RTVSPost2010PropOp50
 70
     1
102
RTVSPost2010Prop51ColorIndex
 90
      256
102
RTVSPost2010Prop51ColorRGB
 90
-16777216
102
RTVSPost2010PropOp51
 70
     0
102
RTVSPost2010Prop52
140
1.0
102
RTVSPost2010PropOp52
 70
     0
102
RTVSPost2010Prop53
 90
        2
102
RTVSPost2010PropOp53
 70
     1
102
RTVSPost2010Prop54
  1
strokes_ogs.tif
102
RTVSPost2010PropOp54
 70
     1
102
RTVSPost2010Prop55
280
     0
102
RTVSPost2010PropOp55
 70
     1
102
RTVSPost2010Prop56
140
1.0
102
RTVSPost2010PropOp56
 70
     1
102
RTVSPost2010Prop57
140
1.0
102
RTVSPost2010PropOp57
 70
     1
  0
XRECORD
  5
9E
102
{ACAD_REACTORS
330
9D
102
}
330
9D
100
AcDbXrecord
280
     1
102
RTVSPropertyOp0
 70
     1
102
RTVSPropertyOp1
 70
     1
102
RTVSPropertyOp2
 70
     1
102
RTVSPropertyOp3
 70
     1
102
RTVSPropertyOp4
 70
     1
102
RTVSPropertyOp5
 70
     1
102
RTVSPropertyOp6
 70
     1
102
RTVSPropertyOp7
 70
     1
102
RTVSPropertyOp8
 70
     1
102
RTVSPropertyOp9
 70
     1
102
RTVSPropertyOp10
 70
     1
102
RTVSPropertyOp11
 70
     1
102
RTVSPropertyOp12
 70
     1
102
RTVSPropertyOp13
 70
     1
102
RTVSPropertyOp14
 70
     1
102
RTVSPropertyOp15
 70
     1
102
RTVSPropertyOp16
 70
     1
102
RTVSPropertyOp17
 70
     1
102
RTVSPropertyOp18
 70
     1
102
RTVSPropertyOp19
 70
     1
102
RTVSPropertyOp20
 70
     1
102
RTVSPropertyOp21
 70
     1
102
RTVSPropertyOp22
 70
     1
102
RTVSPropertyOp23
 70
     1
102
RTVSPropertyOp24
 70
     1
102
RTVSPropertyOp25
 70
     1
102
RTVSPropertyOp26
 70
     1
102
RTVSPropertyOp27
 70
     1
102
RTVSPropertyOp28
 70
     1
102
RTVSPropertyOp29
 70
     1
102
RTVSPropertyOp30
 70
     1
102
RTVSPropertyOp31
 70
     1
102
RTVSPropertyOp32
 70
     1
102
RTVSPropertyOp33
 70
     1
102
RTVSPropertyOp34
 70
     1
102
RTVSPropertyOp35
 70
     1
102
RTVSPropertyOp36
 70
     1
102
RTVSPropertyOp37
 70
     1
102
RTVSPropertyOp38
 70
     1
102
RTVSPropertyOp39
 70
     1
102
RTVSPropertyOp40
 70
     1
102
RTVSPropertyOp41
 70
     1
102
RTVSPropertyOp42
 70
     1
102
RTVSPropertyOp43
 70
     1
102
RTVSPropertyOp44
 70
     1
102
RTVSPropertyOp45
 70
     1
102
RTVSPropertyOp46
 70
     1
102
RTVSPropertyOp47
 70
     1
102
RTVSPropertyOp48
 70
     1
102
RTVSPropertyOp49
 70
     1
102
RTVSPropertyOp50
 70
     1
102
RTVSPropertyOp51
 70
     0
102
RTVSPropertyOp52
 70
     0
102
RTVSPropertyOp53
 70
     1
102
RTVSPropertyOp54
 70
     1
102
RTVSPropertyOp55
 70
     1
102
RTVSPropertyOp56
 70
     1
102
RTVSPropertyOp57
 70
     1
102
RTVSPost2010Prop28
280
     0
102
RTVSPost2010PropOp28
 70
     1
102
RTVSPost2010Prop29
280
     1
102
RTVSPost2010PropOp29
 70
     1
102
RTVSPost2010Prop30
280
     1
102
RTVSPost2010PropOp30
 70
     1
102
RTVSPost2010Prop31
280
     0
102
RTVSPost2010PropOp31
 70
     1
102
RTVSPost2010Prop32
280
     0
102
RTVSPost2010PropOp32
 70
     1
102
RTVSPost2010Prop33
280
     0
102
RTVSPost2010PropOp33
 70
     1
102
RTVSPost2010Prop34
280
     0
102
RTVSPost2010PropOp34
 70
     1
102
RTVSPost2010Prop35
280
     0
102
RTVSPost2010PropOp35
 70
     1
102
RTVSPost2010Prop36
280
     0
102
RTVSPost2010PropOp36
 70
     1
102
RTVSPost2010Prop37
 90
       50
102
RTVSPost2010PropOp37
 70
     1
102
RTVSPost2010Prop38
140
0.0
102
RTVSPost2010PropOp38
 70
     1
102
RTVSPost2010Prop39
140
1.0
102
RTVSPost2010PropOp39
 70
     1
102
RTVSPost2010Prop40
 90
        0
102
RTVSPost2010PropOp40
 70
     1
102
RTVSPost2010Prop41ColorIndex
 90
       18
102
RTVSPost2010Prop41ColorRGB
 90
        0
102
RTVSPost2010PropOp41
 70
     1
102
RTVSPost2010Prop42
 90
       50
102
RTVSPost2010PropOp42
 70
     1
102
RTVSPost2010Prop43
 90
        3
102
RTVSPost2010PropOp43
 70
     1
102
RTVSPost2010Prop44ColorIndex
 90
        5
102
RTVSPost2010Prop44ColorRGB
 90
      255
102
RTVSPost2010PropOp44
 70
     1
102
RTVSPost2010Prop45
280
     0
102
RTVSPost2010PropOp45
 70
     1
102
RTVSPost2010Prop46
 90
       50
102
RTVSPost2010PropOp46
 70
     1
102
RTVSPost2010Prop47
 90
       50
102
RTVSPost2010PropOp47
 70
     1
102
RTVSPost2010Prop48
 90
       50
102
RTVSPost2010PropOp48
 70
     1
102
RTVSPost2010Prop49
280
     0
102
RTVSPost2010PropOp49
 70
     1
102
RTVSPost2010Prop50
 90
       50
102
RTVSPost2010PropOp50
 70
     1
102
RTVSPost2010Prop51ColorIndex
 90
      256
102
RTVSPost2010Prop51ColorRGB
 90
-16777216
102
RTVSPost2010PropOp51
 70
     0
102
RTVSPost2010Prop52
140
1.0
102
RTVSPost2010PropOp52
 70
     0
102
RTVSPost2010Prop53
 90
        2
102
RTVSPost2010PropOp53
 70
     1
102
RTVSPost2010Prop54
  1
strokes_ogs.tif
102
RTVSPost2010PropOp54
 70
     1
102
RTVSPost2010Prop55
280
     0
102
RTVSPost2010PropOp55
 70
     1
102
RTVSPost2010Prop56
140
1.0
102
RTVSPost2010PropOp56
 70
     1
102
RTVSPost2010Prop57
140
1.0
102
RTVSPost2010PropOp57
 70
     1
  0
XRECORD
  5
A0
102
{ACAD_REACTORS
330
9F
102
}
330
9F
100
AcDbXrecord
280
     1
102
RTVSPropertyOp0
 70
     1
102
RTVSPropertyOp1
 70
     1
102
RTVSPropertyOp2
 70
     1
102
RTVSPropertyOp3
 70
     1
102
RTVSPropertyOp4
 70
     1
102
RTVSPropertyOp5
 70
     1
102
RTVSPropertyOp6
 70
     1
102
RTVSPropertyOp7
 70
     1
102
RTVSPropertyOp8
 70
     1
102
RTVSPropertyOp9
 70
     1
102
RTVSPropertyOp10
 70
     1
102
RTVSPropertyOp11
 70
     1
102
RTVSPropertyOp12
 70
     1
102
RTVSPropertyOp13
 70
     1
102
RTVSPropertyOp14
 70
     1
102
RTVSPropertyOp15
 70
     1
102
RTVSPropertyOp16
 70
     1
102
RTVSPropertyOp17
 70
     1
102
RTVSPropertyOp18
 70
     1
102
RTVSPropertyOp19
 70
     1
102
RTVSPropertyOp20
 70
     1
102
RTVSPropertyOp21
 70
     1
102
RTVSPropertyOp22
 70
     1
102
RTVSPropertyOp23
 70
     1
102
RTVSPropertyOp24
 70
     1
102
RTVSPropertyOp25
 70
     1
102
RTVSPropertyOp26
 70
     1
102
RTVSPropertyOp27
 70
     1
102
RTVSPropertyOp28
 70
     1
102
RTVSPropertyOp29
 70
     1
102
RTVSPropertyOp30
 70
     1
102
RTVSPropertyOp31
 70
     1
102
RTVSPropertyOp32
 70
     1
102
RTVSPropertyOp33
 70
     1
102
RTVSPropertyOp34
 70
     1
102
RTVSPropertyOp35
 70
     1
102
RTVSPropertyOp36
 70
     1
102
RTVSPropertyOp37
 70
     1
102
RTVSPropertyOp38
 70
     1
102
RTVSPropertyOp39
 70
     1
102
RTVSPropertyOp40
 70
     1
102
RTVSPropertyOp41
 70
     1
102
RTVSPropertyOp42
 70
     1
102
RTVSPropertyOp43
 70
     1
102
RTVSPropertyOp44
 70
     1
102
RTVSPropertyOp45
 70
     1
102
RTVSPropertyOp46
 70
     1
102
RTVSPropertyOp47
 70
     1
102
RTVSPropertyOp48
 70
     1
102
RTVSPropertyOp49
 70
     1
102
RTVSPropertyOp50
 70
     1
102
RTVSPropertyOp51
 70
     0
102
RTVSPropertyOp52
 70
     0
102
RTVSPropertyOp53
 70
     1
102
RTVSPropertyOp54
 70
     1
102
RTVSPropertyOp55
 70
     1
102
RTVSPropertyOp56
 70
     1
102
RTVSPropertyOp57
 70
     1
102
RTVSPost2010Prop28
280
     0
102
RTVSPost2010PropOp28
 70
     1
102
RTVSPost2010Prop29
280
     1
102
RTVSPost2010PropOp29
 70
     1
102
RTVSPost2010Prop30
280
     1
102
RTVSPost2010PropOp30
 70
     1
102
RTVSPost2010Prop31
280
     0
102
RTVSPost2010PropOp31
 70
     1
102
RTVSPost2010Prop32
280
     0
102
RTVSPost2010PropOp32
 70
     1
102
RTVSPost2010Prop33
280
     0
102
RTVSPost2010PropOp33
 70
     1
102
RTVSPost2010Prop34
280
     0
102
RTVSPost2010PropOp34
 70
     1
102
RTVSPost2010Prop35
280
     0
102
RTVSPost2010PropOp35
 70
     1
102
RTVSPost2010Prop36
280
     0
102
RTVSPost2010PropOp36
 70
     1
102
RTVSPost2010Prop37
 90
       50
102
RTVSPost2010PropOp37
 70
     1
102
RTVSPost2010Prop38
140
0.0
102
RTVSPost2010PropOp38
 70
     1
102
RTVSPost2010Prop39
140
1.0
102
RTVSPost2010PropOp39
 70
     1
102
RTVSPost2010Prop40
 90
        0
102
RTVSPost2010PropOp40
 70
     1
102
RTVSPost2010Prop41ColorIndex
 90
       18
102
RTVSPost2010Prop41ColorRGB
 90
        0
102
RTVSPost2010PropOp41
 70
     1
102
RTVSPost2010Prop42
 90
       50
102
RTVSPost2010PropOp42
 70
     1
102
RTVSPost2010Prop43
 90
        3
102
RTVSPost2010PropOp43
 70
     1
102
RTVSPost2010Prop44ColorIndex
 90
        5
102
RTVSPost2010Prop44ColorRGB
 90
      255
102
RTVSPost2010PropOp44
 70
     1
102
RTVSPost2010Prop45
280
     0
102
RTVSPost2010PropOp45
 70
     1
102
RTVSPost2010Prop46
 90
       50
102
RTVSPost2010PropOp46
 70
     1
102
RTVSPost2010Prop47
 90
       50
102
RTVSPost2010PropOp47
 70
     1
102
RTVSPost2010Prop48
 90
       50
102
RTVSPost2010PropOp48
 70
     1
102
RTVSPost2010Prop49
280
     0
102
RTVSPost2010PropOp49
 70
     1
102
RTVSPost2010Prop50
 90
       50
102
RTVSPost2010PropOp50
 70
     1
102
RTVSPost2010Prop51ColorIndex
 90
      256
102
RTVSPost2010Prop51ColorRGB
 90
-16777216
102
RTVSPost2010PropOp51
 70
     0
102
RTVSPost2010Prop52
140
1.0
102
RTVSPost2010PropOp52
 70
     0
102
RTVSPost2010Prop53
 90
        2
102
RTVSPost2010PropOp53
 70
     1
102
RTVSPost2010Prop54
  1
strokes_ogs.tif
102
RTVSPost2010PropOp54
 70
     1
102
RTVSPost2010Prop55
280
     0
102
RTVSPost2010PropOp55
 70
     1
102
RTVSPost2010Prop56
140
1.0
102
RTVSPost2010PropOp56
 70
     1
102
RTVSPost2010Prop57
140
1.0
102
RTVSPost2010PropOp57
 70
     1
  0
XRECORD
  5
A2
102
{ACAD_REACTORS
330
A1
102
}
330
A1
100
AcDbXrecord
280
     1
102
RTVSPropertyOp0
 70
     1
102
RTVSPropertyOp1
 70
     1
102
RTVSPropertyOp2
 70
     1
102
RTVSPropertyOp3
 70
     1
102
RTVSPropertyOp4
 70
     1
102
RTVSPropertyOp5
 70
     1
102
RTVSPropertyOp6
 70
     1
102
RTVSPropertyOp7
 70
     1
102
RTVSPropertyOp8
 70
     1
102
RTVSPropertyOp9
 70
     1
102
RTVSPropertyOp10
 70
     1
102
RTVSPropertyOp11
 70
     1
102
RTVSPropertyOp12
 70
     1
102
RTVSPropertyOp13
 70
     1
102
RTVSPropertyOp14
 70
     1
102
RTVSPropertyOp15
 70
     1
102
RTVSPropertyOp16
 70
     1
102
RTVSPropertyOp17
 70
     1
102
RTVSPropertyOp18
 70
     1
102
RTVSPropertyOp19
 70
     1
102
RTVSPropertyOp20
 70
     1
102
RTVSPropertyOp21
 70
     1
102
RTVSPropertyOp22
 70
     1
102
RTVSPropertyOp23
 70
     1
102
RTVSPropertyOp24
 70
     1
102
RTVSPropertyOp25
 70
     1
102
RTVSPropertyOp26
 70
     1
102
RTVSPropertyOp27
 70
     1
102
RTVSPropertyOp28
 70
     1
102
RTVSPropertyOp29
 70
     1
102
RTVSPropertyOp30
 70
     1
102
RTVSPropertyOp31
 70
     1
102
RTVSPropertyOp32
 70
     1
102
RTVSPropertyOp33
 70
     1
102
RTVSPropertyOp34
 70
     1
102
RTVSPropertyOp35
 70
     1
102
RTVSPropertyOp36
 70
     1
102
RTVSPropertyOp37
 70
     1
102
RTVSPropertyOp38
 70
     1
102
RTVSPropertyOp39
 70
     1
102
RTVSPropertyOp40
 70
     1
102
RTVSPropertyOp41
 70
     1
102
RTVSPropertyOp42
 70
     1
102
RTVSPropertyOp43
 70
     1
102
RTVSPropertyOp44
 70
     1
102
RTVSPropertyOp45
 70
     1
102
RTVSPropertyOp46
 70
     1
102
RTVSPropertyOp47
 70
     1
102
RTVSPropertyOp48
 70
     1
102
RTVSPropertyOp49
 70
     1
102
RTVSPropertyOp50
 70
     1
102
RTVSPropertyOp51
 70
     0
102
RTVSPropertyOp52
 70
     0
102
RTVSPropertyOp53
 70
     1
102
RTVSPropertyOp54
 70
     1
102
RTVSPropertyOp55
 70
     1
102
RTVSPropertyOp56
 70
     1
102
RTVSPropertyOp57
 70
     1
102
RTVSPost2010Prop28
280
     0
102
RTVSPost2010PropOp28
 70
     1
102
RTVSPost2010Prop29
280
     1
102
RTVSPost2010PropOp29
 70
     1
102
RTVSPost2010Prop30
280
     1
102
RTVSPost2010PropOp30
 70
     1
102
RTVSPost2010Prop31
280
     0
102
RTVSPost2010PropOp31
 70
     1
102
RTVSPost2010Prop32
280
     0
102
RTVSPost2010PropOp32
 70
     1
102
RTVSPost2010Prop33
280
     0
102
RTVSPost2010PropOp33
 70
     1
102
RTVSPost2010Prop34
280
     0
102
RTVSPost2010PropOp34
 70
     1
102
RTVSPost2010Prop35
280
     0
102
RTVSPost2010PropOp35
 70
     1
102
RTVSPost2010Prop36
280
     0
102
RTVSPost2010PropOp36
 70
     1
102
RTVSPost2010Prop37
 90
       50
102
RTVSPost2010PropOp37
 70
     1
102
RTVSPost2010Prop38
140
0.0
102
RTVSPost2010PropOp38
 70
     1
102
RTVSPost2010Prop39
140
1.0
102
RTVSPost2010PropOp39
 70
     1
102
RTVSPost2010Prop40
 90
        0
102
RTVSPost2010PropOp40
 70
     1
102
RTVSPost2010Prop41ColorIndex
 90
       18
102
RTVSPost2010Prop41ColorRGB
 90
        0
102
RTVSPost2010PropOp41
 70
     1
102
RTVSPost2010Prop42
 90
       50
102
RTVSPost2010PropOp42
 70
     1
102
RTVSPost2010Prop43
 90
        3
102
RTVSPost2010PropOp43
 70
     1
102
RTVSPost2010Prop44ColorIndex
 90
        5
102
RTVSPost2010Prop44ColorRGB
 90
      255
102
RTVSPost2010PropOp44
 70
     1
102
RTVSPost2010Prop45
280
     0
102
RTVSPost2010PropOp45
 70
     1
102
RTVSPost2010Prop46
 90
       50
102
RTVSPost2010PropOp46
 70
     1
102
RTVSPost2010Prop47
 90
       50
102
RTVSPost2010PropOp47
 70
     1
102
RTVSPost2010Prop48
 90
       50
102
RTVSPost2010PropOp48
 70
     1
102
RTVSPost2010Prop49
280
     0
102
RTVSPost2010PropOp49
 70
     1
102
RTVSPost2010Prop50
 90
       50
102
RTVSPost2010PropOp50
 70
     1
102
RTVSPost2010Prop51ColorIndex
 90
      256
102
RTVSPost2010Prop51ColorRGB
 90
-16777216
102
RTVSPost2010PropOp51
 70
     0
102
RTVSPost2010Prop52
140
1.0
102
RTVSPost2010PropOp52
 70
     0
102
RTVSPost2010Prop53
 90
        2
102
RTVSPost2010PropOp53
 70
     1
102
RTVSPost2010Prop54
  1
strokes_ogs.tif
102
RTVSPost2010PropOp54
 70
     1
102
RTVSPost2010Prop55
280
     0
102
RTVSPost2010PropOp55
 70
     1
102
RTVSPost2010Prop56
140
1.0
102
RTVSPost2010PropOp56
 70
     1
102
RTVSPost2010Prop57
140
1.0
102
RTVSPost2010PropOp57
 70
     1
  0
XRECORD
  5
A8
102
{ACAD_REACTORS
330
A7
102
}
330
A7
100
AcDbXrecord
280
     1
102
RTVSPropertyOp0
 70
     1
102
RTVSPropertyOp1
 70
     1
102
RTVSPropertyOp2
 70
     1
102
RTVSPropertyOp3
 70
     1
102
RTVSPropertyOp4
 70
     1
102
RTVSPropertyOp5
 70
     1
102
RTVSPropertyOp6
 70
     1
102
RTVSPropertyOp7
 70
     1
102
RTVSPropertyOp8
 70
     1
102
RTVSPropertyOp9
 70
     1
102
RTVSPropertyOp10
 70
     1
102
RTVSPropertyOp11
 70
     1
102
RTVSPropertyOp12
 70
     1
102
RTVSPropertyOp13
 70
     1
102
RTVSPropertyOp14
 70
     1
102
RTVSPropertyOp15
 70
     1
102
RTVSPropertyOp16
 70
     1
102
RTVSPropertyOp17
 70
     1
102
RTVSPropertyOp18
 70
     1
102
RTVSPropertyOp19
 70
     1
102
RTVSPropertyOp20
 70
     1
102
RTVSPropertyOp21
 70
     1
102
RTVSPropertyOp22
 70
     1
102
RTVSPropertyOp23
 70
     1
102
RTVSPropertyOp24
 70
     1
102
RTVSPropertyOp25
 70
     1
102
RTVSPropertyOp26
 70
     1
102
RTVSPropertyOp27
 70
     1
102
RTVSPropertyOp28
 70
     1
102
RTVSPropertyOp29
 70
     1
102
RTVSPropertyOp30
 70
     1
102
RTVSPropertyOp31
 70
     1
102
RTVSPropertyOp32
 70
     1
102
RTVSPropertyOp33
 70
     1
102
RTVSPropertyOp34
 70
     1
102
RTVSPropertyOp35
 70
     1
102
RTVSPropertyOp36
 70
     1
102
RTVSPropertyOp37
 70
     1
102
RTVSPropertyOp38
 70
     1
102
RTVSPropertyOp39
 70
     1
102
RTVSPropertyOp40
 70
     1
102
RTVSPropertyOp41
 70
     1
102
RTVSPropertyOp42
 70
     1
102
RTVSPropertyOp43
 70
     1
102
RTVSPropertyOp44
 70
     1
102
RTVSPropertyOp45
 70
     1
102
RTVSPropertyOp46
 70
     1
102
RTVSPropertyOp47
 70
     1
102
RTVSPropertyOp48
 70
     1
102
RTVSPropertyOp49
 70
     1
102
RTVSPropertyOp50
 70
     1
102
RTVSPropertyOp51
 70
     0
102
RTVSPropertyOp52
 70
     0
102
RTVSPropertyOp53
 70
     1
102
RTVSPropertyOp54
 70
     1
102
RTVSPropertyOp55
 70
     1
102
RTVSPropertyOp56
 70
     1
102
RTVSPropertyOp57
 70
     1
102
RTVSPost2010Prop28
280
     0
102
RTVSPost2010PropOp28
 70
     1
102
RTVSPost2010Prop29
280
     1
102
RTVSPost2010PropOp29
 70
     1
102
RTVSPost2010Prop30
280
     1
102
RTVSPost2010PropOp30
 70
     1
102
RTVSPost2010Prop31
280
     0
102
RTVSPost2010PropOp31
 70
     1
102
RTVSPost2010Prop32
280
     0
102
RTVSPost2010PropOp32
 70
     1
102
RTVSPost2010Prop33
280
     0
102
RTVSPost2010PropOp33
 70
     1
102
RTVSPost2010Prop34
280
     0
102
RTVSPost2010PropOp34
 70
     1
102
RTVSPost2010Prop35
280
     0
102
RTVSPost2010PropOp35
 70
     1
102
RTVSPost2010Prop36
280
     0
102
RTVSPost2010PropOp36
 70
     1
102
RTVSPost2010Prop37
 90
       50
102
RTVSPost2010PropOp37
 70
     1
102
RTVSPost2010Prop38
140
0.0
102
RTVSPost2010PropOp38
 70
     1
102
RTVSPost2010Prop39
140
1.0
102
RTVSPost2010PropOp39
 70
     1
102
RTVSPost2010Prop40
 90
        0
102
RTVSPost2010PropOp40
 70
     1
102
RTVSPost2010Prop41ColorIndex
 90
       18
102
RTVSPost2010Prop41ColorRGB
 90
        0
102
RTVSPost2010PropOp41
 70
     1
102
RTVSPost2010Prop42
 90
       50
102
RTVSPost2010PropOp42
 70
     1
102
RTVSPost2010Prop43
 90
        3
102
RTVSPost2010PropOp43
 70
     1
102
RTVSPost2010Prop44ColorIndex
 90
        5
102
RTVSPost2010Prop44ColorRGB
 90
      255
102
RTVSPost2010PropOp44
 70
     1
102
RTVSPost2010Prop45
280
     0
102
RTVSPost2010PropOp45
 70
     1
102
RTVSPost2010Prop46
 90
       50
102
RTVSPost2010PropOp46
 70
     1
102
RTVSPost2010Prop47
 90
       50
102
RTVSPost2010PropOp47
 70
     1
102
RTVSPost2010Prop48
 90
       50
102
RTVSPost2010PropOp48
 70
     1
102
RTVSPost2010Prop49
280
     0
102
RTVSPost2010PropOp49
 70
     1
102
RTVSPost2010Prop50
 90
       50
102
RTVSPost2010PropOp50
 70
     1
102
RTVSPost2010Prop51ColorIndex
 90
      256
102
RTVSPost2010Prop51ColorRGB
 90
-16777216
102
RTVSPost2010PropOp51
 70
     0
102
RTVSPost2010Prop52
140
1.0
102
RTVSPost2010PropOp52
 70
     0
102
RTVSPost2010Prop53
 90
        2
102
RTVSPost2010PropOp53
 70
     1
102
RTVSPost2010Prop54
  1
strokes_ogs.tif
102
RTVSPost2010PropOp54
 70
     1
102
RTVSPost2010Prop55
280
     0
102
RTVSPost2010PropOp55
 70
     1
102
RTVSPost2010Prop56
140
1.0
102
RTVSPost2010PropOp56
 70
     1
102
RTVSPost2010Prop57
140
1.0
102
RTVSPost2010PropOp57
 70
     1
  0
XRECORD
  5
BC
102
{ACAD_REACTORS
330
BB
102
}
330
BB
100
AcDbXrecord
280
     1
102
RTVSPropertyOp0
 70
     0
102
RTVSPropertyOp1
 70
     0
102
RTVSPropertyOp2
 70
     0
102
RTVSPropertyOp3
 70
     0
102
RTVSPropertyOp4
 70
     0
102
RTVSPropertyOp5
 70
     0
102
RTVSPropertyOp6
 70
     0
102
RTVSPropertyOp7
 70
     0
102
RTVSPropertyOp8
 70
     0
102
RTVSPropertyOp9
 70
     0
102
RTVSPropertyOp10
 70
     0
102
RTVSPropertyOp11
 70
     0
102
RTVSPropertyOp12
 70
     0
102
RTVSPropertyOp13
 70
     0
102
RTVSPropertyOp14
 70
     2
102
RTVSPropertyOp15
 70
     0
102
RTVSPropertyOp16
 70
     0
102
RTVSPropertyOp17
 70
     0
102
RTVSPropertyOp18
 70
     0
102
RTVSPropertyOp19
 70
     0
102
RTVSPropertyOp20
 70
     0
102
RTVSPropertyOp21
 70
     0
102
RTVSPropertyOp22
 70
     0
102
RTVSPropertyOp23
 70
     0
102
RTVSPropertyOp24
 70
     0
102
RTVSPropertyOp25
 70
     0
102
RTVSPropertyOp26
 70
     0
102
RTVSPropertyOp27
 70
     0
102
RTVSPropertyOp28
 70
     0
102
RTVSPropertyOp29
 70
     0
102
RTVSPropertyOp30
 70
     0
102
RTVSPropertyOp31
 70
     0
102
RTVSPropertyOp32
 70
     0
102
RTVSPropertyOp33
 70
     0
102
RTVSPropertyOp34
 70
     0
102
RTVSPropertyOp35
 70
     0
102
RTVSPropertyOp36
 70
     0
102
RTVSPropertyOp37
 70
     0
102
RTVSPropertyOp38
 70
     0
102
RTVSPropertyOp39
 70
     0
102
RTVSPropertyOp40
 70
     0
102
RTVSPropertyOp41
 70
     0
102
RTVSPropertyOp42
 70
     0
102
RTVSPropertyOp43
 70
     0
102
RTVSPropertyOp44
 70
     0
102
RTVSPropertyOp45
 70
     0
102
RTVSPropertyOp46
 70
     0
102
RTVSPropertyOp47
 70
     0
102
RTVSPropertyOp48
 70
     0
102
RTVSPropertyOp49
 70
     0
102
RTVSPropertyOp50
 70
     0
102
RTVSPropertyOp51
 70
     0
102
RTVSPropertyOp52
 70
     0
102
RTVSPropertyOp53
 70
     0
102
RTVSPropertyOp54
 70
     0
102
RTVSPropertyOp55
 70
     0
102
RTVSPropertyOp56
 70
     0
102
RTVSPropertyOp57
 70
     0
102
RTVSPost2010Prop28
280
     0
102
RTVSPost2010PropOp28
 70
     0
102
RTVSPost2010Prop29
280
     1
102
RTVSPost2010PropOp29
 70
     0
102
RTVSPost2010Prop30
280
     1
102
RTVSPost2010PropOp30
 70
     0
102
RTVSPost2010Prop31
280
     0
102
RTVSPost2010PropOp31
 70
     0
102
RTVSPost2010Prop32
280
     0
102
RTVSPost2010PropOp32
 70
     0
102
RTVSPost2010Prop33
280
     0
102
RTVSPost2010PropOp33
 70
     0
102
RTVSPost2010Prop34
280
     0
102
RTVSPost2010PropOp34
 70
     0
102
RTVSPost2010Prop35
280
     0
102
RTVSPost2010PropOp35
 70
     0
102
RTVSPost2010Prop36
280
     0
102
RTVSPost2010PropOp36
 70
     0
102
RTVSPost2010Prop37
 90
       50
102
RTVSPost2010PropOp37
 70
     0
102
RTVSPost2010Prop38
140
0.0
102
RTVSPost2010PropOp38
 70
     0
102
RTVSPost2010Prop39
140
1.0
102
RTVSPost2010PropOp39
 70
     0
102
RTVSPost2010Prop40
 90
        0
102
RTVSPost2010PropOp40
 70
     0
102
RTVSPost2010Prop41ColorIndex
 90
       18
102
RTVSPost2010Prop41ColorRGB
 90
        0
102
RTVSPost2010PropOp41
 70
     0
102
RTVSPost2010Prop42
 90
       50
102
RTVSPost2010PropOp42
 70
     0
102
RTVSPost2010Prop43
 90
        3
102
RTVSPost2010PropOp43
 70
     0
102
RTVSPost2010Prop44ColorIndex
 90
        5
102
RTVSPost2010Prop44ColorRGB
 90
      255
102
RTVSPost2010PropOp44
 70
     0
102
RTVSPost2010Prop45
280
     0
102
RTVSPost2010PropOp45
 70
     0
102
RTVSPost2010Prop46
 90
       50
102
RTVSPost2010PropOp46
 70
     0
102
RTVSPost2010Prop47
 90
       50
102
RTVSPost2010PropOp47
 70
     0
102
RTVSPost2010Prop48
 90
       50
102
RTVSPost2010PropOp48
 70
     0
102
RTVSPost2010Prop49
280
     0
102
RTVSPost2010PropOp49
 70
     0
102
RTVSPost2010Prop50
 90
       50
102
RTVSPost2010PropOp50
 70
     0
102
RTVSPost2010Prop51ColorIndex
 90
      256
102
RTVSPost2010Prop51ColorRGB
 90
-16777216
102
RTVSPost2010PropOp51
 70
     0
102
RTVSPost2010Prop52
140
1.0
102
RTVSPost2010PropOp52
 70
     0
102
RTVSPost2010Prop53
 90
        2
102
RTVSPost2010PropOp53
 70
     0
102
RTVSPost2010Prop54
  1
strokes_ogs.tif
102
RTVSPost2010PropOp54
 70
     0
102
RTVSPost2010Prop55
280
     0
102
RTVSPost2010PropOp55
 70
     0
102
RTVSPost2010Prop56
140
1.0
102
RTVSPost2010PropOp56
 70
     0
102
RTVSPost2010Prop57
140
1.0
102
RTVSPost2010PropOp57
 70
     0
  0
XRECORD
  5
B6
102
{ACAD_REACTORS
330
B5
102
}
330
B5
100
AcDbXrecord
280
     1
102
RTVSPropertyOp0
 70
     1
102
RTVSPropertyOp1
 70
     1
102
RTVSPropertyOp2
 70
     1
102
RTVSPropertyOp3
 70
     1
102
RTVSPropertyOp4
 70
     1
102
RTVSPropertyOp5
 70
     1
102
RTVSPropertyOp6
 70
     1
102
RTVSPropertyOp7
 70
     1
102
RTVSPropertyOp8
 70
     1
102
RTVSPropertyOp9
 70
     1
102
RTVSPropertyOp10
 70
     1
102
RTVSPropertyOp11
 70
     1
102
RTVSPropertyOp12
 70
     1
102
RTVSPropertyOp13
 70
     1
102
RTVSPropertyOp14
 70
     1
102
RTVSPropertyOp15
 70
     1
102
RTVSPropertyOp16
 70
     1
102
RTVSPropertyOp17
 70
     1
102
RTVSPropertyOp18
 70
     1
102
RTVSPropertyOp19
 70
     1
102
RTVSPropertyOp20
 70
     1
102
RTVSPropertyOp21
 70
     1
102
RTVSPropertyOp22
 70
     1
102
RTVSPropertyOp23
 70
     1
102
RTVSPropertyOp24
 70
     1
102
RTVSPropertyOp25
 70
     1
102
RTVSPropertyOp26
 70
     1
102
RTVSPropertyOp27
 70
     1
102
RTVSPropertyOp28
 70
     1
102
RTVSPropertyOp29
 70
     1
102
RTVSPropertyOp30
 70
     1
102
RTVSPropertyOp31
 70
     1
102
RTVSPropertyOp32
 70
     1
102
RTVSPropertyOp33
 70
     1
102
RTVSPropertyOp34
 70
     1
102
RTVSPropertyOp35
 70
     1
102
RTVSPropertyOp36
 70
     1
102
RTVSPropertyOp37
 70
     1
102
RTVSPropertyOp38
 70
     1
102
RTVSPropertyOp39
 70
     1
102
RTVSPropertyOp40
 70
     1
102
RTVSPropertyOp41
 70
     1
102
RTVSPropertyOp42
 70
     1
102
RTVSPropertyOp43
 70
     1
102
RTVSPropertyOp44
 70
     1
102
RTVSPropertyOp45
 70
     1
102
RTVSPropertyOp46
 70
     1
102
RTVSPropertyOp47
 70
     1
102
RTVSPropertyOp48
 70
     1
102
RTVSPropertyOp49
 70
     1
102
RTVSPropertyOp50
 70
     1
102
RTVSPropertyOp51
 70
     0
102
RTVSPropertyOp52
 70
     0
102
RTVSPropertyOp53
 70
     1
102
RTVSPropertyOp54
 70
     1
102
RTVSPropertyOp55
 70
     1
102
RTVSPropertyOp56
 70
     1
102
RTVSPropertyOp57
 70
     1
102
RTVSPost2010Prop28
280
     0
102
RTVSPost2010PropOp28
 70
     1
102
RTVSPost2010Prop29
280
     1
102
RTVSPost2010PropOp29
 70
     1
102
RTVSPost2010Prop30
280
     1
102
RTVSPost2010PropOp30
 70
     1
102
RTVSPost2010Prop31
280
     0
102
RTVSPost2010PropOp31
 70
     1
102
RTVSPost2010Prop32
280
     0
102
RTVSPost2010PropOp32
 70
     1
102
RTVSPost2010Prop33
280
     0
102
RTVSPost2010PropOp33
 70
     1
102
RTVSPost2010Prop34
280
     0
102
RTVSPost2010PropOp34
 70
     1
102
RTVSPost2010Prop35
280
     0
102
RTVSPost2010PropOp35
 70
     1
102
RTVSPost2010Prop36
280
     0
102
RTVSPost2010PropOp36
 70
     1
102
RTVSPost2010Prop37
 90
       50
102
RTVSPost2010PropOp37
 70
     1
102
RTVSPost2010Prop38
140
0.0
102
RTVSPost2010PropOp38
 70
     1
102
RTVSPost2010Prop39
140
1.0
102
RTVSPost2010PropOp39
 70
     1
102
RTVSPost2010Prop40
 90
        0
102
RTVSPost2010PropOp40
 70
     1
102
RTVSPost2010Prop41ColorIndex
 90
       18
102
RTVSPost2010Prop41ColorRGB
 90
        0
102
RTVSPost2010PropOp41
 70
     1
102
RTVSPost2010Prop42
 90
       50
102
RTVSPost2010PropOp42
 70
     1
102
RTVSPost2010Prop43
 90
        3
102
RTVSPost2010PropOp43
 70
     1
102
RTVSPost2010Prop44ColorIndex
 90
        5
102
RTVSPost2010Prop44ColorRGB
 90
      255
102
RTVSPost2010PropOp44
 70
     1
102
RTVSPost2010Prop45
280
     0
102
RTVSPost2010PropOp45
 70
     1
102
RTVSPost2010Prop46
 90
       50
102
RTVSPost2010PropOp46
 70
     1
102
RTVSPost2010Prop47
 90
       50
102
RTVSPost2010PropOp47
 70
     1
102
RTVSPost2010Prop48
 90
       50
102
RTVSPost2010PropOp48
 70
     1
102
RTVSPost2010Prop49
280
     0
102
RTVSPost2010PropOp49
 70
     1
102
RTVSPost2010Prop50
 90
       50
102
RTVSPost2010PropOp50
 70
     1
102
RTVSPost2010Prop51ColorIndex
 90
      256
102
RTVSPost2010Prop51ColorRGB
 90
-16777216
102
RTVSPost2010PropOp51
 70
     0
102
RTVSPost2010Prop52
140
1.0
102
RTVSPost2010PropOp52
 70
     0
102
RTVSPost2010Prop53
 90
        2
102
RTVSPost2010PropOp53
 70
     1
102
RTVSPost2010Prop54
  1
strokes_ogs.tif
102
RTVSPost2010PropOp54
 70
     1
102
RTVSPost2010Prop55
280
     0
102
RTVSPost2010PropOp55
 70
     1
102
RTVSPost2010Prop56
140
1.0
102
RTVSPost2010PropOp56
 70
     1
102
RTVSPost2010Prop57
140
1.0
102
RTVSPost2010PropOp57
 70
     1
  0
XRECORD
  5
BE
102
{ACAD_REACTORS
330
BD
102
}
330
BD
100
AcDbXrecord
280
     1
102
RTVSPropertyOp0
 70
     0
102
RTVSPropertyOp1
 70
     0
102
RTVSPropertyOp2
 70
     0
102
RTVSPropertyOp3
 70
     0
102
RTVSPropertyOp4
 70
     0
102
RTVSPropertyOp5
 70
     0
102
RTVSPropertyOp6
 70
     0
102
RTVSPropertyOp7
 70
     0
102
RTVSPropertyOp8
 70
     0
102
RTVSPropertyOp9
 70
     0
102
RTVSPropertyOp10
 70
     0
102
RTVSPropertyOp11
 70
     0
102
RTVSPropertyOp12
 70
     0
102
RTVSPropertyOp13
 70
     0
102
RTVSPropertyOp14
 70
     2
102
RTVSPropertyOp15
 70
     0
102
RTVSPropertyOp16
 70
     0
102
RTVSPropertyOp17
 70
     0
102
RTVSPropertyOp18
 70
     0
102
RTVSPropertyOp19
 70
     0
102
RTVSPropertyOp20
 70
     0
102
RTVSPropertyOp21
 70
     0
102
RTVSPropertyOp22
 70
     0
102
RTVSPropertyOp23
 70
     0
102
RTVSPropertyOp24
 70
     0
102
RTVSPropertyOp25
 70
     0
102
RTVSPropertyOp26
 70
     0
102
RTVSPropertyOp27
 70
     0
102
RTVSPropertyOp28
 70
     0
102
RTVSPropertyOp29
 70
     0
102
RTVSPropertyOp30
 70
     0
102
RTVSPropertyOp31
 70
     0
102
RTVSPropertyOp32
 70
     0
102
RTVSPropertyOp33
 70
     0
102
RTVSPropertyOp34
 70
     0
102
RTVSPropertyOp35
 70
     0
102
RTVSPropertyOp36
 70
     0
102
RTVSPropertyOp37
 70
     0
102
RTVSPropertyOp38
 70
     0
102
RTVSPropertyOp39
 70
     0
102
RTVSPropertyOp40
 70
     0
102
RTVSPropertyOp41
 70
     0
102
RTVSPropertyOp42
 70
     0
102
RTVSPropertyOp43
 70
     0
102
RTVSPropertyOp44
 70
     0
102
RTVSPropertyOp45
 70
     0
102
RTVSPropertyOp46
 70
     0
102
RTVSPropertyOp47
 70
     0
102
RTVSPropertyOp48
 70
     0
102
RTVSPropertyOp49
 70
     0
102
RTVSPropertyOp50
 70
     0
102
RTVSPropertyOp51
 70
     0
102
RTVSPropertyOp52
 70
     0
102
RTVSPropertyOp53
 70
     0
102
RTVSPropertyOp54
 70
     0
102
RTVSPropertyOp55
 70
     0
102
RTVSPropertyOp56
 70
     0
102
RTVSPropertyOp57
 70
     0
102
RTVSPost2010Prop28
280
     0
102
RTVSPost2010PropOp28
 70
     0
102
RTVSPost2010Prop29
280
     1
102
RTVSPost2010PropOp29
 70
     0
102
RTVSPost2010Prop30
280
     1
102
RTVSPost2010PropOp30
 70
     0
102
RTVSPost2010Prop31
280
     0
102
RTVSPost2010PropOp31
 70
     0
102
RTVSPost2010Prop32
280
     0
102
RTVSPost2010PropOp32
 70
     0
102
RTVSPost2010Prop33
280
     0
102
RTVSPost2010PropOp33
 70
     0
102
RTVSPost2010Prop34
280
     0
102
RTVSPost2010PropOp34
 70
     0
102
RTVSPost2010Prop35
280
     0
102
RTVSPost2010PropOp35
 70
     0
102
RTVSPost2010Prop36
280
     0
102
RTVSPost2010PropOp36
 70
     0
102
RTVSPost2010Prop37
 90
       50
102
RTVSPost2010PropOp37
 70
     0
102
RTVSPost2010Prop38
140
0.0
102
RTVSPost2010PropOp38
 70
     0
102
RTVSPost2010Prop39
140
1.0
102
RTVSPost2010PropOp39
 70
     0
102
RTVSPost2010Prop40
 90
        0
102
RTVSPost2010PropOp40
 70
     0
102
RTVSPost2010Prop41ColorIndex
 90
       18
102
RTVSPost2010Prop41ColorRGB
 90
        0
102
RTVSPost2010PropOp41
 70
     0
102
RTVSPost2010Prop42
 90
       50
102
RTVSPost2010PropOp42
 70
     0
102
RTVSPost2010Prop43
 90
        3
102
RTVSPost2010PropOp43
 70
     0
102
RTVSPost2010Prop44ColorIndex
 90
        5
102
RTVSPost2010Prop44ColorRGB
 90
      255
102
RTVSPost2010PropOp44
 70
     0
102
RTVSPost2010Prop45
280
     0
102
RTVSPost2010PropOp45
 70
     0
102
RTVSPost2010Prop46
 90
       50
102
RTVSPost2010PropOp46
 70
     0
102
RTVSPost2010Prop47
 90
       50
102
RTVSPost2010PropOp47
 70
     0
102
RTVSPost2010Prop48
 90
       50
102
RTVSPost2010PropOp48
 70
     0
102
RTVSPost2010Prop49
280
     0
102
RTVSPost2010PropOp49
 70
     0
102
RTVSPost2010Prop50
 90
       50
102
RTVSPost2010PropOp50
 70
     0
102
RTVSPost2010Prop51ColorIndex
 90
      256
102
RTVSPost2010Prop51ColorRGB
 90
-16777216
102
RTVSPost2010PropOp51
 70
     0
102
RTVSPost2010Prop52
140
1.0
102
RTVSPost2010PropOp52
 70
     0
102
RTVSPost2010Prop53
 90
        2
102
RTVSPost2010PropOp53
 70
     0
102
RTVSPost2010Prop54
  1
strokes_ogs.tif
102
RTVSPost2010PropOp54
 70
     0
102
RTVSPost2010Prop55
280
     0
102
RTVSPost2010PropOp55
 70
     0
102
RTVSPost2010Prop56
140
1.0
102
RTVSPost2010PropOp56
 70
     0
102
RTVSPost2010Prop57
140
1.0
102
RTVSPost2010PropOp57
 70
     0
  0
XRECORD
  5
AC
102
{ACAD_REACTORS
330
AB
102
}
330
AB
100
AcDbXrecord
280
     1
102
RTVSPropertyOp0
 70
     1
102
RTVSPropertyOp1
 70
     1
102
RTVSPropertyOp2
 70
     1
102
RTVSPropertyOp3
 70
     1
102
RTVSPropertyOp4
 70
     1
102
RTVSPropertyOp5
 70
     1
102
RTVSPropertyOp6
 70
     1
102
RTVSPropertyOp7
 70
     1
102
RTVSPropertyOp8
 70
     1
102
RTVSPropertyOp9
 70
     1
102
RTVSPropertyOp10
 70
     1
102
RTVSPropertyOp11
 70
     1
102
RTVSPropertyOp12
 70
     1
102
RTVSPropertyOp13
 70
     1
102
RTVSPropertyOp14
 70
     1
102
RTVSPropertyOp15
 70
     1
102
RTVSPropertyOp16
 70
     1
102
RTVSPropertyOp17
 70
     1
102
RTVSPropertyOp18
 70
     1
102
RTVSPropertyOp19
 70
     1
102
RTVSPropertyOp20
 70
     1
102
RTVSPropertyOp21
 70
     1
102
RTVSPropertyOp22
 70
     1
102
RTVSPropertyOp23
 70
     1
102
RTVSPropertyOp24
 70
     1
102
RTVSPropertyOp25
 70
     1
102
RTVSPropertyOp26
 70
     1
102
RTVSPropertyOp27
 70
     1
102
RTVSPropertyOp28
 70
     1
102
RTVSPropertyOp29
 70
     1
102
RTVSPropertyOp30
 70
     1
102
RTVSPropertyOp31
 70
     1
102
RTVSPropertyOp32
 70
     1
102
RTVSPropertyOp33
 70
     1
102
RTVSPropertyOp34
 70
     1
102
RTVSPropertyOp35
 70
     1
102
RTVSPropertyOp36
 70
     1
102
RTVSPropertyOp37
 70
     1
102
RTVSPropertyOp38
 70
     1
102
RTVSPropertyOp39
 70
     1
102
RTVSPropertyOp40
 70
     1
102
RTVSPropertyOp41
 70
     1
102
RTVSPropertyOp42
 70
     1
102
RTVSPropertyOp43
 70
     1
102
RTVSPropertyOp44
 70
     1
102
RTVSPropertyOp45
 70
     1
102
RTVSPropertyOp46
 70
     1
102
RTVSPropertyOp47
 70
     1
102
RTVSPropertyOp48
 70
     1
102
RTVSPropertyOp49
 70
     1
102
RTVSPropertyOp50
 70
     1
102
RTVSPropertyOp51
 70
     0
102
RTVSPropertyOp52
 70
     0
102
RTVSPropertyOp53
 70
     1
102
RTVSPropertyOp54
 70
     1
102
RTVSPropertyOp55
 70
     1
102
RTVSPropertyOp56
 70
     1
102
RTVSPropertyOp57
 70
     1
102
RTVSPost2010Prop28
280
     0
102
RTVSPost2010PropOp28
 70
     1
102
RTVSPost2010Prop29
280
     1
102
RTVSPost2010PropOp29
 70
     1
102
RTVSPost2010Prop30
280
     1
102
RTVSPost2010PropOp30
 70
     1
102
RTVSPost2010Prop31
280
     0
102
RTVSPost2010PropOp31
 70
     1
102
RTVSPost2010Prop32
280
     0
102
RTVSPost2010PropOp32
 70
     1
102
RTVSPost2010Prop33
280
     0
102
RTVSPost2010PropOp33
 70
     1
102
RTVSPost2010Prop34
280
     0
102
RTVSPost2010PropOp34
 70
     1
102
RTVSPost2010Prop35
280
     0
102
RTVSPost2010PropOp35
 70
     1
102
RTVSPost2010Prop36
280
     0
102
RTVSPost2010PropOp36
 70
     1
102
RTVSPost2010Prop37
 90
       50
102
RTVSPost2010PropOp37
 70
     1
102
RTVSPost2010Prop38
140
0.0
102
RTVSPost2010PropOp38
 70
     1
102
RTVSPost2010Prop39
140
1.0
102
RTVSPost2010PropOp39
 70
     1
102
RTVSPost2010Prop40
 90
        0
102
RTVSPost2010PropOp40
 70
     1
102
RTVSPost2010Prop41ColorIndex
 90
       18
102
RTVSPost2010Prop41ColorRGB
 90
        0
102
RTVSPost2010PropOp41
 70
     1
102
RTVSPost2010Prop42
 90
       50
102
RTVSPost2010PropOp42
 70
     1
102
RTVSPost2010Prop43
 90
        3
102
RTVSPost2010PropOp43
 70
     1
102
RTVSPost2010Prop44ColorIndex
 90
        5
102
RTVSPost2010Prop44ColorRGB
 90
      255
102
RTVSPost2010PropOp44
 70
     1
102
RTVSPost2010Prop45
280
     0
102
RTVSPost2010PropOp45
 70
     1
102
RTVSPost2010Prop46
 90
       50
102
RTVSPost2010PropOp46
 70
     1
102
RTVSPost2010Prop47
 90
       50
102
RTVSPost2010PropOp47
 70
     1
102
RTVSPost2010Prop48
 90
       50
102
RTVSPost2010PropOp48
 70
     1
102
RTVSPost2010Prop49
280
     0
102
RTVSPost2010PropOp49
 70
     1
102
RTVSPost2010Prop50
 90
       50
102
RTVSPost2010PropOp50
 70
     1
102
RTVSPost2010Prop51ColorIndex
 90
      256
102
RTVSPost2010Prop51ColorRGB
 90
-16777216
102
RTVSPost2010PropOp51
 70
     0
102
RTVSPost2010Prop52
140
1.0
102
RTVSPost2010PropOp52
 70
     0
102
RTVSPost2010Prop53
 90
        2
102
RTVSPost2010PropOp53
 70
     1
102
RTVSPost2010Prop54
  1
strokes_ogs.tif
102
RTVSPost2010PropOp54
 70
     1
102
RTVSPost2010Prop55
280
     0
102
RTVSPost2010PropOp55
 70
     1
102
RTVSPost2010Prop56
140
1.0
102
RTVSPost2010PropOp56
 70
     1
102
RTVSPost2010Prop57
140
1.0
102
RTVSPost2010PropOp57
 70
     1
  0
XRECORD
  5
CA
102
{ACAD_REACTORS
330
C9
102
}
330
C9
100
AcDbXrecord
280
     1
102
RTVSPropertyOp0
 70
     1
102
RTVSPropertyOp1
 70
     1
102
RTVSPropertyOp2
 70
     1
102
RTVSPropertyOp3
 70
     1
102
RTVSPropertyOp4
 70
     1
102
RTVSPropertyOp5
 70
     1
102
RTVSPropertyOp6
 70
     1
102
RTVSPropertyOp7
 70
     1
102
RTVSPropertyOp8
 70
     1
102
RTVSPropertyOp9
 70
     1
102
RTVSPropertyOp10
 70
     1
102
RTVSPropertyOp11
 70
     1
102
RTVSPropertyOp12
 70
     1
102
RTVSPropertyOp13
 70
     1
102
RTVSPropertyOp14
 70
     1
102
RTVSPropertyOp15
 70
     1
102
RTVSPropertyOp16
 70
     1
102
RTVSPropertyOp17
 70
     1
102
RTVSPropertyOp18
 70
     1
102
RTVSPropertyOp19
 70
     1
102
RTVSPropertyOp20
 70
     1
102
RTVSPropertyOp21
 70
     1
102
RTVSPropertyOp22
 70
     1
102
RTVSPropertyOp23
 70
     1
102
RTVSPropertyOp24
 70
     1
102
RTVSPropertyOp25
 70
     1
102
RTVSPropertyOp26
 70
     1
102
RTVSPropertyOp27
 70
     1
102
RTVSPropertyOp28
 70
     1
102
RTVSPropertyOp29
 70
     1
102
RTVSPropertyOp30
 70
     1
102
RTVSPropertyOp31
 70
     1
102
RTVSPropertyOp32
 70
     1
102
RTVSPropertyOp33
 70
     1
102
RTVSPropertyOp34
 70
     1
102
RTVSPropertyOp35
 70
     1
102
RTVSPropertyOp36
 70
     1
102
RTVSPropertyOp37
 70
     1
102
RTVSPropertyOp38
 70
     1
102
RTVSPropertyOp39
 70
     1
102
RTVSPropertyOp40
 70
     1
102
RTVSPropertyOp41
 70
     1
102
RTVSPropertyOp42
 70
     1
102
RTVSPropertyOp43
 70
     1
102
RTVSPropertyOp44
 70
     1
102
RTVSPropertyOp45
 70
     1
102
RTVSPropertyOp46
 70
     1
102
RTVSPropertyOp47
 70
     1
102
RTVSPropertyOp48
 70
     1
102
RTVSPropertyOp49
 70
     1
102
RTVSPropertyOp50
 70
     1
102
RTVSPropertyOp51
 70
     0
102
RTVSPropertyOp52
 70
     0
102
RTVSPropertyOp53
 70
     1
102
RTVSPropertyOp54
 70
     1
102
RTVSPropertyOp55
 70
     1
102
RTVSPropertyOp56
 70
     1
102
RTVSPropertyOp57
 70
     1
102
RTVSPost2010Prop28
280
     0
102
RTVSPost2010PropOp28
 70
     1
102
RTVSPost2010Prop29
280
     1
102
RTVSPost2010PropOp29
 70
     1
102
RTVSPost2010Prop30
280
     1
102
RTVSPost2010PropOp30
 70
     1
102
RTVSPost2010Prop31
280
     0
102
RTVSPost2010PropOp31
 70
     1
102
RTVSPost2010Prop32
280
     0
102
RTVSPost2010PropOp32
 70
     1
102
RTVSPost2010Prop33
280
     0
102
RTVSPost2010PropOp33
 70
     1
102
RTVSPost2010Prop34
280
     0
102
RTVSPost2010PropOp34
 70
     1
102
RTVSPost2010Prop35
280
     0
102
RTVSPost2010PropOp35
 70
     1
102
RTVSPost2010Prop36
280
     0
102
RTVSPost2010PropOp36
 70
     1
102
RTVSPost2010Prop37
 90
       50
102
RTVSPost2010PropOp37
 70
     1
102
RTVSPost2010Prop38
140
0.0
102
RTVSPost2010PropOp38
 70
     1
102
RTVSPost2010Prop39
140
1.0
102
RTVSPost2010PropOp39
 70
     1
102
RTVSPost2010Prop40
 90
        0
102
RTVSPost2010PropOp40
 70
     1
102
RTVSPost2010Prop41ColorIndex
 90
       18
102
RTVSPost2010Prop41ColorRGB
 90
        0
102
RTVSPost2010PropOp41
 70
     1
102
RTVSPost2010Prop42
 90
       50
102
RTVSPost2010PropOp42
 70
     1
102
RTVSPost2010Prop43
 90
        3
102
RTVSPost2010PropOp43
 70
     1
102
RTVSPost2010Prop44ColorIndex
 90
        5
102
RTVSPost2010Prop44ColorRGB
 90
      255
102
RTVSPost2010PropOp44
 70
     1
102
RTVSPost2010Prop45
280
     0
102
RTVSPost2010PropOp45
 70
     1
102
RTVSPost2010Prop46
 90
       50
102
RTVSPost2010PropOp46
 70
     1
102
RTVSPost2010Prop47
 90
       50
102
RTVSPost2010PropOp47
 70
     1
102
RTVSPost2010Prop48
 90
       50
102
RTVSPost2010PropOp48
 70
     1
102
RTVSPost2010Prop49
280
     0
102
RTVSPost2010PropOp49
 70
     1
102
RTVSPost2010Prop50
 90
       50
102
RTVSPost2010PropOp50
 70
     1
102
RTVSPost2010Prop51ColorIndex
 90
      256
102
RTVSPost2010Prop51ColorRGB
 90
-16777216
102
RTVSPost2010PropOp51
 70
     0
102
RTVSPost2010Prop52
140
1.0
102
RTVSPost2010PropOp52
 70
     0
102
RTVSPost2010Prop53
 90
        2
102
RTVSPost2010PropOp53
 70
     1
102
RTVSPost2010Prop54
  1
strokes_ogs.tif
102
RTVSPost2010PropOp54
 70
     1
102
RTVSPost2010Prop55
280
     0
102
RTVSPost2010PropOp55
 70
     1
102
RTVSPost2010Prop56
140
1.0
102
RTVSPost2010PropOp56
 70
     1
102
RTVSPost2010Prop57
140
1.0
102
RTVSPost2010PropOp57
 70
     1
  0
XRECORD
  5
C8
102
{ACAD_REACTORS
330
C7
102
}
330
C7
100
AcDbXrecord
280
     1
102
RTVSPropertyOp0
 70
     1
102
RTVSPropertyOp1
 70
     1
102
RTVSPropertyOp2
 70
     1
102
RTVSPropertyOp3
 70
     1
102
RTVSPropertyOp4
 70
     1
102
RTVSPropertyOp5
 70
     1
102
RTVSPropertyOp6
 70
     1
102
RTVSPropertyOp7
 70
     1
102
RTVSPropertyOp8
 70
     1
102
RTVSPropertyOp9
 70
     1
102
RTVSPropertyOp10
 70
     1
102
RTVSPropertyOp11
 70
     1
102
RTVSPropertyOp12
 70
     1
102
RTVSPropertyOp13
 70
     1
102
RTVSPropertyOp14
 70
     1
102
RTVSPropertyOp15
 70
     1
102
RTVSPropertyOp16
 70
     1
102
RTVSPropertyOp17
 70
     1
102
RTVSPropertyOp18
 70
     1
102
RTVSPropertyOp19
 70
     1
102
RTVSPropertyOp20
 70
     1
102
RTVSPropertyOp21
 70
     1
102
RTVSPropertyOp22
 70
     1
102
RTVSPropertyOp23
 70
     1
102
RTVSPropertyOp24
 70
     1
102
RTVSPropertyOp25
 70
     1
102
RTVSPropertyOp26
 70
     1
102
RTVSPropertyOp27
 70
     1
102
RTVSPropertyOp28
 70
     1
102
RTVSPropertyOp29
 70
     1
102
RTVSPropertyOp30
 70
     1
102
RTVSPropertyOp31
 70
     1
102
RTVSPropertyOp32
 70
     1
102
RTVSPropertyOp33
 70
     1
102
RTVSPropertyOp34
 70
     1
102
RTVSPropertyOp35
 70
     1
102
RTVSPropertyOp36
 70
     1
102
RTVSPropertyOp37
 70
     1
102
RTVSPropertyOp38
 70
     1
102
RTVSPropertyOp39
 70
     1
102
RTVSPropertyOp40
 70
     1
102
RTVSPropertyOp41
 70
     1
102
RTVSPropertyOp42
 70
     1
102
RTVSPropertyOp43
 70
     1
102
RTVSPropertyOp44
 70
     1
102
RTVSPropertyOp45
 70
     1
102
RTVSPropertyOp46
 70
     1
102
RTVSPropertyOp47
 70
     1
102
RTVSPropertyOp48
 70
     1
102
RTVSPropertyOp49
 70
     1
102
RTVSPropertyOp50
 70
     1
102
RTVSPropertyOp51
 70
     0
102
RTVSPropertyOp52
 70
     0
102
RTVSPropertyOp53
 70
     1
102
RTVSPropertyOp54
 70
     1
102
RTVSPropertyOp55
 70
     1
102
RTVSPropertyOp56
 70
     1
102
RTVSPropertyOp57
 70
     1
102
RTVSPost2010Prop28
280
     0
102
RTVSPost2010PropOp28
 70
     1
102
RTVSPost2010Prop29
280
     1
102
RTVSPost2010PropOp29
 70
     1
102
RTVSPost2010Prop30
280
     1
102
RTVSPost2010PropOp30
 70
     1
102
RTVSPost2010Prop31
280
     0
102
RTVSPost2010PropOp31
 70
     1
102
RTVSPost2010Prop32
280
     0
102
RTVSPost2010PropOp32
 70
     1
102
RTVSPost2010Prop33
280
     0
102
RTVSPost2010PropOp33
 70
     1
102
RTVSPost2010Prop34
280
     0
102
RTVSPost2010PropOp34
 70
     1
102
RTVSPost2010Prop35
280
     0
102
RTVSPost2010PropOp35
 70
     1
102
RTVSPost2010Prop36
280
     0
102
RTVSPost2010PropOp36
 70
     1
102
RTVSPost2010Prop37
 90
       50
102
RTVSPost2010PropOp37
 70
     1
102
RTVSPost2010Prop38
140
0.0
102
RTVSPost2010PropOp38
 70
     1
102
RTVSPost2010Prop39
140
1.0
102
RTVSPost2010PropOp39
 70
     1
102
RTVSPost2010Prop40
 90
        0
102
RTVSPost2010PropOp40
 70
     1
102
RTVSPost2010Prop41ColorIndex
 90
       18
102
RTVSPost2010Prop41ColorRGB
 90
        0
102
RTVSPost2010PropOp41
 70
     1
102
RTVSPost2010Prop42
 90
       50
102
RTVSPost2010PropOp42
 70
     1
102
RTVSPost2010Prop43
 90
        3
102
RTVSPost2010PropOp43
 70
     1
102
RTVSPost2010Prop44ColorIndex
 90
        5
102
RTVSPost2010Prop44ColorRGB
 90
      255
102
RTVSPost2010PropOp44
 70
     1
102
RTVSPost2010Prop45
280
     0
102
RTVSPost2010PropOp45
 70
     1
102
RTVSPost2010Prop46
 90
       50
102
RTVSPost2010PropOp46
 70
     1
102
RTVSPost2010Prop47
 90
       50
102
RTVSPost2010PropOp47
 70
     1
102
RTVSPost2010Prop48
 90
       50
102
RTVSPost2010PropOp48
 70
     1
102
RTVSPost2010Prop49
280
     0
102
RTVSPost2010PropOp49
 70
     1
102
RTVSPost2010Prop50
 90
       50
102
RTVSPost2010PropOp50
 70
     1
102
RTVSPost2010Prop51ColorIndex
 90
      256
102
RTVSPost2010Prop51ColorRGB
 90
-16777216
102
RTVSPost2010PropOp51
 70
     0
102
RTVSPost2010Prop52
140
1.0
102
RTVSPost2010PropOp52
 70
     0
102
RTVSPost2010Prop53
 90
        2
102
RTVSPost2010PropOp53
 70
     1
102
RTVSPost2010Prop54
  1
strokes_ogs.tif
102
RTVSPost2010PropOp54
 70
     1
102
RTVSPost2010Prop55
280
     0
102
RTVSPost2010PropOp55
 70
     1
102
RTVSPost2010Prop56
140
1.0
102
RTVSPost2010PropOp56
 70
     1
102
RTVSPost2010Prop57
140
1.0
102
RTVSPost2010PropOp57
 70
     1
  0
XRECORD
  5
C2
102
{ACAD_REACTORS
330
C1
102
}
330
C1
100
AcDbXrecord
280
     1
102
RTVSPropertyOp0
 70
     1
102
RTVSPropertyOp1
 70
     1
102
RTVSPropertyOp2
 70
     1
102
RTVSPropertyOp3
 70
     1
102
RTVSPropertyOp4
 70
     1
102
RTVSPropertyOp5
 70
     1
102
RTVSPropertyOp6
 70
     1
102
RTVSPropertyOp7
 70
     1
102
RTVSPropertyOp8
 70
     1
102
RTVSPropertyOp9
 70
     1
102
RTVSPropertyOp10
 70
     1
102
RTVSPropertyOp11
 70
     1
102
RTVSPropertyOp12
 70
     1
102
RTVSPropertyOp13
 70
     1
102
RTVSPropertyOp14
 70
     1
102
RTVSPropertyOp15
 70
     1
102
RTVSPropertyOp16
 70
     1
102
RTVSPropertyOp17
 70
     1
102
RTVSPropertyOp18
 70
     1
102
RTVSPropertyOp19
 70
     1
102
RTVSPropertyOp20
 70
     1
102
RTVSPropertyOp21
 70
     1
102
RTVSPropertyOp22
 70
     1
102
RTVSPropertyOp23
 70
     1
102
RTVSPropertyOp24
 70
     1
102
RTVSPropertyOp25
 70
     1
102
RTVSPropertyOp26
 70
     1
102
RTVSPropertyOp27
 70
     1
102
RTVSPropertyOp28
 70
     1
102
RTVSPropertyOp29
 70
     1
102
RTVSPropertyOp30
 70
     1
102
RTVSPropertyOp31
 70
     1
102
RTVSPropertyOp32
 70
     1
102
RTVSPropertyOp33
 70
     1
102
RTVSPropertyOp34
 70
     1
102
RTVSPropertyOp35
 70
     1
102
RTVSPropertyOp36
 70
     1
102
RTVSPropertyOp37
 70
     1
102
RTVSPropertyOp38
 70
     1
102
RTVSPropertyOp39
 70
     1
102
RTVSPropertyOp40
 70
     1
102
RTVSPropertyOp41
 70
     1
102
RTVSPropertyOp42
 70
     1
102
RTVSPropertyOp43
 70
     1
102
RTVSPropertyOp44
 70
     1
102
RTVSPropertyOp45
 70
     1
102
RTVSPropertyOp46
 70
     1
102
RTVSPropertyOp47
 70
     1
102
RTVSPropertyOp48
 70
     1
102
RTVSPropertyOp49
 70
     1
102
RTVSPropertyOp50
 70
     1
102
RTVSPropertyOp51
 70
     0
102
RTVSPropertyOp52
 70
     0
102
RTVSPropertyOp53
 70
     1
102
RTVSPropertyOp54
 70
     1
102
RTVSPropertyOp55
 70
     1
102
RTVSPropertyOp56
 70
     1
102
RTVSPropertyOp57
 70
     1
102
RTVSPost2010Prop28
280
     0
102
RTVSPost2010PropOp28
 70
     1
102
RTVSPost2010Prop29
280
     1
102
RTVSPost2010PropOp29
 70
     1
102
RTVSPost2010Prop30
280
     1
102
RTVSPost2010PropOp30
 70
     1
102
RTVSPost2010Prop31
280
     0
102
RTVSPost2010PropOp31
 70
     1
102
RTVSPost2010Prop32
280
     0
102
RTVSPost2010PropOp32
 70
     1
102
RTVSPost2010Prop33
280
     0
102
RTVSPost2010PropOp33
 70
     1
102
RTVSPost2010Prop34
280
     0
102
RTVSPost2010PropOp34
 70
     1
102
RTVSPost2010Prop35
280
     0
102
RTVSPost2010PropOp35
 70
     1
102
RTVSPost2010Prop36
280
     0
102
RTVSPost2010PropOp36
 70
     1
102
RTVSPost2010Prop37
 90
       50
102
RTVSPost2010PropOp37
 70
     1
102
RTVSPost2010Prop38
140
0.0
102
RTVSPost2010PropOp38
 70
     1
102
RTVSPost2010Prop39
140
1.0
102
RTVSPost2010PropOp39
 70
     1
102
RTVSPost2010Prop40
 90
        0
102
RTVSPost2010PropOp40
 70
     1
102
RTVSPost2010Prop41ColorIndex
 90
       18
102
RTVSPost2010Prop41ColorRGB
 90
        0
102
RTVSPost2010PropOp41
 70
     1
102
RTVSPost2010Prop42
 90
       50
102
RTVSPost2010PropOp42
 70
     1
102
RTVSPost2010Prop43
 90
        3
102
RTVSPost2010PropOp43
 70
     1
102
RTVSPost2010Prop44ColorIndex
 90
        5
102
RTVSPost2010Prop44ColorRGB
 90
      255
102
RTVSPost2010PropOp44
 70
     1
102
RTVSPost2010Prop45
280
     0
102
RTVSPost2010PropOp45
 70
     1
102
RTVSPost2010Prop46
 90
       50
102
RTVSPost2010PropOp46
 70
     1
102
RTVSPost2010Prop47
 90
       50
102
RTVSPost2010PropOp47
 70
     1
102
RTVSPost2010Prop48
 90
       50
102
RTVSPost2010PropOp48
 70
     1
102
RTVSPost2010Prop49
280
     0
102
RTVSPost2010PropOp49
 70
     1
102
RTVSPost2010Prop50
 90
       50
102
RTVSPost2010PropOp50
 70
     1
102
RTVSPost2010Prop51ColorIndex
 90
      256
102
RTVSPost2010Prop51ColorRGB
 90
-16777216
102
RTVSPost2010PropOp51
 70
     0
102
RTVSPost2010Prop52
140
1.0
102
RTVSPost2010PropOp52
 70
     0
102
RTVSPost2010Prop53
 90
        2
102
RTVSPost2010PropOp53
 70
     1
102
RTVSPost2010Prop54
  1
strokes_ogs.tif
102
RTVSPost2010PropOp54
 70
     1
102
RTVSPost2010Prop55
280
     0
102
RTVSPost2010PropOp55
 70
     1
102
RTVSPost2010Prop56
140
1.0
102
RTVSPost2010PropOp56
 70
     1
102
RTVSPost2010Prop57
140
1.0
102
RTVSPost2010PropOp57
 70
     1
  0
XRECORD
  5
C4
102
{ACAD_REACTORS
330
C3
102
}
330
C3
100
AcDbXrecord
280
     1
102
RTVSPropertyOp0
 70
     1
102
RTVSPropertyOp1
 70
     1
102
RTVSPropertyOp2
 70
     1
102
RTVSPropertyOp3
 70
     1
102
RTVSPropertyOp4
 70
     1
102
RTVSPropertyOp5
 70
     1
102
RTVSPropertyOp6
 70
     1
102
RTVSPropertyOp7
 70
     1
102
RTVSPropertyOp8
 70
     1
102
RTVSPropertyOp9
 70
     1
102
RTVSPropertyOp10
 70
     1
102
RTVSPropertyOp11
 70
     1
102
RTVSPropertyOp12
 70
     1
102
RTVSPropertyOp13
 70
     1
102
RTVSPropertyOp14
 70
     1
102
RTVSPropertyOp15
 70
     1
102
RTVSPropertyOp16
 70
     1
102
RTVSPropertyOp17
 70
     1
102
RTVSPropertyOp18
 70
     1
102
RTVSPropertyOp19
 70
     1
102
RTVSPropertyOp20
 70
     1
102
RTVSPropertyOp21
 70
     1
102
RTVSPropertyOp22
 70
     1
102
RTVSPropertyOp23
 70
     1
102
RTVSPropertyOp24
 70
     1
102
RTVSPropertyOp25
 70
     1
102
RTVSPropertyOp26
 70
     1
102
RTVSPropertyOp27
 70
     1
102
RTVSPropertyOp28
 70
     1
102
RTVSPropertyOp29
 70
     1
102
RTVSPropertyOp30
 70
     1
102
RTVSPropertyOp31
 70
     1
102
RTVSPropertyOp32
 70
     1
102
RTVSPropertyOp33
 70
     1
102
RTVSPropertyOp34
 70
     1
102
RTVSPropertyOp35
 70
     1
102
RTVSPropertyOp36
 70
     1
102
RTVSPropertyOp37
 70
     1
102
RTVSPropertyOp38
 70
     1
102
RTVSPropertyOp39
 70
     1
102
RTVSPropertyOp40
 70
     1
102
RTVSPropertyOp41
 70
     1
102
RTVSPropertyOp42
 70
     1
102
RTVSPropertyOp43
 70
     1
102
RTVSPropertyOp44
 70
     1
102
RTVSPropertyOp45
 70
     1
102
RTVSPropertyOp46
 70
     1
102
RTVSPropertyOp47
 70
     1
102
RTVSPropertyOp48
 70
     1
102
RTVSPropertyOp49
 70
     1
102
RTVSPropertyOp50
 70
     1
102
RTVSPropertyOp51
 70
     0
102
RTVSPropertyOp52
 70
     0
102
RTVSPropertyOp53
 70
     1
102
RTVSPropertyOp54
 70
     1
102
RTVSPropertyOp55
 70
     1
102
RTVSPropertyOp56
 70
     1
102
RTVSPropertyOp57
 70
     1
102
RTVSPost2010Prop28
280
     0
102
RTVSPost2010PropOp28
 70
     1
102
RTVSPost2010Prop29
280
     1
102
RTVSPost2010PropOp29
 70
     1
102
RTVSPost2010Prop30
280
     1
102
RTVSPost2010PropOp30
 70
     1
102
RTVSPost2010Prop31
280
     0
102
RTVSPost2010PropOp31
 70
     1
102
RTVSPost2010Prop32
280
     0
102
RTVSPost2010PropOp32
 70
     1
102
RTVSPost2010Prop33
280
     0
102
RTVSPost2010PropOp33
 70
     1
102
RTVSPost2010Prop34
280
     0
102
RTVSPost2010PropOp34
 70
     1
102
RTVSPost2010Prop35
280
     0
102
RTVSPost2010PropOp35
 70
     1
102
RTVSPost2010Prop36
280
     0
102
RTVSPost2010PropOp36
 70
     1
102
RTVSPost2010Prop37
 90
       50
102
RTVSPost2010PropOp37
 70
     1
102
RTVSPost2010Prop38
140
0.0
102
RTVSPost2010PropOp38
 70
     1
102
RTVSPost2010Prop39
140
1.0
102
RTVSPost2010PropOp39
 70
     1
102
RTVSPost2010Prop40
 90
        0
102
RTVSPost2010PropOp40
 70
     1
102
RTVSPost2010Prop41ColorIndex
 90
       18
102
RTVSPost2010Prop41ColorRGB
 90
        0
102
RTVSPost2010PropOp41
 70
     1
102
RTVSPost2010Prop42
 90
       50
102
RTVSPost2010PropOp42
 70
     1
102
RTVSPost2010Prop43
 90
        3
102
RTVSPost2010PropOp43
 70
     1
102
RTVSPost2010Prop44ColorIndex
 90
        5
102
RTVSPost2010Prop44ColorRGB
 90
      255
102
RTVSPost2010PropOp44
 70
     1
102
RTVSPost2010Prop45
280
     0
102
RTVSPost2010PropOp45
 70
     1
102
RTVSPost2010Prop46
 90
       50
102
RTVSPost2010PropOp46
 70
     1
102
RTVSPost2010Prop47
 90
       50
102
RTVSPost2010PropOp47
 70
     1
102
RTVSPost2010Prop48
 90
       50
102
RTVSPost2010PropOp48
 70
     1
102
RTVSPost2010Prop49
280
     0
102
RTVSPost2010PropOp49
 70
     1
102
RTVSPost2010Prop50
 90
       50
102
RTVSPost2010PropOp50
 70
     1
102
RTVSPost2010Prop51ColorIndex
 90
      256
102
RTVSPost2010Prop51ColorRGB
 90
-16777216
102
RTVSPost2010PropOp51
 70
     0
102
RTVSPost2010Prop52
140
1.0
102
RTVSPost2010PropOp52
 70
     0
102
RTVSPost2010Prop53
 90
        2
102
RTVSPost2010PropOp53
 70
     1
102
RTVSPost2010Prop54
  1
strokes_ogs.tif
102
RTVSPost2010PropOp54
 70
     1
102
RTVSPost2010Prop55
280
     0
102
RTVSPost2010PropOp55
 70
     1
102
RTVSPost2010Prop56
140
1.0
102
RTVSPost2010PropOp56
 70
     1
102
RTVSPost2010Prop57
140
1.0
102
RTVSPost2010PropOp57
 70
     1
  0
XRECORD
  5
B4
102
{ACAD_REACTORS
330
B3
102
}
330
B3
100
AcDbXrecord
280
     1
102
RTVSPropertyOp0
 70
     1
102
RTVSPropertyOp1
 70
     1
102
RTVSPropertyOp2
 70
     1
102
RTVSPropertyOp3
 70
     1
102
RTVSPropertyOp4
 70
     1
102
RTVSPropertyOp5
 70
     1
102
RTVSPropertyOp6
 70
     1
102
RTVSPropertyOp7
 70
     1
102
RTVSPropertyOp8
 70
     1
102
RTVSPropertyOp9
 70
     1
102
RTVSPropertyOp10
 70
     1
102
RTVSPropertyOp11
 70
     1
102
RTVSPropertyOp12
 70
     1
102
RTVSPropertyOp13
 70
     1
102
RTVSPropertyOp14
 70
     1
102
RTVSPropertyOp15
 70
     1
102
RTVSPropertyOp16
 70
     1
102
RTVSPropertyOp17
 70
     1
102
RTVSPropertyOp18
 70
     1
102
RTVSPropertyOp19
 70
     1
102
RTVSPropertyOp20
 70
     1
102
RTVSPropertyOp21
 70
     1
102
RTVSPropertyOp22
 70
     1
102
RTVSPropertyOp23
 70
     1
102
RTVSPropertyOp24
 70
     1
102
RTVSPropertyOp25
 70
     1
102
RTVSPropertyOp26
 70
     1
102
RTVSPropertyOp27
 70
     1
102
RTVSPropertyOp28
 70
     1
102
RTVSPropertyOp29
 70
     1
102
RTVSPropertyOp30
 70
     1
102
RTVSPropertyOp31
 70
     1
102
RTVSPropertyOp32
 70
     1
102
RTVSPropertyOp33
 70
     1
102
RTVSPropertyOp34
 70
     1
102
RTVSPropertyOp35
 70
     1
102
RTVSPropertyOp36
 70
     1
102
RTVSPropertyOp37
 70
     1
102
RTVSPropertyOp38
 70
     1
102
RTVSPropertyOp39
 70
     1
102
RTVSPropertyOp40
 70
     1
102
RTVSPropertyOp41
 70
     1
102
RTVSPropertyOp42
 70
     1
102
RTVSPropertyOp43
 70
     1
102
RTVSPropertyOp44
 70
     1
102
RTVSPropertyOp45
 70
     1
102
RTVSPropertyOp46
 70
     1
102
RTVSPropertyOp47
 70
     1
102
RTVSPropertyOp48
 70
     1
102
RTVSPropertyOp49
 70
     1
102
RTVSPropertyOp50
 70
     1
102
RTVSPropertyOp51
 70
     0
102
RTVSPropertyOp52
 70
     0
102
RTVSPropertyOp53
 70
     1
102
RTVSPropertyOp54
 70
     1
102
RTVSPropertyOp55
 70
     1
102
RTVSPropertyOp56
 70
     1
102
RTVSPropertyOp57
 70
     1
102
RTVSPost2010Prop28
280
     0
102
RTVSPost2010PropOp28
 70
     1
102
RTVSPost2010Prop29
280
     1
102
RTVSPost2010PropOp29
 70
     1
102
RTVSPost2010Prop30
280
     1
102
RTVSPost2010PropOp30
 70
     1
102
RTVSPost2010Prop31
280
     0
102
RTVSPost2010PropOp31
 70
     1
102
RTVSPost2010Prop32
280
     0
102
RTVSPost2010PropOp32
 70
     1
102
RTVSPost2010Prop33
280
     0
102
RTVSPost2010PropOp33
 70
     1
102
RTVSPost2010Prop34
280
     0
102
RTVSPost2010PropOp34
 70
     1
102
RTVSPost2010Prop35
280
     0
102
RTVSPost2010PropOp35
 70
     1
102
RTVSPost2010Prop36
280
     0
102
RTVSPost2010PropOp36
 70
     1
102
RTVSPost2010Prop37
 90
       50
102
RTVSPost2010PropOp37
 70
     1
102
RTVSPost2010Prop38
140
0.0
102
RTVSPost2010PropOp38
 70
     1
102
RTVSPost2010Prop39
140
1.0
102
RTVSPost2010PropOp39
 70
     1
102
RTVSPost2010Prop40
 90
        0
102
RTVSPost2010PropOp40
 70
     1
102
RTVSPost2010Prop41ColorIndex
 90
       18
102
RTVSPost2010Prop41ColorRGB
 90
        0
102
RTVSPost2010PropOp41
 70
     1
102
RTVSPost2010Prop42
 90
       50
102
RTVSPost2010PropOp42
 70
     1
102
RTVSPost2010Prop43
 90
        3
102
RTVSPost2010PropOp43
 70
     1
102
RTVSPost2010Prop44ColorIndex
 90
        5
102
RTVSPost2010Prop44ColorRGB
 90
      255
102
RTVSPost2010PropOp44
 70
     1
102
RTVSPost2010Prop45
280
     0
102
RTVSPost2010PropOp45
 70
     1
102
RTVSPost2010Prop46
 90
       50
102
RTVSPost2010PropOp46
 70
     1
102
RTVSPost2010Prop47
 90
       50
102
RTVSPost2010PropOp47
 70
     1
102
RTVSPost2010Prop48
 90
       50
102
RTVSPost2010PropOp48
 70
     1
102
RTVSPost2010Prop49
280
     0
102
RTVSPost2010PropOp49
 70
     1
102
RTVSPost2010Prop50
 90
       50
102
RTVSPost2010PropOp50
 70
     1
102
RTVSPost2010Prop51ColorIndex
 90
      256
102
RTVSPost2010Prop51ColorRGB
 90
-16777216
102
RTVSPost2010PropOp51
 70
     0
102
RTVSPost2010Prop52
140
1.0
102
RTVSPost2010PropOp52
 70
     0
102
RTVSPost2010Prop53
 90
        2
102
RTVSPost2010PropOp53
 70
     1
102
RTVSPost2010Prop54
  1
strokes_ogs.tif
102
RTVSPost2010PropOp54
 70
     1
102
RTVSPost2010Prop55
280
     0
102
RTVSPost2010PropOp55
 70
     1
102
RTVSPost2010Prop56
140
1.0
102
RTVSPost2010PropOp56
 70
     1
102
RTVSPost2010Prop57
140
1.0
102
RTVSPost2010PropOp57
 70
     1
  0
XRECORD
  5
A6
102
{ACAD_REACTORS
330
A5
102
}
330
A5
100
AcDbXrecord
280
     1
102
RTVSPropertyOp0
 70
     1
102
RTVSPropertyOp1
 70
     1
102
RTVSPropertyOp2
 70
     1
102
RTVSPropertyOp3
 70
     1
102
RTVSPropertyOp4
 70
     1
102
RTVSPropertyOp5
 70
     1
102
RTVSPropertyOp6
 70
     1
102
RTVSPropertyOp7
 70
     1
102
RTVSPropertyOp8
 70
     1
102
RTVSPropertyOp9
 70
     1
102
RTVSPropertyOp10
 70
     1
102
RTVSPropertyOp11
 70
     1
102
RTVSPropertyOp12
 70
     1
102
RTVSPropertyOp13
 70
     1
102
RTVSPropertyOp14
 70
     1
102
RTVSPropertyOp15
 70
     1
102
RTVSPropertyOp16
 70
     1
102
RTVSPropertyOp17
 70
     1
102
RTVSPropertyOp18
 70
     1
102
RTVSPropertyOp19
 70
     1
102
RTVSPropertyOp20
 70
     1
102
RTVSPropertyOp21
 70
     1
102
RTVSPropertyOp22
 70
     1
102
RTVSPropertyOp23
 70
     1
102
RTVSPropertyOp24
 70
     1
102
RTVSPropertyOp25
 70
     1
102
RTVSPropertyOp26
 70
     1
102
RTVSPropertyOp27
 70
     1
102
RTVSPropertyOp28
 70
     1
102
RTVSPropertyOp29
 70
     1
102
RTVSPropertyOp30
 70
     1
102
RTVSPropertyOp31
 70
     1
102
RTVSPropertyOp32
 70
     1
102
RTVSPropertyOp33
 70
     1
102
RTVSPropertyOp34
 70
     1
102
RTVSPropertyOp35
 70
     1
102
RTVSPropertyOp36
 70
     1
102
RTVSPropertyOp37
 70
     1
102
RTVSPropertyOp38
 70
     1
102
RTVSPropertyOp39
 70
     1
102
RTVSPropertyOp40
 70
     1
102
RTVSPropertyOp41
 70
     1
102
RTVSPropertyOp42
 70
     1
102
RTVSPropertyOp43
 70
     1
102
RTVSPropertyOp44
 70
     1
102
RTVSPropertyOp45
 70
     1
102
RTVSPropertyOp46
 70
     1
102
RTVSPropertyOp47
 70
     1
102
RTVSPropertyOp48
 70
     1
102
RTVSPropertyOp49
 70
     1
102
RTVSPropertyOp50
 70
     1
102
RTVSPropertyOp51
 70
     0
102
RTVSPropertyOp52
 70
     0
102
RTVSPropertyOp53
 70
     1
102
RTVSPropertyOp54
 70
     1
102
RTVSPropertyOp55
 70
     1
102
RTVSPropertyOp56
 70
     1
102
RTVSPropertyOp57
 70
     1
102
RTVSPost2010Prop28
280
     0
102
RTVSPost2010PropOp28
 70
     1
102
RTVSPost2010Prop29
280
     1
102
RTVSPost2010PropOp29
 70
     1
102
RTVSPost2010Prop30
280
     1
102
RTVSPost2010PropOp30
 70
     1
102
RTVSPost2010Prop31
280
     0
102
RTVSPost2010PropOp31
 70
     1
102
RTVSPost2010Prop32
280
     0
102
RTVSPost2010PropOp32
 70
     1
102
RTVSPost2010Prop33
280
     0
102
RTVSPost2010PropOp33
 70
     1
102
RTVSPost2010Prop34
280
     0
102
RTVSPost2010PropOp34
 70
     1
102
RTVSPost2010Prop35
280
     0
102
RTVSPost2010PropOp35
 70
     1
102
RTVSPost2010Prop36
280
     0
102
RTVSPost2010PropOp36
 70
     1
102
RTVSPost2010Prop37
 90
       50
102
RTVSPost2010PropOp37
 70
     1
102
RTVSPost2010Prop38
140
0.0
102
RTVSPost2010PropOp38
 70
     1
102
RTVSPost2010Prop39
140
1.0
102
RTVSPost2010PropOp39
 70
     1
102
RTVSPost2010Prop40
 90
        0
102
RTVSPost2010PropOp40
 70
     1
102
RTVSPost2010Prop41ColorIndex
 90
       18
102
RTVSPost2010Prop41ColorRGB
 90
        0
102
RTVSPost2010PropOp41
 70
     1
102
RTVSPost2010Prop42
 90
       50
102
RTVSPost2010PropOp42
 70
     1
102
RTVSPost2010Prop43
 90
        3
102
RTVSPost2010PropOp43
 70
     1
102
RTVSPost2010Prop44ColorIndex
 90
        5
102
RTVSPost2010Prop44ColorRGB
 90
      255
102
RTVSPost2010PropOp44
 70
     1
102
RTVSPost2010Prop45
280
     0
102
RTVSPost2010PropOp45
 70
     1
102
RTVSPost2010Prop46
 90
       50
102
RTVSPost2010PropOp46
 70
     1
102
RTVSPost2010Prop47
 90
       50
102
RTVSPost2010PropOp47
 70
     1
102
RTVSPost2010Prop48
 90
       50
102
RTVSPost2010PropOp48
 70
     1
102
RTVSPost2010Prop49
280
     0
102
RTVSPost2010PropOp49
 70
     1
102
RTVSPost2010Prop50
 90
       50
102
RTVSPost2010PropOp50
 70
     1
102
RTVSPost2010Prop51ColorIndex
 90
      256
102
RTVSPost2010Prop51ColorRGB
 90
-16777216
102
RTVSPost2010PropOp51
 70
     0
102
RTVSPost2010Prop52
140
1.0
102
RTVSPost2010PropOp52
 70
     0
102
RTVSPost2010Prop53
 90
        2
102
RTVSPost2010PropOp53
 70
     1
102
RTVSPost2010Prop54
  1
strokes_ogs.tif
102
RTVSPost2010PropOp54
 70
     1
102
RTVSPost2010Prop55
280
     0
102
RTVSPost2010PropOp55
 70
     1
102
RTVSPost2010Prop56
140
1.0
102
RTVSPost2010PropOp56
 70
     1
102
RTVSPost2010Prop57
140
1.0
102
RTVSPost2010PropOp57
 70
     1
  0
XRECORD
  5
C6
102
{ACAD_REACTORS
330
C5
102
}
330
C5
100
AcDbXrecord
280
     1
102
RTVSPropertyOp0
 70
     1
102
RTVSPropertyOp1
 70
     1
102
RTVSPropertyOp2
 70
     1
102
RTVSPropertyOp3
 70
     1
102
RTVSPropertyOp4
 70
     1
102
RTVSPropertyOp5
 70
     1
102
RTVSPropertyOp6
 70
     1
102
RTVSPropertyOp7
 70
     1
102
RTVSPropertyOp8
 70
     1
102
RTVSPropertyOp9
 70
     1
102
RTVSPropertyOp10
 70
     1
102
RTVSPropertyOp11
 70
     1
102
RTVSPropertyOp12
 70
     1
102
RTVSPropertyOp13
 70
     1
102
RTVSPropertyOp14
 70
     1
102
RTVSPropertyOp15
 70
     1
102
RTVSPropertyOp16
 70
     1
102
RTVSPropertyOp17
 70
     1
102
RTVSPropertyOp18
 70
     1
102
RTVSPropertyOp19
 70
     1
102
RTVSPropertyOp20
 70
     1
102
RTVSPropertyOp21
 70
     1
102
RTVSPropertyOp22
 70
     1
102
RTVSPropertyOp23
 70
     1
102
RTVSPropertyOp24
 70
     1
102
RTVSPropertyOp25
 70
     1
102
RTVSPropertyOp26
 70
     1
102
RTVSPropertyOp27
 70
     1
102
RTVSPropertyOp28
 70
     1
102
RTVSPropertyOp29
 70
     1
102
RTVSPropertyOp30
 70
     1
102
RTVSPropertyOp31
 70
     1
102
RTVSPropertyOp32
 70
     1
102
RTVSPropertyOp33
 70
     1
102
RTVSPropertyOp34
 70
     1
102
RTVSPropertyOp35
 70
     1
102
RTVSPropertyOp36
 70
     1
102
RTVSPropertyOp37
 70
     1
102
RTVSPropertyOp38
 70
     1
102
RTVSPropertyOp39
 70
     1
102
RTVSPropertyOp40
 70
     1
102
RTVSPropertyOp41
 70
     1
102
RTVSPropertyOp42
 70
     1
102
RTVSPropertyOp43
 70
     1
102
RTVSPropertyOp44
 70
     1
102
RTVSPropertyOp45
 70
     1
102
RTVSPropertyOp46
 70
     1
102
RTVSPropertyOp47
 70
     1
102
RTVSPropertyOp48
 70
     1
102
RTVSPropertyOp49
 70
     1
102
RTVSPropertyOp50
 70
     1
102
RTVSPropertyOp51
 70
     0
102
RTVSPropertyOp52
 70
     0
102
RTVSPropertyOp53
 70
     1
102
RTVSPropertyOp54
 70
     1
102
RTVSPropertyOp55
 70
     1
102
RTVSPropertyOp56
 70
     1
102
RTVSPropertyOp57
 70
     1
102
RTVSPost2010Prop28
280
     0
102
RTVSPost2010PropOp28
 70
     1
102
RTVSPost2010Prop29
280
     1
102
RTVSPost2010PropOp29
 70
     1
102
RTVSPost2010Prop30
280
     1
102
RTVSPost2010PropOp30
 70
     1
102
RTVSPost2010Prop31
280
     0
102
RTVSPost2010PropOp31
 70
     1
102
RTVSPost2010Prop32
280
     0
102
RTVSPost2010PropOp32
 70
     1
102
RTVSPost2010Prop33
280
     0
102
RTVSPost2010PropOp33
 70
     1
102
RTVSPost2010Prop34
280
     0
102
RTVSPost2010PropOp34
 70
     1
102
RTVSPost2010Prop35
280
     0
102
RTVSPost2010PropOp35
 70
     1
102
RTVSPost2010Prop36
280
     0
102
RTVSPost2010PropOp36
 70
     1
102
RTVSPost2010Prop37
 90
       50
102
RTVSPost2010PropOp37
 70
     1
102
RTVSPost2010Prop38
140
0.0
102
RTVSPost2010PropOp38
 70
     1
102
RTVSPost2010Prop39
140
1.0
102
RTVSPost2010PropOp39
 70
     1
102
RTVSPost2010Prop40
 90
        0
102
RTVSPost2010PropOp40
 70
     1
102
RTVSPost2010Prop41ColorIndex
 90
       18
102
RTVSPost2010Prop41ColorRGB
 90
        0
102
RTVSPost2010PropOp41
 70
     1
102
RTVSPost2010Prop42
 90
       50
102
RTVSPost2010PropOp42
 70
     1
102
RTVSPost2010Prop43
 90
        3
102
RTVSPost2010PropOp43
 70
     1
102
RTVSPost2010Prop44ColorIndex
 90
        5
102
RTVSPost2010Prop44ColorRGB
 90
      255
102
RTVSPost2010PropOp44
 70
     1
102
RTVSPost2010Prop45
280
     0
102
RTVSPost2010PropOp45
 70
     1
102
RTVSPost2010Prop46
 90
       50
102
RTVSPost2010PropOp46
 70
     1
102
RTVSPost2010Prop47
 90
       50
102
RTVSPost2010PropOp47
 70
     1
102
RTVSPost2010Prop48
 90
       50
102
RTVSPost2010PropOp48
 70
     1
102
RTVSPost2010Prop49
280
     0
102
RTVSPost2010PropOp49
 70
     1
102
RTVSPost2010Prop50
 90
       50
102
RTVSPost2010PropOp50
 70
     1
102
RTVSPost2010Prop51ColorIndex
 90
      256
102
RTVSPost2010Prop51ColorRGB
 90
-16777216
102
RTVSPost2010PropOp51
 70
     0
102
RTVSPost2010Prop52
140
1.0
102
RTVSPost2010PropOp52
 70
     0
102
RTVSPost2010Prop53
 90
        2
102
RTVSPost2010PropOp53
 70
     1
102
RTVSPost2010Prop54
  1
strokes_ogs.tif
102
RTVSPost2010PropOp54
 70
     1
102
RTVSPost2010Prop55
280
     0
102
RTVSPost2010PropOp55
 70
     1
102
RTVSPost2010Prop56
140
1.0
102
RTVSPost2010PropOp56
 70
     1
102
RTVSPost2010Prop57
140
1.0
102
RTVSPost2010PropOp57
 70
     1
  0
ENDSEC
  0
EOF
